,transformer_score,mlp_ae_score,pca_score,avg_corr,top_eig,cross_sectional_vol,financial_binder,transformer_resid,mlp_ae_resid,pca_resid,transformer_resid_plus_binder,mlp_ae_resid_plus_binder
2011-03-31,12.314549833536148,14.021822929382324,0.0861518606543541,0.05833042040467262,3.96201491355896,0.13733359811942344,0.05454717385771024,,,,,
2011-04-01,16.375747859477997,14.699987411499023,0.10426414757966995,0.05531086027622223,4.002106666564941,0.13575626272602492,0.06777129893671707,,,,,
2011-04-04,16.85325065255165,14.544631958007812,0.16455596685409546,0.05664294958114624,4.0431647300720215,0.13426892735763546,0.08981458651376006,,,,,
2011-04-05,19.203136384487152,15.254203796386719,0.184688001871109,0.05616122856736183,4.026067733764648,0.13318867642325669,0.08439889496417607,,,,,
2011-04-06,17.14358702301979,15.37161922454834,0.17427504062652588,0.05590017884969711,3.997075080871582,0.1330600643838074,0.07066995508602547,,,,,
2011-04-07,17.064082577824593,15.44165325164795,0.18147659301757812,0.05548836290836334,3.999314785003662,0.13326693849146456,0.07266817126869451,,,,,
2011-04-08,17.91655671596527,15.66588020324707,0.1835111528635025,0.05503786355257034,4.001964569091797,0.13324257987584312,0.07207124253040798,,,,,
2011-04-11,19.247332215309143,16.20965576171875,0.16027690470218658,0.053142618387937546,3.966252565383911,0.13397758823146155,0.052877493388038266,,,,,
2011-04-12,16.405953854322433,15.19533634185791,0.20291835069656372,0.05762976035475731,4.005390167236328,0.13432948454731028,0.07744020256990625,,,,,
2011-04-13,12.51398116350174,14.376359939575195,0.18498991429805756,0.06074284762144089,4.011406421661377,0.13558524897400845,0.0798484316233653,,,,,
2011-04-14,14.178244441747665,14.341292381286621,0.180159792304039,0.0619695708155632,3.997653007507324,0.13573917527059562,0.07770344321506473,,,,,
2011-04-15,12.585139364004135,14.356892585754395,0.20096662640571594,0.05917305126786232,3.982443332672119,0.13489070997429298,0.08745137824852622,,,,,
2011-04-18,15.779451191425323,15.024195671081543,0.21391639113426208,0.053899865597486496,3.9720582962036133,0.13393503091991987,0.08574481999224526,,,,,
2011-04-19,14.738540887832642,13.812145233154297,0.25990650057792664,0.0569721944630146,4.078812122344971,0.1350182276625422,0.12203545449965203,,,,,
2011-04-20,13.536273300647736,13.496719360351562,0.25254449248313904,0.058630477637052536,4.0697784423828125,0.134693428321932,0.12299346903309416,,,,,
2011-04-21,12.299154162406921,11.932735443115234,0.2851521968841553,0.06470552086830139,4.178879261016846,0.13627204843215496,0.14698494436541032,,,,,
2011-04-25,11.160502806305885,12.072737693786621,0.30278676748275757,0.06643389165401459,4.173348426818848,0.13524728815842108,0.13678751736185657,,,,,
2011-04-26,13.07166813313961,11.805839538574219,0.2861117720603943,0.06894607096910477,4.1755781173706055,0.13337358324043935,0.12924888631508968,,,,,
2011-04-27,12.148638844490051,10.034727096557617,0.22373881936073303,0.07824914157390594,4.07316255569458,0.12957672872165682,0.10257756477987001,,,,,
2011-04-28,11.850597739219666,10.41211223602295,0.25368037819862366,0.07863762974739075,4.046494007110596,0.12948007499350014,0.09711314729675402,,,,,
2011-04-29,9.739266693592072,10.245270729064941,0.21987174451351166,0.07988858222961426,3.9718093872070312,0.12808284519436292,0.08052891040849708,-2.70636012314057,-0.5194409303138912,0.028674009679685364,-1.602454780047708,-0.19711455283282575
2011-05-02,2.925881013274193,2.7624456882476807,0.16564178466796875,0.08008696883916855,3.966243267059326,0.12838525625755648,0.0838923184121747,-7.864279658579477,-7.718443215484431,-0.03254854399322804,-6.801533494684264,-7.4226424198267225
2011-05-03,2.9657400101423264,2.706592082977295,0.19928434491157532,0.08188079297542572,4.0266432762146,0.12808130197704118,0.12466471001254564,-5.4403124495247255,-4.888482370178558,-0.03256204353741321,-2.3438279777308253,-3.3560404118204588
2011-05-04,2.77253171056509,2.627143144607544,0.22357261180877686,0.08379364758729935,4.1017022132873535,0.1280426544889902,0.1431663500601913,-4.4345454619567874,-3.4177816173155193,-0.052943551561934976,-2.610402510722338,-2.263780099447178
2011-05-05,2.8891413137316704,2.4709279537200928,0.23055706918239594,0.08830369263887405,4.17003870010376,0.1287980211266603,0.1580150871235062,-1.0541052297060105,-1.3990889645239637,-0.07076497449372243,-0.9251816354592961,-1.315352077487038
2011-05-06,3.3782186061143875,3.2557809352874756,0.5823653936386108,0.0864936113357544,3.8232052326202393,0.14112403235571339,0.1444689972181803,10.481005877794843,-2.469992971751598,0.5955004996272528,27.012129840815618,8.287336301746365
2011-05-09,3.438442185521126,3.2550230026245117,0.57632976770401,0.08553797006607056,3.796977996826172,0.14161542396373644,0.12782671949497193,1.1356539015496168,-0.6358092657087759,0.06983951037344704,1.3847388762265602,-0.317614105713627
2011-05-10,3.350398287177086,3.1064186096191406,0.6080583930015564,0.08880889415740967,3.912986993789673,0.14331515467967296,0.14473280791275855,2.05881710425151,0.5358688823616902,0.0021422354044045022,1.0051412343457997,-0.8352555507906843
2011-05-11,3.0041070729494095,3.008650541305542,0.597870945930481,0.08763133734464645,3.977095365524292,0.14337712244763992,0.15934804261566138,0.3977772768041419,-0.34937172557549445,-0.004268265908846214,-0.1820037791424891,-1.0387043675971626
2011-05-12,2.8249295726418495,2.5029659271240234,0.6039173603057861,0.0946289524435997,4.233710765838623,0.14654985876891286,0.21320849843431,2.940947961486792,1.367249678737771,-0.12645533446631552,1.083883837459675,-0.7936966420216134
2011-05-13,2.788813531398773,2.5701866149902344,0.6134477257728577,0.09434887021780014,4.212576389312744,0.14640357764336373,0.20839170490394476,1.2498069983155276,0.6512846363123117,-0.04428257729657359,0.3706079302508778,-0.27535747992281623
2011-05-16,2.8332682996988297,2.5062952041625977,0.6023368239402771,0.09472990036010742,4.263571739196777,0.14722876732554727,0.2220935885861718,0.8014094892029178,0.2958390535530384,-0.05351403372360908,0.2919431641835031,-0.22967486546403526
2011-05-17,2.5131178349256516,2.4694738388061523,0.5757282376289368,0.09430164098739624,4.279952526092529,0.14815330462767415,0.21355060266776626,-0.009122786954563367,-0.08033883447762946,-0.0767327456379503,-1.0818903615063524,-1.1754864750916925
2011-05-18,2.780712440609932,2.496032238006592,0.5777724385261536,0.09451039135456085,4.26938533782959,0.14815223277702824,0.21192776820538373,0.3939382805130407,0.08417964093461805,-0.058540926818708705,-0.3848070769215255,-0.7083321293849512
2011-05-19,2.555487997829914,2.363532781600952,0.6920577883720398,0.10377328842878342,4.472785949707031,0.14506844966542085,0.23904700905318454,2.72420888228185,2.6638550950009545,0.10302345470802532,1.4167801442171726,1.3482803282710245
2011-05-20,2.218965694308281,2.225032329559326,0.675894558429718,0.10737326741218567,4.546691417694092,0.14357541637957583,0.26597305195789556,2.4891769141731714,2.6870094951734416,0.06923440522534996,2.2651995807130874,2.4624446003219678
2011-05-23,2.428741544485092,2.183868646621704,0.6445298194885254,0.10597285628318787,4.5173797607421875,0.1440370697847083,0.25822285796571476,1.6618082742365985,1.5404648904310392,0.01573756066745924,1.3697573270939358,1.2472332701971043
2011-05-24,2.105109501630068,2.0587949752807617,0.6660925149917603,0.10165154188871384,4.65241003036499,0.14384758751504773,0.2927661909883107,-1.7954183314943535,-1.4442683925567295,0.07798772954773314,-0.7274971486984949,-0.3734644647717338
2011-05-25,2.0475683510303497,2.0676257610321045,0.6678299903869629,0.10156918317079544,4.659553527832031,0.1434102710416013,0.28697036825174393,-1.485811269066886,-1.1376048557819587,0.06874476032282306,-0.9894889237251157,-0.645851696678883
2011-05-26,1.8404626622796059,1.9132145643234253,0.7058547735214233,0.10914412140846252,4.838366508483887,0.14073503781012303,0.32744389916817507,0.24920083778827262,0.618557529833943,0.09610731219865176,1.0709809176554828,1.4284512039659125
2011-05-27,2.2905660085380077,1.9219621419906616,0.7024831771850586,0.11011770367622375,4.822593688964844,0.14027104241537772,0.32220889410587183,1.1141632168555589,0.9178656788731985,0.06778249181871354,1.5097879981811904,1.3043098152089971
2011-05-31,2.1270663179457188,2.0327227115631104,0.7996464967727661,0.11568248271942139,4.873875141143799,0.1385687059800952,0.33352360210582355,2.443926870613552,2.5173214666986112,0.14173437131194433,2.6331850630738174,2.702600124709509
2011-06-01,1.383339636027813,1.203633427619934,0.1267240345478058,0.12058353424072266,4.965028762817383,0.13894780307209006,0.3470782018670856,2.3112681070085657,2.230076308410311,-0.6054278508111262,1.8922332275113902,1.82018350707909
2011-06-02,1.1147031653672457,1.1192072629928589,0.11088308691978455,0.1201244592666626,5.1619648933410645,0.1425554651105891,0.3728283636191285,-0.1765897955612985,0.010238972176736638,-0.5484717843553106,-1.2970585707092432,-1.0853059898732251
2011-06-03,1.2188609223812819,1.110461950302124,0.09763173758983612,0.1251678466796875,5.165388584136963,0.1431539258720458,0.37828627427392003,1.8547812654015488,1.7643908829123731,-0.4819125917589,0.7517186268094989,0.6786997068279419
2011-06-06,1.1144848614931107,1.0779982805252075,0.11193123459815979,0.12337833642959595,5.096138954162598,0.1438191725813296,0.3607448402606621,1.3686647266336038,1.3430309656200166,-0.40225337956128415,0.12204971647819463,0.11880584310160458
2011-06-07,1.0225309114903212,1.0042173862457275,0.11313636600971222,0.12708808481693268,4.892145156860352,0.14197358110881592,0.32284479390410026,4.263800655286211,4.0813808646326635,-0.4074388572180214,2.6512206429462353,2.497830975290407
2011-06-08,0.9465596564114094,1.0078668594360352,0.12493308633565903,0.12819893658161163,4.887985706329346,0.14170046428248048,0.3217115930450498,4.174059836738664,4.070156304369412,-0.3551436641517647,2.4418666172210806,2.37704094201718
2011-06-09,0.8868614323437214,0.9968023300170898,0.11858023703098297,0.12709707021713257,4.892792701721191,0.1421184704544803,0.3252615468604414,3.277392222874475,3.2493517588635044,-0.3274848324673738,1.8120780365892806,1.8175969449042508
2011-06-10,1.0376946665346622,1.0239468812942505,0.1344924122095108,0.11984492838382721,4.670324802398682,0.13930390788202654,0.29533863252375747,2.418483486477392,2.337961400396132,-0.26540593165899073,2.5741401182601145,2.4902386510608903
2011-06-13,1.0463433302938938,0.9523071646690369,0.15376219153404236,0.13130570948123932,4.881004333496094,0.1400079864817663,0.3166395974058622,4.412768376945394,4.143336446322259,-0.21686071328343326,2.4506630150081126,2.223685642574452
2011-06-14,1.1162982936948538,0.9702997207641602,0.1780564934015274,0.13039524853229523,4.748895645141602,0.13838214726993472,0.28285853208930234,4.764712871180436,4.440201265585969,-0.1733674900704587,2.2193525531354084,1.962452533746612
2011-06-15,1.0806609839200974,0.9318094849586487,0.17053481936454773,0.12917348742485046,4.836965084075928,0.13966519217094628,0.3047276285291245,3.2037477291427123,2.958842541540001,-0.16144992976503092,1.3215660161510687,1.1374968060056379
2011-06-16,1.1129330769181252,0.9113530516624451,0.17071622610092163,0.12916411459445953,5.116379261016846,0.14249393426337348,0.34283258668751493,0.9740838014943876,0.7985858406874868,-0.1304983202993366,-1.863050243585655,-1.9390116925244523
2011-06-17,1.1933771576732397,0.9876198172569275,0.2033882737159729,0.1269395649433136,5.0942702293396,0.14333674843134828,0.3349972727792173,0.5443401488472617,0.384489911436674,-0.1092280041705731,-2.2482402851688033,-2.299208106857312
2011-06-20,1.0847530588507652,0.9785463809967041,0.18905200064182281,0.12616263329982758,5.103468418121338,0.143814986090225,0.338442585752435,0.12196631463851304,0.08213284714784663,-0.12183770138854833,-2.16572396830505,-2.107338317083034
2011-06-21,1.0268014427274466,0.9918909072875977,0.19464579224586487,0.12921278178691864,5.110435962677002,0.14332695448034877,0.3380913075928157,0.9146244417826921,0.9085209941994137,-0.10134866173382218,-1.3920435844145729,-1.2971352480370104
2011-06-22,0.9795112982392311,1.0125420093536377,0.19386200606822968,0.12970070540905,5.173703193664551,0.14469139305547096,0.3461838847050861,0.5739849538000072,0.6328177392550174,-0.10803768154042714,-1.8713226961007443,-1.7075578027790286
2011-06-23,1.0860926918685436,1.0059245824813843,0.19109401106834412,0.12827226519584656,5.144764423370361,0.14477061794364696,0.34442136443558724,0.43940148023636283,0.3861432744860096,-0.11123815381893642,-1.4503746483350497,-1.4269209068401292
2011-06-24,1.0457799956202507,1.121217131614685,0.23970118165016174,0.1256827861070633,5.127409934997559,0.14621939422096356,0.34004241014026293,-0.14454815555831146,-0.04050253640822632,-0.0901847079115825,-2.010526211341233,-1.829243588528719
2011-06-27,1.1094559617340565,1.1133184432983398,0.2324621081352234,0.12643393874168396,5.164190292358398,0.14676829542140385,0.3475555703737495,-0.08693240338585895,-0.06643552927467766,-0.09261338911778783,-1.7392897383511219,-1.6541289913262531
2011-06-28,1.1610823534429073,1.0692729949951172,0.2059885710477829,0.12474124878644943,5.142587661743164,0.1470496909504101,0.3422216320323531,-0.35164338092654646,-0.4183293757308917,-0.12239882291539139,-1.8764505700669538,-1.8840195448492594
2011-06-29,1.3138888366520405,1.110486626625061,0.21462146937847137,0.12400690466165543,5.266079425811768,0.1485277123798167,0.3681406544480639,-1.307697647647089,-1.4240088392194679,-0.08669716493497592,-2.2299510053148133,-2.3089793444190896
2011-06-30,1.041775643825531,0.98892742395401,0.0856177806854248,0.12484050542116165,5.353902339935303,0.14961249259390252,0.38265195701203725,-1.7982154204029612,-1.7368775175166036,-0.19819832594969267,-2.621162423826817,-2.524784724362611
2011-07-01,0.9653119333088398,0.9591695070266724,0.10021467506885529,0.12406064569950104,5.342789649963379,0.1499917468090294,0.38031703505080083,-1.7709838861685299,-1.6730357442615116,-0.17133326458612785,-2.5146606954159125,-2.3849152928234894
2011-07-05,1.0074283853173256,0.8873189091682434,0.09755010902881622,0.12335501611232758,5.319394111633301,0.15057684966057042,0.3749767891480912,-1.492232856905602,-1.537295345402299,-0.1770146386304292,-2.287425772328934,-2.2986870790697083
2011-07-06,0.8919629342854023,0.8319450616836548,0.08974812179803848,0.12559036910533905,5.31031608581543,0.1512916038656922,0.36870402572942873,-0.6011181703429642,-0.6505132438055767,-0.198342523769945,-1.8360645029887976,-1.8312617069253392
2011-07-07,0.7443420998752117,0.8052949905395508,0.10022954642772675,0.1294691413640976,5.351966381072998,0.15014772956017616,0.37511564627520744,0.003525995400764259,0.06456402988531806,-0.1448591895794129,-1.194850551473742,-1.079327046356088
2011-07-08,0.9015570357441902,0.7816765308380127,0.09370255470275879,0.1303538680076599,5.367491722106934,0.15052141153211893,0.37986712882197304,0.364489235508934,0.22365158330282497,-0.14534103628388406,-0.6917047904391822,-0.7859028836577195
2011-07-11,0.7716240361332893,0.7788686752319336,0.09700969606637955,0.12873323261737823,5.332768440246582,0.15000072756512192,0.37976080089025155,-0.09040852097319174,-0.07298068521041046,-0.1315785756095802,-0.7018565403853785,-0.6559614501383955
2011-07-12,0.7994592320173979,0.8303569555282593,0.158030703663826,0.1265236735343933,5.496335983276367,0.15285459103316612,0.39305130682959755,-1.6079177480471571,-1.4903927677926845,-0.018033063236506663,-2.497923377127748,-2.339096327863878
2011-07-13,0.8666118755936623,0.8036928176879883,0.16321265697479248,0.12639521062374115,5.474311351776123,0.15268431734305674,0.38915674805594114,-1.2725963596332832,-1.2685884189640433,-0.018994358539175416,-2.0820873178347483,-2.041082902302122
2011-07-14,0.873643908649683,0.8105294704437256,0.15909172594547272,0.1231352761387825,5.500142574310303,0.15302820001094827,0.39223416325763394,-2.28085433712679,-2.207189728955015,0.004086857435855684,-2.753779697607996,-2.65808914424327
2011-07-15,0.7602814342826605,0.7376906871795654,0.14162155985832214,0.12958693504333496,5.402708530426025,0.15307512784281194,0.3801354648671834,0.4708856539715498,0.389090428337866,-0.10407061414715857,-0.527459900137977,-0.5624388777059082
2011-07-18,0.8173755630850792,0.7416368126869202,0.13602878153324127,0.13062508404254913,5.418549060821533,0.15336357079394627,0.3809408100135744,0.7377962852233821,0.5908440263542971,-0.1059012734992506,-0.3261578314615221,-0.4218257875246678
2011-07-19,0.7438188660889864,0.6692349910736084,0.1192941814661026,0.12985603511333466,5.259501934051514,0.15167578178088095,0.3656673103600463,1.2997632754313244,1.1155841091786272,-0.1682973827218559,0.5404418631115959,0.3948305335368332
2011-07-20,0.6586749833077192,0.6625070571899414,0.17775680124759674,0.13627269864082336,5.157382965087891,0.15405077101941494,0.3415664205793705,4.195802564514764,3.8420320875190868,-0.24101813738060107,2.218164189847279,1.9687403318743435
2011-07-21,0.7632318995893002,0.6887916326522827,0.1847608983516693,0.13590440154075623,5.154679775238037,0.15450176530934825,0.34279480602357004,3.9997031768312965,3.584383282054901,-0.22579778305627674,2.057722348183212,1.7540497224773404
2011-07-22,0.7534575518220663,0.6856762766838074,0.1921534240245819,0.13241557776927948,5.185422420501709,0.15505243091400867,0.3514424427841707,2.5632875542465996,2.2527605673156117,-0.1779690888175498,1.1544855714719944,0.932425894361991
2011-07-25,0.6665262579917908,0.6312651634216309,0.198784738779068,0.1343556046485901,5.128263473510742,0.15429420489785656,0.3405467360929014,3.202068468738844,2.8874971166369647,-0.18919556651089087,1.494155606576598,1.291610567459955
2011-07-26,0.7417165506631136,0.6409411430358887,0.2093767374753952,0.13660688698291779,5.123441696166992,0.15460606588108242,0.339037443870583,3.812685570137461,3.3995747752909296,-0.18697035377795457,1.8778732075647682,1.5958731539265472
2011-07-27,0.6543925758451223,0.6104999780654907,0.19796861708164215,0.13631406426429749,5.10467004776001,0.154601519389645,0.33393946887240167,3.5385701909115426,3.2009204836800507,-0.19537153440302468,1.5135941868656246,1.3197222529876598
2011-07-28,0.6207091528922319,0.6270363926887512,0.25031349062919617,0.14568078517913818,5.222803115844727,0.15759838475538135,0.3270788123116819,5.429094358865264,5.007720309710798,-0.16072911410820012,1.3343565155300432,1.2106579129962576
2011-07-29,0.6585356760770082,0.6277345418930054,0.2513357996940613,0.1448645144701004,5.197427272796631,0.15718188917626738,0.3254205335154263,4.955740431673135,4.536657202164513,-0.15039204095681535,1.1768065962585688,1.0355976530695834
2011-08-01,0.5618107225745916,0.5193469524383545,0.20209386944770813,0.14358735084533691,5.147137641906738,0.15729990716868347,0.31923927140946995,4.4470459961675814,4.039575060067833,-0.20864560765339446,0.948145703349681,0.8026427383536685
2011-08-02,0.7585566062480211,0.7917191982269287,0.46758073568344116,0.15453051030635834,5.566775321960449,0.14625145795364472,0.3168360343351566,4.9639949617013315,4.830262494186513,0.3469072019504753,-2.6436635072119756,-2.1964301561786463
2011-08-03,0.9876512810587883,0.8307285904884338,0.4851846396923065,0.14210203289985657,5.689755439758301,0.15112383735287055,0.37621213355827066,1.0096428491134972,0.8920868860694284,0.40314813756509604,-2.2550107721198103,-2.1514855411997686
2011-08-04,0.9814063832163811,0.896296501159668,0.5339146852493286,0.1385246366262436,5.70540189743042,0.14845756144157263,0.37868181310931237,-0.17198457783339904,-0.10695364930045059,0.4782785199310804,-2.7492592031883767,-2.5076064103029125
2011-08-05,1.0509322229772806,0.8636963367462158,0.28462332487106323,0.14296679198741913,5.970897197723389,0.1639512693008626,0.44791485699986244,0.08395399232306033,-0.11400954753917603,0.13151565550729294,-1.154089984933833,-1.2680908408738638
2011-08-08,0.8929515294730663,0.7669609189033508,0.3224068582057953,0.14352446794509888,5.766940593719482,0.16355181073452577,0.4413381243498343,1.1703694069755457,0.9522572759449872,0.08002368026322637,0.9022228372065477,0.7026151493242487
2011-08-09,1.4165252968668938,1.3041081428527832,0.8038219213485718,0.14635948836803436,5.6388397216796875,0.1897060825915004,0.45123635487426905,3.666865156978673,3.0527760474592824,0.22963915323802708,3.6922310463902512,3.076386548558329
2011-08-10,1.4390302002429962,1.386857509613037,0.8534154295921326,0.15950913727283478,5.603344917297363,0.20151074711815556,0.43167323719496253,5.87478993580649,5.238676760833549,-0.016006813262632757,3.7451442893524742,3.2563390581658602
2011-08-11,1.5753564052283764,1.4984420537948608,0.908545196056366,0.15062789618968964,5.678798675537109,0.20733157718876213,0.4349621555951295,0.5537226325314428,0.33045021612667824,0.031218303429848326,-0.40203824862765103,-0.5576274023855028
2011-08-12,1.8625518828630447,1.6472045183181763,0.8285239338874817,0.13928525149822235,5.945911884307861,0.21895908417609586,0.46010480140556953,-4.478134772300006,-4.4400808548782855,-0.0690359094249362,-4.568705680906085,-4.524180423554656
2011-08-15,1.7979447431862354,1.6374239921569824,0.8590160608291626,0.14015047252178192,5.904331684112549,0.21838510442929104,0.4608327283618062,-2.530763769734037,-2.484712945367864,-0.025859109032338345,-2.3702087665074547,-2.3356441353906963
2011-08-16,1.712883371859789,1.630839467048645,0.8388286828994751,0.14480571448802948,6.007774353027344,0.22141231130393363,0.46783384250221727,-1.3420436513801626,-1.2671232747191965,-0.05464174484641138,-1.8803147529594,-1.7669333646327594
2011-08-17,1.9930570498108864,1.6706722974777222,0.8729732036590576,0.14541897177696228,6.041172981262207,0.2213050128873511,0.47299773685296753,-0.7715644282816285,-0.9494345218879694,0.0025303543456245414,-1.179086438969268,-1.3278182402395977
2011-08-18,1.8206610009074211,1.625002145767212,0.8673574924468994,0.14498387277126312,5.982016086578369,0.22069721326704195,0.470297348666439,-0.6311769898032793,-0.6693173674127628,-0.016619847290051837,-0.7150182671067,-0.7471280249459653
2011-08-19,2.482876904308796,1.9042418003082275,0.9620233178138733,0.14667503535747528,6.225732326507568,0.22880724015495366,0.48615491808679623,-0.7802542428919423,-1.1169860503177986,0.06753388262307958,-1.6561984658381412,-1.929895818301425
2011-08-22,2.03220297396183,1.884629249572754,0.9745995402336121,0.14502424001693726,6.179681301116943,0.22920943543648142,0.4791444090847059,-1.3319657680064196,-1.1743551756703674,0.05344814530891062,-2.0148973981827005,-1.8070554371295344
2011-08-23,2.3547808080911636,1.8087987899780273,0.9017002582550049,0.1456153392791748,6.164026737213135,0.22960734107795555,0.4758425289013569,-0.6109194982252717,-0.8905741232702553,-0.03950173150833525,-1.3199487141209971,-1.5475905785933968
2011-08-24,2.2246617823839188,2.0318100452423096,0.9905940890312195,0.13923202455043793,6.268343448638916,0.23503748497362736,0.4876960752756282,-2.9036488728306935,-2.6265930771247135,0.049188239217883734,-3.006016666547147,-2.7213355542945834
2011-08-25,1.9586288556456566,1.9040145874023438,0.9602963924407959,0.14081944525241852,6.1981730461120605,0.23688231219308706,0.4818714896628049,-2.0963017682785896,-1.7750596804845138,-0.04153112041320828,-2.199276290709843,-1.870366813924857
2011-08-26,2.0408687964081764,1.8935215473175049,0.9784425497055054,0.13939574360847473,6.148305416107178,0.23589379566153656,0.4772100586546447,-1.892917087292453,-1.698248155352175,-0.019869520983869737,-1.8129114995136177,-1.6241929275973384
2011-08-29,2.0490572452545166,1.746864676475525,0.9000059962272644,0.14560112357139587,6.1311469078063965,0.23702744564402742,0.4761515440063827,-0.06816107634689672,-0.1648704624120647,-0.13818113716295644,-0.4587212095106459,-0.5263744290184071
2011-08-30,2.9978352934122086,2.7348127365112305,0.11055901646614075,0.1452351212501526,6.217870712280273,0.2401891744104372,0.47839945110948523,0.3706997498015525,0.36648381709478883,-0.9196988592136783,-0.33862141726892503,-0.2899221767883482
2011-08-31,3.001368671655655,2.6354172229766846,0.10272783786058426,0.14744165539741516,6.175601959228516,0.24075311856181023,0.473703894099872,1.075766063477218,0.9124183436618019,-0.8749433213739923,0.26030598192248533,0.15772179432943645
2011-09-01,3.2782753109931946,2.637446641921997,0.10897193104028702,0.1468651294708252,6.163856506347656,0.24107652483992967,0.4722947139672238,1.1649044637236727,0.745794389924086,-0.8008191958075397,0.4627269064096531,0.09618453734131904
2011-09-02,2.852375950664282,2.650597333908081,0.11158726364374161,0.1477850377559662,6.202286720275879,0.2412390171501291,0.4763565981701485,0.708274856978953,0.7606891542971255,-0.7276007890008318,-0.03536219831314469,0.07361691561559525
2011-09-06,3.4122726768255234,2.8255615234375,0.1281733363866806,0.1461881548166275,6.296505451202393,0.2439382795779103,0.482722265841678,0.358410860847286,0.09206321626473724,-0.6440604773781171,-0.41768020993956867,-0.6253113453557972
2011-09-07,3.160876542329788,2.8240582942962646,0.12035827338695526,0.14333303272724152,6.256202220916748,0.2434347787060844,0.47947311906999035,-0.452456776725235,-0.41643866889278414,-0.6036973423181851,-0.8668790094238901,-0.7991099841553719
2011-09-08,3.412144660949707,3.089524269104004,0.14144909381866455,0.14090633392333984,6.373266220092773,0.24714344921121945,0.4865156523198978,-1.3545267234803937,-1.2106023737583769,-0.5190597123871805,-1.8464711833720955,-1.66485799239463
2011-09-09,3.236333876848221,3.0684268474578857,0.14676716923713684,0.14012271165847778,6.358826160430908,0.24719231068772884,0.48503623956883835,-1.564271534526938,-1.2683560889566436,-0.47710378309857404,-1.9430738736895847,-1.6181764439622164
2011-09-12,3.374330699443817,3.0511727333068848,0.1350957304239273,0.1440509706735611,6.355038166046143,0.24660992982173177,0.48359920843998994,-0.31296121443802605,-0.2634298972867839,-0.4729979522456158,-1.0414725315470008,-0.9364587459556191
2011-09-13,3.68646702170372,3.0947487354278564,0.13616837561130524,0.14412622153759003,6.363205432891846,0.2471677448295973,0.484219018229185,-0.00646947733087444,-0.22597445871175026,-0.44466242044884874,-0.7072023051618821,-0.8734103784741158
2011-09-14,3.8375321850180626,3.1206133365631104,0.1399804651737213,0.14519533514976501,6.390494346618652,0.24721256113584322,0.48609294757130994,0.29361834727251335,-0.046122733587750986,-0.4109539504130195,-0.5155785176799235,-0.7931028606213282
2011-09-15,3.9934446439146996,3.110851764678955,0.13513411581516266,0.14453479647636414,6.37460470199585,0.24768712760031214,0.4856500099992157,0.33025897769193335,-0.15105734043715913,-0.39915524090189014,-0.30769779590110247,-0.7390797279823929
2011-09-16,3.8419142216444016,3.1891374588012695,0.14017172157764435,0.14369165897369385,6.40561580657959,0.24816952922910743,0.4890059361810407,-0.1894450575941775,-0.3873295405468049,-0.35910293329993115,-0.7299976072907199,-0.8847209277123049
2011-09-19,3.750982031226158,3.181696653366089,0.13985151052474976,0.14361552894115448,6.39868688583374,0.24828643463548206,0.4889079299101875,-0.2615712303523452,-0.36719459951796907,-0.34409822417775127,-0.7321475125270744,-0.7999029112193519
2011-09-20,3.5039101243019104,3.2360048294067383,0.13163483142852783,0.14503423869609833,6.452951431274414,0.2482799998785777,0.49372903555445546,-0.3752225826191804,-0.1769105060248073,-0.32183439684767756,-1.0072891456948483,-0.7579080553897519
2011-09-21,3.5766644328832626,3.3058764934539795,0.13330301642417908,0.14365442097187042,6.46508264541626,0.24774202706138918,0.49303476001344737,-0.6727695716840927,-0.4577121215355078,-0.2878908840535246,-1.2632303166885173,-1.0008093807498817
2011-09-22,3.4903343319892883,3.2756574153900146,0.11539272964000702,0.14473527669906616,6.511981010437012,0.25072438325263574,0.4929770416287592,-0.7018687360170119,-0.43639276001769645,-0.2968722262508021,-1.5908220737755236,-1.2545058109629679
2011-09-23,3.7843505442142487,3.0937347412109375,0.110597625374794,0.14895369112491608,6.536990165710449,0.25526092506887454,0.4859232339748524,0.5019190008067369,0.22098516104138355,-0.3315568096646171,-1.1295896761510669,-1.2821986937796659
2011-09-26,3.7116185128688812,3.0156986713409424,0.12433183193206787,0.15078791975975037,6.484584808349609,0.2572522513304113,0.48160655690774024,1.056794149085185,0.7322069057208829,-0.34997760367650965,-0.54547539152437,-0.7405090932857199
2011-09-27,3.4790153056383133,3.0495541095733643,0.12798507511615753,0.1506207436323166,6.509574890136719,0.2580226046694787,0.4836907716068951,0.6186028393336755,0.5890733878207577,-0.3231509334098619,-0.920223716207623,-0.8220276381010052
2011-09-28,3.3601685166358948,2.95283579826355,0.12121672928333282,0.1509789079427719,6.515305042266846,0.25913427933682237,0.48284720955965166,0.5211980747454703,0.512868487035913,-0.3221294915580706,-1.0293621361226393,-0.9092840484515676
2011-09-29,4.960939913988113,4.415987968444824,0.03550964221358299,0.15759722888469696,6.536575794219971,0.26108733645413174,0.4841041798569369,3.624655407267113,3.373788474338916,-0.44058674565285294,1.5817857984376467,1.4994754506850292
2011-09-30,4.5516568794846535,4.319149017333984,0.03479152172803879,0.15722490847110748,6.525187969207764,0.2618255684195817,0.4863669797691248,3.0040439650746578,3.069906272211661,-0.42754429820022977,1.1825378045439265,1.442312220383652
2011-10-03,5.021498188376427,4.55900764465332,0.04528391361236572,0.15669824182987213,6.623584747314453,0.26463828623041175,0.4946761127968152,2.748853401069006,2.641997440837134,-0.367565544325795,0.9346315477354352,1.008855885085115
2011-10-04,5.844295293092728,4.83806037902832,0.058313529938459396,0.15560589730739594,6.713080883026123,0.2678361636094271,0.4985290145919161,2.765689447099202,2.1837218092217476,-0.3110453164072964,0.8361770974604319,0.43726888513483075
2011-10-05,5.341503351926804,4.689627647399902,0.06162459775805473,0.15194353461265564,6.690905570983887,0.27019168281173817,0.501666103295414,1.3173055706486174,1.1663852811867486,-0.29204536395984215,0.08814920366391021,0.044443183870615854
2011-10-06,5.804441422224045,4.678272247314453,0.07176965475082397,0.15380652248859406,6.700366497039795,0.2716777548647822,0.500660258558432,2.087727864404627,1.4520039186167608,-0.28370141519659753,0.7103536859607509,0.18749614092556044
2011-10-07,5.982583969831467,4.893120288848877,0.07436203211545944,0.15399180352687836,6.7796149253845215,0.27360485398064643,0.5056194597593353,1.9023098831054384,1.3469963929132085,-0.24699696846336772,0.4076366241753355,-0.02745035049822775
2011-10-10,5.477695494890213,4.880343437194824,0.07581388205289841,0.15292242169380188,6.779359340667725,0.27364823217284556,0.5048361106658679,1.1044019092716582,1.0669927992668313,-0.22945303241690462,-0.25542918336570253,-0.19293638385233436
2011-10-11,5.998895317316055,5.062703609466553,0.11674293875694275,0.15949244797229767,6.888852596282959,0.27943685237586,0.5023712428739946,2.457566654129046,2.0772570259355945,-0.198190848246792,0.21988079992655685,-0.058150181643366494
2011-10-12,6.004923731088638,4.9708099365234375,0.11325895041227341,0.15789110958576202,6.8722734451293945,0.2795167229596231,0.500675413073529,2.080693206591814,1.6236059119995403,-0.1910696034610082,0.11186233668407652,-0.26253661823763963
2011-10-13,5.550968796014786,4.972476482391357,0.13216644525527954,0.15486854314804077,6.882655620574951,0.27937846010682643,0.4953075464960405,0.9401535642780559,0.9653425035285217,-0.1429227518286036,-1.0517556355851987,-0.8870770210614829
2011-10-14,5.912046581506729,4.975228309631348,0.13413220643997192,0.15478657186031342,6.881102085113525,0.27915030458454293,0.49489602341758343,1.272832580110144,0.9393751957878997,-0.13504606134756103,-0.5722172783429613,-0.7617122353987433
2011-10-17,5.649412021040916,5.029273509979248,0.14440399408340454,0.1560874730348587,6.912608623504639,0.28065774835336393,0.494817503120355,1.0810298274300827,1.0849239019709955,-0.12055094725110416,-0.8641284450289177,-0.6621056196737563
2011-10-18,5.6150272488594055,5.1313300132751465,0.15681621432304382,0.156050443649292,6.95044469833374,0.2815912556588658,0.49517845349232303,0.9076629969043175,1.0544919342462364,-0.09289514164452406,-1.0373543828716638,-0.6916214168094665
2011-10-19,6.115880340337753,5.232177734375,0.1714281290769577,0.15585587918758392,6.975490570068359,0.28285078434351524,0.4936913115061775,1.2915552171742313,1.0376724894911895,-0.06927883285999892,-0.673986004464572,-0.7340595902053497
2011-10-20,6.111647039651871,5.238778591156006,0.16166765987873077,0.15691986680030823,6.988341808319092,0.28332711147228634,0.49557568209129377,1.3987248220766197,1.164082267227517,-0.07910143546825665,-0.48684079137925984,-0.5279385675309083
2011-10-21,5.645416289567947,5.184049129486084,0.15317043662071228,0.15439589321613312,6.965156078338623,0.28216390645219064,0.49496243080566815,0.6555510421715205,0.8552187048815405,-0.07730419942985023,-0.9672011695062217,-0.5974853842625496
2011-10-24,6.305265590548515,5.269045829772949,0.17464520037174225,0.15571290254592896,6.995328903198242,0.28381150093715957,0.49313298541913075,1.4097686450557703,1.043444252468543,-0.05422903829372183,-0.334288177002958,-0.5067770771416455
2011-10-25,6.277413487434387,5.245339870452881,0.18606968224048615,0.1597881019115448,7.006234169006348,0.2860854849930948,0.4908137898764915,1.6970324390351461,1.307975975926678,-0.0647798524014307,-0.12815455189620106,-0.3076071467972099
2011-10-26,6.495873987674713,5.294157981872559,0.19532068073749542,0.1577584147453308,6.993633270263672,0.2876439032056694,0.4920780008081247,1.584893049575009,1.0712225151208754,-0.05399551463718644,0.20489631984475398,-0.17478971431664458
2011-10-27,5.684599608182907,5.052597522735596,0.19117242097854614,0.15957032144069672,6.925865173339844,0.2857947878239426,0.4866245746595691,0.8800690182984061,0.9364846970391429,-0.08107897625387017,-0.21568979275249944,-0.061537104316700564
2011-10-28,5.37787427008152,4.250267028808594,0.11411838978528976,0.16188745200634003,7.069753170013428,0.2911115106142195,0.48754376989235704,0.40265720629439805,-0.020996278012266778,-0.12856683648732337,-0.7471034497590354,-0.9991571128341654
2011-10-31,4.821874514222145,3.6895253658294678,0.11166614294052124,0.1611727923154831,6.854431629180908,0.2815810969925237,0.47890075524182263,0.15605598137745869,-0.31635263458159635,-0.16327164727288768,-0.6974598643196686,-1.0312141360740945
2011-11-01,4.958434298634529,4.003170967102051,0.15436621010303497,0.15933336317539215,6.957778453826904,0.28330339747046224,0.4753279369127895,0.14399098503430885,-0.11284852750523555,-0.07741228757448404,-0.9976848155156102,-1.0596931617176768
2011-11-02,5.810857266187668,4.827707767486572,0.273654580116272,0.14773067831993103,7.164175987243652,0.2686470770374312,0.4885457335670622,1.114386177273862,0.8191587052237166,0.18748698902350647,-0.3819324811408471,-0.409336259702485
2011-11-03,6.353233367204666,5.325676918029785,0.3194376230239868,0.13960979878902435,7.296775817871094,0.2612606539665033,0.49933247088555777,1.4862724351881447,1.1794454096361688,0.2804148300248587,-0.030188612007593818,-0.07198029323438959
2011-11-04,6.18496772646904,5.18147611618042,0.27654770016670227,0.14889703691005707,7.332571506500244,0.25701251732033714,0.4913742199574308,1.6789332773547887,1.3820010517601071,0.22544650817205358,0.07929154892441304,0.06722097165258312
2011-11-07,5.9049824476242065,4.911097049713135,0.34616899490356445,0.15749061107635498,7.255061626434326,0.24830439022177261,0.46616906823282767,1.9973440940167215,1.6435921283153583,0.29947566164672557,0.10416777819134104,0.08991903462152528
2011-11-08,5.824826270341873,4.948992729187012,0.3329659104347229,0.15583334863185883,7.258446216583252,0.24843974775273514,0.4657766269491952,1.5822799650912813,1.4007842930558594,0.26204995394855946,-0.08122398426870436,0.03473919789804292
2011-11-09,6.260588973760605,4.812778949737549,0.29083889722824097,0.15256734192371368,7.216546058654785,0.24656596701326527,0.4694115794548943,1.7440762404516281,1.0099537322737895,0.1887013582551343,0.47322620239739077,-0.030225910323767202
2011-11-10,6.455021411180496,5.251229763031006,0.3947431147098541,0.15828602015972137,7.321306228637695,0.2519234651691789,0.4617959178321406,1.8367147230960619,1.421483551242095,0.2983775434740927,0.2554004067394793,0.14039237892950585
2011-11-11,6.830958932638168,5.323427677154541,0.3923856317996979,0.15752533078193665,7.342140197753906,0.25201989148632253,0.46360555542516546,1.9451296780883034,1.2834033047944873,0.27185735733221883,0.5518523935453867,0.1558667911959173
2011-11-14,6.913376420736313,5.546664714813232,0.45492327213287354,0.1593828797340393,7.383435249328613,0.24467864491528635,0.45728675167241495,2.02604084013481,1.5726853218764338,0.3367290675147034,0.6437162484505929,0.45897119419138566
2011-11-15,6.786926120519638,5.873917102813721,0.4884911775588989,0.1633703112602234,7.488467216491699,0.24420953416363123,0.4604071326413821,1.6876379265719432,1.7638477271963113,0.35926287561624703,0.43304897743092496,0.7570603989421425
2011-11-16,6.4286051988601685,5.818052768707275,0.47845688462257385,0.1638679802417755,7.4755449295043945,0.24394112977767896,0.46024923918833627,1.0657638000654472,1.4652835514078815,0.3042168095807498,0.1022864088591584,0.6776683675316608
2011-11-17,7.301594793796539,5.709107875823975,0.5858128666877747,0.17107439041137695,7.433813095092773,0.24054469737335527,0.43890454139233925,2.1818585467106324,1.5259322843218541,0.37799558617884665,1.027585869921178,0.569734561666996
2011-11-18,7.32998189330101,5.902556419372559,0.7035205960273743,0.1751352697610855,7.495368957519531,0.24073094269130596,0.4307091985355507,1.8615983859176186,1.4725430007587104,0.43512795280107536,0.7212488712842822,0.5408659455853879
2011-11-21,6.741212382912636,5.840860366821289,0.716403067111969,0.1766251027584076,7.484370708465576,0.2398634325642392,0.42846995093699136,0.9445393784312177,1.1605157311280294,0.3660906878002321,0.09526676246958665,0.4646463420894307
2011-11-22,6.7843600660562515,5.885467529296875,0.7481898069381714,0.1769919991493225,7.49143123626709,0.23979090311508802,0.4235828154193555,0.7174085072092922,0.932393393836338,0.316886597212175,-0.004821121763565195,0.3383747428519275
2011-11-23,7.399442434310913,5.7818098068237305,0.7200011610984802,0.17743417620658875,7.480068206787109,0.23683640614023488,0.4244284352170654,1.1301246526169404,0.6134533757513276,0.2034145412693824,0.7803273926307739,0.32737282961683345
2011-11-25,7.424632221460342,6.167539596557617,0.8142240643501282,0.17820113897323608,7.567759037017822,0.2382686052202597,0.423226750412775,0.7200674471860449,0.6713190514089931,0.2383637732591375,0.38667500622308904,0.4018797248970838
2011-11-28,7.451897859573364,6.1649603843688965,0.8130545020103455,0.18016299605369568,7.569221496582031,0.23816874850566622,0.4238794516991724,0.5452977799856455,0.5029547141558162,0.16214930615303524,0.40253988748916036,0.38701875880974157
2011-11-29,5.605779647827148,4.999517440795898,0.30704379081726074,0.18603290617465973,7.587870121002197,0.24119343880741023,0.4238530750055266,-1.52953030578393,-0.8584103841637072,-0.44611739890359436,-1.5074522647054716,-0.8405593874191455
2011-11-30,5.82164078950882,5.020632743835449,0.37424540519714355,0.1900397688150406,7.588586807250977,0.23821745951361162,0.41880229513078715,-1.1763651934703594,-0.767284859656689,-0.37099449108042215,-1.0354825613015226,-0.6533718172112852
2011-12-01,6.13357400894165,5.354632377624512,0.5186984539031982,0.19448596239089966,7.647159576416016,0.24254625960865578,0.4091319213081074,-0.8844601762686946,-0.48386363586790626,-0.20868777147183115,-0.966137575138954,-0.5498869874353502
2011-12-02,6.044196143746376,5.27791690826416,0.5161476731300354,0.19820839166641235,7.644622802734375,0.23904200040653287,0.4123478733831091,-0.8451547562732618,-0.49008575437472324,-0.21744178833757855,-0.6140633456985478,-0.30307988054926405
2011-12-05,5.802935749292374,5.326240062713623,0.5307710766792297,0.20218037068843842,7.661482334136963,0.238224257233533,0.4131652396484319,-1.007711030185357,-0.4145005752904698,-0.20091851635221214,-0.6305816905306898,-0.10981148520376216
2011-12-06,5.821419358253479,5.093094825744629,0.5618444085121155,0.20009081065654755,7.578279495239258,0.23596427655474056,0.40969675637761616,-0.6451488008388999,-0.42433452886062284,-0.12619160459815637,-0.3792632882193132,-0.21103696950001805
2011-12-07,5.782832980155945,5.116258144378662,0.5725564956665039,0.20197448134422302,7.599545955657959,0.23544560765671144,0.41014145291787807,-0.6411997243791365,-0.38360957996976186,-0.11415499598212442,-0.32907789614730376,-0.1343315659200206
2011-12-08,5.820160418748856,5.061337471008301,0.557101845741272,0.2013952136039734,7.585219383239746,0.23514592602699,0.4098778271902721,-0.5003595211981668,-0.3692884445494471,-0.11229954134659348,-0.23611183806001446,-0.15958884430393816
2011-12-09,6.2244100123643875,5.302172660827637,0.6076130867004395,0.20595091581344604,7.6727166175842285,0.23678814405049142,0.4079787195239033,-0.25086071062636783,-0.2732976779001479,-0.07726019832263342,0.032448512737618174,-0.05041179041606014
2011-12-12,5.96517750620842,5.33541202545166,0.6130107641220093,0.207121804356575,7.698510646820068,0.23716163272731772,0.4106869302897691,-0.5273643525062965,-0.24986693946500615,-0.07180878885034037,-0.20682354796596414,0.0024255944742268554
2011-12-13,6.353986352682114,5.5226359367370605,0.6318253874778748,0.20902405679225922,7.763408184051514,0.23847555256802114,0.41280213352497297,-0.22254839958251882,-0.1537665387470799,-0.05786582403433216,0.09745366281931034,0.09779410044246895
2011-12-14,6.026200711727142,5.448493003845215,0.6829125285148621,0.2083432823419571,7.713568687438965,0.2381541120170264,0.40668237757850934,-0.3979022685562388,-0.10780735717911494,0.0036094464284703864,-0.24764355004921512,0.010453769457052786
2011-12-15,6.536482274532318,5.326964378356934,0.6965809464454651,0.20557773113250732,7.672224044799805,0.24166486198101184,0.40788049782080915,0.19563051977692858,-0.17386754100617452,0.04040551988322427,0.20818096108640294,-0.16399341486131291
2011-12-16,5.677861571311951,5.208822250366211,0.7212229371070862,0.20611950755119324,7.615828514099121,0.23790475854491047,0.40423075399161346,-0.5007919252930098,-0.1392786722487287,0.05493740800772451,-0.4467711626581634,-0.09667761932863161
2011-12-19,5.944590985774994,4.934235572814941,0.732917308807373,0.20765218138694763,7.492121696472168,0.2317812919419345,0.39125535633124864,0.19550930979753467,-0.09671544654566411,0.047719344891933746,0.19037692387078753,-0.10075486350345475
2011-12-20,6.140330672264099,5.2678117752075195,0.8094003200531006,0.21076057851314545,7.619150638580322,0.22932357185900168,0.40248575871327985,0.09121783602828515,0.012405256223485317,0.09378082057181447,0.42201246684150284,0.27202622419004374
2011-12-21,6.382305771112442,5.594254970550537,0.848834216594696,0.21363763511180878,7.738180637359619,0.2323972302984046,0.4078430093674842,0.030517071105198745,0.09182933423980266,0.11056481924890371,0.4141816984993527,0.3922553683354879
2011-12-22,5.79009473323822,5.467451572418213,0.8566367030143738,0.21419492363929749,7.686215400695801,0.23134350898460584,0.40413174462381485,-0.40720009124216716,0.07967659847470365,0.10647303146997222,-0.08712553862418915,0.3293318242914127
2011-12-23,6.301558017730713,5.412713050842285,0.8209470510482788,0.20617452263832092,7.648625373840332,0.22782260811021035,0.40736635391105414,0.11099842269476401,0.04110393312311533,0.109414697587635,0.3829144834628364,0.24861970905062414
2011-12-27,5.91619998216629,5.484033584594727,0.8279709219932556,0.20683187246322632,7.675502777099609,0.22728126035196478,0.40830266476020616,-0.3427079553551797,0.05884711887154559,0.10500899854408874,-0.049378761089847956,0.2811981959216121
2011-12-28,5.567680075764656,5.2890095710754395,0.9718964099884033,0.20931193232536316,7.576540470123291,0.2215739220096781,0.3985881365418782,-0.3254925820576311,0.1274047388347075,0.21928767254314452,-0.04471899306996985,0.33687950237986897
2011-12-29,4.713942900300026,4.478902339935303,0.11785675585269928,0.21572835743427277,7.652338981628418,0.21777283728035304,0.4063295508727077,-1.2411670294873316,-0.7803481821250182,-0.699056173027327,-0.6407035513747061,-0.3373529053398965
2011-12-30,5.216689199209213,4.929387092590332,0.20271025598049164,0.22569100558757782,7.774769306182861,0.21430145307508355,0.40624141128337554,-0.7940872843488238,-0.43565849209547913,-0.636650844923194,0.03725004897975559,0.1733916511049518
2012-01-03,5.215477392077446,4.783553600311279,0.2064533829689026,0.2244960367679596,7.772558212280273,0.21299766431300748,0.4086635553942387,-0.7412137661122689,-0.5470031256668078,-0.5759361743045104,0.0714317526494419,0.042077875482156024
2012-01-04,5.052822515368462,4.851290225982666,0.22467640042304993,0.22384187579154968,7.732500076293945,0.21338273026852267,0.4059517872283612,-0.7580259167487897,-0.36579194548775185,-0.5078672403528888,-0.07331642840332009,0.13041496511142103
2012-01-05,5.092729419469833,4.760827541351318,0.22370995581150055,0.22209283709526062,7.713571071624756,0.21282559065206674,0.40572353788710736,-0.648028973925248,-0.40594271427339557,-0.46717160365415933,-0.02771670030157658,0.03799300703564423
2012-01-06,4.328568905591965,4.141706943511963,0.20701895654201508,0.21252404153347015,7.467907905578613,0.2069497384753288,0.39880162471010105,-0.8428927139854787,-0.5231594878469776,-0.42306336948362344,-0.4034411202242989,-0.20969745120509575
2012-01-09,4.764176830649376,4.222995281219482,0.2108820527791977,0.21431149542331696,7.510624408721924,0.20647710379924206,0.39950680884980416,-0.44442936702144653,-0.4869129022536809,-0.40920032390829975,0.028726169025492965,-0.15030279979418193
2012-01-10,4.39282788336277,4.151203155517578,0.20848038792610168,0.21606439352035522,7.5120062828063965,0.20533677563136923,0.4008438090323104,-0.7511943961842231,-0.5114306046970443,-0.3985880945599508,-0.22390705036128544,-0.13362220866515973
2012-01-11,4.6183041036129,4.232450008392334,0.21210061013698578,0.21755114197731018,7.537356376647949,0.20547783361051114,0.40017076119407313,-0.528479109956157,-0.4457935982987742,-0.3793522361196864,-0.01795299816564544,-0.07938883928055596
2012-01-12,4.538778409361839,4.1153483390808105,0.2126542031764984,0.2165716588497162,7.4595627784729,0.2033910936754672,0.3971547248651568,-0.3694414521648248,-0.3684351713176719,-0.3553878380498682,0.09334604797944301,-0.035027104970815515
2012-01-13,4.046156585216522,3.766209363937378,0.2230062335729599,0.212820902466774,7.326657295227051,0.20215821978721357,0.39346928872683606,-0.5463047502002887,-0.44607698248864036,-0.3125540599492238,-0.19827710832404044,-0.1940272487721253
2012-01-17,4.314744845032692,3.6581430435180664,0.21521437168121338,0.2118028998374939,7.315988540649414,0.20088447223150457,0.39588669172707924,-0.23952961846188803,-0.5140968719991497,-0.3111833862389174,0.1545610937502957,-0.22819635540478034
2012-01-18,4.3526513278484344,3.7582714557647705,0.20978522300720215,0.21064502000808716,7.309532642364502,0.19954875568633235,0.3924952235242535,-0.19150679421219863,-0.3827028627399294,-0.3111820038936044,0.1367147184452424,-0.1421123395013515
2012-01-19,4.332616895437241,3.7834980487823486,0.209733784198761,0.21100035309791565,7.334621429443359,0.20005720728017315,0.39307843050218017,-0.2686507896417494,-0.39562496934878677,-0.3045081222557884,0.049529087514208925,-0.16130954444160617
2012-01-20,3.938912943005562,3.5354838371276855,0.20153117179870605,0.2089637964963913,7.259901523590088,0.19856943572811492,0.3928457337840463,-0.46732483916008505,-0.4706358438970666,-0.30153895093954874,-0.16921004543767637,-0.2512605972264721
2012-01-23,3.955547019839287,3.3704285621643066,0.18821683526039124,0.20083779096603394,7.212255954742432,0.19551993034761106,0.3945565637313777,-0.4564460035413651,-0.5766239728208058,-0.3331740675419801,-0.1881390572355146,-0.37933092314947725
2012-01-24,4.121051847934723,3.794084072113037,0.2504199743270874,0.20876413583755493,7.342473983764648,0.1930119444028802,0.4070185191294047,-0.4211009028275896,-0.28930186775490174,-0.27799771563347186,0.2027872671548927,0.16959839546551292
2012-01-25,4.246954217553139,3.83797287940979,0.25737807154655457,0.20994554460048676,7.381404876708984,0.1922155583672418,0.40989177017025336,-0.3400613798637586,-0.2851191242167159,-0.2729432995089758,0.31832379878046524,0.19468396742003558
2012-01-26,3.984966218471527,3.5627543926239014,0.2809976637363434,0.20963110029697418,7.1772141456604,0.18520000485248223,0.40094399291520433,0.09259729845896425,-0.008958311956179354,-0.23761115615429707,0.6476137296935573,0.3940818122175713
2012-01-27,3.877224087715149,3.535008192062378,0.2700395882129669,0.21014268696308136,7.163239002227783,0.18540673655790144,0.3996141699638861,0.06565004094784976,0.02560808605250431,-0.24255447226933313,0.5264629715476103,0.3571220397359749
2012-01-30,3.404903769493103,3.276226043701172,0.2879636287689209,0.2093924582004547,7.021617889404297,0.18118779268401644,0.3956377341026982,0.08390332858548799,0.1598398075659726,-0.21979935225051883,0.4563129337783751,0.42361403583789947
2012-01-31,3.942990690469742,4.204964637756348,0.0866444781422615,0.21337682008743286,6.916040420532227,0.1763947610910825,0.39323314311185553,1.1566394570967318,1.4809681060773219,-0.412636906551088,1.491766971222423,1.71046323377668
2012-02-01,3.785130523145199,3.905673027038574,0.08552386611700058,0.21154673397541046,6.847785472869873,0.17530594712584832,0.39352342955770625,1.1982030209953245,1.3155851275428714,-0.4080720319036404,1.3941804786630625,1.4316927350645678
2012-02-02,3.6693713814020157,3.854064464569092,0.0922151729464531,0.2079690843820572,6.739029407501221,0.17407163234421386,0.3875531198174075,1.340789785275427,1.4676671272092192,-0.38806406578376906,1.372092318866394,1.4802451476288963
2012-02-03,3.9243005514144897,3.871957302093506,0.09525061398744583,0.2081928253173828,6.7366485595703125,0.17396027669022426,0.3874183631678786,1.5624452643517075,1.4333017088736923,-0.36989107243446395,1.5747235003575328,1.4369342619135939
2012-02-06,4.02040059864521,3.8126633167266846,0.08772864192724228,0.20752251148223877,6.7433576583862305,0.17457284288768313,0.3812438360232977,1.558841884376902,1.2918496192344264,-0.36648317734459623,1.5061034972471719,1.2887310081745715
2012-02-07,3.50945608317852,4.101254940032959,0.09923150390386581,0.20910781621932983,6.730362892150879,0.17384543743905534,0.38120488112814466,1.0380911949190939,1.553310964236326,-0.3413070197861421,0.9962150960829912,1.548274909152755
2012-02-08,3.548090949654579,3.6176629066467285,0.15222030878067017,0.2041582316160202,6.466618537902832,0.16534889724701185,0.380124054233393,1.8243535307674272,1.6340812765012163,-0.30403718559484716,1.7636203900648755,1.6224084004772654
2012-02-09,3.067913442850113,3.7637462615966797,0.14471155405044556,0.20483243465423584,6.483921051025391,0.16469763159676626,0.37969366552501926,1.232048284294033,1.6706463865093264,-0.27789481638052793,1.1744621930659531,1.6554088222448895
2012-02-10,3.643777459859848,3.754305839538574,0.18081244826316833,0.2008010745048523,6.316824436187744,0.1623418653771211,0.3723678410881097,2.2116676719769264,1.9289383366933457,-0.17937650383207515,2.0541018938281828,1.8804409979046077
2012-02-13,3.916850447654724,3.797656536102295,0.18633058667182922,0.2010774314403534,6.304746627807617,0.16194099428004927,0.3717185273776096,2.389802704609357,1.8700213616938712,-0.12030469476678496,2.1748142198009908,1.769309411777808
2012-02-14,3.530450627207756,3.960659980773926,0.183578759431839,0.2030811309814453,6.349793434143066,0.16185142887138987,0.37366899367283424,1.7270574720233327,1.8032201821650933,-0.09917972557632426,1.5086297389114884,1.6798899626740234
2012-02-15,3.429727867245674,3.7628965377807617,0.18828850984573364,0.20533911883831024,6.372223377227783,0.16032822275422984,0.3782559595895115,1.4851807448648617,1.446393037929492,-0.06725080641936731,1.3755485151040316,1.3771519957515572
2012-02-16,2.6527097821235657,3.0074851512908936,0.15089063346385956,0.19334520399570465,6.24085807800293,0.15708208263969609,0.38231719832633426,0.8045894579143893,0.8340248823172773,-0.1381037146576638,0.6115123671622449,0.7086127374212667
2012-02-17,2.8476045578718185,2.956230640411377,0.13630010187625885,0.1936488002538681,6.289731502532959,0.15748059705686837,0.3838113295421619,0.7965666465221757,0.6078726136102182,-0.13575388950835876,0.6561381919746756,0.5151750680826788
2012-02-21,2.156953364610672,2.5170271396636963,0.11840993911027908,0.18512524664402008,6.189849376678467,0.15442723597369282,0.3867979966069508,0.18807252174560318,0.28452397950789443,-0.15121766790977476,0.0034122669932177274,0.16175934610184495
2012-02-22,2.0238484106957912,2.4333834648132324,0.126174196600914,0.18233224749565125,6.150090217590332,0.1553077663611411,0.38954065946548344,0.0634036751343332,0.1988747686820007,-0.10590754443771488,-0.099995517890203,0.09447645552988515
2012-02-23,1.6734212189912796,1.7313015460968018,0.13883662223815918,0.1695854663848877,5.871034145355225,0.15060872189282296,0.38715964859514573,0.20478782048664224,-0.08398163062993125,-0.033455391516857835,-0.16345132376970328,-0.31895808704400075
2012-02-24,1.4989418722689152,1.6500458717346191,0.14114294946193695,0.16629377007484436,5.911452770233154,0.15031961254679382,0.3872835507304657,-0.17078375068562157,-0.2773603409202978,-0.03555633111207035,-0.5181978020281135,-0.49075464134593894
2012-02-27,1.5887483805418015,1.5808963775634766,0.15159261226654053,0.1517890840768814,5.734868049621582,0.14537528160370172,0.3663572011052587,0.1113397671764198,-0.09170382734213378,0.0008866915150944621,-0.6602069862988973,-0.5453314603285655
2012-02-28,1.7338435761630535,1.5932071208953857,0.14597398042678833,0.15346495807170868,5.792172908782959,0.14536829555819217,0.36975435456654393,0.06508200237666006,-0.20581063443595649,0.012304717055448,-0.4337440471593754,-0.4811922238247024
2012-02-29,1.3851707577705383,1.2590733766555786,0.16849283874034882,0.14155523478984833,5.632862091064453,0.1364156142010102,0.36926004670582335,-0.10398110366574831,-0.28457575160516724,0.06226745587025806,-0.5388637461355623,-0.5096575529622305
2012-03-01,0.8009313456714153,0.7550804615020752,0.14862696826457977,0.1411685049533844,5.5771965980529785,0.13944186930176425,0.36302670741988485,-0.6031539285066605,-0.7126231695748404,0.08689019316963864,-1.076775824874633,-0.9421184937787745
2012-03-02,0.8643996119499207,0.7461655735969543,0.15032200515270233,0.1399681717157364,5.646512508392334,0.13963373593228642,0.37180694802620184,-0.6638459854087977,-0.7563847498941245,0.04162400529989796,-0.905070020843989,-0.8543109667536979
2012-03-05,0.634148258715868,0.7408888936042786,0.1574489325284958,0.1425146758556366,5.76377010345459,0.1399905368680624,0.3841007620987644,-1.0577295751656968,-0.8577957665666545,0.0024690212056202032,-1.1026663690733,-0.8736393126295339
2012-03-06,0.7952291117981076,0.7511744499206543,0.16369378566741943,0.14257217943668365,5.731604099273682,0.1402201773030302,0.38147260733219934,-0.7165060813576583,-0.7177528276073815,0.025908749059507352,-0.790154997547297,-0.7437706317689423
2012-03-07,1.0000328570604324,0.8886196613311768,0.14368511736392975,0.15387120842933655,5.975977420806885,0.14275105467514726,0.39006850849275787,-0.8823855933172886,-0.9145798253709905,-0.05074895816225622,-0.8096421497691593,-0.8904260993220849
2012-03-08,0.8143557384610176,0.7397680282592773,0.18679749965667725,0.1411038041114807,5.786758899688721,0.1386707849993076,0.3943929928683756,-0.6901739722118772,-0.6546840575594595,0.01354877438566926,-0.6179768491622988,-0.6297530811730301
2012-03-09,0.8575029466301203,0.8722158670425415,0.20614123344421387,0.14108425378799438,5.7120161056518555,0.13689951836077877,0.3846160510846076,-0.4125452350021461,-0.34855247268581824,0.06312884692771559,-0.43833056094423095,-0.35785866474878025
2012-03-12,0.8530279640108347,0.7757803797721863,0.2510834336280823,0.1317654848098755,5.390934944152832,0.13434143905457402,0.36238105813868926,0.21981061690520454,0.06959279282443998,0.20651021000961944,-0.07756715490302857,-0.03457063518278991
2012-03-13,0.8923664353787899,0.7997339367866516,0.2905411720275879,0.13509510457515717,5.374547004699707,0.13203376683597834,0.36026910074872265,0.3205106426504811,0.1158166154623057,0.24679541289745943,0.06668215572594582,0.02842726603541257
2012-03-14,0.72509391233325,0.637907087802887,0.26909375190734863,0.1298511028289795,5.294008255004883,0.12771131865479077,0.34018213995232316,0.2902543897700516,0.12198653963648365,0.20452504138743666,-0.10729030176319942,-0.011731563793676347
2012-03-15,0.7984572798013687,0.7729644775390625,0.2846982181072235,0.14355650544166565,5.272903919219971,0.1290539285670322,0.33564406113599765,0.496804856208622,0.1886179546425013,0.29479257007910187,0.11993120488357922,0.06473380137850926
2012-03-16,0.8843120485544205,0.7276794910430908,0.27379268407821655,0.13893307745456696,5.271149635314941,0.1285474403082914,0.3388421509471635,0.5084586736444814,0.1519958721034964,0.2397745914173155,0.1758066501374307,0.04817187801572187
2012-03-19,0.8402045778930187,0.8129288554191589,0.3028108775615692,0.13756398856639862,5.151833534240723,0.12773649181855426,0.3245739330896128,0.6672664769853343,0.384545934961944,0.3027415894859997,0.20788909753736018,0.25215102123871747
2012-03-20,1.1965896263718605,0.998986542224884,0.423919677734375,0.12452937662601471,4.746884822845459,0.12033355982271512,0.2650133503101916,1.748955938634825,1.193027609642494,0.500610537148052,0.7557685842995994,0.8899429748065928
2012-03-21,1.0634573362767696,0.9722713232040405,0.3806954324245453,0.12969310581684113,4.897040843963623,0.12035744203299213,0.27206129642649524,1.2264361589299433,0.8598083955126601,0.37591663198157166,0.23731487642677118,0.4067540634217197
2012-03-22,1.039025317877531,0.912808358669281,0.3840954303741455,0.12741409242153168,4.917635440826416,0.12015668527994057,0.28053246685545585,1.0424792525063262,0.7213083971361476,0.3303793504639707,0.21305542686659718,0.3035798338258888
2012-03-23,1.1837586909532547,0.9685194492340088,0.3766389489173889,0.13072404265403748,4.955799579620361,0.12075232083616552,0.2735451418065207,1.06196661349861,0.6576953842005322,0.3053652667948976,0.2243073725050313,0.21578224970924254
2012-03-26,0.9938824102282524,0.9626578688621521,0.37659990787506104,0.13155673444271088,4.951333522796631,0.12110160393505665,0.26889663873221636,0.8063940120681379,0.6010325339817841,0.29516489617110353,-0.01955235070140926,0.15705463036442735
2012-03-27,1.1974153481423855,1.0832958221435547,0.41870221495628357,0.1293260157108307,4.719545841217041,0.11914681721529363,0.2249103895708865,1.3700249831294713,0.961847610992955,0.4033957287412617,0.15606188169065338,0.30026557046837654
2012-03-28,1.215660609304905,1.0199790000915527,0.40185487270355225,0.12784937024116516,4.745753765106201,0.11931364548782859,0.23012151895543387,1.2196097310038985,0.7950485603934032,0.34207522247183286,0.12714289695378223,0.1752184282545639
2012-03-29,1.2159548550844193,1.1285958290100098,0.4088421165943146,0.13413846492767334,4.800533771514893,0.1195830915163134,0.22626018074929288,1.0955145820316858,0.7514643647478509,0.3433935169885787,0.04840147167229558,0.15226127801445832
2012-03-30,1.3607193417847157,1.2535722255706787,0.34168511629104614,0.12815147638320923,4.587604999542236,0.11580353544099771,0.17151509117215724,1.4876907164521047,1.0936364654023394,0.29638636413148767,0.0034009706314817034,0.236261918858645
2012-04-02,1.418703693896532,1.240159511566162,0.34797200560569763,0.1288500428199768,4.6176557540893555,0.11546734715695302,0.1908179072573234,1.4206342028067667,0.9898198151858759,0.2736090602394854,0.22513880537631148,0.26420833659462106
2012-04-03,1.2403301522135735,1.1044543981552124,0.30563637614250183,0.13716822862625122,4.728472709655762,0.11500898663890287,0.2138322764196119,1.0704895768577125,0.6638282182409361,0.21502084398968124,0.18176274110206858,0.11101732723297664
2012-04-04,1.5708349160850048,1.4177855253219604,0.39925459027290344,0.1476578563451767,4.748746871948242,0.11621697615891914,0.19331107599947217,1.3619636002229856,0.8330191207950683,0.3474331981476617,0.3308542571177624,0.18805215808024123
2012-04-05,1.2823642864823341,1.189035415649414,0.34002143144607544,0.15565747022628784,5.03604793548584,0.1188455662072127,0.24011646793304564,0.637808446011868,0.2503519607792555,0.21436174222758542,0.07167568439562877,-0.10197847882593081
2012-04-09,1.2632085382938385,1.1625676155090332,0.33181092143058777,0.15005524456501007,4.964892864227295,0.11853534920619105,0.23614723965071094,0.6496581821873939,0.30936426004828776,0.1914728995659165,0.0615820671126075,-0.055286748969661126
2012-04-10,1.1331286691129208,1.0624945163726807,0.32212722301483154,0.14724001288414001,4.993569850921631,0.11999848148711154,0.2502605472938837,0.41795201130176496,0.17196644312141363,0.15513897746783134,-0.03712474287497858,-0.10630673293789128
2012-04-11,0.9917531348764896,0.9410924911499023,0.31997546553611755,0.15334482491016388,5.175076961517334,0.12206334748921914,0.27936262960996416,0.03980562599587989,-0.16088106655770495,0.12387927670744858,-0.13202463718588153,-0.2649980492955919
2012-04-12,1.0640108548104763,1.0004478693008423,0.34841692447662354,0.15477681159973145,5.200802326202393,0.1221179099648455,0.2888623096157813,0.08526381526696403,-0.12622074683934015,0.1466015092794335,0.023672267403396008,-0.16372095958250732
2012-04-13,0.8417206089943647,0.9160016775131226,0.3281719982624054,0.15801487863063812,5.329001426696777,0.12306413672641567,0.3039288539040089,-0.2908907152632869,-0.33428545337017823,0.10131012979319753,-0.2251546598922589,-0.2943892890135187
2012-04-16,0.8922681696712971,0.829986572265625,0.33030638098716736,0.15875883400440216,5.4251556396484375,0.12383229597825014,0.3202412008124974,-0.35582118350158787,-0.494424452372185,0.07951268539174605,-0.1549740613341517,-0.3730845449717739
2012-04-17,1.0813874080777168,0.9031678438186646,0.36030471324920654,0.15626485645771027,5.338417053222656,0.1239720498025364,0.31504620785216,-0.07269782639474487,-0.3362035676134618,0.12186988297998425,0.08768619697622615,-0.23825124597918323
2012-04-18,0.9235040564090014,0.8649265170097351,0.3533009886741638,0.15924976766109467,5.399435520172119,0.12432432893620528,0.32257676099158317,-0.2912049712997393,-0.4365574149579863,0.10894521600907314,-0.060243895031395045,-0.2950856644899442
2012-04-19,0.9635228663682938,0.9140397310256958,0.36418166756629944,0.16302669048309326,5.441468238830566,0.1241473202999522,0.32265910389083674,-0.26995421765511285,-0.4317209173223575,0.12136263013868154,-0.035881000495687765,-0.2867293820373993
2012-04-20,1.0279066320508718,0.9220699071884155,0.3715938627719879,0.16342484951019287,5.444779872894287,0.12426186512771045,0.3221919402135255,-0.20169679886468117,-0.4214247735833143,0.1276303705527735,0.0200693501367315,-0.2817666539602013
2012-04-23,0.9460928961634636,0.858156144618988,0.37642356753349304,0.15560565888881683,5.352759838104248,0.1230550105548177,0.3198622671243565,-0.18383161547329863,-0.3307921730620236,0.12131923534835565,-0.0005998037038612569,-0.21430377126557154
2012-04-24,0.9634909145534039,0.8191239833831787,0.3591097593307495,0.1573382169008255,5.447477340698242,0.12335271975509943,0.32466859357183775,-0.25828154813746895,-0.4416175677386591,0.08867619937227533,-0.07152045501252302,-0.32196531059394395
2012-04-25,0.7808937672525644,0.7798004150390625,0.35382845997810364,0.15662159025669098,5.465126991271973,0.12333181274198816,0.3322016428614052,-0.44624314966853484,-0.4753628404614294,0.07784182823854369,-0.20337048672391922,-0.31631775530120265
2012-04-26,0.8823644947260618,0.7718125581741333,0.34331002831459045,0.15889708697795868,5.461906909942627,0.12429044493776066,0.32900491706154944,-0.3468712676751933,-0.5090411350876676,0.07716241525817302,-0.12753763766725568,-0.3644366661798615
2012-04-27,0.9512283317744732,0.816196084022522,0.35796162486076355,0.16022811830043793,5.472339630126953,0.12424111983550287,0.330104344195145,-0.2724186831541977,-0.4689994165689235,0.09483627443376608,-0.043516298346248705,-0.3171855471365972
2012-04-30,0.8200927004218102,0.7917188405990601,0.39204221963882446,0.16226014494895935,5.487332344055176,0.12326497215858984,0.33960196120096653,-0.3797534717060169,-0.48782603825764737,0.13312469043227498,-0.03961808830151026,-0.2619177965902413
2012-05-01,0.888017900288105,0.7696681618690491,0.2724337577819824,0.161550834774971,5.476872444152832,0.12338121605664289,0.3374960752048981,-0.28386302508621286,-0.48353426959938783,0.01439962883664675,0.011090507845033848,-0.28323944553773117
2012-05-02,0.9607479721307755,0.8388379216194153,0.2843278646469116,0.165632963180542,5.470346450805664,0.12133222646344079,0.337345691589223,-0.11044656076886339,-0.3676955616430382,0.04334059194173562,0.19813850199223682,-0.16387762439245135
2012-05-03,0.823777586221695,0.7999444603919983,0.27539753913879395,0.16383866965770721,5.455252170562744,0.1216409359405422,0.3358464534629295,-0.1947175388792628,-0.33443732388490766,0.04021105967079697,0.028323976419168062,-0.2032006309482579
2012-05-04,0.911872424185276,0.8055194616317749,0.2913554012775421,0.16888974606990814,5.5053935050964355,0.12207442974249506,0.33605680735382204,-0.08750902063712118,-0.3513784301713887,0.072759974295038,0.054682879507747195,-0.2972322545526165
2012-05-07,0.8620198778808117,0.7097351551055908,0.2979510724544525,0.16933736205101013,5.585772514343262,0.1256672438547761,0.34864443935349665,-0.22412380325584103,-0.5056880611384713,0.08560604861688104,-0.10073480128193424,-0.47766218642008873
2012-05-08,0.7681981921195984,0.712343156337738,0.3034043312072754,0.17025810480117798,5.600052833557129,0.12540176884840767,0.34691870091923804,-0.28064284881873647,-0.4787185857433709,0.10133468980031868,-0.18382413738113534,-0.45515208767214155
2012-05-09,0.9400617927312851,0.7365318536758423,0.304286390542984,0.1678835153579712,5.505420684814453,0.12459915140296811,0.34391238166281923,-0.13229545199900272,-0.46914701421959215,0.08461038482906735,-0.02012487750712566,-0.44352330944820295
2012-05-10,0.8371650651097298,0.7290249466896057,0.3109797537326813,0.16653797030448914,5.514730453491211,0.12424572900554606,0.34702217776780153,-0.14936002183194574,-0.3809903697043051,0.10344077197526036,-0.060022200642832146,-0.36378858038198736
2012-05-11,0.7725272756069899,0.7328911423683167,0.3188762664794922,0.16707603633403778,5.523758888244629,0.12397953484195383,0.35041926094290554,-0.17459772907456284,-0.3470562178960783,0.1197031274606386,-0.09563967652568728,-0.3359197748867526
2012-05-14,0.8388978242874146,0.7353442907333374,0.34906554222106934,0.16784092783927917,5.556925296783447,0.12378343271267418,0.35465370192320367,-0.04251419864579731,-0.28303736140626334,0.16847836437898955,0.025147002129841667,-0.2814355953961716
2012-05-15,0.7476348169147968,0.7512659430503845,0.37440329790115356,0.17226864397525787,5.6536688804626465,0.12436044904966101,0.3593609566381172,-0.08960911657081105,-0.2535197534591358,0.2260660554866254,-0.045204393830086786,-0.25939468385468345
2012-05-16,0.7718643769621849,0.7682052850723267,0.3782177269458771,0.17336249351501465,5.677102565765381,0.12478715521015406,0.3567496385906066,-0.07019441792773584,-0.23715276621516423,0.23882662984932712,-0.041839374457833145,-0.24622632051034898
2012-05-17,0.9679993987083435,0.8053315877914429,0.4450802206993103,0.18067356944084167,5.789912700653076,0.12322258110485276,0.35728436369790684,0.27676041553027453,-0.1181892191212981,0.3630364205258001,0.27717585097123987,-0.11828130744969734
2012-05-18,0.7731113992631435,0.7929269075393677,0.3474580943584442,0.17425154149532318,5.691892623901367,0.12642270072678774,0.338913735955924,-0.20669472035411474,-0.32627895524967876,0.18831423373000722,-0.21886999286719444,-0.3252422954489038
2012-05-21,0.8916652016341686,0.8455092310905457,0.32074230909347534,0.17025412619113922,5.558959007263184,0.126029198939835,0.3259386104021982,-0.20356178895102062,-0.369499655724578,0.11628539123412485,-0.2061073154625923,-0.36960037831308945
2012-05-22,0.822947746142745,0.8069139122962952,0.3359747529029846,0.18019987642765045,5.726471424102783,0.12899189019981314,0.34321573757298107,-0.44134198969761407,-0.6182784665742247,0.1620620949746472,-0.41372926017481326,-0.6154844434673805
2012-05-23,1.0634425170719624,0.9898253679275513,0.4192033112049103,0.18324147164821625,5.694417953491211,0.12985349951701064,0.32775263402752186,-0.4135907441885269,-0.6532133134469174,0.21916866744254682,-0.3952852379343863,-0.650154028342488
2012-05-24,0.9377814531326294,0.9319870471954346,0.43182632327079773,0.18293271958827972,5.692115306854248,0.12965790326513446,0.3307808008271338,-0.5221882937297391,-0.6882298151575394,0.22546884904029185,-0.4950839723515159,-0.6821822581774768
2012-05-25,1.0777723975479603,0.9480467438697815,0.48287272453308105,0.18781757354736328,5.799458026885986,0.12627085892076179,0.3333712829858091,-0.06337742292226345,-0.41926193599549677,0.34124065131528547,-0.11386912090262236,-0.4330620539841199
2012-05-29,0.9861952513456345,1.006009817123413,0.5044060349464417,0.1876164823770523,5.756323337554932,0.12498569043727023,0.32748083292762775,-0.17739614207757626,-0.3610549504829912,0.3440274773944487,-0.23873876530272398,-0.3780573377468208
2012-05-30,1.026874851435423,1.060143232345581,0.5033086538314819,0.18651168048381805,5.712220668792725,0.12526113046770318,0.3259893122493204,-0.25650495633340675,-0.3980329601037429,0.304100705356527,-0.2902149386890329,-0.4071892427699595
2012-05-31,0.9053164422512054,0.8419517874717712,0.321184366941452,0.18354372680187225,5.893818378448486,0.12854882481840463,0.34627623273470287,-0.209624854143879,-0.3892280401320889,0.15512527444706703,-0.29224893934859075,-0.41240469967828197
2012-06-01,0.8801820278167725,0.8254270553588867,0.30750465393066406,0.17245541512966156,5.6945576667785645,0.12675834002148412,0.34559848620495126,-0.1355051548352577,-0.2544836621651747,0.1020140562775198,-0.1460347700461817,-0.2571639289952312
2012-06-04,1.1558133624494076,1.0434268712997437,0.31152743101119995,0.15210309624671936,5.582887649536133,0.1331013240273928,0.3711428910464982,0.09470566581300233,0.09032234213110968,0.04002762083947209,0.22502594183898061,0.12233387473617086
2012-06-05,1.3203521333634853,1.0738177299499512,0.3349516987800598,0.14902012050151825,5.525807857513428,0.1324268352670476,0.37187205157460157,0.2885012446865822,0.16247945860848034,0.051690750415735565,0.4354881639204411,0.19677373329146164
2012-06-06,1.1125694587826729,1.0235856771469116,0.3282434642314911,0.14685720205307007,5.564997673034668,0.13262196349893432,0.38114276147131665,0.20454565083703002,0.25187146742848476,0.06213357872678715,0.3374361087996931,0.2804035230101718
2012-06-07,0.8029483743011951,0.7828508615493774,0.3186338543891907,0.14888931810855865,5.826457500457764,0.1368204004229017,0.4023647191437819,0.03658185297993022,0.17067799864669553,0.11224542843898799,0.09925117958419705,0.18218358414790892
2012-06-08,0.6694552209228277,0.6367924213409424,0.2744407057762146,0.15320181846618652,5.8054351806640625,0.13473837659668,0.40340529802724423,-0.11595094297875086,-0.04295299570783584,0.06626051998709115,-0.03202055016160088,-0.030594510279527753
2012-06-11,0.6092075239866972,0.609462559223175,0.35465720295906067,0.14709877967834473,5.88840389251709,0.13370742827287443,0.38953669463614937,0.26529662496443507,0.38674667174340094,0.19495701633927776,0.17604787689157675,0.37581369749536186
2012-06-12,0.6993885897099972,0.6445659399032593,0.3703213036060333,0.15211240947246552,5.970231056213379,0.13581257390826346,0.3963398494367495,0.19244651662610224,0.23858633929499717,0.19779590777932365,0.12848147407816946,0.23114229456303903
2012-06-13,0.6558099593967199,0.6254472732543945,0.37593165040016174,0.1538659930229187,6.079718589782715,0.136488998269107,0.4073987039755296,0.24986347854963142,0.31212566261456764,0.21616384669422395,0.16890541999816655,0.30326899358088255
2012-06-14,0.8601866252720356,0.7313205003738403,0.4210687577724457,0.15293218195438385,6.03219747543335,0.13620287576397727,0.40055378578337575,0.3924307267292093,0.35538091661659443,0.22914759739181179,0.31789139752996576,0.3470870171445277
2012-06-15,0.8285169303417206,0.7218418717384338,0.4417926073074341,0.15495280921459198,6.1080522537231445,0.13724559604623057,0.40990444477849086,0.3413556800537325,0.32715983005477334,0.24306361881804017,0.2735336365736334,0.31881314230543545
2012-06-18,0.8108350187540054,0.7040550112724304,0.43433111906051636,0.15604522824287415,6.114530086517334,0.13770272763929325,0.410410890244126,0.2519491926007831,0.23632174430575326,0.2123751198711521,0.19655488361894236,0.22947156453958506
2012-06-19,0.8174522742629051,0.7286887764930725,0.4347359240055084,0.1550271064043045,6.0906758308410645,0.13760349748612885,0.40941258110541445,0.2354142661159795,0.25827881320191715,0.18895344037627282,0.18693953903816762,0.25587199079948775
2012-06-20,0.7219873145222664,0.6824470162391663,0.4265311658382416,0.15210208296775818,6.200023651123047,0.13821536895934028,0.41775757813556724,0.38835368899573375,0.4718549113605004,0.17170794194535377,0.2911121499068976,0.475693712199142
2012-06-21,0.7380617968738079,0.7164881825447083,0.4249710738658905,0.1439671367406845,6.074684143066406,0.13744026587512165,0.41433814491173615,0.4237869048973195,0.5676133198531943,0.1240232793377104,0.3565446319928416,0.5758333850633477
2012-06-22,0.7056137025356293,0.632624626159668,0.43622997403144836,0.1554877758026123,6.226381778717041,0.14134943859499535,0.4217270929944128,0.04672495748232741,0.10960198727278758,0.13351987206048865,0.001061388222261428,0.11439337436901553
2012-06-25,0.6671992018818855,0.6547727584838867,0.4751359522342682,0.15322290360927582,6.27121114730835,0.14252811846500893,0.42494661234951103,0.05433649846662725,0.19561401556802416,0.152160601293378,-0.008056114404851655,0.2023220507535246
2012-06-26,0.6790551468729973,0.5631191730499268,0.36742153763771057,0.14983589947223663,6.235270977020264,0.1434070806587695,0.4232955090850157,0.02402777202474482,0.06837364584349181,0.019303058174956478,-0.02295520302623366,0.07433711530635989
2012-06-27,0.6131097562611103,0.5790475010871887,0.3708164691925049,0.14982914924621582,6.26237678527832,0.14289882388307204,0.41918297598442833,0.04311583096896321,0.16531972763681324,0.017861056178485935,-0.04086669514531671,0.17542069929384674
2012-06-28,0.6719956062734127,0.6122131943702698,0.393177330493927,0.14916817843914032,6.255519390106201,0.14251066565787382,0.41790326736921746,0.1320920711303657,0.22073618500294856,0.03703090392922004,0.04636321950951938,0.22926511768622682
2012-06-29,0.705124830827117,0.6604149341583252,0.3421958088874817,0.14016090333461761,6.295776844024658,0.14168936775886595,0.4166381611948463,0.5191594897116616,0.6433528658384198,-0.0376827821170157,0.35764996197287147,0.6557044134041163
2012-07-02,0.5640775933861732,0.5093457102775574,0.28210094571113586,0.15097196400165558,6.230170726776123,0.15188314778666467,0.4186281486211688,-0.8005244728070657,-0.6774289256988855,-0.022896578807433676,-0.7487920337470708,-0.6755989032223546
2012-07-03,0.6514267064630985,0.5301880240440369,0.3012757897377014,0.1517341434955597,6.216103553771973,0.15198894824511858,0.4210823027302113,-0.7351106561233784,-0.6849351363388223,0.0009924425307130669,-0.6596984972084137,-0.6806807570621061
2012-07-05,0.5324607752263546,0.47898778319358826,0.32954877614974976,0.15441086888313293,6.256075859069824,0.15354125914006955,0.4184284222337108,-0.9378857007056247,-0.8249918941720704,0.03491159583087433,-0.8757070008027128,-0.819387345393281
2012-07-06,0.5423498190939426,0.47364720702171326,0.33088064193725586,0.1535898894071579,6.1867852210998535,0.1527743856941961,0.4124300818385531,-0.9488176658381651,-0.854023743909293,0.04167447312530037,-0.872646481518375,-0.8449705373265495
2012-07-09,0.5204463452100754,0.49321433901786804,0.35524991154670715,0.15371927618980408,6.198892116546631,0.15366048290218684,0.41457228710410754,-0.988860848902247,-0.8526774875459662,0.07000822244944349,-0.9022404234209613,-0.8392684040937191
2012-07-10,0.5666453763842583,0.49077364802360535,0.3414149880409241,0.14995059370994568,6.064096450805664,0.15289559190633958,0.40692094180393823,-1.0144856347490094,-0.9195032796669143,0.06851701971965207,-0.8769305823656897,-0.8908208820099475
2012-07-11,0.5677835140377283,0.495469868183136,0.33565858006477356,0.1541319191455841,6.051039695739746,0.15249368626120344,0.4025305618497561,-1.0991825392236905,-1.0225627165498654,0.0656630948197201,-0.9477331486355673,-0.9804777527452675
2012-07-12,0.5096365343779325,0.472462922334671,0.3270886242389679,0.15488097071647644,6.0647077560424805,0.15271061075690057,0.4021556537956559,-1.1484631212166274,-1.0404761777868377,0.057132174821219905,-0.9962695398353976,-0.988493984031722
2012-07-13,0.5040278118103743,0.46227338910102844,0.31935930252075195,0.15332098305225372,6.038052082061768,0.15187721279564453,0.40252564315488226,-1.0720633460917366,-0.973731653629514,0.04754095319424767,-0.9083446663597936,-0.9092398993481918
2012-07-16,0.507670434191823,0.4585901200771332,0.3230181038379669,0.15502330660820007,6.109506130218506,0.15299180405026194,0.4065957824786022,-1.0403962898359165,-0.957316271488331,0.04934634907635105,-0.8983761368727325,-0.8944017364691863
2012-07-17,0.4805334247648716,0.45258042216300964,0.31589052081108093,0.15435315668582916,6.096538066864014,0.1532436565336969,0.4031008156344865,-1.0763650381087846,-0.9738729125827579,0.04667237876722652,-0.9418407626418244,-0.9087081955922205
2012-07-18,0.5161214917898178,0.4516179859638214,0.3186047375202179,0.15439534187316895,6.102344989776611,0.1531826890971291,0.4033239421273971,-1.0051002818910533,-0.9534450300682185,0.049610513739606565,-0.8774562203851115,-0.8855991505412781
2012-07-19,0.48719040863215923,0.45308351516723633,0.3145272135734558,0.1542503535747528,6.074238300323486,0.15320471607436284,0.4010642229393864,-1.0606807394723194,-0.9919283736452815,0.051622269952529276,-0.9175443803948582,-0.9091600770089361
2012-07-20,0.5675023347139359,0.4506535828113556,0.32207709550857544,0.15328378975391388,6.047709941864014,0.15363520211971696,0.39689746190568853,-1.0020836394598067,-1.0292208480345266,0.06743171453557584,-0.8645867361133206,-0.942817847182047
2012-07-23,0.44594100397080183,0.43769732117652893,0.3154708743095398,0.1515682190656662,6.040940284729004,0.1530943619226109,0.39804281684993637,-1.0241486965457884,-0.9494296045008426,0.05793331161095905,-0.8989380542181671,-0.8649291406401147
2012-07-24,0.5177812892943621,0.44364047050476074,0.32655999064445496,0.15364250540733337,6.071383476257324,0.1542848176915936,0.3920643323102322,-1.0130262156263452,-1.03113484734045,0.07609263065922534,-0.9591491527631693,-0.9917779621355027
2012-07-25,0.48383299447596073,0.4248967170715332,0.312420517206192,0.1525385081768036,6.0651326179504395,0.15457304219571538,0.3930060879113767,-0.9977459838911802,-1.0096402021343334,0.06530218184852443,-0.9494992275695981,-0.972907945247723
2012-07-26,0.4845426678657532,0.4361773133277893,0.3069050908088684,0.15260037779808044,6.066122531890869,0.1549401689494253,0.3915574995475135,-0.9699093883130683,-0.9864639803709636,0.06416825010697846,-0.9487955356145203,-0.9693964176195227
2012-07-27,0.4988079313188791,0.3917527496814728,0.29624730348587036,0.15388813614845276,6.130680084228516,0.1562227067606761,0.391591275160893,-0.91433765574671,-1.0060221068081479,0.05522714643112514,-0.9693360802623765,-1.053598201348743
2012-07-30,0.46999036706984043,0.4093133807182312,0.3052186071872711,0.15333279967308044,6.2052154541015625,0.15827885355827404,0.39281385322629947,-0.8627942633963848,-0.9208951766389255,0.06845316464258899,-1.0034861526868273,-1.0515418079085705
2012-07-31,0.5040675196796656,0.4694191515445709,0.15915408730506897,0.15151014924049377,6.191957473754883,0.15755794247248187,0.39296406549584595,-0.711677757960171,-0.7422940956361082,-0.08163405689203995,-0.8617027146382537,-0.8874582429431381
2012-08-01,0.41780745703727007,0.48288002610206604,0.17714814841747284,0.15017445385456085,6.114944934844971,0.15580375356854434,0.3885335491743165,-0.7568519565453027,-0.6799528336722851,-0.06387067122256762,-0.8605724198043614,-0.7793324661776087
2012-08-02,0.42047327011823654,0.46236270666122437,0.1708715558052063,0.1491657793521881,6.066723346710205,0.15647768052452077,0.38669403242994593,-0.8084023209688507,-0.7629457576897778,-0.05657945696628386,-0.8638293097235081,-0.8166779150738321
2012-08-03,0.426557594910264,0.45656701922416687,0.16986022889614105,0.1497119665145874,6.072908878326416,0.15637505380342917,0.3863613216269698,-0.7658729708365897,-0.7354908468989976,-0.057539438615287875,-0.8246368032104154,-0.7926536343254913
2012-08-06,0.5085484925657511,0.5298599600791931,0.2027561217546463,0.14846213161945343,6.24462890625,0.15996092238412746,0.40027498637717007,-0.4740070710066835,-0.45786787943876917,-0.02694260078032329,-0.588358820772493,-0.5732215127884164
2012-08-07,0.42141884937882423,0.535203754901886,0.20491141080856323,0.14857244491577148,6.250375270843506,0.16010595792350116,0.39985502095957215,-0.5174534331211564,-0.4210992156444018,-0.02433037490194412,-0.6099708189342863,-0.525693908678285
2012-08-08,0.5498962998390198,0.5489788055419922,0.2210235744714737,0.1481235921382904,6.226407051086426,0.16064085717731405,0.3990567156508579,-0.4015981457589284,-0.4210627575263217,-0.00021966917925997365,-0.4627088288617607,-0.4880135935731147
2012-08-09,0.47123462706804276,0.5553779602050781,0.22432899475097656,0.14541099965572357,6.134586811065674,0.1592372396019651,0.39732437256347874,-0.44922898590760063,-0.37665756716316245,0.0045718945184356485,-0.47450649099625153,-0.40549085659348627
2012-08-10,0.6370779797434807,0.582584798336029,0.23624180257320404,0.14434492588043213,6.114820957183838,0.1587833184197259,0.39744485533866836,-0.23636380604481033,-0.29318347903803854,0.01456398429717587,-0.2535191318418537,-0.31142586032037123
2012-08-13,0.5251487046480179,0.5914961695671082,0.23953279852867126,0.14384527504444122,6.104605197906494,0.15834602513664695,0.3977996885184707,-0.3033809034784216,-0.2354847385563552,0.015400937865154951,-0.315637067900985,-0.24872204340272042
2012-08-14,0.5762555059045553,0.6461643576622009,0.2575024664402008,0.1468680202960968,6.167630672454834,0.15480038219187817,0.4147689085974482,-0.10112665076587302,-0.017684031778456344,-0.0017051022645448999,-0.10141016483559184,-0.018015425864373213
2012-08-15,0.6411311570554972,0.6561285257339478,0.26116877794265747,0.14880084991455078,6.187872409820557,0.1541403245026894,0.4223900785386062,-0.02591881423710607,0.0010411904355507318,-0.004107783619133221,-0.021277458304647112,0.006596856548682695
2012-08-16,0.7412921134382486,0.7094553112983704,0.2730424702167511,0.14323878288269043,6.0855512619018555,0.1523018700986278,0.41582217915216846,0.11671857712484623,0.11654175753799834,0.003942815329884608,0.11851000115290589,0.11928622593020144
2012-08-17,0.7283674012869596,0.7907111644744873,0.34967583417892456,0.14025965332984924,6.164956092834473,0.15151858848082525,0.4220292806921616,0.22573580324984066,0.33829267522262274,0.05685046592742937,0.2256435453686021,0.33804987963312705
2012-08-20,0.6624384820461273,0.7733849883079529,0.3465628921985626,0.1412573605775833,6.164433002471924,0.15123112426436383,0.42139731856298823,0.11461384224069082,0.2711226372254347,0.0521859069765338,0.11518219020334852,0.2715486098014792
2012-08-21,0.8076757453382015,0.771504819393158,0.3462432324886322,0.14139342308044434,6.176303863525391,0.15111629070436775,0.4218318686825253,0.2485447814130719,0.2506304244162756,0.04903356528089042,0.24987955565449504,0.25172150882515965
2012-08-22,0.7122538555413485,0.7627992630004883,0.33023601770401,0.14145374298095703,6.148869037628174,0.15141200548677386,0.4177189104479134,0.11590480951968318,0.19856313669879788,0.039302962814263154,0.11661529888808697,0.19894697946281847
2012-08-23,0.6793101392686367,0.770431399345398,0.31715622544288635,0.14559486508369446,6.147737979888916,0.1510331011554693,0.41982443793088664,0.06551282845777728,0.183632397858986,0.025757403327463457,0.06706904188221163,0.18584506944363477
2012-08-24,0.8110099602490664,0.831913948059082,0.37403908371925354,0.14508533477783203,5.991386890411377,0.14778095082634424,0.4091903271612082,0.13377407019020504,0.18972533032856143,0.08241364412942775,0.1481206540816984,0.20843399736390156
2012-08-27,0.7189112491905689,0.7270986437797546,0.3148018419742584,0.146957129240036,5.981707572937012,0.14700025172655218,0.4057095771673348,0.04048744196334075,0.0840893272838279,0.01790334813169492,0.057052872033992896,0.10454374448737713
2012-08-28,0.7289613950997591,0.7474982738494873,0.4095248579978943,0.1662486344575882,6.1936211585998535,0.13945811613382317,0.43344650876687607,0.0500357400328435,0.10323075866275833,0.04675315104873268,0.07496801224217364,0.1323463856283087
2012-08-29,0.7739227302372456,0.7157433032989502,0.21583229303359985,0.16579417884349823,6.206889629364014,0.1389501534454939,0.43534541506035596,0.09255534733359383,0.0679186309815547,-0.1536280891357915,0.11723525702463533,0.09568974313988177
2012-08-30,0.7122678980231285,0.6904141902923584,0.22333359718322754,0.1689685881137848,6.254956245422363,0.13814942918895867,0.437019434161087,0.03199218421558059,0.04335161897175266,-0.14927449158473216,0.04759796975540498,0.06110498731462832
2012-08-31,0.8009084835648537,0.7472353577613831,0.26335763931274414,0.16997385025024414,6.085113525390625,0.13496874395388184,0.42073388016107194,0.05906999590906126,0.048076013129886075,-0.10198050245540613,0.08980882931154799,0.08245313428962375
2012-09-04,0.7485850546509027,0.6700255870819092,0.2687397301197052,0.17669454216957092,6.049788475036621,0.13558502561769578,0.40932278888255436,0.0133795709181046,-0.0252387914570833,-0.08480154065041323,0.04412833395531246,0.01046930552453551
2012-09-05,0.7719028238207102,0.6987622380256653,0.2761112451553345,0.1748734563589096,6.0578765869140625,0.13524493388875525,0.4152958703997065,0.0318695603930097,0.001140835063150769,-0.07795152740398248,0.06625493891577738,0.04154018683605454
2012-09-06,0.9513250961899757,0.8259955048561096,0.29680460691452026,0.16918382048606873,5.978724002838135,0.13188395060623326,0.4143839895885745,0.15868434173092805,0.08657475128779102,-0.06932941857498065,0.19581670993942746,0.1307829692206639
2012-09-07,0.984009113162756,0.8319376707077026,0.2848035991191864,0.1639573574066162,5.868836879730225,0.13277352035103757,0.405119041552616,0.1729604284038384,0.07840309971041681,-0.06925934927214827,0.2163474751620833,0.13140884900355765
2012-09-10,1.0756192207336426,0.8433212637901306,0.2724727392196655,0.16379836201667786,5.88163423538208,0.13328787997242267,0.3998966920868232,0.2695340449541723,0.09541461075099211,-0.08021868997915294,0.29873104153690067,0.1336821042042231
2012-09-11,1.0761196613311768,0.8481683731079102,0.27852609753608704,0.16300298273563385,5.846176624298096,0.13298663486465118,0.3947324935743932,0.25657612532658436,0.09077280422051293,-0.0717137943206223,0.28162239141015055,0.12670587503322617
2012-09-12,1.0645707212388515,0.8686196208000183,0.27389419078826904,0.16214878857135773,5.871699333190918,0.1328121396182695,0.3970186244948838,0.2424263018361903,0.11140153278822496,-0.0798373006592179,0.26115599725219063,0.14088701786602686
2012-09-13,1.0573031790554523,0.8571039438247681,0.28417864441871643,0.1633397340774536,5.899810314178467,0.1326604879220453,0.40069997009278546,0.23380113783126966,0.10024559502822483,-0.07103593505084216,0.2473791183020828,0.12549216191030066
2012-09-14,0.9995294511318207,0.8057755827903748,0.30214768648147583,0.1706712245941162,5.948278903961182,0.13316160108242106,0.395485805858966,0.19686065879513315,0.06684171166895214,-0.04522693262579225,0.20148728438829977,0.07856556172284912
2012-09-17,0.9938885681331158,0.8139572143554688,0.3074645400047302,0.17283743619918823,5.978081703186035,0.13311947798627038,0.40709673457202955,0.19461644102535502,0.0805499952410198,-0.03902129558839218,0.20149857723426967,0.10166545707783503
2012-09-18,1.2816122770309448,0.9656648635864258,0.2794084846973419,0.15428723394870758,5.6489410400390625,0.12912195918499364,0.3832936152172852,0.35800305120516773,0.12721301573154342,-0.07936669084696513,0.36083290604668683,0.16171820328080266
2012-09-19,1.3095414191484451,0.9837462902069092,0.27119889855384827,0.15258494019508362,5.598928451538086,0.12889424036278618,0.3830078609391766,0.36914617422973306,0.13134090442778557,-0.08397835988269908,0.36002355980187195,0.16671445580693
2012-09-20,1.3487684726715088,0.969321072101593,0.24338454008102417,0.15638625621795654,5.6061692237854,0.12852786771659772,0.3903010644198963,0.40569925595584433,0.11714866196526774,-0.1083107344943468,0.3730210665894238,0.15001351445368627
2012-09-21,1.3479485251009464,0.972366213798523,0.2562239170074463,0.1560266762971878,5.6035475730896,0.12914331005347116,0.3888688790314748,0.4045811431441786,0.12123446101288726,-0.09110011978875188,0.34501763605697966,0.14061605187377535
2012-09-24,1.344956073909998,0.9974918961524963,0.26049667596817017,0.15385067462921143,5.614839553833008,0.12863577022039818,0.3913904436332837,0.38498255133369597,0.1348633737205105,-0.09085139089821048,0.30916397374706195,0.14468653100145068
2012-09-25,1.2818149030208588,0.9357198476791382,0.2610890865325928,0.15662389993667603,5.672726631164551,0.12805283849779878,0.3986693638885195,0.31808755046014525,0.07658150203000202,-0.09348473741659413,0.2305004860455413,0.07833119735158678
2012-09-26,1.4500211849808693,1.0786352157592773,0.4165041744709015,0.13964994251728058,5.475929260253906,0.11851770815812299,0.34004860424136596,0.2610635164382731,0.05087709217352776,0.02926102000743458,0.29158773139519223,0.05132028284118917
2012-09-27,1.2796104364097118,1.0695395469665527,0.46216532588005066,0.1409059762954712,5.607552528381348,0.11850875537326086,0.3547516280519175,0.07617112532338366,0.05058889276678724,0.06417419909418931,0.12054379107503799,0.05089305399556321
2012-09-28,1.3193517439067364,1.2203805446624756,0.2700917720794678,0.1412583589553833,5.676559925079346,0.117169194142228,0.36475956835240686,0.0903962642759728,0.19081969103173635,-0.14575292658400296,0.13767474738764274,0.19068538777598043
2012-10-01,1.3173233196139336,1.2027089595794678,0.2789319157600403,0.14284463226795197,5.706874370574951,0.11601035578804302,0.3783610685446157,0.06732496776447494,0.14646438485288993,-0.12594201057590504,0.09284130388130629,0.1458267222655123
2012-10-02,1.3964150212705135,1.277496576309204,0.3288060426712036,0.14122100174427032,5.5517473220825195,0.1132565231852644,0.3626318625173087,0.07942137978340913,0.15413753524127038,-0.05677763206591152,0.09367226529788653,0.1536991494418578
2012-10-03,1.3256175443530083,1.242415189743042,0.32412686944007874,0.14117862284183502,5.58223819732666,0.11278525228432056,0.3695590408016658,-0.01057782871298718,0.09608569944811851,-0.05981229846299896,0.000478887136784234,0.09531694026458881
2012-10-04,1.8096491172909737,1.5522384643554688,0.3914896845817566,0.12678757309913635,5.348011016845703,0.11288270115581368,0.34579164822083475,0.4065104595828206,0.33716220740155034,0.04231495162268739,0.41668867432931744,0.33806257067875345
2012-10-05,1.4803635030984879,1.4148551225662231,0.35077303647994995,0.12747515738010406,5.469631195068359,0.11436878285242065,0.36466114045297815,0.05781684619407912,0.1858357888609654,-0.009697702551194898,0.06052622010705422,0.1862194638772965
2012-10-08,1.56490608304739,1.3558801412582397,0.33618199825286865,0.13222341239452362,5.429684638977051,0.11446960002816838,0.36100563387045914,0.1713914133600345,0.13827360892202067,-0.019122301433218136,0.15992394150994427,0.13618470528604965
2012-10-09,1.5730580762028694,1.491956114768982,0.3624543249607086,0.12648776173591614,5.379556655883789,0.11352417662317192,0.35717361172698303,0.10896898128593646,0.21865363147139538,0.013807744694970203,0.11081802462635437,0.21901758620171652
2012-10-10,1.6330563016235828,1.6291102170944214,0.45506012439727783,0.12365390360355377,5.331599235534668,0.11486437373295366,0.3501660931448396,0.16096334085355268,0.33860328794238104,0.11664765830499141,0.17244172896690912,0.34078841260260306
2012-10-11,1.8023298010230064,1.680695652961731,0.45486384630203247,0.12412646412849426,5.330002307891846,0.1147579653073738,0.35061613928710944,0.31341287368383686,0.35866211725136576,0.10610970460282276,0.3232354249560805,0.36048512081737183
2012-10-12,1.881045125424862,1.7339075803756714,0.46124929189682007,0.12529093027114868,5.3434295654296875,0.11453753857528713,0.35694363185531,0.3621126807462618,0.38295796760033207,0.10088316779704926,0.3537866306859634,0.3814913589276028
2012-10-15,1.8012359216809273,1.692285418510437,0.4828186333179474,0.1280481219291687,5.38701057434082,0.11407340377907245,0.3643067162326893,0.26486488984167167,0.3219904531155784,0.10845820060715844,0.24603036067494788,0.31884526856857853
2012-10-16,1.9035143107175827,1.7498821020126343,0.4667024314403534,0.12567244470119476,5.243042945861816,0.11317776368483855,0.35018752617506743,0.3036818120997209,0.3204589655764183,0.0972525977454971,0.28264547029855214,0.3168337629383733
2012-10-17,2.2831089794635773,2.145223379135132,0.6383634209632874,0.11518175899982452,5.191845893859863,0.1114100081667421,0.3613152875497132,0.5253053398988072,0.5667553564219818,0.2549578276532707,0.4759513911213049,0.5578364225361137
2012-10-18,2.354749880731106,2.257150411605835,0.6120443940162659,0.11539217084646225,5.137111663818359,0.11064367934451452,0.35564546529275143,0.522887309439767,0.6064724851528194,0.20564383654119323,0.47491258533055714,0.59479183479705
2012-10-19,2.3867488503456116,2.2973263263702393,0.5878467559814453,0.11599816381931305,5.134623050689697,0.11084656474529879,0.355082931939968,0.5130600292050866,0.5968993013693638,0.16404515750731785,0.46693126561408604,0.5831489257614586
2012-10-22,2.056551918387413,2.0263633728027344,0.4824194312095642,0.12128841876983643,5.261492729187012,0.11268691858817802,0.3681570968018347,0.24558747654320978,0.37311309318937536,0.049632503790983384,0.19019017284876005,0.3550290409822834
2012-10-23,2.46285929530859,2.1345155239105225,0.41597995162010193,0.1213623657822609,5.142541885375977,0.11014149596671902,0.35516269536032086,0.5593208987689153,0.39192526216180656,-0.020635865776635676,0.5130249171325207,0.3765367315550985
2012-10-24,1.8640184849500656,1.885558843612671,0.3967880308628082,0.1262270212173462,5.357572078704834,0.11212737892939352,0.3831742258154992,0.0632330418522864,0.24294476828763223,-0.0414783993144352,-0.013666216181786872,0.21746171846392093
2012-10-25,2.0158851370215416,1.82427978515625,0.3561735451221466,0.12900476157665253,5.330745220184326,0.11145997949643754,0.37368277761753244,0.2196856309929407,0.18219683716442248,-0.07692687703769918,0.16855991600025222,0.16458766480588594
2012-10-26,1.8575303703546524,1.7331995964050293,0.37705767154693604,0.1319989711046219,5.420632839202881,0.11046719354564329,0.3875848098124659,0.09372946502666668,0.1218671897574195,-0.06074830069339077,0.024062712986979484,0.09861104754943462
2012-10-31,2.0811109989881516,1.675316572189331,0.1245429590344429,0.13029587268829346,5.359015464782715,0.1103542626075926,0.38766349677016887,0.2695927839434926,0.01990080286203888,-0.30778989816698343,0.18364875724389185,-0.00942893913183207
2012-11-01,2.8248328119516373,2.1082794666290283,0.17773744463920593,0.12497174739837646,4.994427680969238,0.10547546457717008,0.34421707488714415,0.7236746924321005,0.2088786773931992,-0.2396522327727577,0.6802854164573477,0.1955242769064438
2012-11-02,2.8376655653119087,2.146188974380493,0.1893274188041687,0.12143850326538086,4.959565162658691,0.10611444611052621,0.33684493561301654,0.6367545138424227,0.18617711912242285,-0.21057011720507823,0.6184338287296618,0.18074148588695982
2012-11-05,2.712279327213764,1.939333200454712,0.18204891681671143,0.12917399406433105,5.078500747680664,0.1076377797934188,0.3454900437834747,0.6241958458210872,0.10763314463714035,-0.20407224017608783,0.597307303187296,0.10001944578630306
2012-11-06,2.6906842216849327,1.9995609521865845,0.19904069602489471,0.12855155766010284,5.056091785430908,0.10792001570384332,0.34263940645779833,0.5497474337533497,0.14685688832776966,-0.17435776137877235,0.5277060142672001,0.14100749720362415
2012-11-07,2.7393201664090157,1.934895634651184,0.21320046484470367,0.1290246844291687,5.176812648773193,0.10963435945699067,0.36583796598109863,0.6750795073880687,0.1494690603923572,-0.159784138980837,0.6051829940226634,0.13130077010023333
2012-11-08,2.183824636042118,1.582797884941101,0.18619556725025177,0.13259842991828918,5.312784671783447,0.11423569983449312,0.37309022317004104,0.2909829489123359,-0.0495035161058488,-0.1773802769588616,0.2257244018663198,-0.06567732039654173
2012-11-09,1.8870321586728096,1.5096064805984497,0.20112460851669312,0.13065986335277557,5.297779083251953,0.11545225198808784,0.3594391316148403,-0.03010502074696486,-0.13403723111474397,-0.15174753421778542,-0.036763448236261986,-0.13556213446569076
2012-11-12,1.9380051642656326,1.5478578805923462,0.21986982226371765,0.12892580032348633,5.305317401885986,0.11536112840809355,0.35688127852068663,0.003841805389186881,-0.11068078862920139,-0.13126604951647303,0.018825292061689147,-0.10730620972932581
2012-11-13,1.8919922187924385,1.4668527841567993,0.21183937788009644,0.13053321838378906,5.345341682434082,0.11459086982148274,0.3616945754446973,-0.010651680258846774,-0.16749453183569507,-0.14418101630351687,-0.0023082498308513166,-0.16556244857840863
2012-11-14,1.9764763489365578,1.5060787200927734,0.210717111825943,0.1300097554922104,5.261087894439697,0.11372334327510536,0.3473976887363849,-0.015174377552533258,-0.18605140039217005,-0.13304867566664658,0.022428926650889247,-0.17702905127886037
2012-11-15,1.8683288767933846,1.5651016235351562,0.23899805545806885,0.12701773643493652,5.203063011169434,0.11511102796765506,0.3452101198381715,-0.18138820751783813,-0.1607258652441237,-0.08700941350065106,-0.1563288207980671,-0.1543676428564824
2012-11-16,2.077823705971241,1.5460535287857056,0.23622430860996246,0.12784579396247864,5.204341411590576,0.11523900843647304,0.3438125735602381,0.042146742149742344,-0.1656770947939714,-0.08574640910082676,0.070174684799575,-0.1584812930247419
2012-11-19,1.9562944173812866,1.5094672441482544,0.2425137460231781,0.12889721989631653,5.221786975860596,0.11514482217927188,0.3475466426860768,-0.05880526038895528,-0.18017787336707602,-0.07960715091256787,-0.04402779936347967,-0.1763112622239693
2012-11-20,1.3074953593313694,1.0779224634170532,0.22271673381328583,0.14457134902477264,5.517084121704102,0.11823374193729913,0.3705688890836526,-0.2949224433280948,-0.2907459069441245,-0.12498595254050526,-0.3033024874130237,-0.2929052766259268
2012-11-21,1.3745067566633224,1.1499874591827393,0.24973811209201813,0.14537426829338074,5.506738662719727,0.1184254646606393,0.37248233102550055,-0.2296430552677653,-0.21316358942394364,-0.09267255102904237,-0.25098394151296355,-0.21810517575308408
2012-11-23,1.4152651950716972,1.142228126525879,0.2471459060907364,0.14585717022418976,5.536141872406006,0.11823600640913345,0.37762071190827273,-0.161008108367366,-0.20147614334869468,-0.09907668054793894,-0.18943648689253934,-0.20792678780405938
2012-11-26,1.2761738263070583,1.1073360443115234,0.24027115106582642,0.14927168190479279,5.6380157470703125,0.11975090064964496,0.38171619679741664,-0.16208385723169227,-0.1309054951051607,-0.1115944472210898,-0.1765762801347761,-0.13480289788484656
2012-11-27,1.5398337692022324,1.1163359880447388,0.24479342997074127,0.14909085631370544,5.635658264160156,0.11966890930622345,0.3832372380924608,0.09871108185756405,-0.12132294656999454,-0.10293898342282604,0.07965709598635606,-0.12738040974010145
2012-11-28,1.392565593123436,1.1111319065093994,0.24003174901008606,0.14937642216682434,5.6625285148620605,0.11964304346811913,0.38602593749722325,-0.021132914317754548,-0.10387274724603479,-0.1065245089658391,-0.039969402670752,-0.11115145103666801
2012-11-29,1.358734529465437,1.1106798648834229,0.24081362783908844,0.14704249799251556,5.603824138641357,0.11982330648811987,0.38135822872494207,-0.12253474368239603,-0.14338069024439726,-0.08922107105475308,-0.13702890790378386,-0.15095179610804044
2012-11-30,1.2619768269360065,1.1526262760162354,0.16513417661190033,0.14037683606147766,5.6744561195373535,0.11853452908991648,0.39697422800122795,-0.21203174059996144,-0.15239860905259928,-0.20462402943745528,-0.2702590088413044,-0.194263506976458
2012-12-03,1.1230501979589462,1.122143268585205,0.17232581973075867,0.14109300076961517,5.6937127113342285,0.11839138273570998,0.39474100884895436,-0.32363410290029426,-0.16310969199883463,-0.19410011455253473,-0.36308504209228265,-0.19639986022990108
2012-12-04,0.9931138344109058,1.12081778049469,0.1660972386598587,0.14039431512355804,5.6807403564453125,0.11852757896173069,0.3929921481524279,-0.45821067629817547,-0.1716959215321463,-0.1938539598385478,-0.49310535939490197,-0.20595269753238954
2012-12-05,1.0755273066461086,0.977959156036377,0.15039031207561493,0.14507780969142914,5.646639347076416,0.1164591264936238,0.39137928686242685,-0.39394791318691214,-0.2954709919462326,-0.18562300731667358,-0.4210084363772775,-0.32275293948673234
2012-12-06,1.311173964291811,1.1156855821609497,0.2242099493741989,0.1441304087638855,5.593661308288574,0.11463637755050943,0.39737745317009865,-0.2266439069688564,-0.20677362641865216,-0.10477449595243105,-0.3131762171858856,-0.29429238744362296
2012-12-07,1.2474327646195889,1.1263493299484253,0.2306033819913864,0.1414860635995865,5.514283180236816,0.11493880387188732,0.38664608022292846,-0.38406223023033204,-0.25592958535913457,-0.08628769236505884,-0.44166661977675004,-0.3129889420039693
2012-12-10,1.266355488449335,1.1923129558563232,0.2584541141986847,0.14148497581481934,5.467530727386475,0.11458518836814646,0.38542476535848647,-0.41630116582094034,-0.21247098776205364,-0.04623686734314192,-0.4879419688246298,-0.282942611902508
2012-12-11,1.2988794296979904,1.2019975185394287,0.2572331428527832,0.1417921483516693,5.4469146728515625,0.11427926454236748,0.3817267372560762,-0.40527851312717544,-0.2112458073763248,-0.04116601672447007,-0.46218947298722246,-0.2673338944655934
2012-12-12,1.6592705771327019,1.702353596687317,0.38642117381095886,0.12734723091125488,5.311583518981934,0.11248872063339582,0.3809318803966275,-0.27593380700755765,0.03736549808726464,0.054931064504754934,-0.3923457674459865,-0.08119316752805084
2012-12-13,1.8423026949167252,1.6906383037567139,0.3720934987068176,0.12770074605941772,5.214413166046143,0.11081674753128525,0.36262619556357256,-0.2096970205177393,-0.0363608055071003,0.059467745375111125,-0.24859101099477776,-0.0798217606152738
2012-12-14,1.7213394492864609,1.5518301725387573,0.3715059757232666,0.13315266370773315,5.208529949188232,0.10947286714131686,0.3552585958855087,-0.3178446075146226,-0.12773128097652808,0.07778615224974073,-0.311447807475111,-0.12043218720944093
2012-12-17,1.4704648479819298,1.5362340211868286,0.3418714702129364,0.13408677279949188,5.186227321624756,0.10945050888963054,0.34999214667534717,-0.5813089862183225,-0.13937512889122683,0.05495438036785283,-0.5563666802428182,-0.11130331692981565
2012-12-18,1.4047897718846798,1.4447760581970215,0.34087052941322327,0.13458119332790375,5.269130706787109,0.10916194490280846,0.36205340785109574,-0.5400355854525278,-0.18685390665806834,0.03499221809266495,-0.5423104900128675,-0.18931480081215613
2012-12-19,1.3611719273030758,1.3546619415283203,0.3757190704345703,0.1323806345462799,5.2957987785339355,0.10984807319485491,0.3578256657750163,-0.5486343349957383,-0.27942357857898603,0.05642970924173607,-0.5196177121939933,-0.24815057976946697
2012-12-20,1.4655385576188564,1.4033316373825073,0.39812758564949036,0.13136261701583862,5.277544021606445,0.11011951589821159,0.35582573276106855,-0.4562023857919426,-0.24248817387170796,0.07808426574704286,-0.42523738472919526,-0.2099529269826883
2012-12-21,1.4987600818276405,1.4972339868545532,0.431180477142334,0.12868352234363556,5.192296504974365,0.11023384634310641,0.34370403940505845,-0.5201111204817774,-0.21256259889456786,0.1142879203245244,-0.46069774332501434,-0.15149769264808244
2012-12-24,1.5028935447335243,1.5172799825668335,0.42862096428871155,0.1276625096797943,5.155732154846191,0.10943111289286214,0.3361709666255229,-0.5529104388318142,-0.22345576978613613,0.10877193576013222,-0.4597365771276021,-0.1311576002584971
2012-12-26,1.4275680780410767,1.5721982717514038,0.4485997259616852,0.12753191590309143,5.079627513885498,0.1088607907103996,0.3217170495500774,-0.7012187532483107,-0.20268680665808692,0.13348494897496221,-0.5445105949849638,-0.05604260890208668
2012-12-27,2.078123018145561,1.9808632135391235,0.5228878855705261,0.11742023378610611,4.845449447631836,0.10776922374790152,0.27372789189780067,-0.32641460033487446,-0.01724362139807578,0.18470733509166704,0.060640918687951295,0.3065442552692552
2012-12-28,2.2225288823246956,1.9148094654083252,0.5181773900985718,0.11924342066049576,4.836462020874023,0.10739750746188963,0.27100625693846847,-0.1636556047448372,-0.06439195087907201,0.1693269044720913,0.20203842845680287,0.20465562302135698
2012-12-31,1.9314710274338722,1.8494423627853394,0.5117145776748657,0.12056202441453934,4.90143346786499,0.10768108013263764,0.28205194913552767,-0.37320384206021284,-0.07791611749824812,0.1487758502348055,-0.09196794656336271,0.12086017924067383
2013-01-02,2.0718430131673813,1.8247126340866089,0.2773742973804474,0.12081500887870789,5.009023666381836,0.11013385254403267,0.2896585511079378,-0.09067192793105772,-0.025113758186594115,-0.09739008573054819,0.1944310414388042,0.15895160497401717
2013-01-03,1.943049781024456,1.678486943244934,0.35676345229148865,0.1346123069524765,5.1773529052734375,0.11217605538351337,0.28569061273327134,0.020637696924763027,0.08961157120787933,0.02657872504451292,0.44415056037024603,0.3452668792020588
2013-01-04,1.834072507917881,1.851680874824524,0.47776612639427185,0.14162187278270721,5.054436683654785,0.11060204255024718,0.255094347857168,-0.19389111984863705,0.2915478494527024,0.1650727764964921,0.2600293183090854,0.5516996896984696
2013-01-07,2.2056606709957123,1.8130146265029907,0.4578263461589813,0.13869419693946838,5.067319869995117,0.11021753163619107,0.25813864921663543,0.1857298716195599,0.193126857157921,0.12458843926234636,0.5624976870358256,0.34648512401019804
2013-01-08,2.2448486611247063,1.957027554512024,0.507269561290741,0.13843801617622375,5.020199298858643,0.10994887134776868,0.24703717747313747,0.1617057481662778,0.29969484569791494,0.16120394556501366,0.46958548705178393,0.4095448717883676
2013-01-09,2.3344100415706635,1.8647899627685547,0.6688194870948792,0.14441083371639252,5.12616491317749,0.10838234483299965,0.2712366420659491,0.35791758213683567,0.2843671130444654,0.3355959984412564,0.5655012820348047,0.3357571759112523
2013-01-10,2.4561400935053825,1.8657704591751099,0.6632827520370483,0.14515374600887299,5.125068187713623,0.1081309274198408,0.27118092285435547,0.4592838453084813,0.2746090705785109,0.3122350357503053,0.6170058449213804,0.3004765209528766
2013-01-11,1.6282342672348022,1.482127070426941,0.542772114276886,0.14335259795188904,5.184564113616943,0.10874212343136896,0.2783552126522503,-0.32590563021984464,-0.10342844508094462,0.1842895619416885,-0.20117394998171267,-0.0939690271926521
2013-01-14,1.6819128915667534,1.5401309728622437,0.5674095153808594,0.14326773583889008,5.166342735290527,0.10848979994439345,0.27707286591198477,-0.2833793922609247,-0.05523244377649128,0.19954804424617528,-0.15424022754613698,-0.04019669337061327
2013-01-15,1.7866901233792305,1.5092717409133911,0.5643200278282166,0.14373019337654114,5.183457851409912,0.10821602346494864,0.28435303163538894,-0.15100381924153572,-0.07350663537702795,0.19396361109829063,-0.029305292925817072,-0.0577576434747864
2013-01-16,1.8536306209862232,1.79233980178833,0.6351157426834106,0.1419517993927002,5.0937957763671875,0.10758283359135365,0.27288445400308103,-0.18657825387174087,0.13962852349029786,0.23941252592757212,-0.07385206002590294,0.15713762852579727
2013-01-17,1.8973813317716122,1.853223204612732,0.676881730556488,0.14181409776210785,5.084056854248047,0.10730217359792323,0.27215448304451695,-0.14802154607249562,0.1851261994505844,0.2696162019210273,-0.03887428085495137,0.19771155201207957
2013-01-18,1.7914434932172298,1.714274287223816,0.6607720255851746,0.14366687834262848,5.184548854827881,0.10740016476648068,0.2865993235298405,-0.1350375316882384,0.11452423881916385,0.26916529226515507,-0.018397358642092243,0.12286689018888097
2013-01-22,2.3128196969628334,2.2175405025482178,0.6429994106292725,0.1376536339521408,4.877757549285889,0.10447765712716994,0.23453595295682894,0.02601842679177535,0.35262423142559607,0.16790365319057277,0.14982647930185022,0.35814036538845384
2013-01-23,2.330363303422928,2.1870932579040527,0.672228217124939,0.1386953741312027,4.910477638244629,0.10422452632046589,0.24367268641469197,0.07724585526216643,0.3252217522175065,0.19578010976633142,0.18027953988526635,0.3217375904644606
2013-01-24,3.644832193851471,2.860466718673706,0.7380416989326477,0.13348117470741272,4.675881862640381,0.10184262409045161,0.1928537221105766,1.100531207802888,0.7543572769215245,0.18674825046693944,1.2320025946755,0.7422329179570091
2013-01-25,3.283534362912178,2.9837124347686768,0.7134031057357788,0.12775012850761414,4.6455206871032715,0.10191670562609541,0.18971287167144557,0.579540151304232,0.7355718534756033,0.14458996382677103,0.6710635947253687,0.7006934045334345
2013-01-28,3.11695908755064,2.985506534576416,0.6952405571937561,0.12794190645217896,4.6464128494262695,0.10232491155123799,0.1868392452936356,0.3631547877214567,0.6754142406403312,0.11287988971416785,0.43033711160762955,0.621167408609888
2013-01-29,3.140900082886219,2.948878765106201,0.7030344009399414,0.12905071675777435,4.654003620147705,0.1016022873394004,0.1762128241001948,0.3664684313275184,0.5948824014521268,0.11564806216067369,0.43473765610869197,0.5082364414405305
2013-01-30,3.4971857517957687,2.8956093788146973,0.689292848110199,0.12833327054977417,4.682947635650635,0.10147560667553307,0.18174652576585693,0.7384693057312854,0.5277774862927536,0.1088658732681449,0.7894538736927377,0.42295163778672284
2013-01-31,3.516520880162716,3.0128071308135986,0.6444141268730164,0.12613451480865479,4.584227561950684,0.10192813922714826,0.17097678631180047,0.552146658635909,0.4766814615298509,0.0172289147714062,0.5661320732938817,0.3906775746599047
2013-02-01,4.963813677430153,5.318676471710205,0.2524447739124298,0.11871334910392761,4.490623950958252,0.09930410312460965,0.12185461753535265,1.8186754139249368,2.6042636249936795,-0.38553985917080613,1.8250734479056203,2.3978969735222018
2013-02-04,4.701779641211033,4.91805362701416,0.2386358082294464,0.11998683214187622,4.584671497344971,0.09953373456034559,0.1360449575769741,1.600033197554965,2.1685597283904823,-0.3371282198147356,1.450819779184933,1.7499904526713106
2013-02-05,3.6519609726965427,4.322633266448975,0.31198835372924805,0.12052131444215775,4.700534820556641,0.09928831156051128,0.14780838675023522,0.7125479028224078,1.6833046178776345,-0.20345043764188842,0.38800816068934196,1.0082406401736597
2013-02-06,4.771170288324356,4.642879009246826,0.5802012085914612,0.11851980537176132,4.5485029220581055,0.09379561091451992,0.0989632714598937,1.5556077140731608,1.7252200536424014,0.04116758794657094,1.0959305689626646,0.7410325955287291
2013-02-07,4.285398453474045,4.680690765380859,0.5417711138725281,0.12143239378929138,4.504157543182373,0.09219462346763024,0.128574212928788,0.9220135865398325,1.6316792569987224,-0.015567474555646887,0.544344650437016,0.9643698443480702
2013-02-08,3.777929551899433,4.292313098907471,0.5894163250923157,0.12475170940160751,4.562178611755371,0.09249423981162783,0.14742721362629807,0.4946449128301458,1.2972983702942678,0.04652589922513384,0.1559867181537582,0.6988176657775376
2013-02-11,4.6785639971494675,4.414973258972168,0.6087502241134644,0.1255740374326706,4.532753944396973,0.09269499359432719,0.14060411005214646,1.3000981297842982,1.2955982377118724,0.05055923287261321,0.9908006110489564,0.7388175308129719
2013-02-12,5.323641628026962,4.673407077789307,0.6411324739456177,0.12298527359962463,4.473517894744873,0.09273677860067463,0.12995751178004022,1.7532486948865755,1.3575460908282402,0.06414798386322462,1.4462433030095783,0.830115866034816
2013-02-13,4.721200719475746,4.199265956878662,0.543242335319519,0.1273203045129776,4.525629043579102,0.09050257409295108,0.14381284199375965,1.2295654090915589,0.9928670801644692,-0.014290284130184183,0.9017156767536258,0.4659409664898808
2013-02-14,4.733273684978485,4.195106506347656,0.5549441576004028,0.12485108524560928,4.494682788848877,0.09017395723360998,0.1400435142751888,1.1308751261665897,0.8834390046519602,-0.005448085630285648,0.7991379400740177,0.3689784458103391
2013-02-15,4.714251130819321,4.029654502868652,0.6025850772857666,0.12252781540155411,4.503427505493164,0.09029856914124057,0.15672278757384084,1.1084627903880269,0.7113263101941878,0.05251054288956425,0.8542769046716812,0.32956496238187194
2013-02-19,5.744001388549805,5.7616400718688965,0.8774347305297852,0.0931670069694519,4.147775650024414,0.08684825762301815,0.06876520225969562,1.3831957595471724,1.6452851013446157,0.2643656598173454,0.732150849422208,0.6910620093977045
2013-02-20,5.776069134473801,5.636359691619873,1.0286951065063477,0.09243721514940262,4.235330581665039,0.08612580057910521,0.09160582648426496,1.5666492042209565,1.6321283938514597,0.43713555045617347,0.8806939579785729,0.64589284102912
2013-02-21,4.359281584620476,3.924344062805176,0.8679348230361938,0.10678772628307343,4.516493797302246,0.08999146747282465,0.1975178260978362,0.7037569920222841,0.4821820887818884,0.32390364612434785,0.5577096486664566,0.2783112435923165
2013-02-22,5.061213985085487,4.8836140632629395,0.9170476794242859,0.1000901311635971,4.487306594848633,0.09022740100958068,0.17721917829324807,1.3090497522322888,1.3294656124844297,0.35301163385083667,0.9607827672201443,0.8446161671176444
2013-02-25,4.258644118905067,4.815281391143799,0.9510514140129089,0.10401389747858047,4.517572402954102,0.09068988427922495,0.17599445741268915,0.5057389484887742,1.2690066486082685,0.375265591835364,0.1490801467479752,0.7782755151954746
2013-02-26,4.576939910650253,4.876193046569824,1.1528418064117432,0.0979897528886795,4.728363513946533,0.09442107775056637,0.22579813554998363,1.3467530110833121,1.7553022689755218,0.6365751202752477,0.8664261884521891,1.078536726700766
2013-02-27,4.592206664383411,4.828984260559082,1.1864476203918457,0.10038429498672485,4.77459716796875,0.09444236520513814,0.23401547017192137,1.3924905630205853,1.7142839901376123,0.6452671229112933,0.919717874569729,1.0477419532934151
2013-02-28,5.141870900988579,5.284010410308838,1.3492710590362549,0.09325427561998367,4.737367153167725,0.09469266700483461,0.2219578421624916,1.7750662265930597,1.9569578446726155,0.7539031666170732,1.1291300137354225,1.0509514796020465
2013-03-01,4.246005341410637,4.902456760406494,1.322672724723816,0.09478006511926651,4.780810356140137,0.09496560697963248,0.2326300959947143,0.8498785394034272,1.5295791330456585,0.6843441337229539,0.23942696870736135,0.6899715299843514
2013-03-04,6.0683102905750275,4.951972961425781,1.380739688873291,0.09478899836540222,4.788607597351074,0.09505678353554087,0.23947654062983803,2.6297443254552313,1.4867117562883716,0.6960377513425486,2.09803394139065,0.7506753914123339
2013-03-05,4.561118379235268,4.587085723876953,0.19775986671447754,0.09364712238311768,4.7806172370910645,0.09487633326425501,0.23690450477138847,0.9115328567555396,0.9798085237275633,-0.5433132163091521,0.3553074718417495,0.24752100275591982
2013-03-06,4.178914479911327,4.365604400634766,0.20325736701488495,0.09721516817808151,4.853879928588867,0.09543572967787914,0.24636848301459813,0.6282750564152493,0.8428204132172779,-0.4836467087213522,0.12148173510098381,0.17466311308104832
2013-03-07,4.160941690206528,4.112951278686523,0.19879364967346191,0.1015932708978653,4.896851062774658,0.09488698260192212,0.26037306911015,0.6612872026200138,0.6210714988139188,-0.4496272673889775,0.3793154954912623,0.24617004223906847
2013-03-08,4.276745684444904,4.190891265869141,0.19154620170593262,0.09929480403661728,4.91602897644043,0.0952962189467818,0.2615427950490935,0.7478183195522035,0.6574827823665963,-0.43220912438551795,0.39033391114466154,0.18246007617972815
2013-03-11,4.438028506934643,4.3901448249816895,0.13377413153648376,0.09912224858999252,4.877148151397705,0.0957466701511809,0.2438142348377037,0.7817446465048921,0.7455213859181864,-0.4771681622910444,0.3365204277973435,0.15634249279972057
2013-03-12,4.991829738020897,4.437746047973633,0.12397830933332443,0.10005437582731247,4.838097095489502,0.09529947829587446,0.23908638568176677,1.204266060020366,0.6699865660047415,-0.4788792313793149,0.8718970994305382,0.2319843295980295
2013-03-13,3.907635360956192,4.469731330871582,0.13718819618225098,0.100531667470932,4.867695331573486,0.09514099490296415,0.23211232259396375,0.09861772035028693,0.6911376749462788,-0.4395658327617944,-0.35561542811967417,0.10067121330998141
2013-03-14,4.499542221426964,4.662868976593018,0.15741728246212006,0.09451828896999359,4.816723823547363,0.09448590046705876,0.2281325481644899,0.4733223267846389,0.6213418635258225,-0.42262613483600386,0.024825216595544042,0.02834974834454318
2013-03-15,4.098768047988415,4.055537223815918,0.16829758882522583,0.0975118950009346,4.913731098175049,0.0943150237774801,0.2605713451152091,0.20832717151440683,0.11525918689245529,-0.3595090378319574,0.009178160895036314,-0.1500481747905198
2013-03-18,4.040681943297386,4.112476825714111,0.15629132091999054,0.09780199080705643,4.820489406585693,0.09358695326528838,0.24841351704696502,-0.04913990320347672,0.001430898718512097,-0.3889760358393535,-0.12090766027571132,-0.094742235979977
2013-03-19,4.56029449403286,4.130908966064453,0.1696862280368805,0.09889157116413116,4.7899556159973145,0.09316351357578627,0.24877458091707227,0.40261455600663076,-0.04271384729616301,-0.3734413188471064,0.4493060747899351,0.020491438701209397
2013-03-20,3.7180303931236267,3.9402992725372314,0.1928325593471527,0.10048047453165054,4.902766227722168,0.09341995459184661,0.273499397285739,-0.29491275993046884,-0.10421808725801185,-0.29296173979300044,-0.19451442380648754,0.0339167851780644
2013-03-21,3.4593518376350403,3.8076870441436768,0.21752576529979706,0.10273698717355728,5.024230480194092,0.0935778694752196,0.29070319621147733,-0.36202229667980834,-0.09253344673156416,-0.20538730201875965,-0.29238935921249,0.005076664580877299
2013-03-22,3.483368143439293,3.9358575344085693,0.23126108944416046,0.10428749024868011,5.015628814697266,0.09363767841261926,0.28391541973539003,-0.32284595050358167,0.0390941752046885,-0.18559665501507017,-0.27751170251216273,0.10410118822919223
2013-03-25,4.150978095829487,4.054426670074463,0.2551962733268738,0.10305116325616837,5.028789520263672,0.09422973456055622,0.28621520269140455,0.35346610745550855,0.13756654975123794,-0.1448899316785669,0.3713002095356073,0.16340632722955561
2013-03-26,3.6805766969919205,3.8335888385772705,0.31578007340431213,0.10878217220306396,5.19372034072876,0.09315580933240677,0.32465222498952595,0.08852895446559028,0.07085011878171166,0.00947564666535361,0.26495403799966066,0.32967993390041617
2013-03-27,4.161475442349911,3.747224807739258,0.30995073914527893,0.11042599380016327,5.202753067016602,0.09377891215720636,0.3275967449321957,0.5820353011000581,0.010472010949861499,0.005496211945507201,0.7562679317753762,0.2688259062861764
2013-03-28,4.28489176928997,3.827086925506592,0.2962746024131775,0.10940023511648178,5.107899188995361,0.09335108108527956,0.31608207127948285,0.43703913691012275,-0.10003565045305862,-0.05231844005204833,0.6440618895534227,0.21763083231626368
2013-04-01,4.535404682159424,3.9825479984283447,0.3999592363834381,0.10732997208833694,4.93781042098999,0.0911391838144483,0.30679848446961566,0.23965143419499313,-0.33546696135486265,-0.018959723088417646,0.6136492547411745,0.26391298912633765
2013-04-02,4.597302749752998,4.866639137268066,0.6274958848953247,0.09176738560199738,4.877602577209473,0.08693756824971871,0.3359803068470013,-0.4243939379549708,-0.24128146754821955,0.21269327336708654,0.058432946770999195,0.5876146081118048
2013-04-03,5.987147480249405,5.692755222320557,0.5999104380607605,0.07968498021364212,4.915668964385986,0.08622325949385234,0.3528009135230733,0.7584494607620726,0.28386596655908747,0.19759115413265105,1.1407919779070985,0.9249797952560019
2013-04-04,4.551781088113785,4.320501804351807,0.3879971206188202,0.08473687618970871,5.013068199157715,0.088673394883364,0.34786457336359977,-0.37854397577111953,-0.7239408223361927,0.002020835308941815,-0.19883531495954365,-0.39383717635697835
2013-04-05,4.145092934370041,4.128398418426514,0.4772922098636627,0.08654762804508209,4.885894298553467,0.08966861540654911,0.3330720386815422,-0.7483932149135413,-0.8137986934730765,0.02456354859451687,-0.5034553914204629,-0.35707154944607744
2013-04-08,3.4774181619286537,4.134574890136719,0.5259276032447815,0.08789202570915222,4.8066253662109375,0.09084065035964914,0.31439518670835287,-1.3316550207372408,-0.6951496498613761,0.027445221308277867,-1.088815235588621,-0.25128813892899693
2013-04-09,4.1449615359306335,4.0653510093688965,0.5413391590118408,0.08867200464010239,4.8298163414001465,0.09121328367628961,0.3141146362804471,-0.5418700855209124,-0.6682101604713289,0.0513879292682945,-0.31348813696495625,-0.2856508668326896
2013-04-10,4.237086772918701,4.228569030761719,0.5651627779006958,0.0883256271481514,4.8064117431640625,0.09053344373181482,0.32082434918895486,-0.5092049298940236,-0.5600989796223175,0.06393425414537746,-0.20073914246435187,-0.051443913345112335
2013-04-11,4.576145216822624,4.312444686889648,0.4789925217628479,0.08346560597419739,4.855632305145264,0.09219245213673748,0.3271709110843869,-0.046573803394604596,-0.3795547848783709,-0.005868869287138201,0.14562760370219863,-0.06670887912504853
2013-04-12,3.9773339331150055,4.285773277282715,0.5363074541091919,0.08385127037763596,4.858780384063721,0.09214054903317553,0.32367620105774364,-0.6396600682665117,-0.3813314696775105,0.05460539909122758,-0.4799629573268209,-0.120690035374734
2013-04-15,4.720839306712151,4.5967183113098145,0.857146680355072,0.08208017796278,4.634990215301514,0.09621860658268497,0.30179273708964394,0.20278714450349788,0.05658802872560287,0.23938958052034975,0.5154821054294771,0.5587504813219919
2013-04-16,8.877356246113777,8.64306926727295,3.2389285564422607,0.10572291910648346,3.9447054862976074,0.11069567267855841,0.29834379162659896,5.106683570625393,5.1582543978621835,2.162997128916939,6.61497399324964,7.597924114219726
2013-04-17,8.415088653564453,7.362089157104492,2.776718854904175,0.11160587519407272,4.123404502868652,0.11249264245040871,0.3322961600980452,3.434051843512526,2.664078999013345,1.110867100278484,3.1935360862633804,2.86186788298215
2013-04-18,6.554277837276459,5.7542948722839355,2.105087995529175,0.11695639789104462,4.406411170959473,0.11516349903426842,0.3616844011659345,1.739274306042331,1.3633562897278093,0.4752985615277412,1.296121332587397,1.2412506409116117
2013-04-19,6.846287697553635,5.866508960723877,2.0696747303009033,0.11198148876428604,4.299272537231445,0.11614595566003653,0.34171279175261127,1.2963464290311597,0.8244961605957375,0.16729463895545216,0.9731482846723987,0.7023294231218209
2013-04-22,5.620364040136337,5.815075397491455,2.0167596340179443,0.11269262433052063,4.297246932983398,0.11691712927243467,0.33074863087399275,-0.1329395324256657,0.6608095597415629,0.06250963231706397,-0.3478579914251023,0.5744455623205988
2013-04-23,5.988920107483864,5.505708694458008,1.8827567100524902,0.11511538177728653,4.347723960876465,0.11721201279431724,0.3317285491873644,0.4773553399607824,0.4769502142232067,-0.010425018193674696,0.30452120822993045,0.4032211275112383
2013-04-24,6.5827683210372925,5.518073081970215,1.8616554737091064,0.11476145684719086,4.311554431915283,0.11725321018580791,0.313790552550821,0.8744575474017502,0.30339342237528566,-0.07937186272538055,0.8020186737518769,0.27248241609536983
2013-04-25,5.492811515927315,5.361599445343018,1.7918541431427002,0.11571483314037323,4.31466817855835,0.11819994075074294,0.3105827502364634,-0.3083187850301403,0.1344730429766008,-0.1657736946606243,-0.3323380614197191,0.12441622579949829
2013-04-26,5.658657357096672,5.061366558074951,1.7083911895751953,0.11657307296991348,4.353632926940918,0.11909044904057091,0.31005469222065885,0.004107028133545576,-0.06134176037461536,-0.21094912942827682,0.03514583871890231,-0.04851104459683864
2013-04-29,5.085127890110016,4.822535514831543,1.7401325702667236,0.11952661722898483,4.440623760223389,0.11822786315386728,0.32595629625282885,-0.1765997352226556,0.073659816787778,0.0018594911552560767,-0.24558529430446718,0.04529933166987288
2013-04-30,4.898257911205292,4.452881813049316,1.6137460470199585,0.12215685099363327,4.533747673034668,0.11900879407602205,0.3371356426836135,0.010565816386936433,0.04850567005063944,-0.0205996408371365,-0.05864592769324162,0.019800183964068907
2013-05-01,5.274884149432182,4.685420989990234,1.7287706136703491,0.12009970843791962,4.450475215911865,0.1187865745288018,0.3265492871652097,0.05676078474589552,-0.035125597060832625,-0.014040858871425588,0.011723557909696147,-0.05382665669145581
2013-05-02,5.52666437625885,4.7833685874938965,1.8767300844192505,0.12315857410430908,4.5089497566223145,0.11919667256067372,0.32992910798300856,0.5918968350252829,0.3491638913696029,0.2145805489537418,0.5382188189196961,0.32691055736049535
2013-05-03,4.512450680136681,4.247822284698486,0.14087916910648346,0.12818282842636108,4.524253845214844,0.12069445220632329,0.31624305819679965,-0.25146894919155915,0.026303002880656123,-1.534036553882856,-0.25000332655112967,0.02690196497854469
2013-05-06,4.169040828943253,3.971140146255493,0.19026808440685272,0.12712039053440094,4.62938928604126,0.1228420713043813,0.3277459256601152,-0.35352739171313985,-0.03267084992826774,-1.3557210770916344,-0.23961958441152476,0.014328354134906185
2013-05-07,4.369427338242531,4.1124725341796875,0.19525280594825745,0.12608850002288818,4.613867282867432,0.12251380829786886,0.3223911631291526,-0.21459835630167134,0.024475883809953913,-1.2932929880366535,-0.0803604721542941,0.08598097562436724
2013-05-08,5.125283241271973,4.108429908752441,0.19845707714557648,0.12509888410568237,4.615998268127441,0.12241599051750279,0.31990725320298463,0.5188219211964622,-0.023702642560891718,-1.2270870374903051,0.678970369583018,0.055139814932767095
2013-05-09,4.184453397989273,3.9437782764434814,0.19619011878967285,0.12664055824279785,4.642670154571533,0.12276882401074582,0.3234103625066649,-0.3146389723252243,-0.056429203267398975,-1.1420134049515616,-0.17820147883151627,0.016641141837118845
2013-05-10,3.7106264382600784,3.710707664489746,0.20910680294036865,0.1286674290895462,4.670049667358398,0.12328416549877608,0.3257817548098091,-0.6247474166117,-0.13754347935838362,-1.0521920442696087,-0.5019985591967329,-0.06858258622341307
2013-05-13,3.923068292438984,3.7791223526000977,0.23383192718029022,0.1284433752298355,4.651203632354736,0.12380495660804848,0.3167644055436303,-0.46128136671371056,-0.1338544777059445,-1.0147581103662562,-0.28334397475260076,-0.03040102376888676
2013-05-14,3.382891558110714,3.77595591545105,0.24515463411808014,0.1298355609178543,4.64801025390625,0.12385217101857085,0.3130890480599873,-0.935950172964561,-0.085138831804346,-0.9591460048850977,-0.7705703619103526,0.010852982805028333
2013-05-15,4.0324584767222404,3.948967218399048,0.24712291359901428,0.1272525042295456,4.595699310302734,0.1240572854519216,0.29977541240149164,-0.5112009299773828,-0.16835761603742405,-0.9836087368996103,-0.2552378284033958,-0.02509099777710322
2013-05-16,4.069972723722458,3.96978759765625,0.22859443724155426,0.12655435502529144,4.575874328613281,0.12431593634305811,0.29936386437192264,-0.5450747951741368,-0.23276886874095215,-0.9853702455957811,-0.2870443738013053,-0.09221926645161282
2013-05-17,5.495388850569725,5.2192301750183105,0.1923208087682724,0.11716195940971375,4.321717739105225,0.12235075165082568,0.25688482435449367,-0.174697192560755,-0.03471117850855787,-1.2158825149233294,0.21405525937045677,0.1737682402028886
2013-05-20,5.571416884660721,5.693930625915527,0.2419629544019699,0.1143546774983406,4.238213539123535,0.12211729581321697,0.23330583476904354,-0.4413205132048219,0.09773727139022803,-1.176767097375344,0.031661724828307314,0.346465885191507
2013-05-21,6.372210919857025,5.688837051391602,0.24971233308315277,0.11184315383434296,4.230132102966309,0.12269432838455994,0.23137161795124828,0.24916226568690192,-0.05821741826347093,-1.1161378120497936,0.7601029226363192,0.1899125409035971
2013-05-22,6.347640976309776,6.697636604309082,0.2539997696876526,0.11276885867118835,4.101589679718018,0.11957963099158574,0.23081391349374236,-0.0786699721937616,0.6863589136311994,-1.1242848465291797,0.13952905567732987,0.7924328542869548
2013-05-23,6.4563938826322556,6.440515518188477,0.2359056919813156,0.12684474885463715,4.103538513183594,0.12215861061314455,0.24835564545284106,0.5252614546611181,0.955178804794425,-1.091478100326905,0.4865662065881313,0.9380803363380901
2013-05-24,6.40118944644928,6.721778869628906,0.253427118062973,0.12411987781524658,4.052124500274658,0.12286625475531605,0.23427913230175423,0.16627659400638883,0.9104782162614473,-1.0554553856577398,0.23160212927206825,0.93980832172765
2013-05-28,7.1514197289943695,6.884077072143555,0.2539767324924469,0.12424947321414948,4.037637233734131,0.1226283111808957,0.23034392796488157,0.8709268978493467,0.9864460434842215,-1.0015221905371123,0.9311733145330647,1.0129245897887342
2013-05-29,8.325019478797913,7.345491409301758,0.39750540256500244,0.1226094588637352,4.012869834899902,0.12437959668253115,0.21896346509475473,1.8163717377605515,1.2164224360294842,-0.8274934698564129,1.998833793612751,1.2955224396793694
2013-05-30,8.800511330366135,7.320899963378906,0.4606983959674835,0.12380591034889221,4.05367374420166,0.12611399529569645,0.20922998076295407,2.3133966434085247,1.249770899406414,-0.6959919224368147,2.5943784197808633,1.3697762418758614
2013-05-31,7.934765696525574,7.5270819664001465,0.4530903398990631,0.12111974507570267,4.001330852508545,0.1259908936496658,0.1950465808565457,1.037962580619924,1.1105032939994306,-0.7005323947850843,1.3254225205025927,1.2305308936905117
2013-06-03,6.950748115777969,6.359798908233643,0.5005133748054504,0.13665172457695007,4.180508613586426,0.12816376715613476,0.2225295646483132,1.1367907734416303,1.0471231139065882,-0.4956579623510966,1.2540385616023855,1.0907158704388262
2013-06-04,6.361504390835762,5.791083335876465,0.15129460394382477,0.13945665955543518,4.218725204467773,0.12873472803638183,0.2373945523890395,0.7184487050587194,0.6563547290631453,-0.7943154494970861,0.7731585122577833,0.6762195903591373
2013-06-05,6.356132343411446,5.702297687530518,0.14614859223365784,0.14165495336055756,4.208477973937988,0.12888030509326986,0.2423873395152789,0.7197194876787973,0.590620844068205,-0.7633740237045072,0.7202116460850405,0.5908093816691151
2013-06-06,5.8314278572797775,5.248198509216309,0.14355690777301788,0.14201855659484863,4.238560676574707,0.13024430029462522,0.22974842394356643,0.24841704511832674,0.19384224622031265,-0.7112114379363118,0.3616282994175197,0.24122113797423061
2013-06-07,5.243396699428558,4.914597034454346,0.1552397608757019,0.14578957855701447,4.310360431671143,0.13167838112396232,0.246622448783695,0.02105116954323627,0.22483447566150616,-0.6174971020639731,0.10052361551703548,0.2610843716545501
2013-06-10,4.9149021208286285,4.838720321655273,0.17686764895915985,0.1430346518754959,4.295288562774658,0.132948545502039,0.23180281987558193,-0.48123995101326145,-0.037021030697661494,-0.5798604255025364,-0.263031024383241,0.06422775528854885
2013-06-11,5.435284569859505,5.005282402038574,0.18184716999530792,0.14164863526821136,4.258409023284912,0.1328181375744218,0.22630821746441254,-0.11859503595823107,-0.044702471536621324,-0.5712416996973174,0.10250965367369602,0.05463447278246658
2013-06-12,5.230277750641108,4.871986389160156,0.21353693306446075,0.14562271535396576,4.3240647315979,0.13400201181567134,0.21537741265521138,0.06688939426060259,0.2098850547233111,-0.46440055451114304,0.36155020954812933,0.3420135232752157
2013-06-13,5.346233174204826,5.282351016998291,0.21563924849033356,0.14686906337738037,4.266834735870361,0.1343384464731915,0.22333725097099177,0.005212890837446693,0.4593871304752968,-0.4660833915265983,0.18142805250544125,0.535032644916285
2013-06-14,6.545091763138771,5.934524059295654,0.3309333324432373,0.15974032878875732,4.253214359283447,0.13652246350655303,0.23853113901324996,1.5973688915201496,1.544673049589118,-0.28638093947527277,1.5504328709139603,1.5259001857368828
2013-06-17,6.25969797372818,6.221771240234375,0.334014356136322,0.1582222580909729,4.19165563583374,0.1363580311476493,0.2266965400241433,0.9155678054698573,1.449871308268083,-0.30456738957121043,0.8929859979263801,1.440607828535848
2013-06-18,7.325704097747803,6.447122097015381,0.32937029004096985,0.1576462984085083,4.164673328399658,0.1358264051556553,0.22845790241452968,1.807866307331503,1.4738947520630958,-0.30990232735196965,1.7490999547246853,1.4493143127245407
2013-06-19,7.596599578857422,6.52897310256958,0.3311628997325897,0.15773512423038483,4.160424709320068,0.13562934609266322,0.22631689734289495,1.9667249360913264,1.4629877035546999,-0.2930025409410608,1.9084259457238968,1.4378129313087085
2013-06-20,7.994233846664429,6.973893165588379,0.5984381437301636,0.16969513893127441,4.23030948638916,0.13863087981576963,0.2464543809309011,2.871172489732005,2.4812180967074697,0.08958021825926243,2.6671944148066755,2.391353069850905
2013-06-21,8.3232601583004,8.012116432189941,1.1512627601623535,0.21216213703155518,4.641870498657227,0.14709992664838342,0.2766371551037078,5.780688910073456,6.231307985351286,1.0698650113635506,5.312542243708351,6.0048833177388365
2013-06-24,7.747964978218079,8.192083358764648,1.0898196697235107,0.20945847034454346,4.599778652191162,0.14796033119510268,0.26907518175725675,3.9786577378621315,5.114869083010445,0.8061448196433489,3.549726364703236,4.833881883633295
2013-06-25,8.440595000982285,8.159918785095215,1.095442771911621,0.2093828320503235,4.601985931396484,0.1488695069223988,0.26446677626144055,4.109737254851248,4.3668096696690055,0.7102722414474296,3.7832591963203495,4.127706628379479
2013-06-26,7.519461020827293,8.154814720153809,1.1106747388839722,0.21061640977859497,4.629777908325195,0.1496013426806915,0.2743660465202503,2.780330457161436,3.920311082857543,0.6607657007714646,2.4245559444175067,3.650256319793888
2013-06-27,9.08624118566513,8.381243705749512,1.2126617431640625,0.20819972455501556,4.583146095275879,0.15123799347579314,0.2683424685588486,3.8101564663927947,3.5047992761207283,0.6772685533826202,3.6212109692965146,3.3549371484564015
2013-06-28,8.900461867451668,9.051843643188477,1.4137142896652222,0.20987538993358612,4.533341407775879,0.15102683547632528,0.2621769500643476,3.0426725487823294,3.6405556626660616,0.7830575219850062,2.7780737468218994,3.4294110643976605
2013-07-01,8.841233372688293,8.713741302490234,1.3384928703308105,0.20778986811637878,4.534097194671631,0.15107883603000388,0.2650169414958746,2.718222490765595,2.984638604808434,0.6442278257558296,2.5095837940364243,2.8158954581267652
2013-07-02,9.797012388706207,8.833888053894043,1.4665857553482056,0.21247577667236328,4.600448131561279,0.15090398075946973,0.27042097607823967,3.666304287431519,3.052818215803944,0.7409789270092622,3.387207047264141,2.8262628610123848
2013-07-03,7.289476305246353,7.688150405883789,0.133640855550766,0.2105330526828766,4.5623650550842285,0.15131516907970485,0.2607522893510058,0.7245272784317862,1.535388762310956,-0.6622775635072057,0.5827565952837022,1.420515740178132
2013-07-05,6.475971549749374,7.642115592956543,0.13506722450256348,0.20955438911914825,4.552097320556641,0.15145154691020593,0.2597798093786936,-0.17996254849049276,1.3434443424495583,-0.6160062658099592,-0.27726568491901205,1.2648953202319548
2013-07-08,8.842837303876877,8.216032981872559,0.07839484512805939,0.20606927573680878,4.467447280883789,0.15367022040402167,0.22576175683554822,1.8780187546239073,1.545546796215648,-0.6552838838985068,2.2475649646803815,1.8416068490591373
2013-07-09,8.647139847278595,8.442227363586426,0.09216232597827911,0.20805998146533966,4.473615646362305,0.15442290073778203,0.22288910696988695,1.5287229331520553,1.6367429484442333,-0.6009398855863598,1.8895414471724816,1.9235396414369585
2013-07-10,8.25905641913414,8.666458129882812,0.0976778194308281,0.2101474106311798,4.457643985748291,0.15266513087471742,0.20742949320983783,0.9916957642341986,1.695991487586312,-0.5844593756473059,1.2848859602179807,1.9221341602848323
2013-07-11,10.38285180926323,9.90807819366455,0.14317135512828827,0.20738628506660461,4.405355930328369,0.14241093393409365,0.08914677558375173,3.1101603415257317,2.8731352917757143,-0.5879375466518166,3.8856315472359313,3.4451683594319897
2013-07-12,11.530728727579117,11.54310417175293,0.2516784965991974,0.2096145749092102,4.401540279388428,0.14465784617646701,0.03676672330057429,3.9584948897947587,4.221953475959084,-0.4315154073480332,4.960280756244643,4.919191626302943
2013-07-15,12.934732437133789,12.744349479675293,0.2567359507083893,0.20639750361442566,4.266615867614746,0.14190091154497114,0.005615445364303917,4.761765260360228,4.847232710669975,-0.4789550574233328,5.261155799113503,5.065723500948213
2013-07-16,12.866142600774765,12.972042083740234,0.2718646824359894,0.21138669550418854,4.334840297698975,0.1411543452470386,0.021085096151434723,4.485057216912626,4.818154734550596,-0.39975935044924815,4.552075899922441,4.680715626324883
2013-07-17,12.518491804599762,13.01816463470459,0.2665497064590454,0.21182695031166077,4.344793319702148,0.14084571861522413,0.027218945268459915,3.8324244883775833,4.527717791891959,-0.371510961591203,3.7196114505428675,4.234270262339415
2013-07-18,14.935595095157623,12.998970985412598,0.26153823733329773,0.21029794216156006,4.327483177185059,0.14065968468385343,0.02950890441945242,5.974026670139059,4.195521898219594,-0.36099040582355724,5.768375608007311,3.8106163862714855
2013-07-19,12.861311882734299,12.865058898925781,0.2781755328178406,0.2111416757106781,4.346829414367676,0.1405264266258183,0.04052376980181838,3.547213103331744,3.802859851903632,-0.309040750679872,3.272997587189174,3.4232010484822233
2013-07-22,13.417763739824295,12.626299858093262,0.27481693029403687,0.20854069292545319,4.319072723388672,0.14049768500513113,0.05113213430488106,3.894737778533969,3.3575931815284665,-0.3102267231777678,3.6316717525439888,3.0062180174142394
2013-07-23,13.855784237384796,12.726288795471191,0.33564311265945435,0.2060960829257965,4.283657073974609,0.1405161431578078,0.04118144199735141,4.11728426382189,3.2905635694693807,-0.2551790923393853,3.768862998560076,2.84637572185688
2013-07-24,14.165539622306824,12.874135971069336,0.3446982204914093,0.2057214379310608,4.271954536437988,0.1403337202485121,0.033496529504409844,4.17100403730884,3.226837155529463,-0.23921218648096132,3.7668741202239584,2.736817195994071
2013-07-25,13.980421364307404,13.375555992126465,0.3378026485443115,0.21054403483867645,4.323389053344727,0.1409317701242942,0.014225001387024983,3.6720152003097386,3.42468836807695,-0.1905808603733241,3.134708125253148,2.802345966341015
2013-07-26,12.698882222175598,13.327051162719727,0.3185133635997772,0.2127421796321869,4.357137680053711,0.14066857674399538,0.016572365058581395,2.1389293126173783,3.102774537354705,-0.17261015286330805,1.6229173235483785,2.52245155408745
2013-07-29,14.506635874509811,13.885122299194336,0.39135420322418213,0.21135582029819489,4.312404155731201,0.13856394221682541,-0.022136710465691323,3.63789240835529,3.325554147013685,-0.11851373121596542,2.9681046268285485,2.557772593041241
2013-07-30,13.498137354850769,13.618358612060547,0.43715938925743103,0.20851275324821472,4.301304340362549,0.13664265359816602,-0.03186022987652315,2.4510843535562366,2.9012408676692196,-0.07933252554584813,1.7093215688476224,2.071465587968122
2013-07-31,16.677766144275665,15.047711372375488,0.5433983206748962,0.21180912852287292,4.323068141937256,0.1352409853476361,-0.0796902160791031,5.212127070416383,3.8678162872969626,0.056351975926812736,4.190169607224327,2.7194347531875263
2013-08-01,16.805611610412598,14.937405586242676,0.5641286969184875,0.2094007432460785,4.287698268890381,0.13578006089331698,-0.0936512327729726,5.0931280166258475,3.5987044489212376,0.04928092298673514,3.752057684371376,2.180308118204067
2013-08-02,14.310722082853317,12.973064422607422,0.08834278583526611,0.20404861867427826,4.2105607986450195,0.13739636375314754,-0.08079026057742866,2.558906022317233,1.7082877041677804,-0.4882717425257883,1.0589929536479126,0.20697343924987166
2013-08-05,13.975457578897476,12.993955612182617,0.09334055334329605,0.20055271685123444,4.16377067565918,0.13749719594557555,-0.07180380100015049,2.2030909544684345,1.7805421225067413,-0.5073007007963414,0.7380170898537237,0.3582089226309968
2013-08-06,12.64490631222725,13.013357162475586,0.09732317179441452,0.19994992017745972,4.133141994476318,0.137071370877107,-0.05736055384514249,0.6482382011272261,1.619939451156565,-0.5064655570186282,-0.5165430193000624,0.5035899781774802
2013-08-07,15.159006476402283,13.026162147521973,0.08522643148899078,0.20254960656166077,4.169162750244141,0.13730267682925498,-0.04260626090391817,3.0661921779638366,1.4831090917873908,-0.4724702468605724,2.133047048725153,0.5791278758212712
2013-08-08,12.765400350093842,12.881729125976562,0.08667242527008057,0.2020452618598938,4.164551734924316,0.13754734397068324,-0.029014573804612587,0.5603253151149286,1.2910555280144873,-0.4586308416977569,-0.23155272293217344,0.5403116059701816
2013-08-09,14.653874605894089,13.212408065795898,0.10182271897792816,0.2055014967918396,4.217071533203125,0.13749962212916175,-0.02137328277625916,2.2608853530599387,1.3950277491528809,-0.3893334858260106,1.6814081718132101,0.83789050840344
2013-08-12,14.72681450843811,13.173141479492188,0.10807885974645615,0.20500265061855316,4.203854560852051,0.1374118781766581,-0.029595701287123077,2.1212127414127266,1.2053280633129955,-0.3770283977545994,1.5106146459882837,0.6165247581624467
2013-08-13,12.74790969491005,13.332576751708984,0.11061440408229828,0.20463626086711884,4.195252895355225,0.13770062106061803,-0.02898542482390054,-0.004528169829416839,1.258402225495331,-0.366675133223446,-0.570182784287006,0.7172999124021207
2013-08-14,15.01976028084755,13.56833267211914,0.11530302464962006,0.2065013349056244,4.224562644958496,0.13714878534306404,-0.04135060475723695,2.0611399497569813,1.2264629387596067,-0.3248232312887903,1.477864840644589,0.6643067191632817
2013-08-15,13.235114574432373,13.53475570678711,0.11872278898954391,0.20501381158828735,4.195833206176758,0.13655363977945326,-0.03753789706414001,-0.04177059537438765,0.9249228891553791,-0.3278695956462485,-0.40325293648726657,0.5825234068308411
2013-08-16,13.279828637838364,14.052438735961914,0.10790231078863144,0.20229029655456543,4.139775276184082,0.13828812504633875,-0.05393808763601937,0.09503137150349872,1.5178282032162969,-0.3712587906567585,-0.4816021447660326,0.9744232900173007
2013-08-19,13.770693510770798,13.220758438110352,0.1496400237083435,0.19021707773208618,3.9659767150878906,0.13704572618894822,-0.03302319352612826,0.5732650819217753,0.7151343571546178,-0.4468806537401664,0.3275334933737142,0.48374958536423485
2013-08-20,15.440284490585327,13.613906860351562,0.14059358835220337,0.19590449333190918,4.044300556182861,0.13678782300343392,-0.027701613952549442,1.7972491995514481,0.6428092218164068,-0.37189292949265385,1.6998876056858236,0.5503726580629138
2013-08-21,12.854336082935333,14.065579414367676,0.1870763599872589,0.19448646903038025,4.047130584716797,0.13830282674003913,-0.0252364235190794,-0.5070849067783634,1.4205185359694177,-0.3170327759978564,-0.7379871343832143,1.2014369296820444
2013-08-22,15.377355247735977,14.937061309814453,0.19746029376983643,0.20145392417907715,4.147924900054932,0.13729622799375577,-0.05342416532419891,1.5382495433332934,1.6951614827155552,-0.20741957039394676,1.3096009941250095,1.4746758256880543
2013-08-23,14.526702404022217,15.659475326538086,0.20866045355796814,0.20677529275417328,4.206026077270508,0.13664083128489488,-0.06773307873248324,0.13840518489595155,1.8421221889385002,-0.1252898925316548,-0.03852094459772459,1.6700193727535773
2013-08-26,14.144357681274414,16.15991973876953,0.19802060723304749,0.21276043355464935,4.2743330001831055,0.13700617888187153,-0.06567229553519827,-0.5528937960631879,1.9529698665901698,-0.06624983412132268,-0.6408710560115729,1.858335375853418
2013-08-27,16.53935968875885,15.58493709564209,0.23720455169677734,0.19731615483760834,4.059545993804932,0.1350015011676097,-0.05024757769296073,1.7332123710037308,1.3246578875751887,-0.1580973388098822,1.73754555836884,1.329502880360998
2013-08-28,16.483598709106445,14.492528915405273,0.26783010363578796,0.18326246738433838,3.8692238330841064,0.1366174644626985,-0.0458055638418875,2.381032148161765,1.0763650016399886,-0.2795888179395519,2.265959168419334,0.9479981394203385
2013-08-29,14.407712697982788,14.170171737670898,0.2786126136779785,0.18055729568004608,3.823277235031128,0.13629330574808265,-0.04136651104480071,0.09655910688668357,0.6470673275242369,-0.27733860632420937,0.014553237533021957,0.5596351921788774
2013-08-30,13.22199821472168,14.582962989807129,0.3033381700515747,0.17796634137630463,3.782414197921753,0.13601045324027275,-0.052063462484874146,-1.1498045039834395,1.0011563403082704,-0.26081041866185395,-1.268603016451003,0.8775606490084282
2013-09-03,8.665527164936066,7.619651794433594,0.10458246618509293,0.17657911777496338,3.723625421524048,0.13512315308759865,-0.040698408890450954,-6.165878047712951,-6.502855925168781,-0.4514389023225782,-6.135660464778169,-6.468560622686443
2013-09-04,10.270814061164856,7.788440227508545,0.12102949619293213,0.17798301577568054,3.7333714962005615,0.1342798107781307,-0.06285399141910397,-4.493078675688604,-6.247746625126741,-0.38136145878639693,-4.501265274080852,-6.256951873503468
2013-09-05,9.065984725952148,7.831770420074463,0.1355593353509903,0.17612506449222565,3.7216172218322754,0.13497043233986192,-0.055619082155421884,-5.093617976370744,-5.491697211505738,-0.3690070771518914,-5.1285713917346705,-5.530440763016998
2013-09-06,8.90145468711853,8.309978485107422,0.152543306350708,0.17455428838729858,3.753040313720703,0.1345538620856278,-0.03576121891853479,-4.629803860871153,-4.387782276892011,-0.3356224338105719,-4.634767357861639,-4.393279298149945
2013-09-09,9.76543852686882,8.210297584533691,0.15462718904018402,0.17638401687145233,3.7747082710266113,0.13450931086019546,-0.04774150130513255,-3.645997273405005,-4.393828108564961,-0.2982950505504569,-3.687297583129915,-4.439655656949501
2013-09-10,8.626512378454208,7.973315715789795,0.16628089547157288,0.16355961561203003,3.611643075942993,0.13343010619260354,-0.04757318178074588,-4.209935974198281,-3.895349978189035,-0.3568575037414622,-4.265219137609849,-3.956445399945432
2013-09-11,9.736152827739716,8.048203468322754,0.18881981074810028,0.16412104666233063,3.6228997707366943,0.1338844373567194,-0.03897866842988096,-2.739252347365447,-3.4884049751489137,-0.3127829598163291,-2.775077830753684,-3.5290072951061653
2013-09-12,9.72259345650673,8.13381290435791,0.19057174026966095,0.16460461914539337,3.629770040512085,0.13394265072124328,-0.04179735725107081,-2.598308982639992,-3.215640351234409,-0.2876650256905969,-2.6457260437991685,-3.26722819718416
2013-09-13,10.01942527294159,8.24940299987793,0.19244083762168884,0.16478118300437927,3.6482417583465576,0.13438725991603,-0.040825076032415586,-1.983270805776879,-2.7702014593169295,-0.276446226360456,-2.066412929178039,-2.8585910691797434
2013-09-16,9.864922195672989,7.976205348968506,0.19541220366954803,0.14987598359584808,3.3615124225616455,0.1314462692306879,-0.0557859461777277,-2.3069635201147705,-2.8977073443720833,-0.2946727214670288,-2.246047039790291,-2.8337284013527455
2013-09-17,10.869777381420135,10.32677936553955,0.41270411014556885,0.10417492687702179,3.224918842315674,0.12105160409966759,0.06479586912831092,1.9840664424001009,2.9487457882184636,-0.24870742597454032,2.2084756143052076,3.183897961412759
2013-09-18,12.349451005458832,10.475707054138184,0.4861380159854889,0.10476098954677582,3.307809829711914,0.12025098539420752,0.11082809853687092,3.42235512903145,2.865844800608677,-0.14382855865644262,3.743662026289888,3.19225451036991
2013-09-19,11.849894165992737,9.823077201843262,0.42004406452178955,0.1290540248155594,3.434494733810425,0.12418049722308583,0.04371660603975924,0.9965013880337708,0.2278074825352867,-0.08203595741030811,1.1571046062506412,0.397398880183534
2013-09-20,12.154038429260254,10.003585815429688,0.4093478322029114,0.13083498179912567,3.4640324115753174,0.12370282182148776,0.03373427738841972,1.0834029959208564,0.21679385837772713,-0.0687225903785923,1.2167155583790716,0.36123489374828743
2013-09-23,11.17876449227333,9.76522159576416,0.4405481815338135,0.14154234528541565,3.608823299407959,0.12274897537269458,0.013990545176394864,-0.7301377155041955,-0.9305698452486268,0.028908429792692814,-0.5981399281220252,-0.7847422007071803
2013-09-24,11.46259480714798,9.550015449523926,0.5083563327789307,0.14055371284484863,3.6180524826049805,0.12175881708850704,0.02574617602733853,-0.4521673741784653,-1.1423543972128272,0.09885713197155599,-0.2630671451773736,-0.9322325055588294
2013-09-25,10.89209932088852,9.682847023010254,0.5647382736206055,0.1423185020685196,3.6445443630218506,0.12106651966671335,0.028674561632168638,-1.2352529569624942,-1.2077116672882724,0.16731053671654095,-1.003233642688965,-0.9431716597670992
2013-09-26,11.555579364299774,9.807868957519531,0.6043087840080261,0.13663645088672638,3.5916244983673096,0.12049479896916332,0.05303869268898531,-0.18303838933679373,-0.6365628259791443,0.18244626014091248,0.12793333570510868,-0.28328092303611463
2013-09-27,11.258735358715057,9.692900657653809,0.6556000709533691,0.13773289322853088,3.6219570636749268,0.12007360699882307,0.0712632042228668,-0.541595943418617,-0.819145447638796,0.23070559338624774,-0.16746983862614684,-0.38401081749286803
2013-09-30,11.439456641674042,9.727253913879395,0.6336278319358826,0.1380922943353653,3.6140506267547607,0.11983235541886308,0.06866451385088401,-0.5116123486316226,-0.9166729663331665,0.202513785009925,-0.1802671318738156,-0.5282315292779565
2013-10-01,11.568720757961273,9.640057563781738,0.6365649700164795,0.15278121829032898,3.7192928791046143,0.11556182118146663,0.042252863791058415,-2.934407084583622,-3.595426006184301,0.2799527785012249,-2.4499860336485924,-2.982472206211799
2013-10-02,7.733668923377991,7.158266067504883,0.15323124825954437,0.14531804621219635,3.619558095932007,0.11608847005169404,0.05767797177427547,-5.95139282379845,-5.1255447812110475,-0.2509555694190901,-5.306784898717597,-4.323981445171054
2013-10-03,8.380291521549225,7.54915714263916,0.1893746256828308,0.14445248246192932,3.6573917865753174,0.11618873880557541,0.08533742155279278,-4.65013750825948,-4.180508427439825,-0.22916608379386655,-3.6392717193259365,-3.0705735585447886
2013-10-04,7.495867609977722,7.503040313720703,0.21838179230690002,0.14674951136112213,3.6742823123931885,0.11650571062468018,0.08394281121228908,-5.484758968363206,-4.221640208888594,-0.19789096839382192,-4.281073297146751,-2.9571019158976206
2013-10-07,7.153602659702301,7.3158345222473145,0.25183549523353577,0.13071952760219574,3.201504707336426,0.11226127704481989,0.05385371945783268,-6.681063535801272,-4.749683889363684,-0.09190560178611451,-4.728451027545162,-2.8159192590972015
2013-10-08,7.604401916265488,7.456732749938965,0.2772044241428375,0.12923237681388855,3.175267457962036,0.11266876913958923,0.06010683846118714,-5.515846987690665,-4.0346169859142655,-0.06428436048767561,-3.305955760507473,-2.0015941563410067
2013-10-09,7.526985853910446,7.558906078338623,0.28811758756637573,0.12771941721439362,3.1841554641723633,0.11373614044082864,0.04549668653438166,-4.733654558636186,-3.1969321195584506,-0.06128320774194229,-2.9340277219805326,-1.5968544412307217
2013-10-10,8.767059445381165,7.501077175140381,0.2964434027671814,0.1301557421684265,3.2239315509796143,0.11416701913338714,0.04241615251303055,-3.2439987563480983,-3.1499231824211833,-0.059827373432537634,-1.5283986650286927,-1.6549239577028878
2013-10-11,6.6185541450977325,6.292801856994629,0.3111126720905304,0.14050567150115967,3.2969298362731934,0.11727472944240157,-0.008808990055066523,-5.618702201517777,-4.657019375706007,-0.017711719657780733,-4.631533377576222,-3.792273162472112
2013-10-14,7.691454738378525,6.755256652832031,0.3622681796550751,0.14023754000663757,3.329423189163208,0.11726168547290064,0.017863930585214516,-4.128558501521834,-3.852222454451155,0.0071314951467362775,-2.864075906924171,-2.7478761923765695
2013-10-15,7.72127565741539,6.627181053161621,0.3620237410068512,0.14098632335662842,3.343480348587036,0.11674541581564106,0.002288790044063904,-4.005441215833862,-3.9022691938139253,0.04547295661564599,-2.871559499000929,-2.897670942506709
2013-10-16,6.598846301436424,6.399423122406006,0.3980087637901306,0.14224103093147278,3.3477137088775635,0.11624817646047501,0.003554711363955798,-5.135880209708377,-4.159349887459456,0.10768456073862143,-3.7537818384779484,-2.935477832679764
2013-10-17,6.3152905106544495,6.053170680999756,0.43202656507492065,0.15518972277641296,3.50701904296875,0.11769498766776175,-0.00828830798927438,-6.0043761298323215,-5.2892463878031055,0.10980711694113054,-4.629369005171537,-4.080816664611154
2013-10-18,7.032333880662918,6.528928279876709,0.3975379765033722,0.14682874083518982,3.503587484359741,0.11843013005588145,-0.02338951474710438,-3.945023140081755,-3.4762317262032063,0.07842977690981345,-3.74185323731232,-3.2981055648900153
2013-10-21,6.975366294384003,6.521721363067627,0.39267677068710327,0.14800429344177246,3.5045228004455566,0.11855329472805996,-0.01765768541249013,-3.9804375758273824,-3.4750822468176565,0.08446617740232387,-3.563443802927795,-3.108160878336184
2013-10-22,7.480663955211639,6.499390602111816,0.3984373211860657,0.14939576387405396,3.518605947494507,0.11858633213337454,-0.02061090361500062,-3.450564567167355,-3.5053099641493954,0.09407088686112308,-3.0397602429358663,-3.143866704723841
2013-10-23,7.7229712307453156,6.6782402992248535,0.38569268584251404,0.14812180399894714,3.5413150787353516,0.1193787755367054,-0.006900146528160844,-2.7865729283005773,-2.913783903157089,0.08364970931971416,-2.433602771505253,-2.6034746646898057
2013-10-24,6.431649446487427,6.401895999908447,0.3834810256958008,0.1490369737148285,3.5432257652282715,0.11989344440834675,-0.019896683994759634,-4.032736571534176,-3.138082485593616,0.09041120878195819,-3.9722558162529005,-3.0848111565613507
2013-10-25,7.001819998025894,6.409456253051758,0.41072574257850647,0.15076319873332977,3.5738446712493896,0.11925597668087365,-0.00571554974008337,-3.5284559489216907,-3.259388548539679,0.1140769306786028,-3.0379066045847445,-2.8274768317465835
2013-10-28,6.744641035795212,6.528020858764648,0.5022875070571899,0.1625283807516098,3.7169671058654785,0.11688121042348461,-0.008413516039374791,-4.7981040627287115,-4.349510571381611,0.1968949956452205,-3.562797688842437,-3.2613772637430856
2013-10-29,7.356884181499481,6.516665458679199,0.5361428260803223,0.16382300853729248,3.7253611087799072,0.11646544978321703,-0.006827151379567686,-4.065859646599321,-4.289866040858394,0.24458311069401567,-2.6714005219755173,-3.061628930320669
2013-10-30,6.572187185287476,6.542478084564209,0.5492438077926636,0.16161954402923584,3.711297035217285,0.1163264495137132,-0.01130037402296935,-4.439734656721049,-3.829995581507575,0.27031629136326374,-3.316406451580498,-2.836792996656664
2013-10-31,5.0943984389305115,4.395714282989502,0.24811837077140808,0.16160531342029572,3.7440195083618164,0.11640959607935779,0.015440093053634363,-5.566780795836843,-5.698083677865501,-0.011291865883347796,-4.012897634496646,-4.327205613632023
2013-11-01,5.52640375494957,4.446636199951172,0.2657531499862671,0.1632857471704483,3.795292854309082,0.11692807955608447,0.009448111540712678,-4.8428048092427165,-5.3949987132700645,0.0016254529628710879,-3.652243561205111,-4.339533248494378
2013-11-04,5.827622339129448,4.419685363769531,0.2601170241832733,0.1632082611322403,3.7764573097229004,0.11737087668095951,0.005416692485090913,-4.352659870931941,-5.183828827026211,-0.008615771312889764,-3.2772526185580872,-4.2250723822719145
2013-11-05,5.332685396075249,4.333725452423096,0.2767978608608246,0.16399243474006653,3.785982608795166,0.1168659528480004,0.012084924746688652,-4.691149527616723,-5.099180800859518,0.009221367156150628,-3.3812854349272428,-3.924468823327304
2013-11-06,5.874925762414932,4.336564540863037,0.2953947186470032,0.16877008974552155,3.846771240234375,0.11687827382347586,0.01745068444202169,-4.0851183320623505,-5.101674064294421,0.025845252524349493,-2.548358826378056,-3.7145030433192776
2013-11-07,4.805098339915276,4.2898454666137695,0.3145792484283447,0.17026881873607635,3.8538832664489746,0.11640341020514941,0.013509289913902434,-5.001997750619033,-4.962025145214067,0.042913300540260546,-3.4614728767032723,-3.5594828932981404
2013-11-08,4.4109302163124084,3.852205514907837,0.3519664406776428,0.1720612347126007,3.88984751701355,0.1178780132667406,-0.035851932257716435,-5.180768992515226,-5.205993673713381,0.06738952364289552,-5.270086186609689,-5.287505521448551
2013-11-11,4.235020786523819,3.589169979095459,0.3468732535839081,0.16371220350265503,3.8047847747802734,0.11745747586444244,-0.024073991172181453,-4.818236182377291,-4.843908232273696,0.05866617294352239,-4.903180693326412,-4.921467847350446
2013-11-12,4.601071164011955,3.6027960777282715,0.3805524408817291,0.16427616775035858,3.8040683269500732,0.11678086543801891,-0.028233788907557678,-4.272163786806818,-4.650598772968568,0.08955986615002742,-4.328885953043118,-4.702321932479602
2013-11-13,4.286838188767433,3.5853171348571777,0.3799292743206024,0.1593869924545288,3.753138780593872,0.11639913461631107,-0.03134438289908048,-4.269857054292503,-4.287396323051004,0.08559328471804295,-4.5780495133537045,-4.56841448803884
2013-11-14,4.045626193284988,3.304342031478882,0.4602128565311432,0.16314411163330078,3.772313117980957,0.11540587941440125,-0.05878319735191284,-4.413325854008317,-4.505704430127869,0.16106831012726897,-5.066212732955787,-5.100805472036887
2013-11-15,4.178106725215912,3.3565948009490967,0.470817506313324,0.16188520193099976,3.7345924377441406,0.11499818049413915,-0.048102830466563384,-4.113331298026109,-4.249742824798867,0.16653663071139785,-4.302340689773542,-4.421631193372354
2013-11-18,3.9907765239477158,3.458249568939209,0.4568975865840912,0.15447133779525757,3.6787304878234863,0.11419143206955058,-0.02624336369618585,-3.825494658700382,-3.608226583345399,0.1481810125737023,-3.783890865189429,-3.570646463077738
2013-11-19,3.9411677420139313,3.2782888412475586,0.3988291323184967,0.14711230993270874,3.5799288749694824,0.11384605554326732,-0.038146404922309474,-3.7075454028278685,-3.5334559959665803,0.09480342599528646,-4.095232925359653,-3.8836316694980706
2013-11-20,3.5673355907201767,3.244962215423584,0.38555067777633667,0.14781156182289124,3.586418867111206,0.11399930893243565,-0.04667668894528587,-3.9696387970071783,-3.4522704198369283,0.07561442873958713,-4.5824931254356756,-4.000771892080065
2013-11-21,3.403033785521984,2.443742275238037,0.391634464263916,0.16625221073627472,3.8532536029815674,0.11183885324358535,-0.08190510752753566,-3.35992715247108,-3.77462860341301,0.03734331433665983,-4.471709276407999,-4.769346613502304
2013-11-22,2.8189720809459686,2.271045446395874,0.4188537299633026,0.1751878410577774,3.9660890102386475,0.11277730897704606,-0.08492101516598005,-3.760321442235316,-3.821614561821285,0.044888329272742666,-4.7800797326836,-4.7281980459209585
2013-11-25,2.7786733135581017,2.238605499267578,0.42631256580352783,0.17809171974658966,4.022530555725098,0.11231489348838525,-0.0828559774115254,-3.1998569878902785,-3.2934190131317713,0.034757966134863594,-4.091200439798218,-4.082786130305664
2013-11-26,2.887667492032051,2.239748239517212,0.41628459095954895,0.17568166553974152,3.9798974990844727,0.11175211194709864,-0.08114658535879671,-2.800126592879728,-2.9620791403474414,0.02787554089726063,-3.462139173868575,-3.5466445163695717
2013-11-27,2.814920596778393,2.3065545558929443,0.4620296061038971,0.17960681021213531,4.030438423156738,0.11083264631235497,-0.08482565575659717,-2.3534830127562003,-2.4197624075449653,0.06251510612365796,-2.837561547776094,-2.847519604690568
2013-11-29,2.8675845861434937,2.2249581813812256,0.4605482816696167,0.18137867748737335,4.046355724334717,0.11039993881045826,-0.09856088811339325,-2.018076659449669,-2.2328244002142483,0.05318220245603533,-2.6234916536932147,-2.762627936766524
2013-12-02,1.5908270739018917,1.3223549127578735,0.16844074428081512,0.1795942634344101,3.9917068481445312,0.1092540611400695,-0.10842523462247056,-3.1454323542579417,-2.9327051956263546,-0.2334753521588525,-3.613402456505483,-3.3405257612706123
2013-12-03,1.6747504249215126,1.2713708877563477,0.17343749105930328,0.17774222791194916,3.9522790908813477,0.10925789534939544,-0.11846376958084615,-2.9894188705506792,-2.8956573085007378,-0.20514027064255413,-3.588622568117806,-3.416595360204063
2013-12-04,1.5062955878674984,1.265127182006836,0.20120112597942352,0.17603516578674316,3.898716688156128,0.10899994801332812,-0.11607923763087702,-3.2190436314665405,-2.929527222115496,-0.15346516549583478,-3.519007810088148,-3.189811305632972
2013-12-05,1.401691272854805,1.1653507947921753,0.18228662014007568,0.17631767690181732,3.9097516536712646,0.10887120630050792,-0.13114060427315977,-3.0181067570843183,-2.750670607829605,-0.16692532684748773,-3.6575272168998367,-3.3043799523755837
2013-12-06,1.4756029173731804,1.1281180381774902,0.1837327480316162,0.17519675195217133,3.8695077896118164,0.10892329388246104,-0.1443947355864501,-3.07269249693816,-2.899020590180868,-0.14496030510636093,-3.8155399384640276,-3.5398371987359667
2013-12-09,1.6294561848044395,1.1316224336624146,0.17138223350048065,0.18144649267196655,3.946645736694336,0.10824552488198622,-0.1383566343288536,-2.3550516795754106,-2.426573986075354,-0.15176114058395396,-2.6461150266169184,-2.674887935182454
2013-12-10,1.6707841828465462,1.1399719715118408,0.1709754765033722,0.181925967335701,3.953761339187622,0.10839258434831994,-0.1372703429199824,-2.1921628099897106,-2.2996691944691747,-0.13892701918967765,-2.4348782875313333,-2.5049549588559614
2013-12-11,1.5042961612343788,1.1935495138168335,0.20862668752670288,0.184367373585701,3.9993624687194824,0.10816481307547873,-0.11986280346539235,-1.9208756360710382,-1.8447144045767843,-0.09884788958139201,-1.7478456940066351,-1.7003066301966783
2013-12-12,1.4069347940385342,1.203983187675476,0.22360269725322723,0.1954941749572754,4.133160591125488,0.10943426805973941,-0.1331132045324166,-1.853251948480441,-1.8084418260006885,-0.06859750644076912,-1.697219242619738,-1.6808266780763574
2013-12-13,1.3076465502381325,1.0936739444732666,0.2687484323978424,0.16748046875,3.7538044452667236,0.10297338959470415,-0.21305615026344338,-1.5063751996613348,-1.167017638917521,0.01947699174032791,-3.1299174619798045,-2.49306852995284
2013-12-16,1.3383515998721123,1.084171175956726,0.2674143612384796,0.16590642929077148,3.738020181655884,0.10276694189822096,-0.2011083052798568,-1.3584738394090294,-1.0696817995002377,0.020343849063305885,-2.648946001649783,-2.1154417449323226
2013-12-17,1.4426002837717533,1.20481538772583,0.2952382266521454,0.16461513936519623,3.7344796657562256,0.10175856617919023,-0.18407765064165482,-0.819229540792783,-0.523781527933032,0.04185145350679642,-1.6350776669372635,-1.1848899375380064
2013-12-18,1.5225681774318218,1.2269872426986694,0.30395662784576416,0.16536030173301697,3.731135129928589,0.10139477915315288,-0.19826585379202033,-0.6977190535947031,-0.48264511834590706,0.07342348028320789,-1.5789287528863873,-1.198472738003975
2013-12-19,1.458858385682106,1.3007988929748535,0.34548088908195496,0.16705003380775452,3.7383742332458496,0.10248822558260548,-0.1994543850932109,-1.1178699149815756,-0.7772859539243981,0.13337754122295742,-1.9068002960957244,-1.4196167259290249
2013-12-20,1.756164863705635,1.277534008026123,0.35065245628356934,0.16818173229694366,3.762863874435425,0.10307162135517411,-0.21297640247669292,-0.7673142550380163,-0.7738103981874218,0.11494102116601068,-2.0467680596954416,-1.8107118978299752
2013-12-23,1.671348862349987,1.2809697389602661,0.3275613486766815,0.1781655251979828,3.8706417083740234,0.10383558351678125,-0.24766253288994733,-0.7172804607322263,-0.7665404260225586,0.11179605038206253,-2.2770842504739193,-2.0322518874491884
2013-12-24,1.5138057842850685,1.2551442384719849,0.3134676218032837,0.17705248296260834,3.8719844818115234,0.10380344844294635,-0.2374085109962638,-0.7002789641053369,-0.6052359620996057,0.06808945959659596,-2.1171068369748447,-1.7468231623963248
2013-12-26,1.652789905667305,1.2420896291732788,0.31150320172309875,0.17380887269973755,3.8395633697509766,0.10362541420957504,-0.24057323729246471,-0.5046858246852821,-0.5380165562165402,0.045638748460195,-2.0769212771173393,-1.8087189833438266
2013-12-27,1.3990140669047832,1.2239820957183838,0.3695363700389862,0.1797119379043579,3.9030914306640625,0.10227311989354453,-0.25838875486948987,-0.06610248705168686,0.04485976068733066,0.10919108981303438,-1.3815290925369759,-1.0054034697591163
2013-12-30,1.373910315334797,1.2386229038238525,0.4104584753513336,0.17991499602794647,3.910187005996704,0.10115465881445516,-0.2502638595406612,0.3841780156982182,0.5012178536059011,0.12546335257002728,-0.540135208602269,-0.23393441189833908
2013-12-31,1.3759612180292606,1.1531288623809814,0.3796854019165039,0.17739948630332947,3.864427089691162,0.10064083099270986,-0.2515766370978627,0.4188918542767297,0.45756582888534325,0.07659246661426722,-0.3838919081915897,-0.1753878952118164
2014-01-02,0.9438413791358471,0.9058684706687927,0.2009086161851883,0.17646187543869019,3.8672256469726562,0.10052702864054315,-0.24062136178682403,0.12414044362471799,0.3665621101200145,-0.1360927477626641,-0.5644264084864155,-0.1581623232560645
2014-01-03,1.1156046874821186,1.0313382148742676,0.30861330032348633,0.17501629889011383,3.918288230895996,0.1021668083399657,-0.1339066921307801,0.11550249312506367,0.345374919799184,-0.04870271652453173,0.6019594411725393,0.7082819538879122
2014-01-06,0.9810870997607708,1.044485092163086,0.3599708676338196,0.1754801869392395,3.922513484954834,0.10125109616398568,-0.0861210071065901,0.34626122788526104,0.6824421232558251,0.005132821750410521,1.423397690127576,1.4698664490869682
2014-01-07,1.1746815796941519,1.0485285520553589,0.36929458379745483,0.17056962847709656,3.839740514755249,0.10078431644550867,-0.08194318456782157,0.6132738655672867,0.7810121779004113,0.01994850435092088,1.4582738551102032,1.337073204084188
2014-01-08,1.3739433363080025,1.1327037811279297,0.5136196613311768,0.1613674908876419,3.7346925735473633,0.0972893518930846,-0.11955178972203861,1.9244965655801956,2.015220421200919,0.14413601803951726,2.1853031686307247,2.145341511388917
2014-01-09,1.4083988294005394,1.1877416372299194,0.560017466545105,0.1667908877134323,3.7927379608154297,0.09694762576406209,-0.12006732965823441,2.470512426094377,2.4586812434397842,0.20288586631437044,2.5578011006110017,2.4024619719653657
2014-01-10,1.6085859797894955,1.2249300479888916,0.5661429762840271,0.16667987406253815,3.785580635070801,0.0969110112946898,-0.11828562191005565,2.6638664578731976,2.478845438518725,0.20609518344260325,2.6648319167470866,2.338594421002391
2014-01-13,1.3054872900247574,1.2451499700546265,0.5626345872879028,0.17325280606746674,3.8659727573394775,0.09740435058532997,-0.12762205269418492,2.3205179503447617,2.383272647372621,0.20469682234281517,2.2874599193780902,2.2139115358141517
2014-01-14,1.4160916060209274,1.324093222618103,0.6252634525299072,0.15648174285888672,3.6677823066711426,0.0968005677228077,-0.10354183273567807,2.097877073838198,2.3231253872561375,0.2314639271931862,2.0501792142819717,2.172690639674361
2014-01-15,1.4576542936265469,1.1585850715637207,0.5473435521125793,0.15542259812355042,3.576436758041382,0.0949702381763278,-0.11820619264462806,3.192997386699094,3.046740628378629,0.18931688602044727,3.0969194953476595,2.8188276913209833
2014-01-16,1.2527939677238464,1.1223139762878418,0.5302706360816956,0.15571293234825134,3.5491724014282227,0.09534336795557194,-0.1395466855142562,2.9181848310908265,2.881135155471707,0.1829327086739161,2.816191669793902,2.70164815043697
2014-01-17,1.247517142444849,1.1376463174819946,0.5406364798545837,0.15422196686267853,3.5334346294403076,0.09514656200688536,-0.13223345864242653,2.777776333666136,2.8060817646795186,0.17956380371643754,2.6595987104601306,2.5966035006350765
2014-01-21,1.2710318975150585,1.0980979204177856,0.524594783782959,0.15171405673027039,3.5170366764068604,0.09420828322388376,-0.17102708251579535,2.912860233662059,2.8891979351682444,0.13975907747925254,2.9519222499946665,2.950374660250791
2014-01-22,1.1668282970786095,1.0880391597747803,0.49235042929649353,0.15149474143981934,3.530536651611328,0.09385249675635829,-0.16656347144728945,2.746615767969807,2.8378168447158956,0.09000029012217481,2.7857656625715457,2.898338246445796
2014-01-23,1.1376554742455482,1.1133246421813965,0.49473127722740173,0.15073394775390625,3.518765687942505,0.09412726056208051,-0.1586188394528285,2.5083843360500637,2.6697953019980822,0.08729938859067876,2.528477023513034,2.7012199780885595
2014-01-24,1.2792966067790985,1.296004295349121,0.6013254523277283,0.14309966564178467,3.416344404220581,0.09561873523342292,-0.16876715008854903,1.8751768619641496,2.1957323014221046,0.1860463837249422,2.048685440429278,2.4733662428859624
2014-01-27,1.3136221542954445,1.1387178897857666,0.5161721706390381,0.14541450142860413,3.5127573013305664,0.09851378256271634,-0.15788761002295204,0.5928553464933586,0.8512605878882518,0.07229506275357345,0.8179453105514085,1.2158921905221156
2014-01-28,1.1703161783516407,1.091421127319336,0.489178329706192,0.154012531042099,3.60217547416687,0.09925282149920596,-0.16652571973569508,0.4644902091120606,0.6866282097228691,0.06570854165156081,0.6510333209467589,0.9648765298219182
2014-01-29,1.1755244955420494,1.0971468687057495,0.5149363875389099,0.15650644898414612,3.6154837608337402,0.09914977377203324,-0.16749155013279893,0.6130578527596775,0.7717528764633279,0.09923158727028514,0.7454610345001846,0.9720088294306599
2014-01-30,1.1484845504164696,1.1774321794509888,0.5649159550666809,0.1525966227054596,3.5780553817749023,0.09914851196510846,-0.14003259668295387,0.4264707377696908,0.7388858002741401,0.13206832147398195,0.4871905360107007,0.8302997483255901
2014-01-31,1.5296929813921452,1.4047447443008423,0.7729968428611755,0.14641137421131134,3.569636583328247,0.10005484272668713,-0.12502286094715132,0.011811048014997994,0.37851585915937846,0.29751250490683434,0.1538376909347008,0.5896525351035216
2014-02-03,1.4771321006119251,1.2725924253463745,0.20872025191783905,0.14600835740566254,3.579691171646118,0.10020149163047762,-0.12361804469196791,-0.20376845247880482,0.12077431977091635,-0.2832363264181801,-0.0284434525736188,0.3625512594684217
2014-02-04,1.7201176285743713,1.6659075021743774,0.4051528573036194,0.13409706950187683,3.7113656997680664,0.10297901602280884,-0.0665616644864031,-2.220139638502758,-1.1041229143872044,-0.1942465140439662,-1.788718084414068,-0.5336697219931743
2014-02-05,1.8211434185504913,1.7892569303512573,0.48681125044822693,0.13240937888622284,3.7940354347229004,0.10341054370693115,-0.038515827433186045,-2.345899627085423,-1.173305631768205,-0.1240572366985162,-1.8965657796396158,-0.6371010649261528
2014-02-06,2.217936374247074,1.993673324584961,0.5515286326408386,0.12972195446491241,3.726942539215088,0.10183696193012727,-0.034757141277828696,-1.0777746242100825,-0.3174959472970009,-0.045635331491434616,-0.7392082292795408,0.065192957643184
2014-02-07,1.7921193167567253,1.8590744733810425,0.62375807762146,0.14240941405296326,3.827277183532715,0.09961411363960311,-0.06944062752560787,-0.12239812368385827,0.6056007424012257,0.0666156195321197,0.0823266530728084,0.8320583031364848
2014-02-10,1.6734614670276642,1.6174675226211548,0.5329328775405884,0.15502707660198212,3.9354920387268066,0.10114680366437188,-0.02738034810601686,-0.26061215671275306,0.14191920607586894,0.020270272138916745,-0.533333118225574,-0.15409457368349777
2014-02-11,1.7602669969201088,1.6765209436416626,0.5112603902816772,0.15417695045471191,3.9216020107269287,0.10066370683505398,-0.03321498531203915,-0.002532444535773948,0.33883475950066355,-0.006263968201468462,-0.215166973504072,0.1006595754691233
2014-02-12,1.767898142337799,1.667389154434204,0.5033406019210815,0.14924070239067078,3.8999385833740234,0.10075758305597445,-0.04274721076808996,-0.245830427308821,0.13481866634269934,-0.035580190892386954,-0.2719444236237152,0.10473960490688583
2014-02-13,1.8922405764460564,1.6807135343551636,0.5275257229804993,0.14577960968017578,3.9038214683532715,0.10050774429535149,-0.039860644961577485,-0.19882972769850582,0.09698716134693086,-0.030533756248261934,-0.15367195920718757,0.14828401172662709
2014-02-14,1.3781380578875542,1.549378514289856,0.4531138241291046,0.15019817650318146,3.9099042415618896,0.10118115809765145,-0.04232961127035084,-0.6957359458617773,-0.09373687035671807,-0.07685037215903767,-0.7265544836144038,-0.12931908949875037
2014-02-18,1.7669175490736961,1.540989637374878,0.4416544735431671,0.14953549206256866,3.8587112426757812,0.10060621226161114,-0.057808092625242447,-0.07689185738628268,0.08808785685324594,-0.07749048795060576,-0.06983914404417746,0.09618426923556456
2014-02-19,1.403040960431099,1.4894076585769653,0.43459197878837585,0.15131287276744843,3.8708786964416504,0.10128962633889482,-0.04009007616302873,-0.5873193175769593,-0.12904025000039,-0.07159105468073768,-0.6878255094526011,-0.2446320997016329
2014-02-20,1.493702471256256,1.5812840461730957,0.47369179129600525,0.14456428587436676,3.895695686340332,0.09999194419446092,-0.051915939105937836,-0.4090747569648556,0.08382007094919075,-0.0758141313207088,-0.2936901581164122,0.21747110335977737
2014-02-21,1.6546034924685955,1.5342530012130737,0.4313143491744995,0.13634413480758667,3.8095040321350098,0.09914312057442079,-0.08749900036548275,-0.3876859780415103,-0.036232881958952134,-0.13928987309518637,-0.02105685136666935,0.3961402563685823
2014-02-24,1.5894025675952435,1.5436912775039673,0.4583081901073456,0.13625425100326538,3.828451633453369,0.09878997473462027,-0.07520614541537429,-0.3331485278030648,0.034769881242421974,-0.10947491989122415,-0.04383559398868897,0.36510836088939413
2014-02-25,1.5264650024473667,1.514941692352295,0.4424366354942322,0.13744881749153137,3.8392467498779297,0.09888205412044541,-0.07477521895175698,-0.38779840189560844,-0.024062269623794208,-0.1147475575545065,-0.132033932027106,0.262932485752291
2014-02-26,1.5762954354286194,1.5403980016708374,0.4552393853664398,0.1375243067741394,3.8542232513427734,0.09890802116664586,-0.06349378572389819,-0.36051513418748016,-0.06449911371754524,-0.09778324372927738,-0.16560403622869657,0.1509045563915059
2014-02-27,1.5251101143658161,1.5467796325683594,0.4678582549095154,0.138901486992836,3.8774805068969727,0.0987528611566905,-0.05265521294760056,-0.2993124132345244,-0.008913110873912444,-0.07831403658300995,-0.1918395824310899,0.10486864501794813
2014-02-28,1.632060594856739,1.5618706941604614,0.4955225884914398,0.13977456092834473,3.8863630294799805,0.09863107783293078,-0.055485967669609115,-0.16815243126584534,0.001729955593781085,-0.0452012965052786,-0.07279278068330086,0.102237388776242
2014-03-03,1.7142807766795158,1.5994852781295776,0.54951012134552,0.13395646214485168,3.9032270908355713,0.09766703920392472,-0.05982946348345353,-0.22334100080862385,-0.09149313042117235,-0.021604144615421594,0.007741568286231626,0.14650367171438106
2014-03-04,1.5999089293181896,1.4542100429534912,0.6162043809890747,0.13263729214668274,3.8718457221984863,0.09847446243749612,-0.11009030919602747,-0.7666267739484773,-0.6646281860159604,0.046600259685272594,-0.22123416366141413,-0.0946509164242979
2014-03-05,1.750730648636818,1.6832069158554077,0.11310247331857681,0.12501150369644165,3.9021332263946533,0.10021091341397212,-0.078890884123201,-1.5258655123139704,-1.2966772348334814,-0.4897252179909519,-0.8920376425228724,-0.5903071553591985
2014-03-06,1.6318737044930458,1.6716243028640747,0.12503696978092194,0.12446325272321701,3.9090845584869385,0.10047064018400935,-0.06605234476111344,-1.5597990785225555,-1.2425730538495685,-0.4310579096297361,-1.0315497146049992,-0.6589241638017054
2014-03-07,1.9674763679504395,1.7689616680145264,0.09638968855142593,0.11745553463697433,3.8635103702545166,0.10118433378444938,-0.09440751605106357,-1.7966582048092121,-1.6702620555920067,-0.43406003061417175,-0.9274807898048536,-0.7528005182215445
2014-03-10,1.6550400368869305,1.7251904010772705,0.08919621258974075,0.12036299705505371,3.8433315753936768,0.10163929785104044,-0.09038279473410338,-1.9352267620046817,-1.5517636624779492,-0.39208116959402584,-1.2186021262101292,-0.7978294222078084
2014-03-11,1.8041575700044632,1.659240484237671,0.0891558974981308,0.1224551647901535,3.8528964519500732,0.10133349881908459,-0.09785216690117071,-1.4093308271553973,-1.3032235504513388,-0.35991333219760224,-0.7264085191162266,-0.5828936616596074
2014-03-12,1.728096105158329,1.6739550828933716,0.10605128854513168,0.1100524440407753,3.8571794033050537,0.0996877644399115,-0.07654701534760733,-1.511845114522778,-1.365500574562354,-0.33216831808891645,-0.8242530194360533,-0.6448043959341803
2014-03-13,2.0591690242290497,1.872788429260254,0.11687956005334854,0.10540179163217545,3.8799386024475098,0.09920638399291574,-0.08412702476535583,-0.9922240963979938,-1.023176384503822,-0.28452716809244366,-0.2665963052107152,-0.23749293963211393
2014-03-14,1.7712669745087624,1.8911892175674438,0.1346268653869629,0.10590994358062744,3.9695725440979004,0.10016000103954563,-0.06127063932744714,-1.1213047924785258,-0.7922651718628586,-0.21158063484729472,-0.6051088843613215,-0.23393086257105544
2014-03-17,1.9294561594724655,1.9030176401138306,0.12632420659065247,0.1044093444943428,3.9372763633728027,0.10008557887345287,-0.06567597351981469,-0.9541476824019846,-0.8116176065271716,-0.20024852964884154,-0.4686723082710742,-0.28944528466576536
2014-03-18,2.001829467713833,1.9669066667556763,0.1603611260652542,0.1032557487487793,3.921283006668091,0.1007229059375198,-0.07572369782728283,-1.0479909640017624,-0.8963136731538057,-0.14432045029831392,-0.5089195771826418,-0.32149144920237127
2014-03-19,1.7755233906209469,1.7457584142684937,0.1768874228000641,0.1073964536190033,3.868001699447632,0.10001797891724948,-0.09671116054821693,-0.954409798089273,-0.8388706835735888,-0.1334677771303988,-0.47619154026324395,-0.3431531863667736
2014-03-20,1.29909498244524,1.433359146118164,0.17595812678337097,0.11575210094451904,3.840236186981201,0.10089889937314221,-0.06737740292306005,-1.4310184026409516,-1.1160515880495048,-0.14329329853057082,-1.2497107363926752,-0.9263439725603284
2014-03-21,1.5940825715661049,1.579564094543457,0.18940086662769318,0.10597754269838333,3.8870491981506348,0.10005235696419977,-0.05450050493823033,-0.9395556858056544,-0.8445817299420142,-0.09224799087271585,-0.7541881829233326,-0.6514282273845389
2014-03-24,1.524706993252039,1.5500792264938354,0.1912647932767868,0.10532102733850479,3.8481037616729736,0.10028694126290792,-0.061128124873131906,-1.1542456153091543,-1.0280209054349,-0.09236860747050368,-0.8979916072745269,-0.7675022009332846
2014-03-25,1.459849040955305,1.491533637046814,0.1587601751089096,0.10619094222784042,3.8403029441833496,0.10104208876753379,-0.09211959131024439,-1.3368446714007085,-1.1967363881045152,-0.11967167258736217,-0.7893836389578404,-0.6572889660244545
2014-03-26,1.6162763312458992,1.5029984712600708,0.1615898609161377,0.10602740198373795,3.845052480697632,0.1011800210012867,-0.08832878332582195,-1.1045053180524391,-1.116751353592207,-0.10669110158772538,-0.5584686964646508,-0.584984478704131
2014-03-27,1.6105488315224648,1.4677013158798218,0.16368494927883148,0.10503527522087097,3.8593266010284424,0.10233400482143246,-0.10995941442974844,-1.2993830093953278,-1.3124293352931815,-0.08466346202770986,-0.4507015744023377,-0.4945655768732351
2014-03-28,1.518765740096569,1.5007145404815674,0.18748922646045685,0.10383975505828857,3.8477823734283447,0.10222690402581111,-0.1079123701982343,-1.3176352890680185,-1.216360305262615,-0.053497669841511386,-0.486371603778462,-0.4148810036177224
2014-03-31,1.7694579288363457,1.5188488960266113,0.18447332084178925,0.10423153638839722,3.874941349029541,0.10199821804422197,-0.09043294700451376,-0.761133489829529,-0.92090532632049,-0.042433815506949024,-0.1599746961079802,-0.341963828699555
2014-04-01,1.6226578429341316,1.5752792358398438,0.2591729760169983,0.10640039294958115,3.8844544887542725,0.10016549021169523,-0.08593574466646725,-0.26470802175342456,-0.2816201243635952,0.025644630715884797,0.07953839023479503,0.05373907059944294
2014-04-02,1.851613625884056,1.6849607229232788,0.38320252299308777,0.10265878587961197,3.8775835037231445,0.1010705649997946,-0.08828911801770523,-0.2828981080044066,-0.41222836146353714,0.1683782186277929,0.16443444013048847,0.02820251552004649
2014-04-03,2.260162189602852,2.0709800720214844,0.2434455156326294,0.10305928438901901,3.874295949935913,0.10100345543615023,-0.0960525000187642,0.1885751408473091,0.03356443766574557,0.019767641450607443,0.6037194246540594,0.4579434184355833
2014-04-04,2.3214532285928726,2.05302095413208,0.31737130880355835,0.1017397865653038,3.8663089275360107,0.10124588977969254,-0.10543184173501086,0.14697375537659596,-0.076615353541996,0.09465703488015698,0.6165840325062675,0.40587877409279116
2014-04-07,2.2540264055132866,2.130150079727173,0.37141433358192444,0.09268717467784882,3.8574421405792236,0.10261245817862592,-0.12761780201296902,-0.38333656127398896,-0.4379970448596424,0.17546539385979154,0.307482923637199,0.2884898945066183
2014-04-08,2.348924182355404,2.1716725826263428,0.3759957551956177,0.09430422633886337,3.8738436698913574,0.10308889028077299,-0.1352897954618888,-0.26059176887456204,-0.33943390893044345,0.17271520598555706,0.3796835172633841,0.31674477174128235
2014-04-09,2.2407639771699905,2.1959891319274902,0.3297383487224579,0.0910119041800499,3.9210898876190186,0.10307184997103756,-0.13321174566273974,-0.2117990947103543,-0.16151789250352877,0.13929988142259042,0.384625748216024,0.4390323335816948
2014-04-10,1.928483821451664,1.9958574771881104,0.3752306401729584,0.08887150883674622,3.8456218242645264,0.10286208336623087,-0.1757896234986256,-0.7859432281486285,-0.630928191570927,0.15539542276756946,0.015141905856662419,0.16143630196304848
2014-04-11,2.182132564485073,2.113811492919922,0.3847750425338745,0.09033679217100143,3.8963701725006104,0.10479777036282645,-0.18792979217172867,-0.7029185525599253,-0.633343119328444,0.18148644928958424,0.17211618221168834,0.2057806700256215
2014-04-14,2.3084330186247826,2.078242540359497,0.4035241901874542,0.09159139543771744,3.934859037399292,0.10458070747570201,-0.16928001365174716,-0.32793643663083216,-0.4346373345818044,0.19977216767176675,0.3308163121071779,0.20738541153249201
2014-04-15,2.252273827791214,2.1315691471099854,0.45247572660446167,0.09324735403060913,3.9477810859680176,0.10503147178628443,-0.17544309993485863,-0.3975994139522534,-0.3743933263271977,0.24273692173322897,0.24884730663988464,0.26098997299044413
2014-04-16,2.123156398534775,2.174985885620117,0.4332582354545593,0.09260982275009155,3.9205241203308105,0.10535139725085635,-0.17987919313109546,-0.6820411816758316,-0.476252600726351,0.203437698591301,-0.04576940025904719,0.15067196030249974
2014-04-17,2.350769020617008,2.1831934452056885,0.4470467269420624,0.0945320576429367,3.9124162197113037,0.10540244546549354,-0.1858203369882827,-0.43686000545439185,-0.4551226749995525,0.20153309849308465,0.19186830360129292,0.15881950807195722
2014-04-21,2.512956313788891,2.139401912689209,0.45656993985176086,0.09679961204528809,3.885580062866211,0.10552248293478723,-0.1879206507940716,-0.3498536441309952,-0.5604515664822056,0.18905666196103493,0.2555578218710828,0.028590903646597
2014-04-22,1.9739360734820366,1.9760046005249023,0.42946895956993103,0.09817449748516083,3.871924877166748,0.10391356209184366,-0.21544057713980647,-0.5606480023982776,-0.42951676933278193,0.1409871309908285,0.10427000116715135,0.22341826696516343
2014-04-23,1.8675750344991684,1.7827800512313843,0.43879613280296326,0.09102414548397064,3.7307050228118896,0.10212846071310454,-0.2806980971793176,-0.8112702240311442,-0.8136513924766025,0.0899279238747237,0.14068199868760445,0.1139747305983203
2014-04-24,1.8379796296358109,1.9247781038284302,0.4553760290145874,0.08120323717594147,3.7749786376953125,0.10132912264945065,-0.2785160236413138,-0.5745588157948447,-0.4540087517069331,0.12706949889371677,0.30753487308749783,0.4063981461495949
2014-04-25,1.706421747803688,1.914360523223877,0.4492000937461853,0.07739897817373276,3.777743101119995,0.10096155762752046,-0.28028413941844876,-0.6067203105698873,-0.3945569978323107,0.11773463200599504,0.21411677247392547,0.399753700328743
2014-04-28,2.0062219500541687,1.792742133140564,0.4332488775253296,0.08106435090303421,3.729654312133789,0.10111215962548961,-0.3104668331296385,-0.3847166193791196,-0.5883550306024361,0.07203837969068355,0.5128202979354732,0.269552361283667
2014-04-29,1.449246559292078,1.541717290878296,0.573439359664917,0.08526186645030975,3.702083110809326,0.09914022714533696,-0.32605900345858085,-0.5625300224594518,-0.480172230692153,0.18539092390709055,0.2836448076080842,0.3397297475854124
2014-04-30,1.5734758004546165,1.5310925245285034,0.5668196678161621,0.08574426174163818,3.6919991970062256,0.09886872664749764,-0.32658421007877014,-0.35975833751289343,-0.41575149061634953,0.1646787913886424,0.414747241038274,0.3273944473122974
2014-05-01,1.3984249718487263,1.3984086513519287,0.7354685664176941,0.08781583607196808,3.511669635772705,0.09549561877753415,-0.3964188795232553,-0.2737595383782079,-0.3321178823591069,0.2319043065911045,0.6159250103877465,0.515331115288344
2014-05-02,1.4305917993187904,1.3933608531951904,0.7406320571899414,0.0884271115064621,3.4695818424224854,0.09512459951466949,-0.4084501232739546,-0.21265274061012462,-0.30081442692713445,0.19986839064364514,0.5518779782574157,0.4311857450446297
2014-05-05,1.502915557473898,1.631758689880371,0.31616708636283875,0.08715096116065979,3.4896934032440186,0.09498760824761633,-0.39771806605525395,-0.04231628730736148,0.0358145340155307,-0.2280751234746119,0.5648600797978478,0.6091082147799352
2014-05-06,1.447449903935194,1.6583428382873535,0.34571903944015503,0.08496762812137604,3.427379846572876,0.0945639095470515,-0.4439582827627697,-0.1410547453184936,0.022387743003024596,-0.21328052363170258,0.49285748939524154,0.6131586913752951
2014-05-07,1.4837670922279358,1.9480687379837036,0.34973588585853577,0.07276379317045212,3.4340946674346924,0.09362017056254318,-0.48873168057084304,-0.004029880037531797,0.33578508513908645,-0.1851781118678677,0.6339132007774442,0.9255269025182269
2014-05-08,1.6140081211924553,1.9372681379318237,0.34775400161743164,0.07121390104293823,3.4213547706604004,0.09408879266672819,-0.5014017067100067,0.024347428622151668,0.2123728818251731,-0.174879030489689,0.5721596530055884,0.7093352402643482
2014-05-09,1.4744554795324802,1.896366000175476,0.338654100894928,0.07156410068273544,3.383882999420166,0.09364579540059031,-0.4953194559020977,-0.0971806611793653,0.17040122730674234,-0.18745862083191123,0.31783229859459006,0.540705251802164
2014-05-12,1.6200633347034454,1.8362064361572266,0.3122170567512512,0.07088471949100494,3.3863847255706787,0.09395355138347525,-0.4935205432542489,-0.0023379547751005703,0.05035436817662564,-0.19594674402684376,0.3356188956135089,0.35293934378468883
2014-05-13,1.768747329711914,2.0802295207977295,0.33254027366638184,0.06669851392507553,3.4291832447052,0.09431521986144212,-0.5388174810945838,0.11419291073777771,0.2497513407485208,-0.1402900293593517,0.5023179594365264,0.5895710394489342
2014-05-14,1.9981943741440773,2.2676100730895996,0.37652090191841125,0.06424162536859512,3.4376728534698486,0.09462744233322623,-0.5400160168343393,0.27974483809044237,0.3650843444435594,-0.08126453549461488,0.6225452803900584,0.6575419350000509
2014-05-15,2.1554114297032356,2.5967535972595215,0.43130984902381897,0.05738399177789688,3.5028936862945557,0.09420440156403066,-0.4882718518594622,0.5093478430602758,0.7174423645653665,0.006119937068653991,0.7455235597547993,0.9133274527250661
2014-05-16,2.283083938062191,2.637667655944824,0.44774872064590454,0.0575430803000927,3.52048921585083,0.09418553382809938,-0.4962647604543635,0.6247503974939175,0.7341496684766842,0.027763493445169096,0.8417592033413861,0.9083526137228555
2014-05-19,2.1981317177414894,2.574531078338623,0.3970182538032532,0.057442545890808105,3.5412023067474365,0.09402184023225654,-0.4712226055365847,0.5454052287647535,0.6628789711391239,-0.017914307668328355,0.7018847519623925,0.7819925568700015
2014-05-20,2.2092733830213547,2.6252477169036865,0.4184570610523224,0.05693024769425392,3.5454394817352295,0.09433640353112166,-0.48432492433178576,0.48641283357701504,0.6468256974132807,0.006425121823925517,0.6325829949574793,0.7526054151908372
2014-05-21,2.415234573185444,2.6699719429016113,0.39571598172187805,0.0554874986410141,3.5610971450805664,0.09429844118829415,-0.460198288657262,0.6686936912892492,0.6560872903712065,-0.011500480658163004,0.7677450228610372,0.7220131905071749
2014-05-22,2.250086262822151,2.7544362545013428,0.4355488717556,0.05423334240913391,3.554563045501709,0.0946721044593543,-0.4883123519817343,0.41735257798564707,0.6627974071533109,0.02967181574724742,0.4996182758144645,0.7057319753728097
2014-05-23,2.5145895332098007,2.801427125930786,0.47056853771209717,0.05436980724334717,3.5652668476104736,0.09452171499160957,-0.48746806559413214,0.6845736832264366,0.6976552169113961,0.06545730881425926,0.7247862962058038,0.6973324488983019
2014-05-27,2.213394857943058,2.7669191360473633,0.45678701996803284,0.056746937334537506,3.566995620727539,0.09467631647632119,-0.47937400759080995,0.3599436602792414,0.6493598703869683,0.04824777076737663,0.3487377478036322,0.5877987441752843
2014-05-28,2.4854793399572372,2.893150568008423,0.47497066855430603,0.05492516607046127,3.56207275390625,0.0954619756542162,-0.4668213336146101,0.5442204849091281,0.6980431457138434,0.07017518603528394,0.5165999118260549,0.632988350666905
2014-05-29,2.057678632438183,2.4037587642669678,0.37773820757865906,0.054208990186452866,3.5271260738372803,0.09415829384997426,-0.5194902538319237,0.16067640951216644,0.21360714582935536,-0.05053206038684299,0.11087836382584548,0.10992534099049944
2014-05-30,1.9357905983924866,2.192888021469116,0.48868703842163086,0.06011929363012314,3.369617462158203,0.09186570665653127,-0.6306487015035456,0.21295105559549476,0.14085334194145105,-0.00630412621080545,0.1489775002834417,0.008383445055970995
2014-06-02,1.836446762084961,2.2803030014038086,0.49911075830459595,0.05924182012677193,3.374574899673462,0.09122833446566246,-0.6302896223138124,0.09790718157398248,0.20158647998212675,-0.00432061014857088,0.027897237077123105,0.06818652454813812
2014-06-03,2.0632533580064774,2.3455300331115723,0.6912433505058289,0.06478358060121536,3.3903069496154785,0.09031948210270989,-0.5715371069081554,0.35329408958300856,0.2856970030640471,0.16759369117376055,0.3062715193603509,0.18902614066146706
2014-06-04,2.0724118500947952,2.5808932781219482,0.22442220151424408,0.06263072043657303,3.3981313705444336,0.0900887994589883,-0.6037474412308883,0.2843050608743469,0.44173406267749993,-0.31607377246012835,0.23897610631612487,0.33626072389058326
2014-06-05,2.1600806266069412,2.6178126335144043,0.22426864504814148,0.0611640028655529,3.4054911136627197,0.08965658231165738,-0.5998313157021682,0.34931696700027937,0.42819448296185403,-0.30029760586456766,0.3013206126771317,0.3226559221361147
2014-06-06,1.9088496714830399,2.308835506439209,0.21456880867481232,0.06701288372278214,3.4189491271972656,0.09050511945208638,-0.5194731260547454,0.09964432524341027,0.1534498464211138,-0.28355071548517463,0.07412508498237358,0.1000027409628732
2014-06-09,1.94826091080904,2.428642511367798,0.2307504415512085,0.06820817291736603,3.424730062484741,0.0898895876284914,-0.5383838403979047,0.15158285870013488,0.26484914718358654,-0.25721011991840403,0.11729232220415176,0.19400432915782373
2014-06-10,2.6770631968975067,2.7546546459198,0.3157229721546173,0.0654737800359726,3.2949912548065186,0.08954676620721441,-0.5984740349432436,0.9264863526191527,0.6164333240671751,-0.18583979480667046,0.9019608858884332,0.5673692592337618
2014-06-11,2.2952422127127647,2.8310985565185547,0.3437613844871521,0.06643547117710114,3.2973222732543945,0.08947553356550936,-0.6070479578190697,0.5025627002110014,0.6659872051097997,-0.14515627367758732,0.4713600856712534,0.6093908068040217
2014-06-12,2.189162865281105,2.605297565460205,0.3546619117259979,0.06833097338676453,3.28587007522583,0.08855118953989191,-0.6250463949700018,0.39809450434215843,0.4146813210544069,-0.13010644807669736,0.3615773980556236,0.34759241248759754
2014-06-13,1.9709189683198929,2.575077533721924,0.31398284435272217,0.06158794090151787,3.3282878398895264,0.08947016625034611,-0.5587894340464901,0.06531525745203903,0.2738161442650222,-0.13612602481371605,0.05653440189774939,0.25730151983588856
2014-06-16,3.143288776278496,3.561689853668213,0.496209979057312,0.04741218686103821,3.4280381202697754,0.08704949311419864,-0.6386456501514162,1.0839891522906342,0.9671806734099766,0.10893822106318873,1.0289988539215038,0.8640240353998401
2014-06-17,2.8437693044543266,3.615345001220703,0.4807412326335907,0.048014067113399506,3.4144058227539062,0.08691625926544298,-0.6580409181220028,0.6930397068129928,0.9227499998401196,0.0855657982100157,0.6287964959318679,0.8254486561468508
2014-06-18,3.0066018402576447,3.5547914505004883,0.5074090957641602,0.04859302565455437,3.4177451133728027,0.08659492318927679,-0.6385840632916409,0.7951603316553424,0.7699941832760695,0.11184474977472969,0.7430514389297902,0.6928640257195937
2014-06-19,2.496164135634899,3.0572431087493896,0.41422584652900696,0.05405866354703903,3.36264967918396,0.08625387160924858,-0.5979237274585603,0.30270817072210754,0.3047474843240279,-0.008923513119147686,0.2956615928614972,0.2946330160465891
2014-06-20,2.4492645785212517,3.2030951976776123,0.47004011273384094,0.05086171254515648,3.2883360385894775,0.08847912130338209,-0.645042987504526,0.31713631841798096,0.5844889791838455,0.026162474888006437,0.29847105335029234,0.5575823766516992
2014-06-23,2.191574104130268,3.2681150436401367,0.498130738735199,0.05128076300024986,3.195702075958252,0.08723252899344039,-0.7040302179720512,0.1060494447978706,0.6553805940486317,0.02201591552938753,0.083486866194459,0.6221572191897673
2014-06-24,2.7151434645056725,3.1516799926757812,0.5380926728248596,0.05427777022123337,3.197134017944336,0.08676546304233342,-0.6670650443645396,0.637697570980952,0.5100470560358854,0.058490949693768945,0.6397910109455922,0.5131818298251067
2014-06-25,2.724978096783161,3.171032190322876,0.5404889583587646,0.05367894098162651,3.221691608428955,0.08708479584965878,-0.6485287029807871,0.5897404470014336,0.4860750437460526,0.06803039377999093,0.5956740888160352,0.4957629452307133
2014-06-26,2.417566493153572,3.238205671310425,0.5658116340637207,0.054910752922296524,3.1781728267669678,0.08658705435489678,-0.7024354533645676,0.2883065333054642,0.5557478354556782,0.07358020403737875,0.27855383758103924,0.5370750936529847
2014-06-27,2.242344245314598,3.0241684913635254,0.5959686636924744,0.060873668640851974,3.161545991897583,0.08484915411200844,-0.6848717395732067,0.11048171261721906,0.2866553002593344,0.09191541474060294,0.1148875957550004,0.29613617902023126
2014-06-30,2.4670724123716354,3.064650058746338,0.5743746757507324,0.06070127710700035,3.168121099472046,0.08482540474330799,-0.6731571352389465,0.3127720566482042,0.2937884649167666,0.07005697682177137,0.3180543819516064,0.3114146215077831
2014-07-01,2.3983083441853523,3.0372402667999268,0.6073675155639648,0.061484843492507935,3.1617915630340576,0.084649754528662,-0.6843489139453109,0.2330093022011872,0.25244449794569057,0.09632878063278916,0.23504380349545695,0.26312942268350614
2014-07-02,2.3167143873870373,2.823432207107544,0.660672128200531,0.06751009821891785,3.215059757232666,0.08274610040247452,-0.5618509848847524,0.06737132586503325,-0.09395542329106554,0.16513316618896617,0.07301226102194969,-0.019192541444670752
2014-07-03,2.8739952743053436,2.988567590713501,0.12548749148845673,0.06899205595254898,3.1307334899902344,0.08236327047018793,-0.5970026436065374,0.7119437255155319,0.16671231364321049,-0.42083750628933103,0.7028406501852618,0.23284805093091876
2014-07-07,3.1751648038625717,3.561119556427002,0.15827792882919312,0.06160593032836914,3.1055896282196045,0.0813822917531746,-0.6932432300985298,0.879658132892529,0.590956916118337,-0.3553431790064391,0.8762594855611852,0.6230528379597908
2014-07-08,3.3052937984466553,3.8364992141723633,0.19665230810642242,0.05960775539278984,3.117196798324585,0.08096815800235689,-0.6242941263370216,0.8971423035709103,0.7546607929291174,-0.28039595692230745,0.8828421389515881,0.8351912272812188
2014-07-09,3.5477491840720177,4.0394110679626465,0.23389866948127747,0.058847613632678986,3.0042054653167725,0.0775151992169805,-0.6237577558611034,1.0207815250246721,0.7572310190089704,-0.24826835218965337,0.9688919883527616,0.8348638332037552
2014-07-10,4.135221615433693,4.559115409851074,0.25620633363723755,0.052246879786252975,2.857593297958374,0.07684191611568089,-0.747605624843602,1.6002724551727097,1.2477976510307665,-0.2548195053795236,1.4991809546073451,1.2447165887192542
2014-07-11,3.940163806080818,4.490845203399658,0.28100869059562683,0.04800332337617874,2.835921049118042,0.07659188127871322,-0.8130717885737202,1.2384704740652648,1.0202002580175185,-0.20782435689307566,1.1394063873479867,0.9870192923690322
2014-07-14,4.1440716832876205,4.507981777191162,0.29715076088905334,0.046257637441158295,2.834986925125122,0.0766055132006752,-0.8329186500621679,1.3277610125479127,0.9336904207369976,-0.17152363927283443,1.2427604219563344,0.9008304712650137
2014-07-15,3.676480546593666,4.6272478103637695,0.3360626995563507,0.03972610831260681,2.8229634761810303,0.07708130636432538,-0.882017867116309,0.7548462604536352,0.9622626211597147,-0.12046727388718292,0.7095943822012529,0.9448075373057154
2014-07-16,3.4291408509016037,4.205743789672852,0.28429561853408813,0.04560639336705208,2.836452007293701,0.077319898573241,-0.8240770752984454,0.5075790174711106,0.5533779117229081,-0.16945409635227016,0.3918088290369992,0.506048544319663
2014-07-17,2.8574709817767143,4.262825965881348,0.29228639602661133,0.046704716980457306,2.817321300506592,0.0775446171006442,-0.8585897877369153,-0.04996678805666921,0.6306928150843909,-0.16298654317379113,-0.09530248717221568,0.6108147541884072
2014-07-18,3.1473037526011467,3.8548061847686768,0.33687809109687805,0.04253057390451431,3.0066134929656982,0.07933266732307268,-0.684734013086878,0.135915377738546,0.10944579569219925,-0.03881788279220555,-0.12269270271253863,-0.010511760484176236
2014-07-21,2.579582393169403,3.611821413040161,0.32761549949645996,0.041870035231113434,3.1074981689453125,0.08028639135237493,-0.6048222241725019,-0.48107031991110905,-0.15627720922239519,-0.011951612805466416,-0.7943945257621285,-0.3038767860534417
2014-07-22,3.161490723490715,3.6888678073883057,0.3243514597415924,0.039872974157333374,3.149444818496704,0.08032116641570125,-0.598032581093223,0.06960637216565413,-0.13004879648083367,0.006291581338820906,-0.16550159679176524,-0.24687217547045393
2014-07-23,2.9995898082852364,3.8974196910858154,0.34321141242980957,0.03422468900680542,3.1510908603668213,0.0791378868562558,-0.5464233893232457,-0.22552237594051494,-0.08778247387259164,0.04825576743462712,-0.5591003841241919,-0.23935024113054482
2014-07-24,3.221557542681694,3.8067374229431152,0.3401232957839966,0.03550848737359047,3.1615970134735107,0.078975741056672,-0.5426256759237673,0.0006027307177278729,-0.18257088256572018,0.04732405134589668,-0.24521788663496213,-0.2943362583111444
2014-07-25,2.79400971531868,3.6983537673950195,0.34969717264175415,0.03807397186756134,3.142380952835083,0.07934011924766632,-0.5579662393599865,-0.3630185960555803,-0.1997951910284037,0.03747215021134942,-0.5612128604739341,-0.2794696181007046
2014-07-28,2.838710606098175,3.5797057151794434,0.3655603229999542,0.03764389827847481,3.245631694793701,0.07969222200126332,-0.4893354441114217,-0.35351138136088434,-0.3476195738825556,0.08797215786953771,-0.5354354254847413,-0.4246192391159678
2014-07-29,3.00519385188818,3.608342170715332,0.36337900161743164,0.03879667446017265,3.254302740097046,0.0794618787062776,-0.48154828915759107,-0.16618858408399362,-0.29328292360501873,0.08345474084339066,-0.30721895382015596,-0.34887486896611986
2014-07-30,2.9441099241375923,3.564056634902954,0.3833361864089966,0.03868981823325157,3.2327632904052734,0.07946758765731603,-0.4851059111648097,-0.18835769252818668,-0.29194560012491344,0.08817905149555805,-0.3177235601030066,-0.3335854157453291
2014-07-31,2.6096957474946976,3.398383140563965,0.3688483238220215,0.043615471571683884,3.21750545501709,0.08010175349332745,-0.46353901513754847,-0.42553970747311,-0.3281072959566851,0.049890535865344754,-0.5526591113637522,-0.3575984056364696
2014-08-01,2.3380587995052338,2.5355238914489746,0.40209001302719116,0.07531698793172836,3.12336802482605,0.08287828222559596,-0.41467795877288016,-0.31729926696358657,-0.6682100011627634,-0.0029815927879291992,-0.4537184268305694,-0.6900653401024215
2014-08-04,1.6486236900091171,1.6702133417129517,0.2098395675420761,0.07624665647745132,3.1724581718444824,0.08260488178719744,-0.40174647675100905,-1.0272190530559362,-1.5410810907006551,-0.1701071283813983,-1.1158730672474135,-1.519688411906949
2014-08-05,1.6704078428447247,1.5661624670028687,0.21493679285049438,0.07926661521196365,3.2318031787872314,0.08306629192227052,-0.36280517766118203,-0.9575863057793201,-1.557078564695713,-0.15259730789411696,-0.9932464567303159,-1.4745465620451599
2014-08-06,1.6469963118433952,1.5975658893585205,0.2864468991756439,0.08394431322813034,3.281559944152832,0.083334723212753,-0.317445127967221,-0.9315534070653415,-1.4296257443081988,-0.06540124724889795,-0.9193681768739346,-1.280405493636839
2014-08-07,1.8161261416971684,1.6800110340118408,0.3055438995361328,0.07950009405612946,3.2125742435455322,0.0824555505118316,-0.29877927958047623,-0.7691377638232177,-1.3758701043320887,-0.054725601111734856,-0.6825385744139147,-1.0459436694204998
2014-08-08,1.5262217596173286,1.6039906740188599,0.32825538516044617,0.08086468279361725,3.2359049320220947,0.0820674081370167,-0.293932871606875,-1.0551764240772572,-1.4257608524955332,-0.019317097209257228,-0.8869110996316731,-1.0200417574542229
2014-08-11,1.671718254685402,1.690996527671814,0.41885969042778015,0.08258360624313354,3.2522122859954834,0.08180555814535768,-0.283435788629282,-0.8747021608222445,-1.2795636418445149,0.08375269052945578,-0.6833634818492262,-0.8721670957184298
2014-08-12,1.732870977371931,1.6948188543319702,0.4442209303379059,0.0821879431605339,3.2501542568206787,0.08145848695026911,-0.2552457485518518,-0.7885684399214661,-1.2351322901072699,0.11311422558918388,-0.5486813062952889,-0.7486423008615013
2014-08-13,1.925426360219717,1.699042558670044,0.42454153299331665,0.08393342047929764,3.220414638519287,0.08141851627185079,-0.2650705910465576,-0.5236449477041791,-1.1312626198130378,0.0860009938398002,-0.26293821985037535,-0.6148251298663787
2014-08-14,1.5786449238657951,1.6158123016357422,0.42819976806640625,0.09004396945238113,3.2353978157043457,0.08179739933485265,-0.2527080071138508,-0.7719407225688792,-1.047032852532773,0.09242475612019302,-0.5411788530809654,-0.5815335638039301
2014-08-15,1.8448329903185368,1.6740398406982422,0.47234582901000977,0.08578365296125412,3.176201343536377,0.08254300532463624,-0.2954104692579387,-0.45005523629725097,-0.9528561271505511,0.11504723878992434,-0.15861818188157706,-0.37498466930637697
2014-08-18,1.7045591473579407,1.6630033254623413,0.4466492831707001,0.08846278488636017,3.1890625953674316,0.08240524543387617,-0.2632137261185059,-0.5519709357666205,-0.8739792792637742,0.0946117675708712,-0.2520476555637483,-0.288254883289758
2014-08-19,1.621528197079897,1.6400114297866821,0.4295358955860138,0.08556301146745682,3.2644739151000977,0.08333525310134954,-0.22190441858060694,-0.6409170479581965,-0.8916205534310411,0.08703847901662148,-0.34630942604233006,-0.31590174351899414
2014-08-20,1.743470847606659,1.6564924716949463,0.43485721945762634,0.08188823610544205,3.2592451572418213,0.08320339441608382,-0.20961610086561566,-0.5423203785140731,-0.9089930378943913,0.09038689015768187,-0.19509443236817425,-0.2552274164372328
2014-08-21,1.7635566219687462,1.450487494468689,0.39479929208755493,0.08396442234516144,3.232347011566162,0.08210358687957309,-0.21179871277082674,-0.49501275785593934,-1.0565628738079749,0.05668341174985303,-0.1704268138514271,-0.4604781985141084
2014-08-22,1.6879987940192223,1.4863581657409668,0.39920902252197266,0.0849941298365593,3.203190803527832,0.08175955632253315,-0.22323012500571826,-0.5266505493898022,-0.94814190878978,0.05933819310435917,-0.20927574442055885,-0.357723430918373
2014-08-25,1.6249054186046124,1.5075974464416504,0.3981386721134186,0.0848802924156189,3.194401979446411,0.08175900295633104,-0.21646964518194167,-0.5610028836570096,-0.877204463715044,0.058675312934031776,-0.2254527577388492,-0.2564171570496523
2014-08-26,1.6419124007225037,1.5014874935150146,0.39120879769325256,0.08465010672807693,3.190211772918701,0.081715888288863,-0.22297946976529248,-0.5200845632435271,-0.8404628926537159,0.0534876181899781,-0.199450356660833,-0.25877329538546334
2014-08-27,1.4953902438282967,1.580427646636963,0.3944146931171417,0.08293366432189941,3.202301502227783,0.08140269678401915,-0.22938086995709095,-0.6820632065274399,-0.7718184822304295,0.06334554247266266,-0.40414633989722937,-0.27451903816742806
2014-08-28,1.7256808243691921,1.5731239318847656,0.4096944034099579,0.08262073993682861,3.224067211151123,0.08110720862013499,-0.19877435642786034,-0.4445665927185196,-0.7545311637526497,0.09020786199539299,-0.16044834649386264,-0.26663840160957264
2014-08-29,1.7038995325565338,1.5762375593185425,0.41277235746383667,0.08247892558574677,3.2393798828125,0.0813075996044556,-0.1873757227848647,-0.4412464649009644,-0.7005099387666096,0.10049622590769797,-0.17147811400942548,-0.24273781688960305
2014-09-02,1.7885213494300842,1.778917908668518,0.42292192578315735,0.07692962884902954,3.2161152362823486,0.08001652016462345,-0.24225006627975776,-0.43400709430499873,-0.6149347612616247,0.11567834831107493,-0.258459774725206,-0.3200415352843553
2014-09-03,1.3958962336182594,1.623067855834961,0.26385363936424255,0.08216187357902527,3.2484519481658936,0.08220707333046831,-0.11337203257626305,-0.6844240577989229,-0.5574015176775777,-0.03844325449288288,-0.24342097666995954,0.17169131892618417
2014-09-04,1.7204457372426987,1.7789630889892578,0.34893324971199036,0.08438660204410553,3.3458027839660645,0.08219092818435379,-0.04224881172289052,-0.3172310272295191,-0.2993252175246006,0.07838864647972715,0.026886585769014815,0.2387131948364587
2014-09-05,1.6168860495090485,1.477307915687561,0.41795456409454346,0.09115346521139145,3.315359354019165,0.08412039053019203,0.015654809662498215,-0.24014913333139676,-0.3460983813275824,0.12790184094072643,0.3034831856370559,0.47172398288129
2014-09-08,1.565515749156475,1.4721015691757202,0.41286709904670715,0.0896410197019577,3.311781644821167,0.08445595445725088,0.00358921112476851,-0.29807142238693407,-0.3771847993917241,0.10749342618830993,0.20789854878476977,0.38941757254245957
2014-09-09,1.3231183141469955,1.2212642431259155,0.29630887508392334,0.09390220791101456,3.2108523845672607,0.08293698028123114,-0.04099753789691585,-0.4182839132248328,-0.44213704470393234,-0.020059093074112244,0.0004878062171842501,0.1789520087842682
2014-09-10,1.046895768493414,1.2223718166351318,0.3310449719429016,0.09895876795053482,3.255002737045288,0.08380251285569067,-0.05516338067716253,-0.5544710446597731,-0.21540052662776565,0.021283197383357155,-0.3147026511652298,0.13374254876191216
2014-09-11,1.3323245868086815,1.3060684204101562,0.3876400291919708,0.09768202155828476,3.1967852115631104,0.08451621841378643,-0.0639215198080163,-0.24349572091626026,-0.16104341264201727,0.048767111429232235,0.14465408135940105,0.3812724666549663
2014-09-12,1.1956982985138893,1.2980778217315674,0.3780248761177063,0.09696556627750397,3.182068109512329,0.08463471914352598,-0.07265054322173592,-0.3765538650824336,-0.1858952431339591,0.029950463797083715,0.0016152194060756742,0.337881189272462
2014-09-15,1.5310444980859756,1.4659119844436646,0.4975690543651581,0.09964233636856079,3.099398136138916,0.08643621262677763,-0.12736988349071465,0.0694319567056998,0.05534150456436304,0.11937337209224574,0.5411910037733998,0.6705507551370271
2014-09-16,2.0493232682347298,1.8742185831069946,0.890322208404541,0.10637854784727097,3.2540981769561768,0.08430835361678514,-0.017694408789156624,0.6970602859525115,0.7688385698744917,0.5644739612324974,0.8181764850930513,0.9262158353201215
2014-09-17,1.500058513134718,1.572839617729187,0.7090726494789124,0.10922928154468536,3.2682712078094482,0.08538878765711051,-0.02439812454705015,0.179535978850609,0.5268320843668661,0.34741879500939216,0.2646865921412127,0.6376845759528313
2014-09-18,1.5516248010098934,1.6254973411560059,0.7566331624984741,0.1083185225725174,3.2809088230133057,0.08583506902996503,-0.008936694747258667,0.20607788133720284,0.5263160195517118,0.3722044598994856,0.32032514866014594,0.6716457441796981
2014-09-19,1.687942035496235,1.534041166305542,0.6947512030601501,0.10737341642379761,3.2287633419036865,0.08607236774133036,-0.05714880226051555,0.3134728465878327,0.35701765045097167,0.27215023777285774,0.4409779885652929,0.510018119841571
2014-09-22,1.377929788082838,1.4757466316223145,0.6453673243522644,0.10294902324676514,3.2114408016204834,0.08652677519160756,-0.08218880735795886,-0.11359545782143199,0.10001634052286468,0.20232154598962926,0.07070496465097253,0.3169532222923088
2014-09-23,1.5877579599618912,1.492685079574585,0.6979027986526489,0.10782283544540405,3.261303186416626,0.08732040117859785,-0.08822158291689242,0.21205443009440028,0.3094739637301709,0.24496423670652756,0.2748934372795748,0.3808467249251368
2014-09-24,1.5796700045466423,1.6641628742218018,0.7726891040802002,0.10591558367013931,3.3212807178497314,0.08764011468802846,-0.0529052969050432,0.15459175406233427,0.44172046882767235,0.32006265996494876,0.22324968349959828,0.5180917490821022
2014-09-25,1.5272523872554302,1.5188899040222168,0.7410350441932678,0.10443835705518723,3.32616925239563,0.08827496269815036,-0.08815278570747198,0.06544381701892554,0.22213845920439157,0.27127035371263786,0.11905714248674659,0.28060943501558544
2014-09-26,1.553575474768877,1.5849614143371582,0.7090882658958435,0.10423295944929123,3.411961555480957,0.08975223731765576,-0.07737344203074437,0.09111290284511808,0.31470737848932995,0.23782334073339234,0.10845945235197352,0.3334223024495877
2014-09-29,1.52193121612072,1.5758841037750244,0.7332473397254944,0.10480236262083054,3.4663357734680176,0.09036139237028618,-0.07641754744410423,0.07399019052643618,0.3551306913553707,0.25839921043769853,0.03628470593396216,0.3149037237840524
2014-09-30,1.9861937575042248,1.6229734420776367,0.7366905212402344,0.10523103177547455,3.473555326461792,0.09046112033831735,-0.06545562500339219,0.5537100471346936,0.4196970835406977,0.24795555447164463,0.5198624156344351,0.38336218765541563
2014-10-01,2.213155746459961,1.8416814804077148,0.9026497006416321,0.10613610595464706,3.413144588470459,0.09205340166879138,-0.0559396966949377,0.7763219239583266,0.5724141253459827,0.37728698120989,0.8931836963444084,0.6921030217692681
2014-10-02,1.8243975825607777,1.5128053426742554,0.2313385009765625,0.10229533910751343,3.4509506225585938,0.09311537111100854,-0.06553699945306657,0.286074179064741,0.10507360368628804,-0.29558305972315235,0.41820979789843804,0.24127898843450435
2014-10-03,1.901959117501974,1.5406187772750854,0.2527103126049042,0.10213447362184525,3.449099540710449,0.0931782672724343,-0.0493170240138574,0.36342053070400837,0.1344713952958645,-0.26998910103415286,0.4987913029614588,0.27532287593401916
2014-10-06,2.3107642978429794,1.910333275794983,0.3849956691265106,0.09854833036661148,3.512329339981079,0.09514868104866255,-0.04869419246125184,0.7067324581108934,0.402739779543964,-0.12368159313564331,0.8492569285075611,0.5572195747624566
2014-10-07,2.595351815223694,2.153683662414551,0.5685103535652161,0.09849525988101959,3.5255353450775146,0.0964578850338349,-0.02667262102510959,0.9725417982212863,0.6164522933125349,0.05743716477148175,1.12952390747111,0.8007391081281454
2014-10-08,2.7355775833129883,2.315429210662842,0.607251763343811,0.1011345237493515,3.658550262451172,0.09711606498230729,0.018102396111012276,1.246989838120116,1.048940385317521,0.09373313339072498,1.2985214752964436,1.1229736441445057
2014-10-09,1.6130967810750008,1.7135229110717773,0.5092265009880066,0.10559666156768799,3.5772645473480225,0.09958805690474777,-0.05871293032535574,0.08467432323784019,0.36491182596817184,-0.038061028854784795,0.12594392370064122,0.43702829264700105
2014-10-10,2.0611090175807476,1.5491293668746948,0.42321234941482544,0.1209012046456337,3.5555710792541504,0.10240669396446418,-0.10994553400178586,0.7706510290524764,0.5646358310212829,-0.17861795866373698,0.7765098136871198,0.5742248222731634
2014-10-13,1.4865475706756115,1.250234603881836,0.44473996758461,0.12516328692436218,3.504770040512085,0.10211722684907124,-0.1843874295318657,0.1644885495814643,0.2835677662223972,-0.15194948855285484,0.146509557567869,0.2531706427082263
2014-10-14,1.6238183863461018,1.3571659326553345,0.5507939457893372,0.12315359711647034,3.44610333442688,0.10220224564964482,-0.19082354834088844,0.17309870901453772,0.16888218343330497,-0.019897593467367636,0.1777495686484467,0.1772524112079108
2014-10-15,1.628957960754633,1.2450110912322998,0.6057684421539307,0.11597879976034164,3.38443660736084,0.10397451621110997,-0.2226701361508765,-0.12860058143969777,-0.4411059457937756,0.06144576151189718,-0.09513636690601146,-0.37285257044450826
2014-10-16,1.3783710524439812,1.1723237037658691,0.6065829992294312,0.11294662952423096,3.336949348449707,0.10501516346477896,-0.2628738623592042,-0.5169450095638988,-0.6972912990350384,0.062628650339555,-0.4778681536540752,-0.6079446231449039
2014-10-17,1.3149614073336124,1.0841337442398071,0.6178156137466431,0.11067593097686768,3.3111765384674072,0.1057851568868681,-0.26799993474931005,-0.5876974554354772,-0.823375589915595,0.06927117269438288,-0.5349684751130124,-0.708888994114697
2014-10-20,1.365706991404295,1.2115153074264526,0.7446100115776062,0.11016855388879776,3.3313186168670654,0.10635180359557161,-0.26182104558816,-0.421121191919418,-0.5426293517696688,0.18261575037490052,-0.3673215337974014,-0.4261622374458294
2014-10-21,1.2222844250500202,1.1582235097885132,0.7893721461296082,0.11614770442247391,3.351442813873291,0.10695636950857422,-0.29098138023480447,-0.3680999176530033,-0.2913614289414679,0.18198720384602707,-0.350393285633972,-0.25125864485203464
2014-10-22,1.5666029527783394,1.3655575513839722,0.9449350833892822,0.12140174210071564,3.5101821422576904,0.10934644414326342,-0.24567833992585575,0.30328472116715366,0.3738639577621141,0.28851230928759897,0.30028205163548494,0.3671184735208213
2014-10-23,1.692528497427702,1.3946690559387207,1.0023036003112793,0.12730304896831512,3.5477640628814697,0.110340846851074,-0.2475869101526087,0.5549128901173332,0.6174730195704972,0.2960413535606772,0.5355055229026142,0.5739512247455878
2014-10-24,1.9307826533913612,1.436388373374939,1.0108590126037598,0.1255405843257904,3.6410865783691406,0.11147130646650269,-0.21403009167449594,0.8178692745754956,0.700199634369441,0.27837182456211806,0.7988384463938145,0.6608080792874984
2014-10-27,1.525337591767311,1.4126232862472534,0.9894068241119385,0.10869494825601578,3.5417182445526123,0.10911131581879477,-0.21392209315126998,-0.06596288585034626,-0.07302583084985681,0.29207526648019877,-0.020871793343660627,0.011988839823714015
2014-10-28,1.7924938090145588,1.4362670183181763,1.0376306772232056,0.10918031632900238,3.5148508548736572,0.10885240447985216,-0.24349396701534332,0.17890087238508556,-0.07566665045361054,0.31942389404296234,0.21562965469265327,-0.009540266716080659
2014-10-29,1.950846616178751,1.3522179126739502,1.012763500213623,0.10750572383403778,3.5213210582733154,0.10991211705889413,-0.24353022890861187,0.2774200961718587,-0.2373168990640151,0.26796081142765793,0.3215951200872178,-0.15224226347693848
2014-10-30,1.6622132286429405,1.4116439819335938,1.1333001852035522,0.10324424505233765,3.4729061126708984,0.11060570747076287,-0.2972741977001483,-0.2085621230988166,-0.4364258325578043,0.36971939459475156,-0.15141706410477274,-0.317621344327756
2014-10-31,1.2920460738241673,1.374837040901184,0.1457851678133011,0.10285333544015884,3.475804328918457,0.11052631393191419,-0.29029730802646747,-0.5688593310884835,-0.4488982721979742,-0.642112850424124,-0.5015318575634933,-0.31654249032856185
2014-11-03,1.6726591810584068,1.5408859252929688,0.19899913668632507,0.09953921288251877,3.53226375579834,0.1117652813379458,-0.26915170819646494,-0.1616829408683904,-0.2931653414016191,-0.540940812033958,-0.06101520213748235,-0.12334241262269852
2014-11-04,1.4422974921762943,1.637009859085083,0.1921146661043167,0.09823314845561981,3.5257999897003174,0.11213747447574553,-0.2605405266585503,-0.43026230600797977,-0.2498514546405004,-0.5127092000596603,-0.3025549224117201,-0.045551660501577995
2014-11-05,1.8583386614918709,1.7162145376205444,0.23810742795467377,0.09708388894796371,3.5431981086730957,0.11245815030603655,-0.26197394601921187,0.00011815388442681929,-0.1751885671314004,-0.4308912038448105,0.14076249714360145,0.02563014114212603
2014-11-06,1.857784241437912,1.7510504722595215,0.3150872588157654,0.09347695857286453,3.5469086170196533,0.11360751641036279,-0.25483955443660844,-0.0986219774379653,-0.28716080184116466,-0.3219556751651551,0.08115771027626639,-0.02745572682276398
2014-11-07,1.9113691411912441,1.8080253601074219,0.34262412786483765,0.0881485715508461,3.5456347465515137,0.11357166897386038,-0.2567725338168121,-0.15846110577072103,-0.402794319376643,-0.2560964247590949,0.050959979602430705,-0.09749807304978031
2014-11-10,1.6056902520358562,1.6485081911087036,0.2580471634864807,0.09401270002126694,3.5306015014648438,0.11485519298791748,-0.22482194701250302,-0.393872602084526,-0.4132575398675695,-0.3488205316960329,-0.1920644030927776,-0.11117076464848807
2014-11-11,1.6093018762767315,1.657071828842163,0.25906306505203247,0.09370013326406479,3.5577173233032227,0.11545950107433371,-0.1961565849501754,-0.355311205363108,-0.36354131876052476,-0.32667851611782595,-0.13184941488433477,-0.042088639981656906
2014-11-12,1.5135180056095123,1.631682276725769,0.2431081384420395,0.09593505412340164,3.5125696659088135,0.11530625758973367,-0.21729308336595388,-0.43997096552871806,-0.37034588049273953,-0.32494549612078893,-0.23638217089623081,-0.08455112489110861
2014-11-13,1.4061786457896233,1.6022334098815918,0.23693490028381348,0.09638715535402298,3.497976779937744,0.11534519836446407,-0.22659002683436857,-0.5283392873758652,-0.38708014413930725,-0.30870240185109266,-0.33426449401164815,-0.12278302511454497
2014-11-14,1.740267463028431,1.6421246528625488,0.29433396458625793,0.09557623416185379,3.5011422634124756,0.11635298196610949,-0.2360269778155588,-0.18639894006282254,-0.3683043195578435,-0.22694498365001614,0.013745505048452955,-0.10544265851509449
2014-11-17,1.9276791289448738,1.772491455078125,0.2821519076824188,0.09473159909248352,3.4886491298675537,0.1177909177343515,-0.21216226102815994,-0.03579487271879156,-0.29398631255896435,-0.2161762803082985,0.20829834316106544,0.030777602725121422
2014-11-18,1.7502528727054596,1.7731629610061646,0.2898702025413513,0.0954333171248436,3.4774038791656494,0.11787042939437942,-0.2165681125097696,-0.21019897457782144,-0.26773977193530607,-0.19300836909704422,0.005227093231189528,0.027655475846843247
2014-11-19,1.9852301478385925,1.6968650817871094,0.319029301404953,0.09470955282449722,3.4572246074676514,0.11833931558382604,-0.23728386147628422,-0.0006712658434957497,-0.38960642849491034,-0.1420232916945144,0.20179618453394332,-0.11295134107722404
2014-11-20,1.7772197648882866,1.61270272731781,0.291782408952713,0.0967639610171318,3.433117628097534,0.11875377108428678,-0.24349954986529654,-0.19778174233362678,-0.41985403415414124,-0.16103379191830808,-0.02218858442005578,-0.17031414966726155
2014-11-21,1.68940419703722,1.5965442657470703,0.28447940945625305,0.10138175636529922,3.4261348247528076,0.11947585575298998,-0.24527030143638773,-0.1970464739956932,-0.2733356421898141,-0.17206642630453373,-0.06461888056086385,-0.08286062221004609
2014-11-24,1.760875541716814,1.6535868644714355,0.3282220661640167,0.10531580448150635,3.42507004737854,0.12037532054491704,-0.28423407184883587,-0.04428203006396658,-0.08225963622414145,-0.12925627748127405,0.01733752887195017,0.006187131523166078
2014-11-25,1.5945774875581264,1.6163887977600098,0.3399062752723694,0.10354823619127274,3.3974406719207764,0.12048429625158942,-0.29609095998370094,-0.2709083887913899,-0.21369464051981346,-0.09532082950615839,-0.19604483034817055,-0.10626226528041705
2014-11-26,1.777712769806385,1.6789014339447021,0.3744810223579407,0.0993485078215599,3.4256675243377686,0.11944000451020184,-0.2928205454977424,-0.11123704341082497,-0.21835154355764508,-0.046785119382824814,-0.023756244381142988,-0.0936196337291142
2014-11-28,1.6991101652383804,1.6698853969573975,0.40229925513267517,0.1007150262594223,3.4286110401153564,0.1189295874268221,-0.2882168191183505,-0.15086676006065836,-0.15973581665459236,-0.02484874410392557,-0.07839219918894158,-0.05647923100276886
2014-12-01,4.084041841328144,3.443859100341797,0.7945984601974487,0.08766470104455948,3.127718687057495,0.12648343448853597,-0.2809476147732648,1.6718928046460206,0.7095028775668522,0.5283095399350647,2.1125258601066355,1.3264425890169163
2014-12-02,3.690702311694622,3.8215315341949463,0.5138320326805115,0.07940710335969925,3.057971715927124,0.13025693166444915,-0.28383375047648296,0.6628124726090281,0.5186767081603652,0.19591716995784442,0.9787650441774662,1.111775320959353
2014-12-03,4.2227873504161835,3.492007255554199,0.4957200884819031,0.0780709981918335,3.096784830093384,0.1318182813506901,-0.25650602168422054,1.058202024409745,0.06386298438709082,0.1492346207922568,1.2670476127012718,0.5044445227782552
2014-12-04,3.822543889284134,3.486255645751953,0.5061371326446533,0.07651486247777939,3.064420700073242,0.1315959477758526,-0.2776869133449895,0.4077849939930003,-0.04619500033069768,0.1436268567549558,0.5122874094898116,0.2981248018366047
2014-12-05,3.0214744061231613,3.478817939758301,0.5119652152061462,0.07689757645130157,3.0929832458496094,0.13122439558313298,-0.2544228678227132,-0.38958175958238117,0.01837170722644821,0.1289250215729686,-0.3137276428467244,0.3178969799248357
2014-12-08,3.0768050476908684,3.3720970153808594,0.49684858322143555,0.07797663658857346,3.0931663513183594,0.13157940865771045,-0.2588174654961246,-0.2662692276735701,-0.05803101536219435,0.09661167419063144,-0.18814175646229936,0.18716105687114926
2014-12-09,3.1229180842638016,3.3876564502716064,0.4257810711860657,0.06988609582185745,3.238295555114746,0.13120942349419493,-0.19073990468192137,-0.15102794702926525,-0.11366954864291845,0.050318571540033274,-0.0452224681613318,0.2096896484147801
2014-12-10,3.358167737722397,3.436643600463867,0.4275546669960022,0.07292968779802322,3.2191312313079834,0.13191990561710476,-0.1907398326387828,0.11988569369961599,0.012392846745488129,0.03538065639639976,0.21540709971099936,0.2814701968899267
2014-12-11,4.245884373784065,3.7357187271118164,0.4120367169380188,0.07852787524461746,3.3468644618988037,0.1335296231171271,-0.14938864742497082,1.2662804932372564,0.6518992139928383,-0.001878220560790289,1.3480879878847993,0.8832887154047482
2014-12-12,3.9619095474481583,3.697312593460083,0.40575727820396423,0.07842828333377838,3.341881513595581,0.13355856492308446,-0.1578662948222811,0.884351478598616,0.5568272055321897,-0.0083520146388249,0.9314126058090566,0.7483722056228932
2014-12-15,4.396431729197502,4.045016288757324,0.4694913327693939,0.08218967914581299,3.5115206241607666,0.1350843774498231,-0.06735293422139987,1.5692446916317513,1.216987907385279,0.050436380698160976,1.5944862130459612,1.4104406379637102
2014-12-16,3.74353089928627,4.128820419311523,0.5315263867378235,0.09015354514122009,3.5622358322143555,0.13657290899188948,-0.059121962218091406,1.036787031965742,1.555798629721005,0.08386576497571752,1.0236599176646886,1.6630986871851685
2014-12-17,4.760958567261696,4.428575038909912,0.5317137837409973,0.08705636113882065,3.553128242492676,0.1370846733119459,-0.05029228672514652,1.9019433085302686,1.6317848993031365,0.09816117842057387,1.8688902254251158,1.7227339617310773
2014-12-18,6.547400861978531,5.9821295738220215,0.7690600752830505,0.09228230267763138,3.823486566543579,0.14085429849579767,0.049623136045322536,3.9311189698070694,3.5192582754740385,0.3342823685626554,3.8738193864014083,3.5815862727796617
2014-12-19,7.228243499994278,6.4972243309021,0.8831239342689514,0.09048289805650711,3.837949514389038,0.14251445937461885,0.025876648624429954,4.040102934732164,3.5045506106744995,0.4238491387587981,3.9635196979865306,3.5203635971444394
2014-12-22,7.279991015791893,7.1095170974731445,0.9448246955871582,0.09367778897285461,3.7653541564941406,0.14409320717513951,0.002734449090131874,3.678420656657943,3.804308345931549,0.4280527715021256,3.6084307223412697,3.7995724522902434
2014-12-23,6.790237829089165,7.2138166427612305,0.9894760847091675,0.09117397665977478,3.7382071018218994,0.1451730877183107,-0.0015228054027345284,2.76509652434621,3.445754070483109,0.450102228329042,2.6753556342402263,3.4266875472821217
2014-12-24,7.423556491732597,6.767086029052734,0.9609232544898987,0.09008534997701645,3.7284908294677734,0.1467856290142196,0.01751341941604434,3.0875165204276804,2.627285580517163,0.39359374606216946,2.9707900733993196,2.5896991821450204
2014-12-26,7.73982447385788,6.70584774017334,0.9453094601631165,0.08829186856746674,3.7547760009765625,0.14609224835871645,0.026406651293238936,3.0980034182129375,2.278896049806508,0.35577397184421855,2.9698328315001223,2.2277571021446754
2014-12-29,8.162101671099663,7.152460098266602,1.0071380138397217,0.09114941954612732,3.7264657020568848,0.14501487815152556,0.024171679708677618,3.499797852159153,2.7856497580970547,0.3879705378437247,3.3737058926492383,2.728198695312808
2014-12-30,6.9009014666080475,7.160850524902344,1.0534318685531616,0.09130892157554626,3.7430307865142822,0.1449268257845503,0.029541441896503207,2.0123355767501057,2.6170867200219163,0.4085317454303383,1.8811162597237754,2.55102364924448
2014-12-31,7.259536430239677,6.867176532745361,1.074658989906311,0.091771200299263,3.7364697456359863,0.14405352015050285,0.03358939144762685,2.324768163329212,2.242143345978713,0.40778619972526386,2.1873322641246347,2.1646195852684427
2015-01-02,6.251357585191727,6.23898983001709,0.11117298901081085,0.09467686712741852,3.735492706298828,0.1440165911313258,0.03396636657192398,1.3369804366399416,1.6675392558280624,-0.5857450481978776,1.2156513978780703,1.5946972056392426
2015-01-05,7.834113046526909,6.115993499755859,0.097286656498909,0.09484059363603592,3.63444185256958,0.1435267558342459,-0.006892455936915676,3.0875170961911103,1.6734538764533395,-0.5523123259826711,2.9604444097810214,1.5940102059986652
2015-01-06,6.954474031925201,6.408279895782471,0.17210282385349274,0.08710378408432007,3.749873161315918,0.1445106416130163,0.035340037301065164,1.4188924889914096,1.189012193248331,-0.45024318982463263,1.2229221107109804,1.063869421429045
2015-01-07,8.023405387997627,6.856046199798584,0.27294138073921204,0.07552658766508102,3.810394287109375,0.1440813293263184,0.061290084232983766,1.7254360851475798,0.7900681371228284,-0.2915052837687391,1.4236822412650998,0.5898200648347895
2015-01-08,7.936635687947273,7.6788458824157715,0.25505417585372925,0.07832898944616318,3.9020562171936035,0.14373882632049922,0.11846941230704344,1.4314595848656264,1.5350905823497643,-0.3053668496808084,1.10621178871025,1.31779355500937
2015-01-09,8.288723766803741,7.620265483856201,0.31961295008659363,0.07981089502573013,3.9792771339416504,0.1441916608086077,0.12704349184846975,1.4448095554941371,1.1771670748332959,-0.2245583889320124,1.177608863071363,0.989514625796339
2015-01-12,8.437455847859383,7.362747669219971,0.296943724155426,0.07943367213010788,4.002212047576904,0.14407566410528458,0.13172343162501055,1.309795486795604,0.6701513431829369,-0.2246482353021888,1.0290804417000983,0.4666980731451149
2015-01-13,8.16558988392353,7.556685447692871,0.36470818519592285,0.08006717264652252,4.063048839569092,0.1445223458341508,0.13347979116336428,0.6471050309747239,0.5828895438266821,-0.13944317941948925,0.4218834017319386,0.41780661329922975
2015-01-14,7.510730788111687,7.401505470275879,0.3570042550563812,0.08108632266521454,4.070240497589111,0.14403673030797165,0.12696248589685444,-0.07243238218349557,0.3737801941816201,-0.1396955070189984,-0.2819316188763423,0.214426405426261
2015-01-15,7.236125260591507,7.07112455368042,0.32730889320373535,0.08021144568920135,4.035253524780273,0.14481862782753543,0.08492598153894615,-0.3405558010436849,-0.01529103763240336,-0.15523395685245184,-0.47787815173536785,-0.12284451794304552
2015-01-16,7.586698085069656,7.079967498779297,0.5173444747924805,0.07575203478336334,4.104106903076172,0.1465793492692276,0.09171045504852615,-0.5814813737502575,-0.6504854809716027,0.06933474483560437,-0.7330859403156467,-0.7761727595983086
2015-01-20,6.375445321202278,7.122635841369629,0.5924339294433594,0.07528603076934814,4.138853073120117,0.1476743033204692,0.10140102533446793,-1.9517603884949342,-0.7472027460470638,0.13958561199193853,-2.0895034128064296,-0.8624729769389745
2015-01-21,8.185085982084274,7.489213943481445,0.6369178891181946,0.07045401632785797,4.142297744750977,0.14827738663149348,0.1056913092541828,-0.23134072861343746,-0.6129842271324932,0.19480142417703128,-0.42122299666865537,-0.7747852861621656
2015-01-22,8.460520714521408,7.389369964599609,0.6136520504951477,0.06970201432704926,4.0751752853393555,0.1476482924507328,0.09605324387074743,0.30674402428623715,-0.43997428210791334,0.16028299742242386,0.05792464412861875,-0.652035267049035
2015-01-23,7.323441699147224,8.159628868103027,0.5503442287445068,0.0700341984629631,4.15127420425415,0.15008669775598632,0.12123463719035088,-1.236873313953737,0.025578925176539258,0.0829750998107111,-1.4238796913724112,-0.13453278112744727
2015-01-26,8.68369746208191,7.833769798278809,0.5833988785743713,0.06999567151069641,4.125093460083008,0.15082215118976092,0.1090307208041642,0.2791941824408273,-0.24439103768727222,0.11294595818862196,0.13784327329605794,-0.3664501438064338
2015-01-27,8.32159772515297,7.885124206542969,0.5643433928489685,0.06989232450723648,4.104084491729736,0.14960941768627087,0.11273609547040808,0.01844564141643268,-0.05634034858088022,0.09281973608870187,-0.15809804375235714,-0.2107983271488152
2015-01-28,9.494507819414139,8.496780395507812,0.5554295778274536,0.06701666861772537,4.078113079071045,0.15093998270838735,0.13657418588852288,1.0610166958463303,0.4258572884105334,0.09999879178099225,0.7282389413649177,0.13177070544033853
2015-01-29,9.85831817984581,8.254612922668457,0.6486988663673401,0.06792445480823517,4.106184482574463,0.1523822803632653,0.13352828318139387,1.2152643149026296,0.04282965055073262,0.18638398164963,1.023331075635845,-0.12775943492617792
2015-01-30,7.958474099636078,7.9071478843688965,0.7437682747840881,0.06751637905836105,4.079769134521484,0.15216827833326976,0.11668394706055796,-0.6966934397114528,-0.24238056133368602,0.2848578635204286,-0.7886684883012212,-0.32500355193590913
2015-02-02,7.116411089897156,6.841342926025391,0.5714285969734192,0.05922418832778931,3.960294008255005,0.15721523264811615,0.0704327475922184,-1.7602814521726415,-1.5681419129880076,0.16040180328547538,-1.7765726803102986,-1.583203022353862
2015-02-03,7.0118003487586975,6.287299156188965,0.26181697845458984,0.05965998396277428,3.982560634613037,0.1588468829830774,0.06407755396406523,-1.8795487632615249,-2.1333308844943453,-0.1660000087900626,-1.7934222984702899,-2.053179628594492
2015-02-04,7.153040766716003,6.477630615234375,0.7018988132476807,0.05800758674740791,4.028282165527344,0.162659584855431,0.07315912324872509,-2.0474337586147318,-2.21179147062335,0.28267129432990157,-1.8925398707678074,-2.0674431518582264
2015-02-05,6.727561175823212,6.570578098297119,0.8419508934020996,0.06008574739098549,4.0568108558654785,0.16418568577867368,0.08022010083665898,-2.41851306414104,-2.0392426181934926,0.3849271180944781,-2.2612724404089803,-1.892906657147611
2015-02-06,7.534801423549652,7.200070381164551,1.2008570432662964,0.05934559181332588,4.147737503051758,0.16524892658571633,0.092306066806767,-1.8845511135730693,-1.669659613957359,0.7180629182201409,-1.545754108937139,-1.354625666137272
2015-02-09,6.680066376924515,6.135219573974609,1.1411834955215454,0.06550907343626022,4.044676303863525,0.16806710818148446,0.04000627231910525,-2.107629318783065,-2.135913071064561,0.5835866971375372,-1.817161300612451,-1.8665386102701618
2015-02-10,6.787910118699074,6.156217575073242,1.1341725587844849,0.06471474468708038,4.038258075714111,0.16820913313763106,0.04018954022599042,-1.922909091111503,-2.039844897210445,0.5550740834508474,-1.6516427828030054,-1.7875672561673976
2015-02-11,6.96916326880455,6.107539176940918,1.1022639274597168,0.06279262155294418,4.034749984741211,0.16917239650941457,0.029161301209122636,-1.7674385497475296,-2.1100063103944997,0.5065247540060825,-1.4082453010117533,-1.7751911754662082
2015-02-12,7.052311033010483,6.1060404777526855,1.1431257724761963,0.06325583904981613,4.037696838378906,0.16887233830716314,0.033034371705312204,-1.5849654011010053,-1.9963572552498974,0.5229707777632013,-1.2607822303595917,-1.6933179370340232
2015-02-13,5.85053189098835,5.9343109130859375,1.356553316116333,0.06707314401865005,4.074615955352783,0.16961133195063893,0.027155676404399642,-2.7253550258019104,-2.0698474268771747,0.6890009927545231,-2.321020518441415,-1.6919265977804985
2015-02-17,6.237750440835953,6.254551410675049,1.468774676322937,0.06597445160150528,4.105186939239502,0.17026524131684628,0.0343757744124602,-2.4105918082642965,-1.8367178314725408,0.7735356024278139,-1.9605596465237731,-1.4168914793128096
2015-02-18,6.920840352773666,6.362212657928467,1.5753726959228516,0.06717265397310257,4.10911226272583,0.1706109727672297,0.047694023849380374,-1.6193190607409118,-1.6380305160535862,0.8415969192783387,-1.315014823583283,-1.355544831598194
2015-02-19,7.363649308681488,6.464888572692871,1.5670344829559326,0.06447355449199677,4.133184432983398,0.17035466907318209,0.047068763835406924,-1.294248001193223,-1.6485098337054787,0.8108243060767655,-0.8391341169094524,-1.2257396855304394
2015-02-20,6.5192851126194,6.541141033172607,1.6298471689224243,0.062203653156757355,4.118239879608154,0.17056421533796534,0.03965267955831009,-2.1315896022785186,-1.5592753206150736,0.8536815928513073,-1.6262957422131752,-1.0882333576291865
2015-02-23,6.970001041889191,6.561955451965332,1.6626605987548828,0.060073211789131165,4.120345592498779,0.1701018755154663,0.04966561929465796,-1.6659466390521622,-1.5491357140626452,0.8645704131912926,-1.1901052797862537,-1.1071489600011066
2015-02-24,7.110121250152588,6.715125560760498,1.7330995798110962,0.060512982308864594,4.130303859710693,0.170171705626204,0.05859428733284089,-1.4819903028240997,-1.3523051302975588,0.8979542534496979,-1.0757270188362877,-0.976198069274437
2015-02-25,7.542854189872742,6.638359069824219,1.6653822660446167,0.059214506298303604,4.112364292144775,0.17072685019382713,0.049122022523733544,-1.0016003560649338,-1.3929404334030835,0.8022503785260461,-0.5582476050348664,-0.983450398160997
2015-02-26,7.193642109632492,6.821508407592773,1.7276203632354736,0.05907689407467842,4.120157241821289,0.1714016063348817,0.050546502009794936,-1.3707612002841003,-1.2107582142643096,0.8304306092457411,-0.93303114329116,-0.8059555347419565
2015-02-27,7.006475806236267,6.6832380294799805,1.7435513734817505,0.058599550276994705,4.164900779724121,0.16741856236688563,0.03185563861246066,-1.5119695363691328,-1.309770186403708,0.8297348102306116,-0.5770185129786967,-0.446976195896994
2015-03-02,8.258527994155884,6.882627964019775,1.9712364673614502,0.06350316852331161,4.240735054016113,0.1645468834652257,0.03684520718129636,-0.18426480050614913,-1.0146035827611026,1.0120660718948131,0.9337247638140802,0.017071017802640753
2015-03-03,7.0194451957941055,6.775856971740723,2.0451462268829346,0.06460641324520111,4.2534499168396,0.16429628311404512,0.04055073080780269,-1.4136334301402798,-1.0740480423071217,1.043017432222948,-0.34223157534031134,-0.07727306240939757
2015-03-04,6.93000128865242,6.755340576171875,2.0482535362243652,0.06440319120883942,4.2525506019592285,0.1643344852222806,0.03940813404353105,-1.4544078181489475,-1.0596060880660367,1.0082673543875902,-0.3790506021975979,-0.06401372357095525
2015-03-05,5.373105362057686,5.131523132324219,0.14396481215953827,0.06475651264190674,4.2477617263793945,0.16480422358393484,0.04250105538608984,-2.9541658836511573,-2.6389910547976507,-0.9328867511610721,-1.9341187024093633,-1.699176345013666
2015-03-06,5.4883470088243484,5.252569198608398,0.1389220803976059,0.06421922147274017,4.255104064941406,0.16437879422048313,0.042466228919974425,-2.755332643101159,-2.44600607591146,-0.9054967369504328,-1.6641277547980078,-1.4399912307587872
2015-03-09,4.1907970905303955,3.707029104232788,0.27801162004470825,0.09220796078443527,4.036203384399414,0.1672458217957491,0.011654155959734402,-2.8269701051105356,-2.7378144933736905,-0.7642749912827993,-3.9956941393641046,-3.814567847398573
2015-03-10,4.326373189687729,3.7977561950683594,0.2986634075641632,0.09123426675796509,4.05007791519165,0.16642934471926318,0.008976784045303332,-2.522587530159183,-2.4802165177856965,-0.6883229185200342,-3.349799585156765,-3.2420993573799395
2015-03-11,4.0026452243328094,4.03513240814209,0.262809693813324,0.08754328638315201,4.048884868621826,0.16588428657223392,0.007002222100307209,-2.7767582137544267,-2.1862477128693225,-0.676073849528214,-3.2953438412233753,-2.663705427754101
2015-03-12,3.6223762333393097,3.967358112335205,0.23598210513591766,0.08746208250522614,4.0426764488220215,0.16624420388077102,-0.005878566380547401,-3.0145728694335867,-2.1380472734968654,-0.6628557103345465,-3.3512241286572415,-2.448876175276153
2015-03-13,4.090003088116646,3.9637608528137207,0.23874732851982117,0.08524642884731293,3.9831154346466064,0.165454822990783,-0.015302578284795088,-2.2882856363613033,-1.9578649263502301,-0.6067532982913538,-2.6160550348416756,-2.260562779370769
2015-03-16,3.8314077258110046,4.179670810699463,0.2855304777622223,0.08195260167121887,4.003247261047363,0.1648057355390008,0.0033664221916790416,-2.6400723567293625,-1.8471375624947823,-0.5485004061976679,-2.9062741526990123,-2.093027426807504
2015-03-17,4.202436208724976,4.2561540603637695,0.38363027572631836,0.08282176405191422,3.997048854827881,0.16488224790133782,0.0027742874520176874,-2.118826573703096,-1.6535179182365383,-0.4247980711676048,-2.4019215091576527,-1.914951883831927
2015-03-18,5.358519300818443,5.266046524047852,0.5396619439125061,0.07735300064086914,4.006829738616943,0.1614193391125218,0.030431632589578705,-1.1289390326595221,-0.8187621022506208,-0.28237176441650047,-1.37217997055369,-1.0435094073538735
2015-03-19,6.5749125480651855,6.035073757171631,1.106199026107788,0.10279648751020432,4.064730167388916,0.1646796040014107,0.08792191999762611,1.1492024195736281,0.998479409787155,0.3659003791774107,-0.41582785499398334,-0.448344468024902
2015-03-20,6.579774558544159,6.394619464874268,1.2911109924316406,0.10217632353305817,4.088979244232178,0.16434160839462744,0.09999181272401192,0.9367979552924144,1.1600615604409352,0.49795818718806173,-0.4676789603284064,-0.13145244362524355
2015-03-23,7.248208314180374,7.3499908447265625,1.4559166431427002,0.11262522637844086,4.232481479644775,0.16502219383453196,0.1374598047972856,1.5554828078177723,2.073356066875487,0.5792859086457394,0.20469418511565696,0.8330698265619372
2015-03-24,7.299226611852646,7.31671142578125,1.402680516242981,0.1134524717926979,4.2273640632629395,0.16478600083834724,0.12081914461836096,1.4363701124046306,1.7986913944300253,0.44358770947512016,0.4604917998285911,0.8966835077271584
2015-03-25,7.215927302837372,7.439012050628662,1.4199669361114502,0.11352270096540451,4.240715026855469,0.16469603237800873,0.12608346877540544,1.1331875952217647,1.6531275668470657,0.39245413657149664,0.3131914789478385,0.8960472729919822
2015-03-26,6.580265313386917,6.877371311187744,1.2456061840057373,0.11456108838319778,4.144614219665527,0.1668764455976624,0.09147555205476054,0.6094796148548376,1.1087201880962354,0.191236076120479,-0.1649083772251405,0.39222006050481273
2015-03-27,6.557591006159782,6.786978244781494,1.269159197807312,0.11376440525054932,4.135957717895508,0.16804324234286155,0.08896086354329336,0.4704905864941118,0.8412147844004609,0.18298379511271712,-0.1974520524000134,0.22484158028313406
2015-03-30,7.021619826555252,6.698955535888672,1.270370364189148,0.1125791072845459,4.117699146270752,0.16944894455395496,0.07772050517533313,0.8459309589253028,0.6204008775708401,0.15704636242240166,0.3469818111595684,0.16072085771884215
2015-03-31,5.576955288648605,6.2755022048950195,1.1862783432006836,0.11044170707464218,4.086313247680664,0.16958631598394794,0.07157363818466289,-0.6537843413878983,0.15786192262727283,0.06667652611963115,-1.1286667976560363,-0.2776317591603439
2015-04-01,6.42032390832901,6.191635608673096,1.22383713722229,0.11309316754341125,4.1146416664123535,0.16938266474807523,0.08124815023215815,0.2509822401215125,0.05493783972161026,0.07216007212440445,-0.18066744679270919,-0.3403824654617589
2015-04-02,5.7622513473033905,5.712229251861572,1.2934682369232178,0.11728142201900482,4.016507625579834,0.16797434574621334,0.021869002529271042,0.03751890110805789,-0.019930822143123805,0.14954961484419682,-0.01729381300301469,-0.07011995482626343
2015-04-06,5.195009663701057,5.343688011169434,0.19758984446525574,0.11990208923816681,3.9863698482513428,0.16648312285679204,-0.017490257758629335,-0.3219996768017861,-0.19541378790547892,-0.9614546348373552,0.07226355521250927,0.16586938248206096
2015-04-07,6.665826082229614,5.876732349395752,0.20827433466911316,0.12278252094984055,4.0768303871154785,0.16702824024955046,-0.003506901205710733,0.9810847867393475,0.16507679372462292,-0.9087467403117526,1.6432130396800435,0.7716529829228911
2015-04-08,5.1616392359137535,5.796403884887695,0.21006359159946442,0.12218199670314789,4.043447971343994,0.16673549322398887,-0.04346955849586154,-0.5175476245008976,0.15301670381822063,-0.8182462938261343,0.627406334598053,1.2069130608814618
2015-04-09,4.8387477323412895,5.906475067138672,0.21342547237873077,0.12307941913604736,4.061288356781006,0.16740590020867988,-0.040455379827429416,-0.8571476342513416,0.19413362968214276,-0.7641566091103222,0.3333583546264416,1.2852506728658541
2015-04-10,7.329465389251709,6.097153663635254,0.27812543511390686,0.12430480122566223,4.0384440422058105,0.16669794553579884,-0.04430430630987936,1.8175171817692082,0.4803785342868654,-0.6365816667742981,2.944099142023057,1.505608096736391
2015-04-13,6.528022274374962,6.066177845001221,0.28598660230636597,0.12608741223812103,4.045658588409424,0.1670578763508824,-0.05292168749402815,0.8983296583984917,0.41660522080334594,-0.589935680627102,2.2274754233209704,1.6389352090406097
2015-04-14,5.8495368510484695,6.116600036621094,0.28505000472068787,0.12763051688671112,4.068412780761719,0.16631184548992636,-0.04073771529388792,0.17482316754732885,0.4512825642055205,-0.5519324605108853,1.3363113458508744,1.5175559280572966
2015-04-15,5.831514723598957,6.4050445556640625,0.5024356245994568,0.1334795206785202,4.046909332275391,0.16358669635230852,-0.1098045888696102,0.48691467389207777,1.013292610177384,-0.26590885186908975,2.5354581794954836,2.898233775639191
2015-04-16,5.452981129288673,6.854746341705322,0.4901851415634155,0.13309791684150696,4.054468154907227,0.16261324535568458,-0.107390720201759,0.081888651973407,1.4056429476086834,-0.25756846297668456,1.901672496823033,3.0694213150112097
2015-04-17,6.62851719558239,6.896389007568359,0.519490659236908,0.13519121706485748,4.050693035125732,0.16134172376443887,-0.11522000905758101,1.3780758617435396,1.465336876559924,-0.1955111629513301,3.0769825456594337,2.99607556439659
2015-04-20,5.59947619587183,6.428071975708008,0.5131459832191467,0.13351082801818848,4.0118632316589355,0.1622130756422804,-0.10689650661670336,0.2894186120621054,0.9279662136732423,-0.18277885138154704,1.5534895441078849,2.0660370531934706
2015-04-21,6.1255214512348175,6.899280071258545,0.4703022539615631,0.13245727121829987,4.139771938323975,0.16039577323438223,-0.030176162159761155,0.4908603164746479,1.0932174569764808,-0.2491462724714768,0.9713034241831506,1.5232622234132576
2015-04-22,7.590919226408005,6.836798667907715,0.47738325595855713,0.133568674325943,4.1307148933410645,0.15976082646866216,-0.03094936240802082,2.009254131910528,1.039363995689107,-0.21645454141876452,2.3866795507453897,1.3765417960489517
2015-04-23,7.558248788118362,6.838043689727783,0.47915610671043396,0.13413874804973602,4.130337238311768,0.15993968916701531,-0.028388207803915266,1.8762674840733915,0.9837910572236019,-0.19792003315814555,2.174583143026439,1.250930160453791
2015-04-24,6.553078144788742,7.591335296630859,0.4448559284210205,0.14099083840847015,4.287006378173828,0.15859694064634788,-0.007496174323641691,0.5282555642791351,1.4350202207931462,-0.22440088278437476,1.005272880119593,1.8628130951423865
2015-04-27,7.091631934046745,7.411064147949219,0.49392080307006836,0.14044710993766785,4.208062171936035,0.15689212358059576,-0.03451876929676678,1.3041242636702872,1.413691292015507,-0.11106296963914264,1.799502785016827,1.8563347909997612
2015-04-28,7.222192466259003,7.514193534851074,0.481171190738678,0.14155267179012299,4.2115044593811035,0.1566722676485195,-0.05894784452589996,1.358863297530613,1.4119671264689408,-0.08240038155373586,2.2147397772499744,2.175567623704991
2015-04-29,7.671659499406815,9.16951847076416,0.3586336374282837,0.15588411688804626,4.40744161605835,0.15244673979765677,-0.1275543343194181,1.5258545532072265,2.665770454325142,-0.08526277432507323,3.873688266331081,4.756628859517222
2015-04-30,8.417076706886292,9.101743698120117,0.4518805146217346,0.15503858029842377,4.292731761932373,0.15275885060928893,-0.17351220536161005,2.4146036855433355,2.612127565058337,0.05398632856166652,4.647774734138693,4.554189037460036
2015-05-01,10.501826643943787,9.794511795043945,0.8266592025756836,0.15825490653514862,4.172640800476074,0.1510459944309618,-0.2595730714558657,4.798936769325941,3.5338801581829413,0.4998806164394085,7.353702079491056,5.730609299770208
2015-05-04,7.967041164636612,9.34641170501709,0.8984642028808594,0.15564550459384918,4.1186065673828125,0.14894531539021427,-0.2410758140514906,2.1204157118483877,3.042871346231549,0.5707756832317932,3.7611671518659833,4.474599051086049
2015-05-05,6.312200590968132,7.452106952667236,0.3629920184612274,0.1517157256603241,4.024698734283447,0.14738585294918563,-0.26067292130006914,0.6670885217547813,1.3252694642986116,0.023983794781357037,2.1231598565348992,2.555544781893741
2015-05-06,6.323036015033722,6.736626625061035,0.3304336965084076,0.14966914057731628,3.9396443367004395,0.14604826178515698,-0.27830248909519084,0.9535413393013492,0.8723803994047667,0.0020583347386484707,2.26130747748467,1.9552912176245858
2015-05-07,5.677997171878815,6.610583782196045,0.36656466126441956,0.15077710151672363,3.894847869873047,0.14657877934235897,-0.3411422641189428,0.41189050240158664,0.8376388141317062,0.04100989730874893,2.1021493615478204,2.2274769848509406
2015-05-08,5.974554657936096,6.937344551086426,0.4325345754623413,0.15139463543891907,3.889828681945801,0.1464033481723127,-0.36239488378447704,0.691933459452402,1.1239170125918418,0.11147392912487608,2.370913891993527,2.4794471477212827
2015-05-11,6.594073861837387,7.1346435546875,0.4906984269618988,0.15678833425045013,3.916762113571167,0.14706854785248993,-0.37359461262335847,1.1791281999665513,1.1052560148772397,0.184258698024661,2.7073087603721406,2.304216172628136
2015-05-12,6.29197570681572,7.156288146972656,0.5845047831535339,0.15642184019088745,3.8633534908294678,0.1467412037224913,-0.3481321782648774,1.0277628586906769,1.2824631006516043,0.27488746103790895,2.0382722921024294,2.0628880599290103
2015-05-13,6.598580092191696,7.161218166351318,0.5948443412780762,0.15674367547035217,3.8678712844848633,0.1465536504627141,-0.33912469521162203,1.2615786774206743,1.1991550016400403,0.27646299564991206,2.09057831448282,1.8221965675654648
2015-05-14,6.298599794507027,7.1307148933410645,0.6079030632972717,0.15547440946102142,3.849111557006836,0.1467487879055776,-0.36217075703589896,0.9581237543718544,1.18328501007829,0.2690233016259401,1.839736969770069,1.8360410380789869
2015-05-15,6.346857249736786,7.47142219543457,0.5742378830909729,0.1616044044494629,3.934235095977783,0.1472422190482149,-0.3472085310646047,0.5939047261271995,1.0350508570637338,0.24438920293171074,1.3325938450274935,1.5688585360036305
2015-05-18,7.156538248062134,7.584344863891602,0.5919218063354492,0.16242237389087677,3.9398763179779053,0.14737969510872437,-0.3332411648115703,1.3230424381973842,1.0395891332029503,0.2529638258188449,1.9047029803541404,1.4477014543243127
2015-05-19,6.410145044326782,7.4689555168151855,0.5906602740287781,0.16066303849220276,3.913527011871338,0.1477830915548729,-0.3379953801945217,0.6058884082325573,0.9879803540353631,0.2277452492547798,1.139275004647482,1.3575540636083714
2015-05-20,7.627612367272377,7.868005752563477,0.5471445918083191,0.16665054857730865,4.020931243896484,0.14915121595365516,-0.32909676848779434,1.2924182017693226,0.7753096817841918,0.18089647605498138,1.7983636212436558,1.1121733441191886
2015-05-21,7.050958126783371,8.28315544128418,0.5924749970436096,0.16953623294830322,4.059997081756592,0.14849548463829765,-0.30561549081943373,0.42084294838742853,0.8908495767216804,0.23941127648438298,0.7702907016527494,1.1211786195968294
2015-05-22,7.286439955234528,8.161175727844238,0.6015638113021851,0.16928350925445557,4.051355838775635,0.14868834504321363,-0.3256696389499594,0.6455276921830997,0.7387847391834184,0.23391355915916523,1.0488888238696186,0.9959690293851899
2015-05-26,7.594988912343979,8.041458129882812,0.565723180770874,0.1688774973154068,4.03586483001709,0.14772175729952766,-0.3343977970630314,0.9319110705054392,0.59657059793307,0.20069242796555486,1.3144865938987937,0.8294950991855776
2015-05-27,7.779474914073944,8.484477043151855,0.5455206036567688,0.1699172407388687,4.115904331207275,0.1496793858174179,-0.32229161442914345,0.6861365051878199,0.616703124448482,0.14743916857128658,1.0582778139907818,0.8352379604855242
2015-05-28,8.046381726861,8.975374221801758,0.5992085933685303,0.17298553884029388,4.1471357345581055,0.1496507034885822,-0.3199654578101365,0.7152957404547529,0.8384415790309188,0.20670471850338035,1.0353307620883134,1.018709126507761
2015-05-29,7.210347950458527,8.965527534484863,0.6006965041160583,0.17297910153865814,4.146736145019531,0.14952245371137027,-0.32172489492640355,-0.213508276507401,0.7288473395586621,0.20190872857973785,0.06807255095231568,0.8722658317726157
2015-06-01,7.420637458562851,8.95201301574707,0.6281650066375732,0.17198365926742554,4.123265266418457,0.14991846328467381,-0.3138566753531249,0.111661913448863,0.7974647055426978,0.21312744831633035,0.32236574345301783,0.8859047935793676
2015-06-02,7.258645385503769,8.65158462524414,0.5771909356117249,0.17021997272968292,4.097751617431641,0.1501589872097025,-0.3214728802251299,0.04985979872868995,0.5894013074023619,0.14650370088916698,0.23425095670617146,0.6381059743842616
2015-06-03,5.732171684503555,6.520009994506836,0.770496129989624,0.14276522397994995,3.6856911182403564,0.14672425012590384,-0.37054060815500844,0.43632949514343444,0.6942600406050747,0.307771042787248,0.6227387748815207,0.6958139868407773
2015-06-04,4.5378387570381165,4.716324329376221,0.18250450491905212,0.14301276206970215,3.6424808502197266,0.14802245541082198,-0.3896276931047309,-0.39953658929809954,-0.7842252044751454,-0.29228704736036515,-0.21493166372293793,-0.7952336249239451
2015-06-05,4.413707002997398,4.720939636230469,0.15002353489398956,0.14176565408706665,3.5697062015533447,0.1468336751559411,-0.38929931202949386,-0.17290811553389496,-0.3823069553838945,-0.28653708807412714,-0.016146994804731918,-0.37829967361976813
2015-06-08,4.279271051287651,4.765349388122559,0.1283411681652069,0.14274674654006958,3.6100518703460693,0.1467544136683124,-0.3625062818522584,-0.5080811162805752,-0.5601057579501454,-0.28809938441803595,-0.38464410630312784,-0.5531240101754715
2015-06-09,4.114006131887436,4.613779544830322,0.15256687998771667,0.14338792860507965,3.5643389225006104,0.1461997263283767,-0.40864631184983713,-0.3800374402874631,-0.4296121725524227,-0.22441778440433024,-0.1889641128175299,-0.41006309208938774
2015-06-10,4.585490390658379,4.56877326965332,0.16615523397922516,0.1384742110967636,3.467975378036499,0.14505157222983064,-0.3926696779741974,0.5508710798804515,0.10397508310437331,-0.16640546253481148,0.6885519222642102,0.12352171720226401
2015-06-11,4.8519158363342285,4.581177711486816,0.16354012489318848,0.14056646823883057,3.5067965984344482,0.14476346374102486,-0.38921229836237914,0.5067594117889982,-0.14236732314228817,-0.1384054841695792,0.639250609181774,-0.12149188992842674
2015-06-12,4.738543286919594,4.610805034637451,0.2032473385334015,0.13945156335830688,3.4754977226257324,0.1451611807318403,-0.3878735467732002,0.4978570951243668,0.11016251250930509,-0.08219314700009028,0.6070371578032976,0.12743653569854807
2015-06-15,3.2998692393302917,3.662698984146118,0.3795894682407379,0.11353402584791183,3.1774468421936035,0.14012045988305846,-0.40811577360842954,0.007194991836964704,0.6929532394918603,0.1899173788535582,0.16200111435032305,0.7166860951279208
2015-06-16,3.4234263002872467,3.4964487552642822,0.44759461283683777,0.1100478246808052,3.1925864219665527,0.13785528066621228,-0.411022079284294,-0.2677015721414051,0.0937461005531155,0.25929476361461967,-0.09653695600682788,0.11111529601465442
2015-06-17,3.368638813495636,3.3886070251464844,0.6039534211158752,0.10091344267129898,3.2737019062042236,0.1359060249573868,-0.3924265651069767,-1.1052265087868562,-0.7125375829677534,0.36801144942058595,-0.8819476518104352,-0.6936145846194375
2015-06-18,3.2890688106417656,3.397294044494629,0.6346644163131714,0.09957057237625122,3.242388963699341,0.13551829678820748,-0.4104422206926073,-1.06419095214485,-0.5770015176196974,0.38136167329352344,-0.813019814575533,-0.5322532350760181
2015-06-19,3.801277071237564,3.743896722793579,0.5908810496330261,0.10393887758255005,3.27301287651062,0.13635980879141235,-0.39770154301813654,-0.6469017827116677,-0.39682966753702154,0.30725258043585413,-0.4234552606345243,-0.3394368332142452
2015-06-22,3.297139786183834,3.4835662841796875,0.6040419936180115,0.10216991603374481,3.1474454402923584,0.134178805134434,-0.4355525288815849,-0.6899799598303371,-0.14275330072916148,0.35153987816740795,-0.47776677140205415,-0.07734236235538106
2015-06-23,2.9087749272584915,3.1640431880950928,0.6374238729476929,0.10151021927595139,3.111030340194702,0.1334822986991208,-0.4298707799196342,-0.8935314185238656,-0.3207809761666933,0.37011685683417994,-0.7390248436221203,-0.26675393075730547
2015-06-24,3.070762977004051,2.991258382797241,0.611314594745636,0.10477742552757263,3.101755142211914,0.13153746032330513,-0.4838011448223547,-0.7510430172288398,-0.6227866086337919,0.3581285915645387,-0.5090770695664641,-0.533744777820349
2015-06-25,3.493876300752163,3.3537399768829346,0.614594042301178,0.10471045970916748,3.096196174621582,0.13079783919169735,-0.47283991340504294,-0.2775025039933059,-0.2184794233326386,0.3521056925503021,-0.10062029691177621,-0.1555662193936218
2015-06-26,2.9907264932990074,3.4025120735168457,0.6120920181274414,0.10276436060667038,3.0707740783691406,0.13001739151028363,-0.4660722503161594,-0.6830099179462508,-0.024379505243899757,0.33877370835729326,-0.5575322123007105,0.014065720891540678
2015-06-29,3.747743420302868,3.5515332221984863,0.64462810754776,0.09857422113418579,3.05614972114563,0.12835270442196117,-0.47529112092393144,0.06498401344308746,0.10673977406175972,0.36587778321281395,0.20849697614594653,0.1446381965642587
2015-06-30,2.4231300055980682,2.4927003383636475,0.46695375442504883,0.09283116459846497,3.2434964179992676,0.13246201005357439,-0.35442115740583136,-2.0020496657058366,-1.6698574549623952,0.08234211974351946,-1.9455904777223,-1.6564474644325227
2015-07-01,2.265808179974556,2.167555332183838,0.4770878851413727,0.08615194261074066,3.224836826324463,0.13137152381856257,-0.3960522841092573,-2.0278809820018786,-1.8156273485245222,0.09458713249535822,-1.877170565489381,-1.7890925186205582
2015-07-02,1.9982623308897018,2.1515700817108154,0.4387434422969818,0.08572354167699814,3.312854528427124,0.131730996565837,-0.3142810695623812,-2.6661542881483804,-2.2080421038623275,0.057360122415577974,-2.6185524430218585,-2.201848017283851
2015-07-06,1.9006594941020012,1.419579267501831,0.1552646905183792,0.08737578243017197,3.287618398666382,0.12957574702779673,-0.31712267812672845,-2.6121782534743367,-2.840689138089365,-0.17313472912137762,-2.6064065586101854,-2.840363246841884
2015-07-07,1.8418564572930336,1.63275146484375,0.19521911442279816,0.0822373703122139,3.2961301803588867,0.13279083522158336,-0.2762196495543032,-2.3366010955271044,-2.206069934000036,-0.2065747782401326,-2.3755840702652513,-2.2061985366867525
2015-07-08,1.7900788635015488,1.6052106618881226,0.2140219807624817,0.07764510065317154,3.2656373977661133,0.1328559214085633,-0.26280910785708,-2.0283465960108398,-1.8611410942888824,-0.20632710877764193,-2.071369272088889,-1.849131880043842
2015-07-09,1.7398588247597218,1.4557890892028809,0.18713593482971191,0.07879742980003357,3.3502120971679688,0.13439528474741538,-0.2394450742773373,-2.3661857299961095,-2.334388886703083,-0.25508000876797143,-2.3918180210218445,-2.315936895799995
2015-07-10,1.7113376297056675,1.4756495952606201,0.1900518834590912,0.07779150456190109,3.3707566261291504,0.13481245753261417,-0.22332573558655588,-2.3522514116170345,-2.284006680709636,-0.260935675529983,-2.367823753346359,-2.2505707236408092
2015-07-13,1.6544429138302803,1.4816069602966309,0.21800844371318817,0.07235673815011978,3.393096446990967,0.13420836406303036,-0.2268371725663325,-2.477339982183244,-2.2868406267067023,-0.24042678469279677,-2.477379874602187,-2.2748560646348785
2015-07-14,1.730397593230009,1.4553688764572144,0.2043510377407074,0.07151155918836594,3.4250190258026123,0.13499788178044864,-0.21440678716326578,-2.4145972418281954,-2.3368731499519217,-0.268786567687038,-2.4118374933941915,-2.3229045505232992
2015-07-15,1.708699755370617,1.5342817306518555,0.2049209624528885,0.07345912605524063,3.3578643798828125,0.13403565408300594,-0.23656361320899788,-1.943786734621761,-1.8087255451059745,-0.24003988897968553,-1.9266686483006197,-1.7640017599229214
2015-07-16,1.9784602597355843,1.7155804634094238,0.21692529320716858,0.07527466863393784,3.3482601642608643,0.13404306410544606,-0.23405566999429195,-1.519371923252181,-1.5081383060256277,-0.21776310225894058,-1.480368197269736,-1.4277425025337935
2015-07-17,1.9795890152454376,1.7692255973815918,0.20221546292304993,0.07601851969957352,3.350020408630371,0.13440901274889494,-0.22197546055983497,-1.449547956633526,-1.392258176077151,-0.23341096077472834,-1.3857938622141042,-1.2688327649801243
2015-07-20,2.0806019604206085,1.829498052597046,0.21432740986347198,0.07506216317415237,3.3130228519439697,0.13432242249723148,-0.21364064285405804,-1.0677575050334207,-1.0340096920530177,-0.21644480586794734,-0.9664986687293773,-0.8506288944434406
2015-07-21,1.9389040991663933,1.876875400543213,0.19291439652442932,0.07467127591371536,3.307377338409424,0.13491616274880383,-0.20585695807271587,-1.1018936095119747,-0.8745859475887272,-0.24194897362879142,-0.978913288503847,-0.6669765815328494
2015-07-22,2.244306642562151,1.9146206378936768,0.1781732439994812,0.07559475302696228,3.3521997928619385,0.13484585336059632,-0.1954134199315234,-1.0609551316001502,-1.114484879220715,-0.2555462664174766,-0.9426112683071404,-0.9068925680362403
2015-07-23,2.1344514191150665,2.1465070247650146,0.18920913338661194,0.07874951511621475,3.3747427463531494,0.1351625136747972,-0.16855418770127062,-1.2532393641947897,-1.012126503236873,-0.23675079630694507,-1.0677598874135352,-0.7090137756735784
2015-07-24,2.2718268409371376,2.0245578289031982,0.2006990611553192,0.07938792556524277,3.430624008178711,0.13531672081463292,-0.17126392252938372,-1.3738094953274764,-1.443069710191355,-0.2345376954188677,-1.1892998210526207,-1.1787359935656436
2015-07-27,1.796299908310175,1.4962536096572876,0.2000739872455597,0.07723664492368698,3.4282386302948,0.1342685203718142,-0.21856979329860837,-1.8228127930956823,-1.8942575085910551,-0.23072128196056718,-1.7462182604279528,-1.7822117736819987
2015-07-28,1.3599532917141914,1.2165583372116089,0.21875964105129242,0.08158906549215317,3.496931791305542,0.1329588344363016,-0.2036982438754542,-2.598590910281322,-2.6090984824456416,-0.20071032476863437,-2.471122886222094,-2.4331498495156993
2015-07-29,1.5256041139364243,1.2856519222259521,0.21984760463237762,0.08496397733688354,3.510824680328369,0.13302664806705036,-0.20157548778728995,-2.346239282939246,-2.502695032204354,-0.19491530250831657,-2.1605884503511508,-2.258815996086762
2015-07-30,1.4240229092538357,1.3048923015594482,0.23799002170562744,0.0875587910413742,3.5499377250671387,0.13359900721466045,-0.18618811685419967,-2.4255129673307634,-2.520214514819636,-0.19029713253972114,-2.1269575928504834,-2.1585818626628757
2015-07-31,1.6089113876223564,1.336080551147461,0.30337557196617126,0.09048327058553696,3.5950772762298584,0.13183372406665336,-0.1897197391877592,-2.1798791162574416,-2.5636345354508654,-0.11339460821824532,-1.7918576751904247,-2.129121158475837
2015-08-03,1.41663071885705,1.2257153987884521,0.31179019808769226,0.08901554346084595,3.6340019702911377,0.13174159098742935,-0.18036542210718864,-2.247894612101719,-2.524249856135727,-0.12540720699368968,-1.8265652552318699,-2.052958805598652
2015-08-04,1.1282564476132393,1.0415388345718384,0.3100837767124176,0.09130499511957169,3.7041921615600586,0.1313816574012976,-0.17290669721076557,-2.592074320270922,-2.8012912578525455,-0.14187740282784578,-2.1883783631866365,-2.3500314778706493
2015-08-05,1.1643011160194874,1.0336697101593018,0.32038775086402893,0.08156628906726837,3.6635665893554688,0.1304340240933698,-0.1945583013477219,-1.9456147630040945,-2.080044370696891,-0.15741177247839888,-1.801002331538223,-1.9189858728213771
2015-08-06,1.199891071766615,1.0991023778915405,0.3239680230617523,0.07387349754571915,3.734401226043701,0.12928308035656091,-0.17079392236979252,-1.6724540492713569,-1.730447742209945,-0.19790736956657518,-1.6310690330939543,-1.6843500757843142
2015-08-07,1.1417120322585106,1.1093076467514038,0.345865935087204,0.0724814236164093,3.7690541744232178,0.12941918758330614,-0.1628128422904187,-1.5868375740055551,-1.5609526300260939,-0.1801067197581825,-1.5940484979699043,-1.5689811821267892
2015-08-10,1.0806014686822891,1.051320195198059,0.3471967577934265,0.0741315484046936,3.8083949089050293,0.12866556910366825,-0.15186633307953756,-1.4981525426273343,-1.5101875124725783,-0.15451267765535115,-1.4535583513666506,-1.4605030759638993
2015-08-11,1.4893369525671005,1.4142804145812988,0.4967825412750244,0.06767158210277557,3.9164814949035645,0.12943578574842235,-0.10864060950052412,-1.0221877352707622,-1.0414691090755461,-0.05910633650826558,-1.0377118941989423,-1.0588001704910397
2015-08-12,1.8478288054466248,1.6095682382583618,0.5562576651573181,0.06104404106736183,4.040653228759766,0.12996884958175703,-0.06802177256889252,-0.6177044829012299,-0.767605403374036,-0.06448079835975395,-0.732242282974509,-0.895947760653268
2015-08-13,1.9660735502839088,1.6999115943908691,0.5508387684822083,0.061029404401779175,4.026963710784912,0.1297961429207991,-0.06131432593243469,-0.37816298745329924,-0.5309060777953238,-0.054624701996341285,-0.3967423045501448,-0.5519252639625538
2015-08-14,2.279630333185196,1.9366036653518677,0.575153648853302,0.0564146563410759,4.070833683013916,0.12806688409772643,-0.04319409651479833,0.17288549962758104,-0.019365780266982213,-0.03262932774786109,0.15886891220396038,-0.03541789272684781
2015-08-17,2.3251711800694466,1.930589199066162,0.5567736625671387,0.05654759332537651,4.0648698806762695,0.12806800292984663,-0.041158175201542635,0.2018486065704046,-0.017082822143962062,-0.0448261484364596,0.21741855919743536,0.0005602494424152837
2015-08-18,2.424219064414501,1.9587575197219849,0.5380284786224365,0.05615377798676491,4.099537372589111,0.1270789722589508,-0.024937752034689176,0.3042898146743944,0.024695748583235755,-0.05678601924854143,0.38580113333577515,0.11613405334586524
2015-08-19,2.280820168554783,1.9320403337478638,0.5527821779251099,0.056310802698135376,4.074979782104492,0.12710546294877048,-0.029856652585280585,0.16191925684729824,0.03573041781657338,-0.029024425241437335,0.24681662026479323,0.1315762817588535
2015-08-20,2.1660112366080284,1.7754133939743042,0.5232357978820801,0.051347196102142334,4.101304531097412,0.1267826286201882,-0.015244043114451156,0.16018545550119434,0.04995188713142262,-0.07558196018961949,0.19459251962481083,0.08955435555486702
2015-08-21,2.1801776587963104,1.7900683879852295,0.5214706659317017,0.044345539063215256,4.163387298583984,0.12915737094539703,0.016566565223709584,0.097545533800659,0.08513714339968281,-0.13592340965793692,0.019603068693816894,-0.0034274181312756724
2015-08-24,1.8800810053944588,1.7384915351867676,0.48694559931755066,0.048070184886455536,4.182605266571045,0.13379065675304339,0.06700425120988085,-0.654115403308178,-0.4241214764420125,-0.19642174732100792,-0.5168800526378572,-0.26766920379021286
2015-08-25,2.1359835974872112,2.1880784034729004,0.9368598461151123,0.08499287813901901,4.377514839172363,0.14349884694503262,0.17698887057242552,-2.482479127003425,-2.465301809368004,0.22476380843532873,-1.646145923551888,-1.509886722198221
2015-08-26,2.390379562973976,2.079401969909668,0.9518390893936157,0.08493547886610031,4.253697395324707,0.14504784920757882,0.13569369524685537,-1.973478602585919,-2.2761552933233773,0.25372495719519517,-1.2708015725013908,-1.462293326394425
2015-08-27,2.5785533115267754,2.315108060836792,1.0039565563201904,0.08173619955778122,4.515465259552002,0.15018309237700309,0.2213089345054463,-2.316881697578058,-2.544178584310382,0.18114887439478622,-1.7967330364482006,-1.9366136226618949
2015-08-28,2.925828740000725,2.6443068981170654,1.3398650884628296,0.09558215737342834,4.613956451416016,0.15739228039433967,0.25937877768122153,-2.872563421323089,-3.223008851844992,0.47351647354225157,-2.3187920296781392,-2.5712372907541905
2015-08-31,2.6712721064686775,2.542919158935547,1.2778795957565308,0.0982775092124939,4.590172290802002,0.16003907133132989,0.24277752015277487,-3.090664498856621,-3.3043572103727765,0.42128103333273104,-2.7245183213083948,-2.8186269942388567
2015-09-01,2.4219863787293434,2.354573965072632,1.0795003175735474,0.09244471788406372,4.496742248535156,0.1625730380756384,0.21013305812625005,-2.911723792678238,-2.942747054053811,0.2651719034026916,-2.7798199506090597,-2.7611864622014703
2015-09-02,3.3166371136903763,2.8342788219451904,0.3892849087715149,0.09758041054010391,4.73512601852417,0.16746423291129564,0.26460220766617515,-2.4882942453222645,-2.9936592469489627,-0.47758005061728515,-2.493357700757384,-3.0013332605551106
2015-09-03,3.4121269434690475,3.1000921726226807,0.3884675204753876,0.09963514655828476,4.847011566162109,0.1687055227319923,0.28693463969109356,-2.42523976513883,-2.757166979862893,-0.5136988301882235,-2.4705766466338996,-2.8351515485652072
2015-09-04,3.5948620438575745,3.12089467048645,0.4194382429122925,0.09866879135370255,4.843462944030762,0.1681024836013902,0.2904997303927207,-1.9223646151700553,-2.376894894348366,-0.47106831898611845,-1.9375053193053198,-2.4295436242469988
2015-09-08,3.581118620932102,3.2235610485076904,0.43596145510673523,0.09743683785200119,4.906513690948486,0.1680674475973672,0.3016198161455991,-1.8056901514311585,-2.116356306462432,-0.4518290119811955,-1.8281515222179259,-2.200244735760016
2015-09-09,3.629947207868099,3.212200164794922,0.4118407964706421,0.09607275575399399,4.906987190246582,0.17045556279622254,0.2960656682427739,-1.690829737694294,-2.0130805331839543,-0.46625229092441867,-1.717317377095993,-2.152199210933107
2015-09-10,3.7134817391633987,3.2895846366882324,0.4118497371673584,0.09872543811798096,4.9333086013793945,0.171398465748046,0.2958845270896472,-1.6868764194635055,-2.0132438111236413,-0.45680698058125957,-1.6935274360883366,-2.125804493169875
2015-09-11,3.6631652116775513,3.2695491313934326,0.4093671143054962,0.09797000885009766,4.940601825714111,0.17184078272018288,0.2941290435948243,-1.6373890672819806,-1.8820024198476961,-0.4469494692985674,-1.634472432245584,-1.9714869204558667
2015-09-14,3.523780733346939,3.2621936798095703,0.4134144186973572,0.09798015654087067,4.933466911315918,0.17196381156784507,0.29525023494559843,-1.6811055594924067,-1.7706810876241628,-0.4265751426365385,-1.6361057475429455,-1.8015523320604014
2015-09-15,3.635102331638336,3.274902820587158,0.4328649640083313,0.09574346989393234,4.938981533050537,0.17096916696729125,0.3026750478511947,-1.3221690308744751,-1.4670077834737842,-0.3889871114346557,-1.2386194740942695,-1.4244098481234388
2015-09-16,3.666720598936081,3.4261436462402344,0.45539164543151855,0.09484536945819855,5.005048751831055,0.17189423737596282,0.3150766202820501,-1.217780231398339,-1.2074291220184836,-0.36650444248117453,-1.0513153569703242,-1.063272925826766
2015-09-17,3.9413267970085144,3.4725470542907715,0.49371805787086487,0.09796732664108276,5.005424499511719,0.17296866200670794,0.300598513097299,-1.0176120956167534,-1.2530964425276654,-0.3152874594109232,-0.6911354464823276,-0.9325156264550918
2015-09-18,3.5606275349855423,3.340958595275879,0.47911837697029114,0.10110820829868317,4.970142364501953,0.17301915196557674,0.2963216501653704,-1.4498948631577369,-1.4679862772330505,-0.2976982584859247,-1.207380044247845,-1.2193417564603664
2015-09-21,3.823112815618515,3.1929163932800293,0.4634280204772949,0.1002960354089737,4.91944694519043,0.17473640641619573,0.27338380009251406,-1.065990089439631,-1.4522691704141035,-0.28594983546764285,-0.7442098991450603,-1.1222110586948855
2015-09-22,3.3448915407061577,3.3183066844940186,0.49466538429260254,0.09924057871103287,4.968369483947754,0.17587199973429907,0.282958134059482,-1.4226441129868794,-1.1591017080048367,-0.2276877546606425,-1.1153834460709868,-0.8331187358578651
2015-09-23,3.809032693505287,3.3332502841949463,0.47857511043548584,0.09946141391992569,4.9760966300964355,0.17658540989602997,0.27745850063903776,-0.8556078568082341,-1.04742964550098,-0.2134136202816368,-0.5618145474691385,-0.7489469734054053
2015-09-24,3.431883826851845,3.0997376441955566,0.48078086972236633,0.10203783214092255,4.8504791259765625,0.17415673892619718,0.2467261861330824,-1.1743349385855169,-1.2570980459222234,-0.1594124398308614,-1.0226695020612846,-1.1034922574787451
2015-09-25,3.241253897547722,2.972513437271118,0.4861741364002228,0.1020023375749588,4.8006792068481445,0.17401058193702473,0.23512334257698964,-1.2506361802804928,-1.2507360405516375,-0.1216855573431912,-1.1251397954027142,-1.1292240463317436
2015-09-28,3.2959711998701096,3.040576934814453,0.5069300532341003,0.1038278266787529,4.801562786102295,0.17312233771559124,0.23609938501508487,-1.1857359546398332,-1.2017177698432793,-0.07772403699999852,-1.104291450395011,-1.1273020999208594
2015-09-29,3.260818287730217,3.2770652770996094,0.46746742725372314,0.10894730687141418,4.907307147979736,0.1762348282433767,0.2488735101737376,-1.4727366171637897,-1.2617199167956725,-0.10961112419679397,-1.3811458199487614,-1.177434637431908
2015-09-30,3.5884886384010315,3.3751163482666016,0.5142146348953247,0.11200040578842163,4.935089111328125,0.1738717248127745,0.26310789191667594,-1.2311708172471683,-1.3205618845372964,-0.05878775830047256,-1.199463463693931,-1.2949313738762998
2015-10-01,3.6813170313835144,3.55857515335083,0.4968283772468567,0.11178233474493027,5.009954929351807,0.17477183819010242,0.27801904564752344,-1.0821708143093751,-1.075135575928429,-0.0700387531196216,-1.043930376181974,-1.0460970912503669
2015-10-02,3.774408519268036,3.3697855472564697,0.08400469273328781,0.11145606637001038,4.95461368560791,0.17402442848657482,0.2665384117874139,-0.8732079439011233,-1.1435295373679448,-0.4514542570857021,-0.8498205823352585,-1.126920388352242
2015-10-05,4.077385857701302,3.4028782844543457,0.13770844042301178,0.11872231960296631,4.9263482093811035,0.1744597360296794,0.24896217230710405,-0.9271833499206252,-1.5433659484947455,-0.38485674111216595,-0.9249679152690291,-1.5418509431648602
2015-10-06,3.9649734050035477,3.649991273880005,0.1316552311182022,0.12011919915676117,5.042518615722656,0.1752398442277366,0.28074473530467803,-1.1320738035528954,-1.4104836644753274,-0.4114381932745268,-1.132151990749703,-1.4105394730644445
2015-10-07,3.6537938117980957,3.4417340755462646,0.13535726070404053,0.12166635692119598,4.979360580444336,0.17603955685938885,0.2625655810796905,-1.4236634265199548,-1.5733439720024354,-0.37228583909935287,-1.4240890286147367,-1.57364126547769
2015-10-08,3.3931576758623123,3.3996474742889404,0.152989462018013,0.12128551304340363,4.972576141357422,0.17677585096929105,0.25968361734966683,-1.5909896168542659,-1.4703505967460622,-0.33511267331884587,-1.5855355170092889,-1.4665804117495487
2015-10-09,4.0511501133441925,3.515042304992676,0.1573544442653656,0.12117019295692444,5.013377666473389,0.17707055656506338,0.2705213461477618,-0.8406613725754575,-1.2935001076128954,-0.3287089899864364,-0.8346000581507411,-1.2890712653299747
2015-10-12,3.7036000788211823,3.5352325439453125,0.16455242037773132,0.12162268906831741,5.016714096069336,0.17695192363832019,0.27226254702237374,-1.1502338151645253,-1.2383709458308783,-0.31383091545622643,-1.1470937880689132,-1.2359735739821183
2015-10-13,3.7073546797037125,3.572296619415283,0.1687011420726776,0.12102891504764557,5.025371074676514,0.17756392646415972,0.2675106342941409,-1.0340809766641978,-1.0629701862317793,-0.29553074886319086,-1.024647760791332,-1.0568147460910478
2015-10-14,4.081473678350449,3.711118221282959,0.17049401998519897,0.11912590265274048,5.060765743255615,0.1765036184688567,0.2749440151221537,-0.571437977541164,-0.8267568589234919,-0.2977998698514406,-0.5583824521614416,-0.8174750945193052
2015-10-15,3.866903081536293,3.718660593032837,0.16597071290016174,0.11867790669202805,5.0717854499816895,0.17694016596422604,0.28472852599844,-0.7278820467129625,-0.7210064683075732,-0.2884401080801824,-0.7163050130261119,-0.7124763006889694
2015-10-16,3.9962226301431656,3.8714537620544434,0.17232313752174377,0.11765144765377045,5.1209259033203125,0.1775540239970286,0.2936299747346338,-0.5245827230835225,-0.47764435507880165,-0.2759214739566658,-0.5062421732939661,-0.46463621730837623
2015-10-19,4.102198779582977,3.834911823272705,0.1761607676744461,0.11761622130870819,5.104542255401611,0.17713983498812422,0.29213526403051515,-0.3850775053575255,-0.47632111275464695,-0.2604962327549727,-0.3713624116224681,-0.4685269609406779
2015-10-20,4.232477322220802,3.7323191165924072,0.1964820772409439,0.11671387404203415,5.082836151123047,0.17738733439753535,0.28669754865774844,-0.13238757509738353,-0.4192789767008218,-0.21978939643839235,-0.12660739226818052,-0.425729529241595
2015-10-21,4.220136731863022,3.640268564224243,0.19355015456676483,0.11593294888734818,5.045426845550537,0.1765079571061655,0.28322493979313423,-0.04869637844521968,-0.4171287763630094,-0.21264148831322216,-0.060953702320479586,-0.430589677846978
2015-10-22,3.688987150788307,3.6137783527374268,0.20322677493095398,0.11572530120611191,5.031318187713623,0.17669165010316695,0.27893722405945853,-0.5006573216144812,-0.35513200193003414,-0.18860881165157473,-0.5321824098203614,-0.38142102752281515
2015-10-23,3.7633697390556335,3.599763870239258,0.19572313129901886,0.11579236388206482,5.017858505249023,0.17789717847888487,0.2659689848236625,-0.32314466853988577,-0.2322763303001345,-0.17200463262765187,-0.40384095979135726,-0.3135778702868799
2015-10-26,3.579090029001236,3.3866934776306152,0.17089150846004486,0.11338101327419281,4.997805118560791,0.17893124370663485,0.26356610615839393,-0.25325026714607723,-0.13121994131249082,-0.1671812968486983,-0.4044527530380577,-0.2829902364657104
2015-10-27,3.797306537628174,3.4342281818389893,0.18195536732673645,0.11431094259023666,5.010889530181885,0.1783502782111193,0.2660572730204829,-0.11498745873279592,-0.1980978991168314,-0.16361609980061287,-0.26643402758874224,-0.34944555750154915
2015-10-28,3.6945060342550278,3.450648784637451,0.17652224004268646,0.11468848586082458,5.015890121459961,0.1776202078897278,0.27037980973047804,-0.27988534995530223,-0.26174314894237405,-0.17674811234502563,-0.3890952702268313,-0.37446716571322813
2015-10-29,3.9101486653089523,3.6389577388763428,0.18362346291542053,0.1126943975687027,5.105175495147705,0.18032693790907955,0.2981256313797386,0.07989032900780568,0.13386177714679448,-0.15187788252001777,-0.13227638701312028,-0.08514498858615571
2015-10-30,3.981163904070854,3.6474180221557617,0.19047041237354279,0.1165679469704628,5.085987567901611,0.18084228424053378,0.2946075483687003,-0.01792923511921707,-0.0703168926183455,-0.13548282477757523,-0.13674869620433405,-0.19627316465087397
2015-11-02,3.4949097856879234,3.2898383140563965,0.06899011135101318,0.11651727557182312,5.059746265411377,0.18068526299955961,0.2862914373736788,-0.4752841568670858,-0.39313370374154655,-0.24673288078043898,-0.5975566090083744,-0.5243617069749096
2015-11-03,3.316395029425621,3.2391579151153564,0.08373263478279114,0.11443202197551727,5.039144039154053,0.18129230432318283,0.2813792054069971,-0.4748395991154428,-0.2203572534057825,-0.20577216927373732,-0.6476941598929122,-0.4085224604570392
2015-11-04,3.259859576821327,3.274623155593872,0.10165958851575851,0.11301150918006897,5.053966045379639,0.1812184962420228,0.284972308700674,-0.46001384669217593,-0.10575247467684701,-0.18350697065667987,-0.6572303400364152,-0.3208961136549533
2015-11-05,3.3955869525671005,3.1861143112182617,0.11311279982328415,0.11533036828041077,4.998856544494629,0.18102755778788102,0.26439296196523865,-0.3806101640559847,-0.2855851338672366,-0.15686788101300442,-0.5428346301848443,-0.4641063977666682
2015-11-06,3.3085439652204514,3.225990056991577,0.10580112040042877,0.11603578180074692,5.01886510848999,0.18061651744095283,0.27175230449581833,-0.5371621219863885,-0.3407633989025811,-0.17352839765133155,-0.6591544289622981,-0.4736978347726386
2015-11-09,2.8308871164917946,2.9838902950286865,0.10761136561632156,0.1184040904045105,4.9229512214660645,0.1824238304599739,0.25460879142902737,-0.9370033183818585,-0.48652155480731984,-0.114549120085913,-0.999799391966318,-0.5561206402465535
2015-11-10,3.279180146753788,3.0905439853668213,0.11233856528997421,0.12092416733503342,4.943591117858887,0.1829643320431969,0.2588370423884989,-0.5961621883283108,-0.5320583627378719,-0.11052531393263276,-0.62899640844994,-0.5687344573681212
2015-11-11,2.944026753306389,3.0755181312561035,0.10682789981365204,0.12013815343379974,4.948339939117432,0.1828344245568174,0.2612922350168483,-0.8802410977191952,-0.4905950233923999,-0.11411309367159905,-0.9182709867768644,-0.5330389239263784
2015-11-12,3.1666379421949387,3.1092159748077393,0.1147627905011177,0.12036796659231186,4.968635082244873,0.18295135566801066,0.26282117271366456,-0.6620977139335453,-0.47884490095203613,-0.10798527463339491,-0.71744278255222,-0.5407456149870966
2015-11-13,3.4196500331163406,3.1147029399871826,0.1112733855843544,0.12363998591899872,4.9694905281066895,0.18252356096723601,0.2557614397578891,-0.5908225690841045,-0.7125894051338317,-0.12239931210359378,-0.6096746781326399,-0.7337077225233211
2015-11-16,3.2078239172697067,3.1009364128112793,0.1168808713555336,0.12816889584064484,4.939825057983398,0.18112792165445776,0.24818193730458882,-1.0621106947999825,-1.0637948925234868,-0.13462892729542064,-0.9610970752958821,-0.9512936410127351
2015-11-17,3.3948263227939606,3.0832676887512207,0.1363920420408249,0.13158486783504486,4.908403396606445,0.17845348010334794,0.23335322865521102,-1.1245830325652388,-1.415034300663648,-0.14863659908923754,-0.9250175494130826,-1.1929688961976215
2015-11-18,2.275990664958954,2.173116445541382,0.16577012836933136,0.1137678399682045,4.667490482330322,0.16945714363172562,0.1826405433338274,-1.3774820229206197,-1.3328030563862887,-0.13753551300216804,-1.2128886591669037,-1.1482668108928262
2015-11-19,2.4515239596366882,2.4717068672180176,0.22536733746528625,0.11271751672029495,4.754608154296875,0.168232935207466,0.19767246874124778,-1.2955591485308178,-1.1506840137827536,-0.1211396616733742,-1.1651767064349219,-1.0041288902425984
2015-11-20,2.6792817041277885,2.4385547637939453,0.24894151091575623,0.11920060217380524,4.679570198059082,0.16326525703204184,0.18540539710450832,-1.525455255104128,-1.8042805448914843,-0.15729775433433613,-1.0587015594240596,-1.2836445210993466
2015-11-23,2.0283953323960304,2.0146052837371826,0.2536719739437103,0.10698264837265015,4.593648910522461,0.15737659770126267,0.1504419783455383,-1.6531165856589087,-1.6359468906989836,-0.18679815803303157,-1.3325529910414415,-1.276838228467462
2015-11-24,2.006742402911186,2.121436834335327,0.251906156539917,0.10536056011915207,4.625121593475342,0.1547437823779883,0.1674518138413219,-1.6558855948373017,-1.5513836974581965,-0.22874975702217615,-1.2325493758563786,-1.0798155885472158
2015-11-25,2.778722323477268,2.830308198928833,0.33523881435394287,0.11404738575220108,4.808109760284424,0.1517835438752388,0.21556490295472208,-1.3680340558262456,-1.5579117692569033,-0.23794176122194766,-0.6496256834264234,-0.767417154412259
2015-11-27,2.3599103316664696,2.1095898151397705,0.37379902601242065,0.11204200983047485,4.622442722320557,0.14465222835721936,0.14329037209987727,-1.4970801885339324,-1.9485354126117862,-0.20231611629918733,-0.7972254849440206,-1.1855278796475952
2015-11-30,2.0194723308086395,1.7858330011367798,0.3668425977230072,0.11047502607107162,4.501065731048584,0.14345094095487124,0.11079370796559984,-1.40391855832923,-1.6909936887525592,-0.14870226626594274,-0.75396669292609,-0.9787109831999867
2015-12-01,1.8379112407565117,1.8342933654785156,0.34927043318748474,0.11052384227514267,4.524096965789795,0.14312606242034798,0.1261353628260552,-1.2135560801800396,-1.1415764296243687,-0.13181509193834295,-0.6112729195799478,-0.49313095640271154
2015-12-02,0.955183669924736,0.9651779532432556,0.24835334718227386,0.12001203000545502,4.404629707336426,0.14295660841676558,0.09812502297691761,-2.1184036865549634,-2.077628816041262,-0.15781556173691902,-1.3223727177000928,-1.2431871770503244
2015-12-03,0.9967962093651295,1.0315757989883423,0.2440544217824936,0.1314811110496521,4.391278266906738,0.14247403813626727,0.10291630273612062,-2.0132983679763417,-2.0219389128312377,-0.12330415069505118,-0.9539525843710477,-0.9206006463855241
2015-12-04,0.6462059505283833,0.7048079967498779,0.32391157746315,0.12758435308933258,4.103700637817383,0.1473701592923484,-0.024890262383898687,-2.378383483029178,-2.3433866984713756,0.024230946807240583,-1.7560160965302183,-1.7020273668264192
2015-12-07,0.540254645049572,0.6698499917984009,0.3032623529434204,0.1300843358039856,4.009415149688721,0.14898426220804886,-0.07703947473213835,-2.46647966838559,-2.3604975968276403,0.024774392355082497,-1.9917300218218177,-1.8778113712551177
2015-12-08,0.6710749324411154,0.7821997404098511,0.3519991934299469,0.1339968591928482,4.098437309265137,0.15157416947649058,-0.03261446783946376,-2.2391811615383217,-2.1382046126757563,0.0806318066147822,-1.658527964972321,-1.5604934073357555
2015-12-09,0.7173789329826832,0.7632168531417847,0.3478005826473236,0.13311628997325897,4.08681583404541,0.15180802849105135,-0.03568492474281748,-1.9903143771911918,-1.963949838800092,0.06970629759126856,-1.470292526483826,-1.4460252116614383
2015-12-10,0.7065830174833536,0.8038844466209412,0.3956240713596344,0.13450729846954346,4.0218329429626465,0.1515116238433698,-0.08020849319986456,-1.763185760692381,-1.7291320983241159,0.11812451821556502,-1.4913220503099565,-1.4537818180253428
2015-12-11,0.6634089034050703,0.7373800277709961,0.38242584466934204,0.1311093270778656,3.9855031967163086,0.14930717906216237,-0.0814445218734332,-1.4675798976371563,-1.4692735205885317,0.08106800752496568,-1.1992740318309494,-1.1937195581556885
2015-12-14,0.8145465739071369,0.8822281956672668,0.46926867961883545,0.12822294235229492,4.136173248291016,0.15111231471844982,0.0034551660816662944,-1.2726155069329899,-1.23271641322102,0.15425033377130437,-0.8038092402007697,-0.7535600490125143
2015-12-15,0.8047828730195761,0.8106298446655273,0.4535195529460907,0.1301419883966446,4.117398738861084,0.14961884250971455,-0.005273928110199444,-1.0647990777634275,-1.106860463518628,0.13091110948019336,-0.6169328417556974,-0.6500377775058057
2015-12-16,0.7937420457601547,0.9035168290138245,0.5383564233779907,0.13274212181568146,4.148637771606445,0.14965320118944975,0.014704599027522525,-0.92450100178299,-0.873122143322715,0.213431079371728,-0.4172381845994293,-0.3554818084368154
2015-12-17,0.8389218356460333,0.8849340677261353,0.5275707244873047,0.1324780285358429,4.104067802429199,0.1500342361077547,-0.01645848290587204,-0.8596860889253533,-0.8729063649769948,0.20699972493176833,-0.5301040911604229,-0.539039936315163
2015-12-18,0.8464243188500404,0.9628801345825195,0.5964862704277039,0.1351969987154007,4.100911617279053,0.1516494402147988,-0.010089664039160784,-0.8063474620198674,-0.7607292921933722,0.28891727873872797,-0.45042531084339377,-0.39859276330619586
2015-12-21,0.8207531441003084,0.9654567837715149,0.5781748294830322,0.1333232820034027,4.125068664550781,0.1523201535475521,-0.0015739394889917602,-0.8316051807614775,-0.7393132371591928,0.2637361145570112,-0.5365695376004016,-0.44214040637074437
2015-12-22,0.9998189769685268,0.9954216480255127,0.594742476940155,0.1340484768152237,4.139403820037842,0.15216314126101432,0.003976700310440173,-0.5478677142446644,-0.6067269255781245,0.27308268609477593,-0.2749724362350232,-0.33581164881059333
2015-12-23,0.92432601749897,0.8781227469444275,0.5948558449745178,0.12919999659061432,3.9724507331848145,0.14874125466599017,-0.05135307210839679,-0.48920046386148286,-0.5851147711617113,0.27565005511852614,-0.28263015020568716,-0.3777518066890355
2015-12-24,1.029743418097496,0.9610056281089783,0.6268627047538757,0.13320842385292053,4.078659534454346,0.15039356439525103,-0.01969843713959274,-0.25925341233663346,-0.39044515429736126,0.2983281436947294,-0.12385884722922835,-0.2510163179982827
2015-12-28,0.8228084966540337,0.9226640462875366,0.6207598447799683,0.13400466740131378,4.01246452331543,0.1491711397845019,-0.04207578639918985,-0.286393703994257,-0.24403454005454073,0.2945580523840454,-0.19356341385405074,-0.15287253960625335
2015-12-29,0.9281827136874199,0.9367302656173706,0.6344290971755981,0.13561943173408508,4.036680698394775,0.1497904164169124,-0.04118495391082466,-0.06498635175188294,-0.12744038789739998,0.3055733574889188,-0.040881953107122726,-0.10266933503389453
2015-12-30,0.8346467539668083,0.9008444547653198,0.5633339881896973,0.12667812407016754,4.138719081878662,0.15012417828572922,0.02663025954140197,-0.4574056909694253,-0.39661756010560456,0.20088632026837216,-0.39118003322802775,-0.3303604555653701
2015-12-31,0.8772863335907459,0.8516214489936829,0.550081193447113,0.12780439853668213,4.035587787628174,0.148550532348788,-0.029169053834512182,-0.22586350483505102,-0.2773131304842771,0.1966247347939083,-0.2110440958781692,-0.26286782468999004
2016-01-04,0.7974348925054073,0.7309259176254272,0.19405731558799744,0.12591224908828735,4.057283878326416,0.14687859164436343,-0.02447450919873062,-0.2596762717715695,-0.34177633059650825,-0.190269621741596,-0.2517188615550068,-0.33558674579386283
2016-01-05,0.768430806696415,0.6691858768463135,0.19032733142375946,0.12247945368289948,4.058273792266846,0.14797193320343305,-0.020307532167198827,-0.43779353130045884,-0.5309347305877052,-0.17535351444009262,-0.4342457422614898,-0.5271678590676192
2016-01-06,0.6885738130658865,0.6095010042190552,0.16316302120685577,0.12055572122335434,3.9949841499328613,0.1476461022957816,-0.04990236740704712,-0.5140570471054748,-0.5792066909176166,-0.18253525573315588,-0.5142901920761327,-0.5794787384900277
2016-01-07,0.7123383693397045,0.6000730991363525,0.1673290729522705,0.11634901165962219,4.079537868499756,0.1494174780387542,-0.012409008407909594,-0.7479413804125348,-0.8086353061084068,-0.1782669252931135,-0.7463164403055944,-0.8067159158287889
2016-01-08,0.7638416793197393,0.7032954096794128,0.2146626114845276,0.1159491091966629,4.229491233825684,0.15204370860901614,0.038413705532394204,-0.9161098415118616,-0.9034367699979318,-0.14375378323103627,-0.9136352569414856,-0.9004475127582858
2016-01-11,0.8134834989905357,0.6803492903709412,0.19555258750915527,0.1159326583147049,4.213057994842529,0.15230819636054174,0.030433228013526437,-0.8583132917381171,-0.9189597271634096,-0.15371398588008445,-0.8562837664156695,-0.9166109588078677
2016-01-12,0.6451531425118446,0.656037449836731,0.1492794156074524,0.11835590749979019,4.162248611450195,0.15348750187884638,-0.003298531360899748,-0.9722613123041044,-0.900654006716183,-0.17083766400631606,-0.9769226347914826,-0.90597410750321
2016-01-13,0.7271114364266396,0.6274496912956238,0.16053900122642517,0.11858681589365005,4.062049388885498,0.1524492938544579,-0.03903930684221324,-0.7531104652544851,-0.8065872291942275,-0.14107608762168833,-0.7577583892508843,-0.8123684256322585
2016-01-14,0.7706260532140732,0.6094642281532288,0.144888773560524,0.11491458117961884,4.1157636642456055,0.15538849288352563,-0.015841540683197985,-1.004446782573119,-1.0828134631726365,-0.13979149781005784,-1.006759208331216,-1.0860026825622593
2016-01-15,0.7015821933746338,0.6288187503814697,0.17805179953575134,0.1138858050107956,4.192012310028076,0.156494852970079,0.02271970007896651,-1.1832102273025416,-1.1585553984786454,-0.11575573875036116,-1.183215523749701,-1.15859881085539
2016-01-19,0.8753295466303825,0.735239565372467,0.21384578943252563,0.11416350305080414,4.352752685546875,0.15968285539083285,0.08346400436418855,-1.2506702118032376,-1.2723055801181582,-0.09019650293002424,-1.2503647897709134,-1.2715435648698885
2016-01-20,0.9233317375183105,0.7470748424530029,0.24387648701667786,0.11481674760580063,4.33311128616333,0.15968882287316002,0.07876187153570613,-1.1337133902024346,-1.198398720838429,-0.05546399256569323,-1.1302656682022105,-1.1945999906774851
2016-01-21,0.7916945442557335,0.6924712061882019,0.25598928332328796,0.10920413583517075,4.260810375213623,0.1591035401968393,0.08856501326212274,-1.3053061179414875,-1.266290859870499,-0.036863644707494814,-1.2774174032055008,-1.2354130857545758
2016-01-22,0.901497695595026,0.8176772594451904,0.30003124475479126,0.11297094821929932,4.3075971603393555,0.15916432344102605,0.10470905648140616,-1.0765835878451049,-1.0445942772752006,-0.0052789880339028095,-1.007028166978511,-0.9749767435721073
2016-01-25,1.3116037845611572,1.1467750072479248,0.4224086403846741,0.12494885921478271,4.520771026611328,0.16668080461966187,0.18741332199324956,-0.8286984766595507,-0.8967552725213568,0.146673526426087,-0.6573011295907079,-0.7205936360322605
2016-01-26,1.38776121661067,1.334306001663208,0.5245241522789001,0.1258297711610794,4.625400066375732,0.17021077765360546,0.2159808595837115,-0.9640414244460835,-0.9049824591318574,0.2553441345797147,-0.7501572943905384,-0.68727878447406
2016-01-27,1.5795697569847107,1.4841196537017822,0.5762708783149719,0.13885951042175293,4.600090026855469,0.16974104753849434,0.19526308049110486,-0.36608294075139947,-0.4234043428012271,0.3190915098247722,-0.16556055473541398,-0.2214029648079796
2016-01-28,1.351786620914936,1.3692231178283691,0.5562069416046143,0.13256120681762695,4.555192947387695,0.17059859492424206,0.17550481231807014,-0.6525861989026933,-0.5671226238495843,0.29140063346107703,-0.48621051603450427,-0.3987263901800504
2016-01-29,1.414214089512825,1.4332784414291382,0.6087339520454407,0.13253355026245117,4.563374042510986,0.17230554839960124,0.17885674907806715,-0.5939181389911221,-0.5067592743142546,0.3413350142508016,-0.42609400867183744,-0.3379436406424716
2016-02-01,1.6015148013830185,1.6049773693084717,0.6375081539154053,0.14391188323497772,4.597152233123779,0.17415127440473036,0.1695540541688062,-0.2213038909181222,-0.20093910907747636,0.3857357889326576,-0.13258821299802426,-0.11223591585339299
2016-02-02,1.5322131887078285,1.6298432350158691,0.666455864906311,0.14519688487052917,4.570756912231445,0.1744098598144615,0.1559722318477611,-0.1772698026151751,-0.07569030840395374,0.4028758325832392,-0.11618187601757501,-0.014289414999274719
2016-02-03,1.695800893008709,1.6364870071411133,0.20710453391075134,0.14421264827251434,4.673033714294434,0.17596332932188813,0.18742277429546406,-0.3069058559226585,-0.34011072542992116,-0.061720458683698354,-0.2599917608810993,-0.29283111645963
2016-02-04,1.5935776978731155,1.588287115097046,0.22286301851272583,0.14135541021823883,4.559403419494629,0.18108279387262774,0.1678341393379399,-0.11373241081657337,-0.10021367335674913,-0.05568392741916073,-0.02040527099634737,-0.005847823229775617
2016-02-05,2.0156265161931515,1.8930600881576538,0.30842989683151245,0.1397920399904251,4.64316987991333,0.1792291447586496,0.19821113707695948,0.0429015272896649,-0.03779360183574276,0.03353174995600183,0.14306615883730078,0.06396293634792416
2016-02-08,1.9881699904799461,1.9545034170150757,0.3804198205471039,0.13708582520484924,4.648870468139648,0.181145536998248,0.1936622404219832,-0.040953545390960855,-0.01491741079290243,0.09829572853050844,0.016445627329895185,0.04345711634877958
2016-02-09,1.931159846484661,2.004809856414795,0.42124590277671814,0.13298901915550232,4.7079949378967285,0.18317048057890484,0.2178938551441777,-0.33628183252943566,-0.1708145927304794,0.1319117229289829,-0.2742720206358462,-0.10886682274180703
2016-02-10,2.090974301099777,2.028949737548828,0.4196455180644989,0.1339031308889389,4.713446617126465,0.18469356085808458,0.21014917848996373,-0.15137145861559098,-0.1320223310258295,0.12704128560591826,-0.13047149268223768,-0.11172067956964993
2016-02-11,1.8754229173064232,1.9559612274169922,0.3942064940929413,0.13299758732318878,4.670899391174316,0.18421307856948807,0.20222378027754773,-0.244778067087001,-0.08856893672381627,0.08274930942176667,-0.2087797573988759,-0.054465956368392465
2016-02-12,1.7078569158911705,1.8843144178390503,0.3864370286464691,0.1306496560573578,4.6500959396362305,0.1857704169673517,0.20412626462993022,-0.3589709827423002,-0.10896160262838661,0.054548004401884564,-0.3065686235213758,-0.060002618274712205
2016-02-16,1.9709179550409317,1.9546964168548584,0.4274441599845886,0.12644848227500916,4.751649856567383,0.18784184315684221,0.2347116469662366,-0.4481436136468573,-0.3660306618135172,0.09950787820368395,-0.41161663301864193,-0.33243388239816163
2016-02-17,2.3242453783750534,1.9779117107391357,0.491595596075058,0.12037599831819534,4.8138580322265625,0.19061725609033825,0.25615351649219475,-0.3360410783597194,-0.5489192148445632,0.14501116585905,-0.3173803134038744,-0.5318269505049464
2016-02-18,2.5194993689656258,2.122344732284546,0.5221711993217468,0.12308091670274734,4.892704486846924,0.19253277150895262,0.2700657623292537,-0.3196461951025187,-0.5629994711425903,0.19593886452350728,-0.32919919215866367,-0.5718308701884145
2016-02-19,2.588473692536354,2.159212350845337,0.5180530548095703,0.12402525544166565,4.880098819732666,0.19318085264067558,0.2733100349792654,-0.17486973657465388,-0.43942620316669156,0.18029375668255532,-0.15693550403734857,-0.42252812853500954
2016-02-22,2.2522276863455772,2.1460611820220947,0.5182878375053406,0.12400559335947037,4.856597900390625,0.19282539423304684,0.26924701511771076,-0.43301362738584714,-0.3613240289961128,0.16481750513885363,-0.40473876361970706,-0.3343987055842912
2016-02-23,2.793978027999401,2.428192138671875,0.5948449373245239,0.12518909573554993,4.963276386260986,0.19500536498227,0.2871681764851505,-0.19333249450879286,-0.3671544865526313,0.2724650376163482,-0.2007112103467037,-0.37428327016541285
2016-02-24,2.4629394337534904,2.4649925231933594,0.6034441590309143,0.12440024316310883,4.984642505645752,0.19548068302022273,0.2933390744437335,-0.5906466525723246,-0.3781041811653072,0.2747567871720523,-0.5955698004117069,-0.38290988557269623
2016-02-25,2.779696762561798,2.474128007888794,0.6003925204277039,0.12503068149089813,4.993083953857422,0.19583064793590843,0.2926058077708301,-0.2541695059463098,-0.3660457317313526,0.2721900393126575,-0.26442110993211987,-0.3756408977372363
2016-02-26,2.915592297911644,2.6021997928619385,0.6230377554893494,0.1296578049659729,5.020483016967773,0.1964115095307891,0.2926583199676698,-0.1307345810004561,-0.27511169468740704,0.31873727660488416,-0.14632131992057396,-0.29053869053871484
2016-02-29,2.8043820783495903,2.518360137939453,0.5839820504188538,0.12933620810508728,5.019721031188965,0.19689039738142972,0.29052944437714834,-0.24368819870493752,-0.3496774355228398,0.2496938714114546,-0.27879422129220277,-0.38407194181289306
2016-03-01,2.2498175725340843,2.5060157775878906,0.5902631282806396,0.1221904456615448,5.012140274047852,0.19669156899238407,0.29211586047821014,-0.8420065725425996,-0.3609075285351171,0.18757775191688397,-0.9093824071683612,-0.42727089162090426
2016-03-02,2.99775792658329,2.817539691925049,0.7839716672897339,0.11436016857624054,5.133946895599365,0.1987324230662649,0.31461465450775283,-0.5381589194678984,-0.44778575121593445,0.3696441119573741,-0.7208017959433155,-0.6309076327708034
2016-03-03,2.98556949198246,2.5117459297180176,0.7050455808639526,0.11066840589046478,5.295547008514404,0.19356736248995707,0.3325876521409683,-1.2642983748403127,-1.4225267825156118,0.38356419769200234,-1.5528023187771351,-1.7229168839145794
2016-03-04,3.517772912979126,2.880728244781494,0.3570343554019928,0.10881399363279343,5.351245403289795,0.19228441762859377,0.34071846053486343,-0.9403369260916561,-1.235277316815659,0.05562399501247328,-1.1957529508937643,-1.5069542872832065
2016-03-07,3.223399579524994,2.983322858810425,0.3782172203063965,0.10720162838697433,5.375985145568848,0.19117367133011154,0.3454396973087491,-1.3271896986317175,-1.2043046693957997,0.09039120944936396,-1.5415165347860809,-1.4060243782164914
2016-03-08,3.73588964343071,3.0567684173583984,0.3996911346912384,0.10711744427680969,5.38258695602417,0.1920230815747285,0.34418443418046973,-0.7694041077686187,-1.0877567137991822,0.10559194267791439,-0.9127000813079125,-1.225139798255257
2016-03-09,4.412919744849205,3.2133188247680664,0.4389578700065613,0.10713467001914978,5.430077075958252,0.1928903929853262,0.3525111682852631,-0.2088301147936047,-1.0303299119457403,0.15290656554760473,-0.33078578209123766,-1.1162164229192646
2016-03-10,3.8789003491401672,3.3325698375701904,0.4524589776992798,0.10652612894773483,5.480532169342041,0.19387770654403413,0.3589321643907796,-0.8930562073347801,-1.0163125310138827,0.17242960032299948,-1.0181835852783312,-1.0449425511357466
2016-03-11,4.025934040546417,3.2209835052490234,0.47785428166389465,0.10753683745861053,5.398097038269043,0.1926892165049228,0.3474465048752353,-0.4331947880706615,-0.8373898335115149,0.1763257411237611,-0.4879778307785436,-0.8112074060489887
2016-03-14,3.6419782042503357,3.687296152114868,0.5508229732513428,0.10417815297842026,5.5012617111206055,0.19374403216715194,0.346828606297477,-1.1539544268838862,-0.6512153201223612,0.2677338763954691,-1.2259155431348292,-0.5723117465755863
2016-03-15,3.987594783306122,3.6429972648620605,0.529045820236206,0.10517726838588715,5.457180023193359,0.19328442854250305,0.33854756619823156,-0.6054698119713837,-0.5302055749887655,0.22848710927107008,-0.5857471868771809,-0.42260047337176143
2016-03-16,4.341168701648712,3.760800838470459,0.5252543091773987,0.10589859634637833,5.492503643035889,0.19232091347918112,0.35275628526811387,-0.36778865268103633,-0.5264231633419554,0.2374719686199096,-0.32478020132708707,-0.4178497261494858
2016-03-17,4.699800029397011,3.907623291015625,0.5832295417785645,0.10962175577878952,5.509444713592529,0.19250528507549663,0.36053855266766666,-0.03230173401238545,-0.4139754566020182,0.2947038067547765,0.008016516304214072,-0.3085496230414515
2016-03-18,4.848548159003258,3.9000937938690186,0.5494384765625,0.11164669692516327,5.475225448608398,0.1925416305663686,0.3557452604010285,0.24585316306828897,-0.2949355473058475,0.24317745952544678,0.2760161414162212,-0.19940163173390868
2016-03-21,4.932849124073982,3.96453857421875,0.5563758611679077,0.11165352910757065,5.4898600578308105,0.19239764632287662,0.3590667952175082,0.2740901300692329,-0.2647008641133626,0.24912879097250706,0.28344128810866476,-0.17530672660674362
2016-03-22,4.587252050638199,3.9880857467651367,0.5634737014770508,0.11338749527931213,5.478358745574951,0.19218073318311085,0.36138167936978216,-0.041046044623406885,-0.20199818810840586,0.24715169039670082,-0.04568686414533829,-0.13042919071995218
2016-03-23,4.284180849790573,3.76161789894104,0.5384607911109924,0.11266786605119705,5.4143171310424805,0.19085152559200885,0.35531704411523435,-0.14197781391951292,-0.23993162185679928,0.2107121345646754,-0.153803133500932,-0.19580802007984666
2016-03-24,4.650526732206345,3.6105127334594727,0.5000115036964417,0.11312247812747955,5.391107082366943,0.19289815455457401,0.34649522108914554,0.3622454597405165,-0.258196274472966,0.15052266481735654,0.3474577894075619,-0.2100256456701226
2016-03-28,3.6111666560173035,3.6162869930267334,0.5094090700149536,0.11264695972204208,5.396044731140137,0.19232711423166401,0.34995653723879305,-0.7089336741221732,-0.26548101135953317,0.16384236282856257,-0.7313818092584432,-0.22634296995564096
2016-03-29,3.985960617661476,3.4076287746429443,0.4728834331035614,0.11359338462352753,5.3156046867370605,0.19076953500089866,0.3369805353407397,-0.06229289934192561,-0.2450204232116331,0.11908942058255745,-0.07730937402420768,-0.22341813987312253
2016-03-30,3.7623797953128815,3.2307915687561035,0.46475324034690857,0.1157207265496254,5.217468738555908,0.19223895950992675,0.3188611885207402,0.10895252523718213,-0.06884553598133136,0.08206132779119435,0.09440416039661592,-0.05669824824794878
2016-03-31,3.543970264494419,3.22086501121521,0.43996724486351013,0.11728516966104507,5.225948810577393,0.19220153934378278,0.32582849148451176,-0.14689780530307495,-0.11740856875005168,0.05386125758373561,-0.1585148427039087,-0.11289702310536942
2016-04-01,3.7649757266044617,3.123579740524292,0.43276089429855347,0.11775650084018707,5.209393501281738,0.19091745471435237,0.33142326370855135,0.10285781373466918,-0.19093429950490215,0.05018099604572246,0.11077793925461465,-0.19304418412482383
2016-04-04,3.8566950261592865,3.1465861797332764,0.4458651542663574,0.1174829974770546,5.20754861831665,0.1909382428372989,0.3294988305993297,0.20758895668125898,-0.14827608691601935,0.06517779351264652,0.21419918794969117,-0.14902433778990432
2016-04-05,2.9333499893546104,2.6386923789978027,0.0565672442317009,0.12089363485574722,5.15549898147583,0.18962742010640207,0.31927298749822364,-0.5894000452760357,-0.5588765925630317,-0.3371499124932358,-0.5764727507895491,-0.5590555945888762
2016-04-06,2.614327572286129,2.5293080806732178,0.06732094287872314,0.1194038987159729,5.099438190460205,0.18705873208246504,0.30840276075707607,-0.7418398204588774,-0.5129104876928086,-0.3096771529152236,-0.7087828808181396,-0.5096491003362189
2016-04-07,3.0414184629917145,2.640385389328003,0.06012522056698799,0.11772864311933517,5.147103309631348,0.18777536470433512,0.316785044111356,-0.4362527617930123,-0.5047416027922997,-0.30569859696730095,-0.4090692879163922,-0.5003594210861642
2016-04-08,3.6314807087183,2.763230323791504,0.06787821650505066,0.11329225450754166,5.241774559020996,0.18650475883887896,0.326328421310223,-0.1733350788198864,-0.651682514259567,-0.2607209556284411,-0.17545457181953106,-0.6521215222003436
2016-04-11,3.932860568165779,2.8677544593811035,0.06928765773773193,0.11162938922643661,5.287297248840332,0.18740705168040186,0.3253751876103702,0.009614843232840009,-0.6313985666261952,-0.24931556022200918,-0.030248373601144962,-0.6403182967562877
2016-04-12,3.409129500389099,2.765681028366089,0.08370817452669144,0.11170398443937302,5.234642505645752,0.1844396045094071,0.324048047175029,-0.3976650886915758,-0.6190886130034352,-0.22464406871500575,-0.3896188397946383,-0.61745044784554
2016-04-13,3.2694115713238716,2.8130252361297607,0.10660447180271149,0.1132885068655014,5.262768745422363,0.18409558063080614,0.32505754752431204,-0.6386751406674316,-0.6715987801659926,-0.20356715092529565,-0.6509002184859463,-0.674339784986143
2016-04-14,3.0597420185804367,2.479748010635376,0.09349608421325684,0.11059444397687912,5.111319065093994,0.1814701869864593,0.3128364151388836,-0.3428029195605635,-0.5351055364606454,-0.2048909973730484,-0.25692444935517145,-0.514937577722475
2016-04-15,3.061957612633705,2.44476580619812,0.09228851646184921,0.1111409068107605,5.11439847946167,0.18102499242274686,0.3144313808021174,-0.35512369115734455,-0.5816889806415695,-0.20499999285200987,-0.2642556736330004,-0.5553146512726754
2016-04-18,2.867752470076084,2.3114447593688965,0.08492302894592285,0.11261304467916489,5.1014604568481445,0.17962484122430983,0.30851682551426274,-0.5304508481835581,-0.7059311061360471,-0.21473496827705407,-0.4434540394065154,-0.675695975902658
2016-04-19,2.9975933507084846,2.2641079425811768,0.07883276790380478,0.11330203711986542,5.093843460083008,0.1791107961003064,0.30625866747880615,-0.37437750579998763,-0.7281820054458512,-0.22249276213461244,-0.2830227068083091,-0.6903374707477923
2016-04-20,2.3050797432661057,1.9375247955322266,0.09563229978084564,0.10625449568033218,4.902905464172363,0.1746286239590403,0.2658000017013159,-0.4737669818212118,-0.48554485862056573,-0.15826152807971017,-0.3180677487533501,-0.4115288799996346
2016-04-21,2.166102848947048,1.6846446990966797,0.11953707039356232,0.10046319663524628,4.770909786224365,0.17153270269652413,0.2348849094570047,-0.1919466546881261,-0.33584320097470766,-0.08843971216637381,0.0020384610174764006,-0.23449197160974333
2016-04-22,1.814156912267208,1.6198742389678955,0.13379311561584473,0.09510630369186401,4.7172040939331055,0.17012334299909573,0.22868124338530782,-0.35634175449790684,-0.1899903752779306,-0.02869592328117032,-0.12898229809093298,-0.061776156896545587
2016-04-25,2.0597407445311546,1.6911487579345703,0.13683675229549408,0.09516694396734238,4.740328311920166,0.16911858087038595,0.2501866997680512,-0.16974741488385847,-0.18302444796292705,-0.019366141830475803,0.12639028035831346,-0.013622446296149393
2016-04-26,2.1270500645041466,1.707015872001648,0.14447268843650818,0.09723951667547226,4.7425079345703125,0.1680288782360635,0.2527355078407729,-0.12685775434194735,-0.19861692423395527,-0.022068342636959004,0.16383288831480436,-0.022252055148170413
2016-04-27,2.2442421726882458,2.066155195236206,0.18663379549980164,0.08862374722957611,4.823763847351074,0.1655060885907466,0.2772475143804297,-0.24125285215541803,0.02462487792364776,0.09093092627150956,0.05574187930754748,0.2117112308546938
2016-04-28,2.396108031272888,2.039440155029297,0.20526503026485443,0.08870168775320053,4.825900077819824,0.16362088032803507,0.2905620591479344,-0.09709421483426883,-0.02692962252929787,0.10358215493176215,0.24030563391129922,0.17662658201111103
2016-04-29,2.0842588543891907,1.9999935626983643,0.2769089639186859,0.08507940173149109,4.682200908660889,0.16079431033379535,0.27624460074929047,0.04825944312358832,0.3431815050222846,0.19421111161650773,0.4263456104135903,0.5695299828928937
2016-05-02,2.7434676438570023,2.2414424419403076,0.3000929653644562,0.08685185760259628,4.780591011047363,0.15704129351083587,0.2922167609924352,0.32069488730561035,0.21694565092121554,0.19844921128679682,0.6488059484079871,0.3940170489147994
2016-05-03,2.5835900343954563,2.120945453643799,0.2976757287979126,0.08537457138299942,4.732656478881836,0.15750462615610192,0.2762911226692144,0.31332659333340374,0.24093267713637356,0.1844780107217826,0.5541411168973784,0.3703335273254109
2016-05-04,1.8835885487496853,1.8843588829040527,0.2665371298789978,0.07922590523958206,4.74576997756958,0.15506954343615098,0.2805180896790328,-0.45065190099121644,-0.014722849985633113,0.17754039646912012,-0.25298200508044477,0.09114442537987433
2016-05-05,1.680688489228487,1.6759388446807861,0.3119114935398102,0.08063110709190369,4.502643585205078,0.15191952937578102,0.22520060220698546,0.0862276980733605,0.35725226032968127,0.20082883002560936,0.283209954351487,0.4576626478438459
2016-05-06,1.9783613681793213,1.8887091875076294,0.3825526237487793,0.07406401634216309,4.482083320617676,0.14915547836161236,0.24427975007571967,0.44144346858867634,0.6158282359560263,0.2864183898164916,0.6680955937867021,0.722320213865498
2016-05-09,1.7201280556619167,1.8120547533035278,0.3538700342178345,0.07440011948347092,4.478270053863525,0.14875971964763238,0.2413746418904893,0.13612957447902296,0.47262639519181326,0.22168819076499946,0.31325967840040136,0.543578103165222
2016-05-10,1.9904963821172714,1.88649582862854,0.40182259678840637,0.07946126908063889,4.432076454162598,0.14770401404064717,0.22054868733422006,0.49286874116776547,0.5697162404846794,0.2290958922953057,0.6440953060759855,0.6196155257343072
2016-05-11,2.0981033258140087,1.7803672552108765,0.44997477531433105,0.08506418019533157,4.263030052185059,0.14598631724075686,0.1820048865553049,1.0215376347596206,0.7817604810228804,0.237553716638094,1.1711865969705288,0.8218759873682753
2016-05-12,1.5747735649347305,1.4524641036987305,0.37299224734306335,0.0876459851861,4.214961051940918,0.14460531316304803,0.14947510001953535,0.5429623256688472,0.490218578719813,0.1374954437995225,0.6253159707117699,0.5042939055510169
2016-05-13,1.5726675316691399,1.5258601903915405,0.4180266857147217,0.08355746418237686,4.087728023529053,0.14225293690773344,0.12719628381276626,0.8515927610195595,0.8212377902842034,0.18223267626640743,0.9180577569820079,0.8298584850654884
2016-05-16,1.8694279976189137,1.72455894947052,0.49199873208999634,0.08522957563400269,4.115128517150879,0.14152229404949287,0.13177537362848013,0.9909711903210503,0.8781834260412811,0.24389010957230972,1.0535076487986998,0.8814341979491274
2016-05-17,1.71785768866539,1.8128702640533447,0.4891541302204132,0.08531650900840759,4.198383331298828,0.14227364752134164,0.15389831588032676,0.549732587997674,0.7260560891383561,0.23208520559793983,0.6074043602841719,0.7218740690125665
2016-05-18,1.8213770426809788,1.6631346940994263,0.4616718590259552,0.08489461243152618,4.155703067779541,0.14121871426367785,0.1575149811312445,0.7225175843783691,0.6159678928409151,0.1940747176075579,0.7883593412629619,0.6028267419766038
2016-05-19,1.9206463545560837,1.9226396083831787,0.5200814008712769,0.0929039791226387,4.019675254821777,0.14067043615713656,0.14087490681811643,1.1654543408112432,1.1365599383689378,0.2200478222007518,1.2506038299432578,1.1094809134513353
2016-05-20,2.0879105627536774,1.9595991373062134,0.5209716558456421,0.09266189485788345,4.0426506996154785,0.14080068344106872,0.14793099151419564,1.2048035222903066,1.059932906424719,0.21712045830986387,1.2538809635749606,1.0038372103174524
2016-05-23,2.0785965472459793,1.981621503829956,0.51457679271698,0.08777797967195511,4.041719913482666,0.14023398675526308,0.1492552770857004,1.1083332825851366,1.012100433247509,0.2073555378160315,1.1124694405413615,0.9371053462312842
2016-05-24,2.0486599057912827,1.9901714324951172,0.5241638422012329,0.08821652084589005,4.082861423492432,0.13969960712585602,0.15716542903670871,0.9190828561920368,0.8906801057026685,0.21288576395877357,0.8979328425237498,0.7929296862435282
2016-05-25,2.6011589616537094,2.3601467609405518,0.6389839053153992,0.08807064592838287,4.170896053314209,0.14039431958993362,0.18285028468442244,1.2215266158237332,1.057591003586046,0.3276219626891115,1.1802639060636588,0.9336364162986923
2016-05-26,3.2279634177684784,2.4088656902313232,0.7571568489074707,0.09341148287057877,4.006011009216309,0.13615942424358424,0.13967758608732617,2.222299469524357,1.4021110618714216,0.4221793590181319,2.1436313523029087,1.238609720530713
2016-05-27,2.7165616676211357,2.4614758491516113,0.747314453125,0.09387052059173584,4.042125701904297,0.13589047108283137,0.14849308194871447,1.5428593085271745,1.3422678234967051,0.40163956772010556,1.394445208207736,1.133894321237941
2016-05-31,2.2276730947196484,2.2818949222564697,0.6763684749603271,0.09116704761981964,4.051135540008545,0.13545926407282585,0.14824214276237813,0.9451955446781488,1.0799283732122504,0.32085177312966395,0.779591048997132,0.876726189818805
2016-06-01,2.5476230084896088,2.232945680618286,0.6819664239883423,0.09118212759494781,4.0211358070373535,0.1345567597520807,0.14859843435615538,1.2953245019675759,1.0444829399795874,0.3147801596346083,1.0973882838608535,0.8040372550820671
2016-06-02,2.554616056382656,2.1075401306152344,0.6398352980613708,0.09158769249916077,4.022680759429932,0.1334817172846101,0.14894622620805842,1.246866292395798,0.8809543689970716,0.2667624155333529,1.0157087695672153,0.6142077381014346
2016-06-03,2.8632540106773376,2.697964906692505,0.12500661611557007,0.08918137848377228,3.8455262184143066,0.13059483913398062,0.10482664466203806,1.862715892771547,1.7036854579323635,-0.27736173499873407,1.6771370329447302,1.500875133306541
2016-06-06,3.0976650938391685,3.2472636699676514,0.18893921375274658,0.0898178294301033,3.7529406547546387,0.1318898033011571,0.10121837237094633,2.2706576578272735,2.3534716137672156,-0.2197866746587967,2.0282467712063648,2.0967436231124226
2016-06-07,3.3824192732572556,3.0697779655456543,0.17874878644943237,0.0914992094039917,3.807711601257324,0.1310845964967528,0.13256719257027882,2.3307391806752076,1.9924086088986388,-0.208703373034752,1.8781125691207325,1.5291609818668626
2016-06-08,3.2055932357907295,3.38264799118042,0.1885250359773636,0.09298257529735565,3.68037748336792,0.12856922789793257,0.09511819033293123,2.3469757727319016,2.437778504229853,-0.19892943646222838,1.9065314363402988,1.9978938125202728
2016-06-09,3.1456868946552277,3.3368239402770996,0.21064960956573486,0.09672173112630844,3.6568331718444824,0.12818827399070346,0.09248758681062541,2.285649176749703,2.373713407064913,-0.17491911742742683,1.72016550483426,1.8035943688001534
2016-06-10,3.671594724059105,3.2098238468170166,0.19384101033210754,0.09507952630519867,3.6715457439422607,0.12776148762594033,0.0925061938572912,2.6499803234770836,2.0996748222741033,-0.18203178846319795,2.101183492364506,1.5428283063806103
2016-06-13,3.243854895234108,2.6994423866271973,0.19623301923274994,0.08668436110019684,3.7503161430358887,0.12679116866961987,0.10771290578381187,1.7869607276120747,1.2501536807940834,-0.15598567109216532,1.3775537479982134,0.844620269310886
2016-06-14,3.0857092440128326,2.595834732055664,0.23131796717643738,0.08269466459751129,3.7437655925750732,0.12586964433798054,0.08787130561656542,1.4807139198901176,1.0268078597075978,-0.10761949075145566,1.3339342022215135,0.8832429240353377
2016-06-15,2.759228140115738,2.600618600845337,0.2271518111228943,0.08446097373962402,3.753774881362915,0.12606240062446158,0.09593817130322779,1.103903085309267,1.0065259734131258,-0.11029502538650715,0.8504400059818753,0.7593776954118288
2016-06-16,2.468664176762104,2.596710205078125,0.22691206634044647,0.08323058485984802,3.7735390663146973,0.1262620024393655,0.09679894245959197,0.7047227495626647,0.9123889002296279,-0.10304483155881528,0.5176303619265061,0.7297730705248546
2016-06-17,2.792274132370949,2.588022470474243,0.21915927529335022,0.08282461762428284,3.7770636081695557,0.12716584117657512,0.0944309499074919,0.9962658571374243,0.8557523094116128,-0.10681887484882902,0.8803585259690152,0.7422225000124287
2016-06-20,2.761004403233528,2.697999954223633,0.4161096215248108,0.07568781077861786,3.6766469478607178,0.1260116020518134,0.07359899936866665,0.9712411480473726,0.9095103898062105,0.1030802647618595,1.1425683414854308,1.07728402369525
2016-06-21,3.0050551667809486,2.6621971130371094,0.3987494111061096,0.07438509911298752,3.7445733547210693,0.12673229403370662,0.0885909662369655,1.011793359137628,0.7183916559200767,0.08277357339824465,1.1595493343027208,0.8634234968346428
2016-06-22,2.9626176580786705,2.73673415184021,0.3950502872467041,0.07487189769744873,3.7481582164764404,0.1273436199653541,0.09512615205975228,0.930749181706958,0.7629950091989055,0.07075988436822805,1.011476404146288,0.8426103908473941
2016-06-23,2.5700960010290146,2.5401015281677246,0.48879474401474,0.06623322516679764,3.96062970161438,0.12447826833925553,0.13060845679277489,-0.12224719328568723,0.1174384880662358,0.19261160130833016,0.042477020061562065,0.28057318102252227
2016-06-24,2.608829230070114,2.692796230316162,0.43567562103271484,0.06619135290384293,4.060858249664307,0.12557648235697114,0.1419965681101405,-0.24906906610818424,0.1580324392497352,0.13525666568047284,-0.059539477051212764,0.34545074391304054
2016-06-27,5.695647954940796,5.722555637359619,2.289801836013794,0.05104117467999458,4.4884724617004395,0.14074163878199264,0.21526592298014535,1.9252143980197536,2.3950164537047627,1.9698954613390627,2.6941420089326327,3.14968666274828
2016-06-28,7.137422904372215,6.225400924682617,2.429981231689453,0.051193222403526306,4.707772731781006,0.14299659383720684,0.25455146113923277,2.83974556458287,2.476612435570688,1.956766686453674,3.398767502104266,3.010994665558811
2016-06-29,7.412998199462891,6.50497579574585,2.5325918197631836,0.059339024126529694,4.788717746734619,0.1449742664633997,0.2754651317835486,2.962652831803455,2.679243669014107,1.9293792804593055,3.1978983846396263,2.9080062419067563
2016-06-30,7.052573665976524,6.454585552215576,2.4654037952423096,0.06520232558250427,4.853094577789307,0.14640117619355272,0.2852485082751285,2.4169959439533493,2.506163107620009,1.7431358761795441,2.5264202591021743,2.613367599752507
2016-07-01,6.73117108643055,6.08457088470459,2.3611605167388916,0.06485661119222641,4.690960884094238,0.1456363008643028,0.2545851960585078,2.293327843915522,2.200788434481773,1.5427650906900163,2.451560135121438,2.3563804009219647
2016-07-05,5.907519429922104,6.63107967376709,0.5441398620605469,0.06905660778284073,4.56712532043457,0.14519713137541243,0.2444945731878414,1.79330956419604,2.9823053261751893,-0.27713066771050854,1.8244532139633707,3.0130161956133374
2016-07-06,6.670538783073425,6.925822734832764,0.5604351758956909,0.06838512420654297,4.664025783538818,0.14668697361855318,0.26126100658875273,2.2569784561618205,2.993749084600246,-0.2846519875757092,2.287542889376536,3.0238081854891057
2016-07-07,8.4444078207016,7.0093994140625,0.5863158106803894,0.06932063400745392,4.67681360244751,0.14652987491075545,0.26419580591984826,3.9254204541783695,2.9575914160242256,-0.24406390740269446,3.9308554472070893,2.962909485970635
2016-07-08,8.804770156741142,7.0540289878845215,0.6734044551849365,0.07017415016889572,4.597703456878662,0.14727930019861615,0.23336920333688282,4.447368203666432,3.126403868973835,-0.11454198450760078,4.573880573685889,3.2494039244829196
2016-07-11,7.686755105853081,7.394808769226074,0.7881785035133362,0.08082573115825653,4.640697002410889,0.14775710372859732,0.25578473989198525,3.3639028058122378,3.5870733110422988,0.08469208374187964,3.265486183767843,3.48982738948931
2016-07-12,9.427025437355042,7.456273555755615,0.8177626729011536,0.07837966084480286,4.639839172363281,0.14797207965057552,0.25453271182252657,4.9337465922497294,3.4643505278485183,0.09065846171567449,4.877377545025741,3.407918927204074
2016-07-13,7.742274954915047,7.597388744354248,0.799028754234314,0.0763009712100029,4.706024169921875,0.15004776024985605,0.26930566204862527,2.929875553634952,3.3535523199381565,0.0367759636376197,2.8805670023455647,3.3049846414488364
2016-07-14,8.811675310134888,7.484573841094971,0.7569060921669006,0.07570154964923859,4.735705852508545,0.1511237909801393,0.26984784670520334,3.8588005108624337,3.096435863682208,-0.01730617294719261,3.845293485446616,3.0828615653892086
2016-07-15,8.19959643483162,7.763235569000244,0.8211812376976013,0.07547114044427872,4.7450175285339355,0.15079085840844594,0.2730106318648817,3.0672837887018094,3.2324020748223212,0.04172514071812761,3.0345979274184742,3.2004384696257837
2016-07-18,9.534451022744179,7.836664199829102,0.8480295538902283,0.07827772945165634,4.7593464851379395,0.14959262269463655,0.28167544614180373,4.190893315089804,3.131431067478802,0.08273884610471494,4.0562836740936365,3.0059982682013224
2016-07-19,9.216206580400467,7.868662357330322,0.8534918427467346,0.07630425691604614,4.766359806060791,0.14909187144759936,0.28093737845547784,3.609134488698393,2.9525857126515245,0.06543473734571204,3.4844180496167976,2.842103773649983
2016-07-20,8.79635664820671,8.239198684692383,0.9326830506324768,0.07760041952133179,4.842895984649658,0.14858193166956404,0.2813874427220051,2.600725844496612,2.8609967805080867,0.12540646665177668,2.5868096092722475,2.849118649395624
2016-07-21,9.441876709461212,8.322154998779297,0.937570333480835,0.07646521180868149,4.844521999359131,0.1486420557310423,0.2823669162173281,3.0892435865400145,2.7693516760736223,0.11390035636572149,3.0799911747641815,2.7619192770718684
2016-07-22,7.9834302961826324,8.297897338867188,0.9685682058334351,0.07683715224266052,4.85920524597168,0.1485464249064747,0.2802116960954236,1.3835048227802211,2.535154158757301,0.13712107540473673,1.4074520146593201,2.552996595714598
2016-07-25,9.295625925064087,8.099063873291016,0.9248389601707458,0.07537044584751129,4.875474452972412,0.1479383992009073,0.28004247399128834,2.447038326926446,2.0501853433615587,0.06590992758653247,2.5018622659170155,2.086569561676768
2016-07-26,7.940027251839638,8.660287857055664,1.0219277143478394,0.07857566326856613,4.914847373962402,0.1475361356789852,0.29090392272675436,0.6250416792081062,2.2241659745399325,0.16932624420088627,0.6013431283396073,2.2089029095591997
2016-07-27,8.272956550121307,9.404205322265625,1.1555676460266113,0.08018893748521805,4.957189083099365,0.14656877226177292,0.30224571402109013,0.46322423716765115,2.40926246170557,0.28719101816788184,0.37589492136415004,2.3506319256087416
2016-07-28,9.654363110661507,8.992210388183594,1.1018785238265991,0.08176271617412567,4.955322742462158,0.14640537699548434,0.3043982597279503,1.7228733062575152,1.6923736062209223,0.24203011331502555,1.6042547628450983,1.6028948704709478
2016-07-29,9.180012628436089,8.887466430664062,1.0915025472640991,0.07998998463153839,4.863309383392334,0.14542943362624763,0.2965377764657817,1.5919067211428413,1.8990213757676564,0.2367656503448552,1.4352571694847107,1.7786656269906125
2016-08-01,9.886877745389938,8.42465591430664,1.0528998374938965,0.08290227502584457,4.8578081130981445,0.14588837674445584,0.30031259555890866,2.2440475133495212,1.3489796422424831,0.22273837013008846,2.0216758079890838,1.1685924237526208
2016-08-02,8.70642751455307,8.481127738952637,1.1647930145263672,0.0863812267780304,4.841980457305908,0.14684200713885004,0.29019373583814023,1.0844278489438715,1.4671285190666765,0.39308311821728603,0.9248305697690107,1.3437296676517363
2016-08-03,4.430107623338699,4.792974948883057,0.09758633375167847,0.09095412492752075,4.794961929321289,0.14782712882800833,0.27899728194919193,-2.888985643008109,-1.9757024520072477,-0.5868642956911656,-3.0076748354310503,-2.0723387885409963
2016-08-04,5.473398879170418,4.842375755310059,0.14655299484729767,0.09077050536870956,4.829380989074707,0.14777013386823704,0.2757677358162025,-1.9960283771182574,-2.1112106132071595,-0.49002362706830516,-1.9822609814746848,-2.1000025186979094
2016-08-05,4.994457855820656,4.857372760772705,0.14239531755447388,0.08714870363473892,4.781078338623047,0.1465741280948758,0.2704818333858193,-2.0806125510974525,-1.701402018955502,-0.5004850003900481,-2.0744287106172976,-1.6961408481368174
2016-08-08,4.842632502317429,4.937539577484131,0.20943760871887207,0.09210909903049469,4.883716583251953,0.14513105179110725,0.29831832183830687,-3.1757866293647936,-2.545368499236705,-0.29309641238662487,-3.279686257394655,-2.6343094297576
2016-08-09,5.189234122633934,4.993131637573242,0.21117398142814636,0.09206598252058029,4.898296356201172,0.1451711033749876,0.29756329891852673,-2.5644860901367714,-2.281875411398026,-0.2441099661191981,-2.608866536857956,-2.321319023845625
2016-08-10,5.440051481127739,4.914809703826904,0.23609428107738495,0.09286192059516907,4.848385334014893,0.14480119545642445,0.2899266041079822,-1.7785068336266043,-1.8706341473042656,-0.16134474435337964,-1.8293359927662785,-1.916984536644648
2016-08-11,4.74584324657917,4.860984802246094,0.2589496076107025,0.09224294871091843,4.791326522827148,0.14416557723923193,0.2735183305717429,-2.0352668803400036,-1.4952329857337396,-0.12341158830151211,-1.9907753533707258,-1.453876500978776
2016-08-12,5.222625434398651,5.037980556488037,0.349476158618927,0.09078085422515869,4.837148189544678,0.14454300603991355,0.2812288171345807,-1.6534195905400004,-1.4240735242761033,-0.06081716640995094,-1.5945535805690803,-1.3677334040127214
2016-08-15,5.146437853574753,5.190919876098633,0.26239684224128723,0.08504986017942429,4.8951640129089355,0.1433653418549613,0.2848068265119662,-2.209452749364015,-1.7188366386418465,-0.28362701326211015,-2.00460633786917,-1.5171173463646905
2016-08-16,6.527946874499321,5.248912334442139,0.2859148383140564,0.08422011882066727,4.917817115783691,0.14369849775173024,0.28726017494996414,-0.8300228118950628,-1.6834021339478227,-0.27659444032511993,-0.591752580077479,-1.4504289449928578
2016-08-17,5.322726711630821,5.034195423126221,0.27386483550071716,0.08315591514110565,4.872049808502197,0.144302334034129,0.27078083200626424,-1.728793638870787,-1.551049306981799,-0.32032685157955054,-1.3270508727451507,-1.1474169739448907
2016-08-18,5.080165863037109,5.0416765213012695,0.277096152305603,0.0827682688832283,4.864373683929443,0.14431582910865554,0.26967801928746393,-1.8926552479957017,-1.4710762355454676,-0.32181098542182507,-1.4916110294038525,-1.071439161335915
2016-08-19,5.414644628763199,5.428870677947998,0.32046282291412354,0.08506219834089279,4.867777347564697,0.14330999054410196,0.2789751819234563,-1.576142616928145,-1.1315195083556162,-0.19225663134786708,-1.3665979955247067,-0.9260909756270177
2016-08-22,6.018717855215073,5.316364765167236,0.3314383029937744,0.08708032965660095,4.828238010406494,0.143280299880734,0.2770479065974375,-0.653544755464786,-0.9735044677546156,-0.12324972965093317,-0.5650876670539784,-0.8882864755874227
2016-08-23,5.57059720158577,5.355413436889648,0.34424373507499695,0.08690951764583588,4.848689079284668,0.1438622196117779,0.27888275986617794,-1.1608656102848158,-0.971313520624296,-0.1255203187180517,-1.0445647578770263,-0.8590949115720523
2016-08-24,6.3100816160440445,5.546842575073242,0.3455944061279297,0.08745096623897552,4.866853713989258,0.14356200732429306,0.28542358660885114,-0.5080770052609793,-0.8815482078304271,-0.10622676274380505,-0.46440686380239526,-0.8403551972762795
2016-08-25,5.827162817120552,5.4525251388549805,0.36897897720336914,0.09333983063697815,4.87418270111084,0.14437316667170605,0.2867114338693705,-0.7488955014640126,-0.7474307719139439,0.07823849684861273,-0.7235096513772987,-0.7236306605045755
2016-08-26,6.197443962097168,5.431587219238281,0.36557120084762573,0.09315964579582214,4.874755859375,0.144264077222506,0.2862051838666325,-0.36690837176311675,-0.7562545610339946,0.06263353305429753,-0.33070532058698987,-0.7225585087979027
2016-08-29,5.366364851593971,5.468222141265869,0.40971896052360535,0.09447933733463287,4.8739776611328125,0.144640424833232,0.28632649184845216,-1.0964471680977752,-0.6031328788047219,0.13448947601841876,-1.073752725338931,-0.5821373680774968
2016-08-30,8.104220807552338,6.687764644622803,0.39992061257362366,0.09504047781229019,4.984186172485352,0.14267219580197799,0.32052753412375756,0.8759424349678149,-0.17914827336179684,0.13729928683862802,0.6694739692771634,-0.3619829950099742
2016-08-31,7.602044373750687,6.48935079574585,0.376040518283844,0.09796334058046341,4.956742286682129,0.14235684939835544,0.3167579879294389,0.49353376259883674,-0.20574536802291732,0.18032181168955774,0.30222181593131836,-0.36088479638200965
2016-09-01,4.943701356649399,3.95206618309021,0.1056203618645668,0.0998310074210167,4.977205753326416,0.14296172217494818,0.3139568383810143,-2.184053796078544,-2.7036361991805506,-0.06279939721564975,-2.2654486342627536,-2.767459303842763
2016-09-02,4.731354549527168,4.036447048187256,0.12091895192861557,0.09506335854530334,4.987624168395996,0.14253639451869102,0.31093842477474,-2.527895481895534,-2.696270839735952,-0.18245697812189365,-2.516414070912443,-2.687491928023867
2016-09-06,4.325078174471855,3.8603475093841553,0.13973096013069153,0.09612767398357391,4.961702823638916,0.143012798579056,0.3022175845452084,-2.5255559611268126,-2.4668774394583863,-0.12024842979975947,-2.4573250329171756,-2.4144411432140913
2016-09-07,4.135345667600632,3.5340726375579834,0.11046731472015381,0.0961499735713005,4.821981430053711,0.14269797490041564,0.2802133799825499,-1.8472686017556974,-1.9799208312724552,-0.12046894337398406,-1.8247340849852343,-1.9624568690406896
2016-09-08,3.896855264902115,3.5755629539489746,0.11587714403867722,0.09570415318012238,4.818727493286133,0.14235787430044922,0.2881959221135906,-2.0453373572043674,-1.888935254848711,-0.11939371171950497,-2.1598354752373847,-1.9770371074134019
2016-09-09,4.226321160793304,3.7202138900756836,0.21045158803462982,0.0929715558886528,4.7682695388793945,0.14396530375486324,0.2827695327385855,-1.3931692413726786,-1.4469814720881224,-0.11532005128517642,-1.5650293220225002,-1.5774858808213388
2016-09-12,4.150879487395287,3.783801555633545,0.35248881578445435,0.12656760215759277,4.736600875854492,0.1501578097978869,0.2873055727755588,1.1812851416027605,1.2100455957158545,1.0054054917643902,0.8027920288770396,0.9313183524455049
2016-09-13,4.304217606782913,3.7788214683532715,0.34656450152397156,0.12724600732326508,4.744808673858643,0.15024610759601917,0.2929215938112474,1.2119030785694704,1.0699274898862718,0.8964568446893741,0.8089787595051341,0.7425350191758433
2016-09-14,4.597082808613777,4.19331169128418,0.44639813899993896,0.14287789165973663,4.871456146240234,0.15058234555198444,0.32065285628195517,1.5687163347646305,1.5882505184447169,1.2753617370083035,1.1194561700267656,1.2101686186836105
2016-09-15,4.497894451022148,4.141170501708984,0.4602434039115906,0.1433500349521637,4.8191962242126465,0.15013790184188203,0.30847910320790317,1.449761421098973,1.491835080828345,1.08418274416823,1.092882581462586,1.1826118773308814
2016-09-16,4.41503618657589,4.332370281219482,0.4772230386734009,0.14325322210788727,4.86423397064209,0.15013320808385314,0.3159391426076881,0.9021291230573034,1.2290914439433003,0.9215589678980503,0.5871539270653656,0.9534384574266852
2016-09-19,4.842583119869232,4.325416088104248,0.45394548773765564,0.14290089905261993,4.872664928436279,0.15035820359297522,0.3164693695291627,1.17127281579139,1.0225174827269399,0.7665310513906625,0.8965725408907907,0.7793698838177292
2016-09-20,4.566095650196075,4.200403213500977,0.486094206571579,0.1424127072095871,4.765287399291992,0.14903111314451875,0.2981452265397616,1.1889188622492597,1.1706296508396647,0.7334049260369166,0.9220457146731285,0.9373603101228056
2016-09-21,3.8797980546951294,4.097184658050537,1.210018277168274,0.1843322515487671,4.3866472244262695,0.13400781842415554,0.111491193151524,2.5238637940281876,2.8932544348868063,2.0487696238174062,5.424247966228762,5.445155624472179
2016-09-22,5.282037734985352,5.954844951629639,2.092528820037842,0.21537454426288605,4.572904109954834,0.1313203484602317,0.07746768294326578,2.925192799429638,3.634261320698684,2.567946848870626,3.6366225481459296,3.8995885566054262
2016-09-23,5.0949346125125885,5.793212413787842,1.9941117763519287,0.2134065330028534,4.456543445587158,0.1291568714970531,0.027591368578589348,2.138704432841571,2.6174936181165442,1.6558819325030707,1.5770810515308682,1.564093515610434
2016-09-26,6.103315129876137,6.2940168380737305,2.1337227821350098,0.21163296699523926,4.38588285446167,0.1274008653786839,0.0009111342127658961,2.78878651954253,2.620433381895687,1.3980329198931685,1.9644060765654743,1.3860763223964874
2016-09-27,5.8602219223976135,5.993417739868164,1.9121322631835938,0.20681394636631012,4.3371968269348145,0.12709405143354358,-0.014153607689125547,2.15724962428283,1.970290424010937,0.9305089118953966,1.1452752198141987,0.6766889005876244
2016-09-28,5.7563715279102325,5.628716468811035,1.886662483215332,0.19854837656021118,4.257473468780518,0.1268216096136438,-0.017970938979007922,2.0075170730884118,1.5993007491547218,0.8153512396362341,1.0748234928939873,0.480445152888187
2016-09-29,5.482999175786972,6.331766605377197,2.1978225708007812,0.20888382196426392,4.339016437530518,0.12538230616730328,-0.06562996736894089,0.9893262873558193,1.5856719131468466,0.9247973193041195,-0.4659997585771869,-0.06820833869194232
2016-09-30,5.558102786540985,6.166068077087402,2.158176898956299,0.20392952859401703,4.2947258949279785,0.1260760627941014,-0.06362264365171244,1.2110655322799957,1.5038346697989233,0.8258422610770837,0.0323865530578189,0.10966972348395743
2016-10-03,4.772946938872337,5.5401177406311035,0.06005007028579712,0.20131751894950867,4.269472122192383,0.12448917341536983,-0.03659969381567185,0.19891450945343436,0.6240345033032284,-1.3708608611840392,-0.5515313734458651,-0.2684137287807751
2016-10-04,4.739193066954613,4.90644645690918,0.07642675936222076,0.18824884295463562,4.116811275482178,0.12272950406929292,-0.05895149595483673,0.6254200022299408,0.4259510303809577,-1.143776614576503,-0.15852686416648254,-0.5217071609722908
2016-10-05,5.4829631596803665,5.277190685272217,0.06508450955152512,0.1951836496591568,4.193746566772461,0.12433941090725852,-0.04807792289968038,1.1783794105025684,0.6118236561454253,-1.0984969151918493,0.5155105421818966,-0.17766280941737023
2016-10-06,6.137462466955185,5.979126453399658,0.09489064663648605,0.2005872130393982,4.219587802886963,0.1224415283764669,-0.1296027476538253,1.39243643727103,0.8895220761787854,-1.0578891870884037,-0.0470165592475027,-0.7755379953331918
2016-10-07,6.3655644953250885,6.35609245300293,0.15427416563034058,0.2040318250656128,4.25009822845459,0.12119087133739584,-0.17430741353676016,1.1910004849809752,0.8682824801552407,-0.9683487085695717,-0.5797466933894064,-1.0834023239172197
2016-10-10,6.068552926182747,6.606753826141357,0.16765102744102478,0.20600295066833496,4.2787652015686035,0.12092480768112158,-0.1794719999580905,0.6035645387489339,0.8598672718921563,-0.9053281842851764,-0.9874493366992105,-0.847623112996633
2016-10-11,6.418682113289833,6.439158916473389,0.15474851429462433,0.2076541930437088,4.295931339263916,0.1216532217200978,-0.17398583399933698,0.926192918465155,0.6464568312385559,-0.8484325651774078,-0.38447077772723404,-0.78817128418331
2016-10-12,5.914239540696144,6.738267421722412,0.15392783284187317,0.21378660202026367,4.418920040130615,0.12313568186695163,-0.1705000146854403,-0.08353943489949955,0.47289258185604766,-0.8276620488304007,-1.345023413094129,-0.8732650908800714
2016-10-13,8.21945707499981,6.88218355178833,0.167193204164505,0.21371003985404968,4.41267728805542,0.12310978953012203,-0.1737766506301741,2.253283372313277,0.6090980264896224,-0.7536653772221538,1.1759929989955502,-0.5878496559402002
2016-10-14,7.3028984516859055,6.939013957977295,0.15844348073005676,0.21504433453083038,4.42092227935791,0.12290279320569575,-0.19293777612359841,1.116552806707059,0.551194137653372,-0.7199021158868959,-0.1075836292925132,-0.6707498352778352
2016-10-17,7.1613625437021255,7.005455017089844,0.17619429528713226,0.2168276309967041,4.4344682693481445,0.12277682545918699,-0.21699310855406462,0.8176845678386684,0.4947623144026281,-0.6635971183152067,-0.504514167175298,-0.782175815568138
2016-10-18,7.648619085550308,6.987204074859619,0.17184093594551086,0.21714875102043152,4.446969032287598,0.12252637095123248,-0.20222530759619217,1.1371798719411004,0.3359960535796702,-0.6347058850914522,0.05350219715966986,-0.69590648428942
2016-10-19,7.702214375138283,7.018800735473633,0.17244471609592438,0.21679945290088654,4.4451446533203125,0.12221784410122773,-0.18924425078306983,1.07679506966344,0.30308393733783845,-0.5978251201113949,0.16433284116427416,-0.5314426299200754
2016-10-20,7.142448857426643,7.146022796630859,0.1700432300567627,0.2190409153699875,4.474020957946777,0.12230532171509889,-0.18258931646594267,0.3064634554472505,0.2700403779522418,-0.5723959535584813,-0.5013034688216855,-0.4501390533235359
2016-10-21,7.235425844788551,7.35048246383667,0.23784665763378143,0.22386132180690765,4.5352067947387695,0.12137295824763467,-0.1865786176327111,-0.11332946179348724,-0.022688088288177255,-0.49611552406651227,-0.8602848980590316,-0.686026661564739
2016-10-24,7.487976789474487,7.311451435089111,0.23368485271930695,0.22492526471614838,4.546101093292236,0.12087769641762285,-0.18401941693259793,-0.004099568328321368,-0.20337486997543408,-0.46943634597694095,-0.6363542396816086,-0.7684127619105823
2016-10-25,5.838660463690758,6.953989505767822,0.24556894600391388,0.2211308628320694,4.472683429718018,0.11977013309728236,-0.16372968911480545,-1.4331145027435,-0.33369772106685147,-0.4060630504264311,-1.788734560071088,-0.651717333131419
2016-10-26,5.240080714225769,6.412744045257568,0.16692771017551422,0.2208089381456375,4.47770881652832,0.11854766379131618,-0.1195073004323679,-2.170183952262775,-1.0678063556311272,-0.45362458822238505,-2.0825108529167373,-0.9883229822279063
2016-10-27,6.052162133157253,6.666604995727539,0.18039029836654663,0.22401830554008484,4.551920413970947,0.11795650279852996,-0.08151190304440337,-1.705293253402278,-1.2082245854591989,-0.4113489548118633,-1.243313344342301,-0.7902649075587469
2016-10-28,5.490365043282509,6.669510364532471,0.19265678524971008,0.2218085080385208,4.547341823577881,0.11788352545367548,-0.05962113152633686,-2.1155600658843348,-1.091280238002085,-0.3544513887462175,-1.4310474435849834,-0.4803655620914675
2016-10-31,6.006733641028404,6.476258277893066,0.16866931319236755,0.21987132728099823,4.521847248077393,0.11830783994388877,-0.06617474315911664,-1.2367899130314477,-0.9827175794985017,-0.34496423477945204,-0.6317178702558763,-0.45133082799688395
2016-11-01,4.785158470273018,6.457118034362793,0.09593422710895538,0.22202610969543457,4.567733287811279,0.11882030552591592,-0.05317943615541143,-2.515026146642626,-1.0666483486033922,-0.39509973812931376,-1.7866244301062189,-0.4251829020760187
2016-11-02,4.400829195976257,6.211126327514648,0.10772676765918732,0.21798266470432281,4.506158351898193,0.11961431109075421,-0.061533063276001165,-2.3140441639010856,-0.8067334983987742,-0.3567473676258601,-1.7017939327514338,-0.28195664916759355
2016-11-03,4.843307018280029,5.792147636413574,0.10233264416456223,0.21703891456127167,4.497333526611328,0.12048143873836041,-0.061649209067149435,-1.5996548708016007,-1.016059778589769,-0.3499152769796341,-1.0252539591893441,-0.5339885039583345
2016-11-04,5.572062477469444,6.078982353210449,0.10057861357927322,0.21965952217578888,4.514893054962158,0.12005151227884465,-0.07401832789808904,-0.8890216728272833,-0.7894220307475663,-0.329301984315266,-0.40365911793638265,-0.38393449254129486
2016-11-07,5.027767360210419,6.412785530090332,0.12516428530216217,0.22192297875881195,4.534848690032959,0.11884302344683126,-0.09193274763450332,-1.5431752231149805,-0.603878857612294,-0.2670505638920564,-1.1683665157386987,-0.29127857890360254
2016-11-08,4.188838720321655,5.005630016326904,0.18632525205612183,0.20697027444839478,4.375271797180176,0.1226205675397999,-0.04192312127075204,-1.3195393359358274,-0.8775037290016847,-0.25374898419553293,-0.6735607792086942,-0.34131114734874135
2016-11-09,4.405251279473305,5.330714225769043,0.19346046447753906,0.2062436193227768,4.3472113609313965,0.12180285140609823,-0.05520210469198461,-0.9918486748485158,-0.46721014949725337,-0.22502382671553,-0.4331893890013454,-0.0036801987221508625
2016-11-10,3.7758314311504364,4.174313545227051,0.2663446366786957,0.18317918479442596,4.031316757202148,0.1263278113522414,-0.0019873718057834555,0.0019021448899190219,0.16107440554744556,-0.24634332238997292,0.8268400972883438,0.84397349675376
2016-11-11,3.9076165705919266,4.552181243896484,0.5185734629631042,0.182344451546669,3.963542938232422,0.12828068954564745,-0.020462206756922674,0.48012623738176075,0.9373430506462661,-0.04198832208866632,0.770946769055068,1.1773621172535877
2016-11-14,5.260438308119774,4.928575038909912,0.9603835940361023,0.17574751377105713,3.8273141384124756,0.12929539991171463,-0.010930427162156864,2.3587307440645047,1.8707624895149433,0.3648477779874377,2.6508113871859207,2.1115597095756593
2016-11-15,4.830699667334557,4.644405364990234,0.9673402309417725,0.16967760026454926,3.7467548847198486,0.1308719313231482,-0.04824881884319687,2.052466048147684,1.8238741412573507,0.2989779528526486,1.3089511349826761,1.2118093498477212
2016-11-16,5.284095495939255,5.445394515991211,1.1626766920089722,0.18048754334449768,3.840660810470581,0.13294238883573728,-0.06508779020721844,1.9471913291130125,2.10719665700191,0.40880174925364265,0.7107001565498976,1.086733540125178
2016-11-17,5.5914207100868225,5.175188064575195,1.1475101709365845,0.17775991559028625,3.8047900199890137,0.13325131129333873,-0.07146168065424785,2.110502678843768,1.7211936958223975,0.332596012912298,0.7101325492065715,0.5590510300348086
2016-11-18,5.2325984835624695,5.210453987121582,1.2064570188522339,0.1723070740699768,3.733006715774536,0.1331386191594786,-0.0668258567244282,1.7026538466992518,1.782246948690629,0.34274490591257667,0.4267133224439199,0.7237341536868751
2016-11-21,5.43989072740078,5.176170825958252,1.1802778244018555,0.1709548532962799,3.721346378326416,0.13348677652234958,-0.06799870966563692,1.6971637177526726,1.5602343193728183,0.2626042436061917,0.37988925157685216,0.46276944901556405
2016-11-22,5.050754010677338,5.439194679260254,1.202600121498108,0.17661727964878082,3.8000895977020264,0.13555781552974486,-0.06214035378902749,0.783904841362526,1.3566520881983788,0.1999587710175721,-0.6045559173601838,0.19794117211559836
2016-11-23,5.447389751672745,5.420616149902344,1.21088707447052,0.17553655803203583,3.790964365005493,0.1354683124573483,-0.06631022247139562,1.078297859548286,1.1933185700021802,0.18899302640395632,-0.2817297536144636,0.04871275671548503
2016-11-25,5.480049684643745,5.450719833374023,1.2278716564178467,0.17439688742160797,3.7752108573913574,0.13585115974801654,-0.06889840012626025,1.0199113441545293,1.1259798561479357,0.17495733136508296,-0.3383396198959474,-0.020757766551165346
2016-11-28,5.452315181493759,5.547386169433594,1.2608351707458496,0.17276524007320404,3.742892026901245,0.13544427674999895,-0.07963540818675008,0.9669132996201721,1.1889780544983193,0.20021583966636047,-0.43042733459794036,0.0061862858857377745
2016-11-29,5.305159792304039,5.690922737121582,1.3754245042800903,0.1717481166124344,3.722792387008667,0.13542946730473365,-0.05933598395688677,0.7504469795049582,1.2592750450539745,0.2944689493452488,-0.09092162494654943,0.5439898079816512
2016-11-30,5.651462540030479,5.672764778137207,1.3270539045333862,0.16743674874305725,3.6579926013946533,0.13614004726504736,-0.06999412309654351,1.1271155038695877,1.2728506016080399,0.18264029525522663,0.04704858652421251,0.3516419129177475
2016-12-01,5.02463398873806,4.013938903808594,0.19423925876617432,0.149431511759758,3.4084606170654297,0.13968525596458561,-0.07955159192008932,0.7788269972554467,0.046259854499346,-1.1573457122048207,-0.8569502622816056,-1.3493884722718619
2016-12-02,4.657487109303474,3.8597254753112793,0.26453733444213867,0.14655137062072754,3.383126735687256,0.14137854609911596,-0.08618505965490786,0.2685788185315703,-0.10804990780324442,-1.0234687003159904,-1.5169215976425399,-1.618431128724934
2016-12-05,4.744761049747467,4.130256652832031,0.20149604976177216,0.1502103954553604,3.4042294025421143,0.1405593594238634,-0.08728989578843116,0.27354542165204965,0.1006978046689948,-0.9623485925316557,-1.1285172857977095,-1.0810310636774805
2016-12-06,5.32927531003952,4.448270320892334,0.3386252522468567,0.12168063223361969,3.0705881118774414,0.13562979270468975,-0.13419533023160457,1.8139591280294818,1.4032190513730614,-0.649696758690395,0.07924800818319433,-0.0539696629812223
2016-12-07,5.214912638068199,4.604908466339111,0.3690538704395294,0.11961809545755386,3.0416762828826904,0.13480932268922896,-0.13800769098528098,1.5796090656101214,1.4923481177514786,-0.5532976563738448,0.0884190635382236,0.23767990796816463
2016-12-08,6.082378372550011,5.162442207336426,0.5806084871292114,0.10869766026735306,2.8987009525299072,0.13389299472188662,-0.1316110463781648,2.5659882445243953,2.24616082324244,-0.2958336858742956,1.562985381108298,1.3968806887585767
2016-12-09,5.799083709716797,5.158311367034912,0.5546764731407166,0.10775527358055115,2.911851644515991,0.13443419975877086,-0.13055351369276802,1.9470138852120638,1.9448630969653609,-0.3163992004463969,1.0056720979025293,1.1503616200891305
2016-12-12,6.1000596433877945,5.357654094696045,0.5838250517845154,0.10617399215698242,2.8978054523468018,0.13423918129073256,-0.12499051304154829,2.048290996991943,1.9340505121643927,-0.26572711301042196,1.3912685647441876,1.3820766294965576
2016-12-13,5.996389389038086,5.4670305252075195,0.6038598418235779,0.10593391954898834,2.921609401702881,0.1343777920713308,-0.11087701232027491,1.6739736438159074,1.7688833225394567,-0.23028601860044118,1.330913540688794,1.48205018637241
2016-12-14,5.835254222154617,5.518317222595215,0.6032527089118958,0.1069006696343422,2.920790910720825,0.13451654588912368,-0.11043613122704876,1.2854023766381069,1.5880431583690222,-0.22677228135740402,1.0662551186883977,1.4053491834368206
2016-12-15,5.6124264150857925,5.258882522583008,0.45651745796203613,0.11945143342018127,2.9824209213256836,0.1369156903100134,-0.1279758424907098,0.686845837513637,0.9579092978806729,-0.4164599895117709,0.056565015160702004,0.4324654423725818
2016-12-16,6.672869175672531,5.424304485321045,0.5842019319534302,0.10382913053035736,2.8881916999816895,0.13558876684114862,-0.1549270040182924,1.7697376232963098,1.1608899357065754,-0.2421885280599556,0.7099403230475154,0.28023431581776315
2016-12-19,6.543856978416443,5.532267093658447,0.6179876327514648,0.0966624766588211,2.902247667312622,0.13517074624213224,-0.16648920734727057,1.3950726855180218,1.0866419973469794,-0.1787296764625077,0.0735212170934414,-0.004791571391374205
2016-12-20,5.952561765909195,5.805449485778809,0.69941645860672,0.09675197303295135,2.831543207168579,0.1348449338227958,-0.1642656073932156,0.6088397356144162,1.1973885585100508,-0.09417494170457075,-0.180067847267404,0.5522344208513914
2016-12-21,6.289013296365738,5.857161998748779,0.692855715751648,0.09896720945835114,2.8173575401306152,0.1341105028298699,-0.16125775238511464,0.7627835287606803,1.0027435322525058,-0.09298396550099897,0.41983927241795627,0.7236939812229277
2016-12-22,6.366830736398697,5.787471771240234,0.6528177857398987,0.0998721569776535,2.8781628608703613,0.13383534831563668,-0.13608422444125257,0.5373663944228255,0.5952252776825961,-0.11285570738416806,0.7274396514481918,0.7472006846577663
2016-12-23,7.421604782342911,6.259676933288574,0.6951363682746887,0.09330955892801285,2.816277265548706,0.13208902674100784,-0.12514336766597145,1.090009234169587,0.578413911797858,-0.03659516458930234,1.9880101999659683,1.2774648902912196
2016-12-27,6.749528184533119,6.489791393280029,0.7036274075508118,0.09519216418266296,2.8016304969787598,0.1312421736407841,-0.135995042089754,0.2391979646777358,0.6769103544486494,0.060325300000774185,1.0591347197660141,1.3178806763300184
2016-12-28,7.3777177929878235,6.626343250274658,0.697337806224823,0.096824511885643,2.797668218612671,0.1313142369676811,-0.13334772379640714,0.8760082004982355,0.7740908142573968,0.1019201674038781,1.6869209514541756,1.4048594453129795
2016-12-29,7.833097949624062,6.428700923919678,0.6538686752319336,0.09559213370084763,2.807684898376465,0.13144722075079618,-0.1418557266522451,1.2507020168797638,0.5028925489095837,0.09280205785561968,1.771297407139878,0.9079359443949553
2016-12-30,6.153025299310684,6.3953680992126465,0.6741079688072205,0.09178052842617035,2.8905646800994873,0.1302743156486225,-0.11308882813937915,-0.7186503744218022,0.19957380907809963,0.20991422134604942,0.14028755977500307,0.87068690940165
2017-01-03,7.168095797300339,6.841298580169678,0.051208507269620895,0.09116669744253159,2.8750555515289307,0.1300079749733951,-0.11957105092335452,0.3158773239083281,0.5992333973396544,-0.38109950869016007,1.0679537101041001,1.1809247885513603
2017-01-04,6.505400776863098,6.819014549255371,0.06236321106553078,0.08972777426242828,2.830376386642456,0.1311121988970411,-0.15555579422191723,-0.31523330526203175,0.658045735525544,-0.38645761030645165,-0.29743425107682686,0.6716985878448849
2017-01-05,6.255206152796745,6.449056625366211,0.07347056269645691,0.09607312083244324,2.751087188720703,0.13193027243563407,-0.18858897745783287,-0.31827358565751673,0.5003564898160384,-0.44352094901277983,-0.6707233523051483,0.2317318426672781
2017-01-06,8.28450658917427,7.098328590393066,0.10277710855007172,0.09195172786712646,2.774827241897583,0.13277425820869962,-0.1737942242057946,1.7088131837977834,1.1282417901573787,-0.3899459003120542,1.3776202454189983,0.8739405279293724
2017-01-09,7.163262262940407,8.18930721282959,0.1400158405303955,0.08464369177818298,2.8535635471343994,0.13162362258297453,-0.15929708190711045,0.25240651169464456,1.8779128397621232,-0.21511196541960498,0.009079467486788673,1.689610500286328
2017-01-10,7.714254766702652,7.99368953704834,0.15786488354206085,0.0845860093832016,2.920024871826172,0.13263579442314166,-0.15061648498383162,0.8437808071637125,1.6502303153873594,-0.21007569934488135,0.4367369588746399,1.3342656393552836
2017-01-11,8.24757532775402,8.127472877502441,0.1662646234035492,0.08520939201116562,2.895399332046509,0.13260598155158582,-0.1608189909813753,1.3755508967812045,1.738528310259234,-0.19894013822638001,0.9009723657983901,1.3648825520867325
2017-01-12,7.798604220151901,7.898900985717773,0.1571841984987259,0.085805743932724,2.914907217025757,0.13273398209332676,-0.15845776253497101,0.8833989949762628,1.4502769414966465,-0.20353352821256454,0.4069307396825055,1.0772848977560967
2017-01-13,9.263403832912445,7.905664443969727,0.1669386923313141,0.08599226921796799,2.9038004875183105,0.1330766344380506,-0.16704259247611253,2.351185638240329,1.4483171687770344,-0.20330136404987442,1.7486149021630855,0.9723203861176319
2017-01-17,7.1919123232364655,8.017800331115723,0.16986875236034393,0.08329357206821442,2.9108011722564697,0.13285679873777914,-0.17479814147876227,0.10774231655723021,1.4222286996615559,-0.16113875563367586,-0.6258170958741198,0.8527063469688088
2017-01-18,7.696360647678375,8.114934921264648,0.18284861743450165,0.07963787019252777,2.9972102642059326,0.13380041166515938,-0.14246064843123163,0.5987542482366806,1.4675536663654682,-0.13346899532798595,0.023404430052287317,1.0093904081529192
2017-01-19,7.200761586427689,8.23516845703125,0.20291121304035187,0.07946543395519257,3.029292106628418,0.13437883628355649,-0.14210966708989026,0.13999558156711878,1.600158626223326,-0.12218668408175937,-0.5579565338198176,1.035956868611125
2017-01-20,6.514108896255493,8.080461502075195,0.2018587291240692,0.08117185533046722,3.022913694381714,0.13464991022285755,-0.13668861119833542,-0.47188355049958197,1.4790480453607486,-0.14238874889550246,-1.0463831027133361,1.0070196230274826
2017-01-23,6.004391402006149,7.916520595550537,0.21370485424995422,0.08402995765209198,3.0273144245147705,0.13487551485224095,-0.14361940578086618,-0.8668711829659266,1.371163554184644,-0.15383008486166716,-1.5009912804070709,0.8358609103110952
2017-01-24,9.124973386526108,8.114494323730469,0.22177322208881378,0.08346136659383774,3.050628185272217,0.1349901294816512,-0.13475285042545826,2.2837142078973027,1.5383048180280454,-0.13321718036057995,1.7358068592203892,1.0696516146142727
2017-01-25,9.58353927731514,8.247458457946777,0.22089123725891113,0.07776284962892532,3.082576036453247,0.13462711251875994,-0.1248584364810561,2.5414257180792212,1.465021219918139,-0.05817803866611726,2.0544645602024945,1.0486245671760575
2017-01-26,8.051253080368042,8.308568000793457,0.23352277278900146,0.0746857151389122,3.1041173934936523,0.13400034901235028,-0.15518552243810557,0.8138588038542522,1.3462224943100338,0.01806270646745034,-0.07337246282835252,0.6136862677949724
2017-01-27,7.820689484477043,8.505512237548828,0.24168238043785095,0.07374972105026245,3.070918560028076,0.13385330111668514,-0.17625763145342077,0.544982224913678,1.5013192729182023,0.038443095499169466,-0.49253545928751663,0.6501779172180324
2017-01-30,9.004360988736153,8.644238471984863,0.26496508717536926,0.07463106513023376,3.046658754348755,0.13258488908801264,-0.19069490142707957,1.6269689556903586,1.4589210180966,0.10684802278128913,0.6906810681083275,0.6685781877640835
2017-01-31,7.802844829857349,8.577850341796875,0.2636047303676605,0.07800282537937164,3.0314767360687256,0.1319780177504797,-0.2171753467557609,0.4015787199338483,1.3543633786348828,0.10275552795508869,-0.701741828924316,0.4230386254725502
2017-02-01,9.304245620965958,9.530961990356445,0.3011634945869446,0.07525131106376648,3.018561840057373,0.13115335742560502,-0.238511302878617,1.7832107832643231,2.114382864930189,0.19911556587186663,0.5853468571550575,1.0680835909351334
2017-02-02,7.179205566644669,7.026771545410156,0.10349535197019577,0.0715605691075325,3.0340733528137207,0.13082465603802523,-0.22501407031620912,-0.4960162385336737,-0.5737519346539273,0.05051118494010165,-1.5070653766557989,-1.4696520186789925
2017-02-03,6.07087904214859,7.015412330627441,0.11152040958404541,0.07194425910711288,3.022921323776245,0.13056805703849672,-0.23393629183732867,-1.6069933687037175,-0.5924778455322475,0.05990263972048471,-2.599712026878663,-1.4609364295422402
2017-02-06,8.735767051577568,9.04568099975586,0.1887945979833603,0.0701981633901596,3.045942544937134,0.12695731030563115,-0.3093553611382711,0.7169301499914305,0.8917514386367884,0.31042847713727273,-0.6536550281540681,-0.3390998256342961
2017-02-07,9.150177046656609,8.866514205932617,0.18755069375038147,0.06937862187623978,3.0323173999786377,0.12747754031513076,-0.3147103147528416,1.1258037234976772,0.7224159857392998,0.2712025824948192,-0.23969091739552084,-0.513025321139267
2017-02-08,6.754922762513161,8.31103515625,0.30501243472099304,0.08028365671634674,2.9383766651153564,0.12283481169087081,-0.4412616287585396,-1.658080405829434,-0.377370754119859,0.4383362707512646,-3.515292694518152,-2.0373991818238046
2017-02-09,8.16666728258133,7.7713799476623535,0.357321560382843,0.07433310151100159,2.861682176589966,0.12046141476036656,-0.4434269158359252,-0.5030684188016021,-1.3678769043291403,0.5796912757305606,-1.6333360130929133,-2.4463871478838612
2017-02-10,6.247177571058273,7.058418273925781,0.41034430265426636,0.07140473276376724,2.86175537109375,0.11837379320040099,-0.4090481143862985,-2.64702982601378,-2.328818686375648,0.6843484729500942,-3.1205526757931743,-2.7638462624520894
2017-02-13,6.305280581116676,6.413573265075684,0.3667343556880951,0.0778883546590805,2.901421546936035,0.11670942042105273,-0.3455897819623208,-2.383374474143867,-2.872358800815512,0.5947695293206801,-2.1494951471258226,-2.6569160931229128
2017-02-14,5.744706407189369,7.745028018951416,0.5673971772193909,0.06567676365375519,2.8969783782958984,0.11443399737610171,-0.2700776039394577,-3.090492535762362,-1.7464738156675335,0.8984527487313896,-2.052890004074702,-0.784142107996427
2017-02-15,7.481521233916283,7.875176429748535,0.5642706155776978,0.06562391668558121,2.9189999103546143,0.1139514812978579,-0.269001879691815,-1.036121479931051,-1.473855142808011,0.8132154854500957,-0.018161599862123623,-0.5699933965444313
2017-02-16,7.110044300556183,7.72705078125,0.5538190603256226,0.06556523591279984,2.849289894104004,0.11310721181466976,-0.31308737999620595,-1.3584760752139644,-1.5701381033697608,0.7203203425906746,-0.6525095677414665,-0.9301829154137771
2017-02-17,7.549691796302795,7.659613132476807,0.5326656699180603,0.06489739567041397,2.836622476577759,0.1128951008618956,-0.30686499068231643,-0.8095164116064506,-1.51484467574803,0.6328895078477035,-0.07293241667191985,-0.8420313278753504
2017-02-21,7.787479549646378,9.235103607177734,0.759283721446991,0.0543956533074379,2.775804042816162,0.11065501077499706,-0.26675147687278034,-0.7629545078701323,-0.1603756726546326,0.8879400788506815,0.525668304832509,1.0356297921525357
2017-02-22,8.17052061855793,8.976637840270996,0.7481198906898499,0.05527457967400551,2.774055242538452,0.11042779800207866,-0.2718745447723605,-0.30639200145826706,-0.4136236271855829,0.7829249882974705,0.8061680366418358,0.5962840527194757
2017-02-23,8.18953737616539,8.717025756835938,0.7589387893676758,0.05503987520933151,2.7403507232666016,0.10959765548135138,-0.28818725448193083,-0.3114479746472849,-0.7251753874142093,0.7247815984598149,0.6474375185347938,0.1494793156693639
2017-02-24,7.563842728734016,8.84722900390625,0.7747684121131897,0.05457795411348343,2.7423579692840576,0.10906641037837578,-0.2803653125091041,-0.9408709516999405,-0.5834705093157169,0.6838200110102115,0.016821018834940027,0.30144508570065653
2017-02-27,9.135906398296356,8.90661907196045,0.7927334904670715,0.05626766383647919,2.702486038208008,0.10869225666851583,-0.3051039410871239,0.7033699973114409,-0.49718660950963844,0.6321849361413767,1.4679998701089634,0.20365093563239256
2017-02-28,8.988884538412094,9.443442344665527,0.8970885872840881,0.054457373917102814,2.6510074138641357,0.10721321732459096,-0.28166081993160375,0.3882750775385162,-0.09027182845266246,0.6958886956836315,1.4333115331638089,0.8947087227543911
2017-03-01,6.593373864889145,6.543179035186768,1.0843656063079834,0.08071070909500122,3.0638623237609863,0.10027748451834334,-0.18892495989885338,-1.9886207542802126,-3.2729364549693347,0.8569715820597618,-0.2809768571253839,-1.6362888502441102
2017-03-02,5.320846721529961,5.463136672973633,1.271281361579895,0.08205051720142365,3.3424839973449707,0.09864316383393458,-0.12058269446543779,-2.9973787799087557,-4.0455551029148396,1.0104568624732466,-1.2048182295546495,-2.209536135982378
2017-03-03,5.165272355079651,4.678318977355957,1.1888800859451294,0.09447964280843735,3.2868947982788086,0.09975885287131835,-0.15720330495781765,-2.6757552359419634,-4.216253344491786,0.7701142378409223,-1.1496004206808461,-2.592440462519379
2017-03-06,2.9494528472423553,2.882645606994629,0.9113145470619202,0.09419375658035278,3.3515889644622803,0.09933182333945745,-0.15246378383338177,-4.586747719295086,-5.6093121556184755,0.4398116221634699,-3.168443471866178,-4.042187571169285
2017-03-07,2.878748781979084,2.789433240890503,0.9061495065689087,0.09902535378932953,3.3311822414398193,0.09938704490849169,-0.16697332400946108,-4.28385004286246,-5.250626111263296,0.380261203550894,-2.914564058375608,-3.7202619487556294
2017-03-08,3.231568470597267,2.883328437805176,1.1800042390823364,0.10317056626081467,3.4145796298980713,0.09808672407148511,-0.11567530481878152,-3.5406437528548915,-4.75253719343891,0.6217377582038559,-1.7016713497913383,-2.679105768693452
2017-03-09,2.9866411685943604,2.7991678714752197,1.2989139556884766,0.11787188053131104,3.4563980102539062,0.10063105699057001,-0.10038513279371242,-3.4795134047870597,-4.387499090142104,0.6729392384730133,-1.5869538741355553,-2.2180244713144965
2017-03-10,3.4531471878290176,2.8768718242645264,1.4177155494689941,0.12614695727825165,3.488473415374756,0.10058399922170495,-0.1382905179702052,-2.7932219725052,-4.045062961437202,0.7390390300234477,-1.3083893642501314,-2.32942492870729
2017-03-13,2.946058340370655,2.7205722332000732,1.2835307121276855,0.12684369087219238,3.4224917888641357,0.10062710214121126,-0.19855666546425588,-3.2282177770367566,-4.048464650959141,0.5617267801996007,-2.306233223421118,-2.9711401079391635
2017-03-14,3.0026848316192627,2.803596258163452,1.305249571800232,0.12506015598773956,3.4297678470611572,0.10018105339928743,-0.18067053239730235,-2.9990009967637246,-3.761892124057911,0.557921278103337,-1.9130562379556881,-2.4901433358649765
2017-03-15,3.0178782045841217,2.6947762966156006,1.0680491924285889,0.09963417053222656,3.23673677444458,0.09705139580121933,-0.2059459192248616,-2.977757760734936,-3.8618365729205246,0.3005184304710533,-1.9697672936428692,-2.67930193237774
2017-03-16,2.8666886538267136,2.8014748096466064,1.3081531524658203,0.13090471923351288,3.5154988765716553,0.09972429068521999,-0.1479055952559618,-2.691072723506192,-3.241984578606476,0.5099928571937633,-1.394246105858203,-1.7186087933543694
2017-03-17,3.4367302879691124,2.6933391094207764,1.2554068565368652,0.1329047679901123,3.4906198978424072,0.0991633310974589,-0.16491822591653693,-1.9562739475546014,-3.133062987858956,0.4211972626183599,-0.8088942125159821,-1.7884574042250776
2017-03-20,3.299904689192772,2.7949373722076416,1.3441866636276245,0.13139724731445312,3.5188915729522705,0.09871202350947689,-0.14186888056050484,-1.9249673807139702,-2.8101447455854665,0.4853266946446836,-0.6493743895176323,-1.3108136295383659
2017-03-21,3.407748430967331,2.859220027923584,1.3715238571166992,0.13188692927360535,3.5355122089385986,0.09835429057518809,-0.1419442958896655,-1.6168727658051392,-2.4887470158628453,0.4773879680548462,-0.47477315565566336,-1.1445089507242105
2017-03-22,3.060040220618248,2.510798215866089,1.3380563259124756,0.13318811357021332,3.4816787242889404,0.10062595895999951,-0.06331029126465126,-1.77729779846379,-2.4433468302417003,0.4135337010253707,0.10807603007886879,-0.2592507556826087
2017-03-23,2.468560740351677,2.4936883449554443,1.337193250656128,0.13368500769138336,3.482095718383789,0.10055975959766188,-0.05836738539348385,-1.766464289044606,-1.5933318022681444,0.3284784696005514,-0.36345081604228024,-0.060454656854679545
2017-03-24,2.7411967515945435,2.491577625274658,1.3156225681304932,0.13185447454452515,3.460808515548706,0.10064214147904615,-0.06768507005372904,-1.291772710195815,-1.3662994481570703,0.25925427883214547,-0.1773082760924236,-0.17531481498761048
2017-03-27,2.8369324654340744,2.593101978302002,1.3984252214431763,0.1321083903312683,3.478029489517212,0.10004326004589516,-0.06360995997701235,-1.1062577491017809,-1.197492926674677,0.2942209299077425,-0.013086698451535206,-0.029507448758518073
2017-03-28,2.8685190230607986,2.656334400177002,1.405761957168579,0.13293322920799255,3.4849767684936523,0.09956406143714633,-0.07230996843760429,-0.9477095307735786,-0.9960324791167139,0.2591385153046075,-0.014596345323708348,0.005667666435261509
2017-03-29,2.8696489930152893,2.4303364753723145,1.3281630277633667,0.13246718049049377,3.4068210124969482,0.099738242393464,-0.06631913057214689,-0.5933854741618481,-0.693095913843722,0.08324235092991983,0.2857236056393342,0.2478237935632679
2017-03-30,2.79143438488245,2.396289825439453,1.3910948038101196,0.13965752720832825,3.4490528106689453,0.09972388802776945,-0.06712567500908584,-0.3948699168920964,-0.3691481441557727,0.08999082491563737,0.3142564215757657,0.388127426376911
2017-03-31,2.656410053372383,2.4111711978912354,1.4307316541671753,0.1412157416343689,3.4739630222320557,0.0991482619630221,-0.03947315941407381,-0.4673941854176977,-0.30508199779715106,0.11048558978233802,0.49443400016414607,0.7146856031238955
2017-04-03,2.886750742793083,2.46429181098938,1.3740110397338867,0.13132937252521515,3.4511239528656006,0.09783239706779441,-0.026360364921609092,-0.5809403468494754,-0.7761831587656811,0.11852374689527068,0.6797114559790467,0.5600502295143341
2017-04-04,2.213379755616188,1.9008235931396484,0.1403491050004959,0.12958744168281555,3.4105331897735596,0.0965511286420329,0.005088182476590153,-1.0116538731674254,-1.019607164480334,-1.1936655367585205,0.4862270324727387,0.574871818847027
2017-04-05,1.9702537320554256,1.7152585983276367,0.12854641675949097,0.130237877368927,3.3900444507598877,0.09621137510504389,-0.007999592369638098,-1.0280888804995971,-0.9102767586623788,-1.1927091587406198,0.18469051628262534,0.385767719235687
2017-04-06,1.866860792040825,1.7645888328552246,0.16047325730323792,0.13142690062522888,3.304677963256836,0.09495755438455074,-0.011065254965348492,-0.4466879632902341,0.06292742281147312,-1.2532100267915152,0.4639749631352581,1.0330214609836035
2017-04-07,1.908557467162609,1.733472466468811,0.16775406897068024,0.13228739798069,3.338236093521118,0.09484858201906764,0.00031461785859177027,-0.47397208590638407,-0.12717593930092974,-1.1323135801175437,0.5262059300551947,0.9268968474351227
2017-04-10,1.7787863537669182,1.7208369970321655,0.1751306802034378,0.13173018395900726,3.335768938064575,0.09417885155267525,0.013693761691556228,-0.5240601987304974,-0.08296192307556183,-1.0678137415106073,0.5465782426644559,1.0419677712862345
2017-04-11,1.8493645265698433,1.7773187160491943,0.20025105774402618,0.13557982444763184,3.3845458030700684,0.09380311173797458,0.02646288490510318,-0.36980337171382693,0.011449976303063991,-0.9794053476567262,0.72781126596698,1.1606770349119424
2017-04-12,2.1179908141493797,1.8630849123001099,0.20245161652565002,0.13514824211597443,3.3637783527374268,0.09437586135316198,0.04195430683585799,-0.060211628018501884,0.15064518588917863,-0.9287766127636967,1.0912055176560207,1.3438538031431193
2017-04-13,2.2400832176208496,1.7897220849990845,0.21278178691864014,0.1372552067041397,3.3891005516052246,0.0937645911823362,0.032634411819026043,0.14878495977258588,0.14829908854458473,-0.8767577577876995,1.0951949919734405,1.128923867754259
2017-04-17,1.9500612169504166,1.5570359230041504,0.25282004475593567,0.13481546938419342,3.4060170650482178,0.09266697787230717,0.04576666047875366,-0.277133611560739,-0.30352636429368474,-0.7801138393227878,0.8340767837235172,0.8413227373109271
2017-04-18,1.5434149950742722,1.4908181428909302,0.24556864798069,0.1283477395772934,3.385648250579834,0.09301562824103371,0.039428838321869275,-1.0354484208656682,-0.822418957982741,-0.7207862411425128,0.08428202784038774,0.3618022806494303
2017-04-19,1.7847628332674503,1.539241075515747,0.2810244560241699,0.12448371201753616,3.3731274604797363,0.09307939388441169,0.04365007147627342,-0.9543568586052533,-1.0019387532885613,-0.6426255748527906,0.2305076870774414,0.265467451454962
2017-04-20,1.7918006479740143,1.5873966217041016,0.24225236475467682,0.12892265617847443,3.341387987136841,0.09457964765022404,0.014609318668054816,-0.6284541299170545,-0.4730594662370322,-0.6809154863873725,0.05840370175103082,0.27436626146531573
2017-04-21,1.7262132987380028,1.6072607040405273,0.25336891412734985,0.12965348362922668,3.305492877960205,0.09449586908623454,-0.0057169396680887274,-0.4437770508727432,-0.10587406643410802,-0.6650579948634102,-0.07028115635307008,0.31272001663910354
2017-04-24,1.736525185406208,1.490333080291748,0.1764170378446579,0.13689330220222473,3.3846375942230225,0.09379513477226911,-0.035990604369409374,-0.23857930809139738,-0.0568479427675701,-0.7198002109529836,-0.21091184738955793,-0.024803418586732073
2017-04-25,1.854512132704258,1.61101233959198,0.3289291262626648,0.13228937983512878,3.3250699043273926,0.09493980324974281,-0.047697563985213964,-0.26612334073914035,-0.060686058129491016,-0.5302424778512826,-0.28981234302527703,-0.08876183483336364
2017-04-26,1.5899963900446892,1.5263100862503052,0.3001868724822998,0.12914513051509857,3.351231098175049,0.09568358496794307,-0.037808159345001036,-0.9281244665252046,-0.6908289153454721,-0.5138108064753524,-0.7444444302989006,-0.4664357120110987
2017-04-27,1.8552695848047733,1.5487194061279297,0.29523965716362,0.12189008295536041,3.2949397563934326,0.0951768423719891,-0.04014329261920646,-0.8097271593041198,-0.8447797108665718,-0.5004502856123596,-0.5781715547427257,-0.5472925588529893
2017-04-28,1.7737899497151375,1.5282236337661743,0.33157169818878174,0.1209171712398529,3.309340000152588,0.09433717100163053,-0.036535650985853874,-0.9004673362843851,-0.9224661430257619,-0.4511949445870108,-0.6315882493144058,-0.5772010805864398
2017-05-01,1.7910196632146835,1.6440223455429077,0.351424902677536,0.12417654693126678,3.337111473083496,0.09389587088077607,-0.023901052111151788,-0.7102667577359334,-0.6206545248960964,-0.4268918793048879,-0.4176765371240898,-0.24742300308514587
2017-05-02,1.8696070909500122,1.6649243831634521,0.34624752402305603,0.12281033396720886,3.3588292598724365,0.09421718600447063,-0.00930342380422955,-0.8162940747428031,-0.8726446399168264,-0.41355480054242755,-0.3977238257400102,-0.33329369703527334
2017-05-03,1.9151193872094154,1.6376298666000366,0.34187427163124084,0.12108033150434494,3.3872945308685303,0.09438181370005802,-0.005263852542464198,-0.9811985268188534,-1.2138821371153306,-0.4031003095072443,-0.48874850116797575,-0.5808525075599786
2017-05-04,1.5571485310792923,1.6863659620285034,0.11740882694721222,0.1237274631857872,3.3471243381500244,0.0945987370525736,-0.023607426114924168,-1.0052812487076288,-0.6743489903134687,-0.6274926227479098,-0.7400602751320542,-0.3289790878555121
2017-05-05,2.032777078449726,1.9785077571868896,0.2023800164461136,0.1297304630279541,3.3527355194091797,0.09722808782277262,-0.03662747248749576,-0.42660848850175626,-0.18731879439316934,-0.5245446931185691,-0.32561523913673973,-0.057732585050728424
2017-05-08,1.8038419932127,1.963985800743103,0.19776111841201782,0.13130895793437958,3.4254417419433594,0.09764386116236673,-0.03146009505786984,-0.8391320873222305,-0.5121449316824016,-0.5281370090679958,-0.6675224659615715,-0.29575418003963216
2017-05-09,2.3538930788636208,1.952277660369873,0.20381352305412292,0.134374737739563,3.383915424346924,0.09704373911379513,-0.05899159245301622,0.13104366420465752,0.04778445187313096,-0.5119160135298186,0.03719584238503737,-0.06977823339672895
2017-05-10,2.193553149700165,1.90009605884552,0.1930716633796692,0.13278211653232574,3.3486266136169434,0.09671298180824922,-0.068487004362354,0.017498643451522966,0.08579235667798812,-0.5014370668342297,-0.12325338450403356,-0.09293550937211359
2017-05-11,2.0667602494359016,1.9849565029144287,0.2069251984357834,0.1365545094013214,3.4267079830169678,0.09763845006010873,-0.05930818750050082,-0.18274614074296025,0.019372708225761315,-0.5104696875077879,-0.26288861944539876,-0.08069332692358344
2017-05-12,1.9201199524104595,2.002244472503662,0.22284504771232605,0.1364315301179886,3.414022445678711,0.09761738507215402,-0.06301962338071143,-0.29174493178097194,0.09479237361155768,-0.48219606389398206,-0.3930064849538355,-0.031015989457915616
2017-05-15,2.3703240007162094,2.051609516143799,0.2145996391773224,0.13623090088367462,3.407270669937134,0.09773471025233801,-0.057569347958916106,0.1674508262399117,0.15760513513411745,-0.48233039172471504,0.09498335855289364,0.068460154922666
2017-05-16,2.353835955262184,2.057929754257202,0.22659538686275482,0.13958558440208435,3.475554943084717,0.09803727099674207,-0.054958457129603344,0.16252181028833768,0.1319114742095131,-0.5211278184125635,0.09408197494435244,0.047528127282116195
2017-05-17,1.8793808184564114,2.128568172454834,0.23559081554412842,0.13907231390476227,3.468623161315918,0.09822481043238293,-0.053444317950357645,-0.34830096187603754,0.17738556542727757,-0.5044049305661404,-0.4040949235733544,0.1087293198913688
2017-05-18,2.4563688710331917,2.2683629989624023,0.23854319751262665,0.11749939620494843,3.3577325344085693,0.10214712435596061,0.02011715876132303,-1.1521427005069445,-1.318347395031969,-0.4690599563135195,-0.6147618685297962,-0.6561177163560279
2017-05-19,2.406734451651573,2.223853826522827,0.22252506017684937,0.11620743572711945,3.361583709716797,0.10245839235657439,0.01981601854653514,-1.2940579572754212,-1.4822049005659501,-0.48857222705153025,-0.7275412503412575,-0.7871240450938886
2017-05-22,1.8954722806811333,2.103721857070923,0.18330223858356476,0.12105061858892441,3.360828399658203,0.1034022391021117,0.00806022231814163,-1.5946164998370111,-1.29795683321038,-0.5025055611625943,-1.1446648973877913,-0.7510046617128512
2017-05-23,2.617075704038143,2.106848955154419,0.17898669838905334,0.12204420566558838,3.401602029800415,0.10338680120025749,0.019505234868751997,-0.8485622889168747,-1.3139372156022073,-0.5371008999808696,-0.34389389859590835,-0.7089266252463506
2017-05-24,2.4086709171533585,2.125471830368042,0.16825556755065918,0.1225367859005928,3.405366897583008,0.10351562958429195,0.02187988514322481,-1.0213363923122403,-1.2448176390654329,-0.5389094004028352,-0.5224713875363922,-0.6420393538933618
2017-05-25,2.0672959610819817,2.100597381591797,0.16546648740768433,0.12404840439558029,3.3931686878204346,0.10331406675282036,0.019749055240967928,-1.208503241906942,-1.0656311003262733,-0.5129092421930396,-0.7580296917387304,-0.519943247908333
2017-05-26,1.9761172197759151,2.0566420555114746,0.27499279379844666,0.12494850158691406,3.285989761352539,0.10386963019699995,-0.018222706760018248,-1.1360545195591185,-0.7843276498930454,-0.2941824478002214,-0.9121935314027643,-0.5200949454643196
2017-05-30,2.0863639414310455,1.9288996458053589,0.303118497133255,0.11342998594045639,3.2461812496185303,0.10326180027739242,-0.03433616052393074,-1.5578248165384014,-1.6075315567605246,-0.2681329229275111,-1.2752912176214397,-1.2789555758073878
2017-05-31,1.954739734530449,1.9048351049423218,0.3016905188560486,0.11334040015935898,3.250307559967041,0.10299472709881016,-0.014410480314225094,-1.6616464177475496,-1.6111764863407187,-0.2712203032448425,-1.2960633264568675,-1.1915137730938046
2017-06-01,1.9385373331606388,1.925263524055481,0.3097429871559143,0.11050629615783691,3.3185830116271973,0.10317299267619948,-0.013160836502764228,-1.880755752437504,-1.915338310034708,-0.3224588065633709,-1.4721761732250451,-1.4596591535677605
2017-06-02,1.7836483679711819,1.90342378616333,0.31875282526016235,0.10465606302022934,3.362396240234375,0.103310751050873,-0.01124422679659487,-2.343788638372298,-2.3774209642513604,-0.3518612885041994,-1.8610285219523686,-1.862305142362053
2017-06-05,1.0338399596512318,1.0060710906982422,0.19099971652030945,0.09486152976751328,3.3351542949676514,0.10058617194588804,-0.07406361445734211,-3.3579584781593166,-3.71166296400765,-0.4966576059630001,-3.0520785745612464,-3.3998131757840904
2017-06-06,0.9878140427172184,0.9229854941368103,0.19726485013961792,0.09153760224580765,3.346433639526367,0.09985681351157231,-0.07967845801870554,-3.4082973841686304,-3.859510020452591,-0.4898989652226773,-3.0716562883412495,-3.5127562197566027
2017-06-07,0.9868363589048386,0.9025763273239136,0.18009716272354126,0.09088333696126938,3.3654491901397705,0.09973534216919477,-0.06775250938443644,-3.2673929146628478,-3.74377406206695,-0.49441454822340036,-2.8440684075595475,-3.3053836907710155
2017-06-08,1.1096501871943474,0.9683713316917419,0.19883842766284943,0.09098935127258301,3.3859071731567383,0.10176981164571812,-0.07385229059061693,-3.103275575643548,-3.607994954384659,-0.4502496664810267,-2.7001406494884788,-3.191855192214862
2017-06-09,1.0434247069060802,1.0045381784439087,0.20418253540992737,0.08856644481420517,3.413693428039551,0.10185611168359812,-0.06202471108196406,-3.0615888805938845,-3.485429324719636,-0.433321488415617,-2.5431438950720118,-2.943154037296828
2017-06-12,1.4132593907415867,1.5440551042556763,0.48455318808555603,0.05432424694299698,3.5116641521453857,0.0996435460073803,-0.09116569022393262,-3.4067712695012613,-4.244607185137,-0.1875519008045805,-2.5053634005280836,-3.295531245584029
2017-06-13,1.522493652999401,1.5517654418945312,0.4606211185455322,0.052967242896556854,3.518946409225464,0.09970692371233661,-0.08325349916424019,-2.62774371484854,-3.3972434426341582,-0.1894238361434314,-1.7662774130946124,-2.4730376773959977
2017-06-14,1.5469913482666016,1.512986183166504,0.4522021412849426,0.05417770892381668,3.5321338176727295,0.09978702300827552,-0.08292788547949947,-2.0299127953024945,-2.7022631605924072,-0.17529359437388226,-1.3141308282260686,-1.924011763975094
2017-06-15,1.3447688296437263,1.3987572193145752,0.44400766491889954,0.051935818046331406,3.553184747695923,0.10165977569470676,-0.09590007389959654,-1.9738118171957009,-2.4441177402609213,-0.1613599043447107,-1.449320037707512,-1.8696811089656524
2017-06-16,1.4010083861649036,1.4352420568466187,0.4695053994655609,0.04872535169124603,3.2820143699645996,0.09930583610373575,-0.21931335312480038,-2.761246292665925,-3.3052627444688865,-0.1013711214930455,-2.839375576508462,-3.3910290373900116
2017-06-19,1.2703268602490425,1.4514522552490234,0.46844086050987244,0.04782959818840027,3.304215431213379,0.09943757034092038,-0.21570219893858456,-2.530638730195739,-2.880318124504467,-0.10328960825646627,-2.598418695532665,-2.9547124402884757
2017-06-20,1.377814095467329,1.4819775819778442,0.465461403131485,0.046378906816244125,3.385272979736328,0.10022487194194774,-0.18614469040384685,-1.8191477213390472,-2.197749435658121,-0.1067854316056196,-1.7421360601257359,-2.1132912925837655
2017-06-21,1.2815044149756432,1.4027783870697021,0.4403759837150574,0.04880155250430107,3.428361415863037,0.10105879146302688,-0.16432223343695207,-1.5443783354517668,-1.797983484754833,-0.12911336585151056,-1.4039658717463688,-1.6440132519437407
2017-06-22,1.2756475247442722,1.3778870105743408,0.43847134709358215,0.049187805503606796,3.4290828704833984,0.10148097274433324,-0.15984659925784173,-1.4236094767811265,-1.652203746498829,-0.12269759089669796,-1.2690520598730988,-1.482738624134785
2017-06-23,1.2488221898674965,1.346916913986206,0.431471586227417,0.04942673072218895,3.3312416076660156,0.10073465956212957,-0.2027404902513119,-1.760379346046637,-2.0160803654207555,-0.1249524155609385,-1.8133491145814844,-2.0741980612236723
2017-06-26,1.1711976081132889,1.2923381328582764,0.4003732204437256,0.04734903201460838,3.3252761363983154,0.10036115405578354,-0.1882076597771809,-1.6842597508652943,-1.9105115564178163,-0.15878846332892294,-1.5935741020620195,-1.8111325744703244
2017-06-27,1.02709074690938,1.2506053447723389,0.39839833974838257,0.048429351300001144,3.2296712398529053,0.09960103974253584,-0.24101815212542,-2.174199708351093,-2.314070499013331,-0.15446168320215814,-2.367566281865522,-2.5253256805668407
2017-06-28,1.164630200713873,1.2277170419692993,0.5277702808380127,0.05036510154604912,3.1485230922698975,0.10228487929993454,-0.3684947732664767,-2.630912671980015,-2.9287647197636684,0.004230593031678276,-3.6443346702531425,-4.014560218262343
2017-06-29,1.0367618668824434,1.1186456680297852,0.4931880533695221,0.05555226281285286,3.1319801807403564,0.10282257626849209,-0.37418631681081416,-2.8096353904373377,-3.050032370077165,-0.026905487947991302,-3.716678830929043,-4.013102566387392
2017-06-30,1.0411387719213963,1.0879932641983032,0.5534383654594421,0.06477697938680649,3.0701043605804443,0.1037637261014408,-0.4094611802151722,-3.228271104048261,-3.47649181536533,0.05122097217501409,-4.165891861430918,-4.451643072610901
2017-07-03,0.9891399834305048,1.0634369850158691,0.5490719676017761,0.0646219402551651,3.079998016357422,0.10481265363331933,-0.42879011486363217,-3.234257643593331,-3.444454372002914,0.05211508830921785,-3.9939462142228663,-4.196458997447117
2017-07-05,1.0575942639261484,1.2078393697738647,0.37703317403793335,0.06068366393446922,3.045935869216919,0.10587214715599075,-0.4568030560138041,-3.3525223622740032,-3.5217958137043954,-0.10829008789752415,-3.8431019122746743,-3.990908664048316
2017-07-06,1.1385451965034008,1.2073283195495605,0.40937280654907227,0.06065864861011505,3.0634071826934814,0.10713185091811607,-0.43120790723347246,-3.218734264074719,-3.4543775796331975,-0.06757353505104113,-3.416069086647358,-3.610997071315172
2017-07-07,1.2488017305731773,1.2335249185562134,0.5020957589149475,0.06511373817920685,3.0433027744293213,0.10829084897168881,-0.4389611465241767,-3.3490919311630076,-3.6580144318503773,0.03971633148461329,-3.354865642664471,-3.611175318613048
2017-07-10,1.284412045031786,1.3483563661575317,0.5467390418052673,0.061888787895441055,3.136012077331543,0.10836631608911673,-0.3990424768991916,-2.682540201396714,-2.855224880184384,0.06622360486574141,-2.521914695741362,-2.6376612670580233
2017-07-11,1.202110145241022,1.3266404867172241,0.5546645522117615,0.0628494843840599,3.0732710361480713,0.10800268090191129,-0.4451895018070191,-3.0620884658423932,-3.2207930701265255,0.08003335934193778,-2.753549639376626,-2.8165091428536897
2017-07-12,1.287795152515173,1.3305610418319702,0.5743817090988159,0.06459485739469528,3.0810887813568115,0.10787219859519613,-0.436212612559155,-2.8956885630939677,-3.116117157677735,0.09564579528907291,-2.4490375336133745,-2.584997824567896
2017-07-13,1.365164265036583,1.2881935834884644,0.6099027991294861,0.07209931313991547,3.0284509658813477,0.10820138833569747,-0.43847680472304984,-3.2722493178203393,-3.6251683065575016,0.14058887809014642,-2.7056776649423924,-2.9662816472436333
2017-07-14,1.1076574232429266,1.3740403652191162,0.679767370223999,0.0722697526216507,2.999140501022339,0.10759603443786192,-0.451229211237137,-3.567218489164846,-3.59623422493892,0.20633511501713564,-2.882272151074604,-2.80034353180905
2017-07-17,1.1069043949246407,1.2383060455322266,0.6148287653923035,0.07270598411560059,2.9467947483062744,0.10703498314197789,-0.4640632050731668,-3.7223131617749665,-3.9269126236252063,0.13780244595529956,-2.939550194674837,-3.0355142800430084
2017-07-18,1.1420424692332745,1.2162683010101318,0.6097522974014282,0.07321397215127945,2.923696279525757,0.10679030705237948,-0.47303021165352166,-3.6680220062038664,-3.9586143502742743,0.12796382917849247,-2.8046564842255197,-2.9596600397172423
2017-07-19,1.1816740408539772,1.244795799255371,0.59184330701828,0.0731753557920456,2.9147746562957764,0.10694014564567463,-0.46440304867780924,-3.583857862536158,-3.8800799153360632,0.1059733868535766,-2.7062802008621,-2.8799768586662644
2017-07-20,0.9604767989367247,1.1179791688919067,0.5676498413085938,0.07949116826057434,3.063600778579712,0.10584901808806278,-0.33212200809507064,-2.9633563480779213,-3.0182278253250985,0.05998469637180026,-2.463695834903728,-2.4521165873073603
2017-07-21,1.097085863351822,1.1981998682022095,0.5863649249076843,0.08237692713737488,3.0590176582336426,0.10515840795349861,-0.3589629986642018,-2.761379844150765,-2.863317457396107,0.07404234200502424,-2.04494553422143,-2.062967796296002
2017-07-24,1.2992312833666801,1.2286772727966309,0.5976932048797607,0.08298134803771973,3.1204006671905518,0.10566269080286605,-0.33410976820312444,-2.3416252081976996,-2.560803441852487,0.0819595801297095,-1.600796291912559,-1.752311810805379
2017-07-25,1.1716233268380165,1.2286192178726196,0.5849050879478455,0.08269069343805313,3.124422788619995,0.10583002534117084,-0.3296951655526952,-2.458221942815303,-2.5368334730665083,0.06821527547007067,-1.7022384157108696,-1.7313369780369676
2017-07-26,1.2786231487989426,1.2664666175842285,0.6103929281234741,0.08042535930871964,3.148960590362549,0.10679513992738847,-0.2926146595023378,-2.328770869212388,-2.4672210405630164,0.09475028794317975,-1.817166612707295,-1.9143117084550774
2017-07-27,1.1594761870801449,1.167737364768982,0.5683697462081909,0.08322220295667648,3.106822967529297,0.10689066763033124,-0.3161988757594323,-2.667824723031867,-2.8219030644887386,0.05476087826158316,-2.044419058754695,-2.1299869504250477
2017-07-28,1.1676298752427101,1.1426364183425903,0.5342453122138977,0.08322568237781525,3.0513834953308105,0.10679909008150493,-0.34921421452010226,-2.8437865251147763,-3.068071910485891,0.024531624100429417,-2.089314907989422,-2.230788193251973
2017-07-31,1.1627752259373665,1.3181071281433105,0.6084603071212769,0.08127550780773163,3.140768051147461,0.10635658548556831,-0.28658424730589926,-2.3343951006701484,-2.313374441661983,0.0850135216275385,-1.882062200058293,-1.814365312455804
2017-08-01,1.0878464356064796,1.3352017402648926,0.6802734136581421,0.07079324126243591,3.1712839603424072,0.10374011459214388,-0.22804177642757906,-1.6005728402276258,-1.4851705668172688,0.14586962756430844,-1.7122164508940827,-1.6096591596553935
2017-08-02,1.4255160354077816,1.4610098600387573,0.7654232978820801,0.06717458367347717,3.1863956451416016,0.10370056139619857,-0.2176755788447975,-1.0877955830333281,-1.186684565583148,0.22714896279015406,-1.307955243376277,-1.4310789463077178
2017-08-03,1.3479917980730534,1.6455910205841064,0.17360705137252808,0.06554444134235382,3.1932263374328613,0.10359983834998351,-0.2023376203600744,-1.0669168727022615,-0.9012910678206332,-0.3693983280345253,-1.415750298996148,-1.2904254039277347
2017-08-04,1.5753272660076618,1.7516155242919922,0.19519229233264923,0.06437654048204422,3.2287404537200928,0.10359464728771307,-0.1753615936906625,-0.642823663028306,-0.5834718900969893,-0.34896777642896526,-1.161456144839267,-1.1690793826573227
2017-08-07,1.6661287359893322,1.8199687004089355,0.2130134552717209,0.05992366373538971,3.258476734161377,0.10353835351267678,-0.16153866593805333,-0.30781170083842824,-0.26310564062958974,-0.3316181329073149,-0.9808130779437043,-1.0139187231305549
2017-08-08,1.5446849539875984,1.8356728553771973,0.22662478685379028,0.06025424972176552,3.2631747722625732,0.10336551527924795,-0.15822385833730856,-0.36436046750348083,-0.1790641186092632,-0.31453153882061247,-1.0174424240664024,-0.9110773579190052
2017-08-09,1.27739629894495,1.6659955978393555,0.20750519633293152,0.06390205770730972,3.20670223236084,0.10342905284705167,-0.1824571979561056,-0.9557917584126834,-0.7056161792054301,-0.3141896985354735,-1.430182600375435,-1.2485210492697512
2017-08-10,1.6310963071882725,1.7280343770980835,0.19745536148548126,0.060161616653203964,3.2340800762176514,0.10348231106003519,-0.16997651601858554,-0.37049292517095544,-0.41296286144517147,-0.3267585050684101,-0.9411070681347802,-1.0687911589852632
2017-08-11,1.4636874571442604,1.4408016204833984,0.2357570081949234,0.068399578332901,3.348539352416992,0.10576741894232784,-0.1279808948030614,-0.3113325358001582,-0.4142805718392868,-0.43221946322541527,-1.0487250429334374,-1.260516246930461
2017-08-14,1.4770600628107786,1.596543788909912,0.27662134170532227,0.08505406975746155,3.1196887493133545,0.10172479700431752,-0.21919471575224558,-1.4804654345390365,-1.4708105552954454,-0.18435735102666317,-1.388857763708744,-1.3657645526082671
2017-08-15,1.6934353932738304,1.8117071390151978,0.3311130702495575,0.08128204196691513,3.2638797760009766,0.10338494939430072,-0.14338040143358421,-0.5433615256259028,-0.48312547513466697,-0.2512656383052714,-0.9631977060159791,-0.965747729360908
2017-08-16,1.5205946564674377,1.9179697036743164,0.3186686038970947,0.07664664834737778,3.2751784324645996,0.102559751400023,-0.13107581074331076,-0.49398836956862624,-0.13899963080696587,-0.22296311204192776,-0.9947378924177528,-0.7020901257751806
2017-08-17,1.7274435758590698,1.9353514909744263,0.32728007435798645,0.07499901950359344,3.286433458328247,0.10253029528585583,-0.11935689099642621,-0.1614172977270405,0.0007675579920665143,-0.2125326520980586,-0.7243500163180947,-0.6384158941509703
2017-08-18,1.6497498415410519,1.8641411066055298,0.2913256585597992,0.07319625467061996,3.286858320236206,0.10424112646008327,-0.15006003130002554,-0.22236014308446528,-0.06358807520858623,-0.3117971751416375,-0.6767753013833175,-0.581485830263583
2017-08-21,2.3533935993909836,2.0096774101257324,0.298126757144928,0.07054756581783295,3.308579683303833,0.10543179517672557,-0.14440368519524638,0.6781301957028345,0.2710967185578319,-0.3522818108273169,0.13375915967277408,-0.35866160985618123
2017-08-22,1.7377587780356407,1.8998897075653076,0.3122117519378662,0.07117200642824173,3.299412488937378,0.1038052370660561,-0.1479974655008549,0.023430080712126156,0.14012138157351517,-0.2591778736893646,-0.3486354434675363,-0.2819539901229682
2017-08-23,2.1492089927196503,1.9138907194137573,0.3540426790714264,0.06926020979881287,3.3771955966949463,0.10412797811417145,-0.11567453206852307,0.7910567102145463,0.5364801933689656,-0.2524517523211087,0.3824284912781186,0.06974655968236831
2017-08-24,1.4067427702248096,1.71254301071167,0.3292362093925476,0.07064499706029892,3.372340440750122,0.10443708176443096,-0.12475538982178991,-0.04678581271101123,0.24977126699563645,-0.28628041595792286,-0.3461679665679691,-0.09739905094793233
2017-08-25,1.5644127242267132,1.6585736274719238,0.3126729130744934,0.07126888632774353,3.343616247177124,0.10410491372804533,-0.12520994556708653,-0.004567487758662336,0.05861364665996249,-0.27229359990971247,-0.24380746493646832,-0.21590117569061018
2017-08-28,1.6257683522999287,1.4873442649841309,0.29152682423591614,0.07300442457199097,3.293656587600708,0.10377824663554151,-0.15517882742061362,-0.061064188056082935,-0.2372037949730137,-0.2555282114425328,-0.14786864631882857,-0.35847026373530966
2017-08-29,1.6042337194085121,1.6849620342254639,0.3344007432460785,0.06685996800661087,3.328258991241455,0.10369799327600855,-0.1592188509068091,-0.07056171492598651,-0.03955662366854629,-0.2118668480783934,-0.02591060573212789,-0.017669974930193177
2017-08-30,1.8310912661254406,1.7560700178146362,0.34177470207214355,0.0641237199306488,3.3407671451568604,0.10347427999830051,-0.1511124709596805,0.15188936194721947,0.01944226584004305,-0.1944728687712738,0.22615821407209769,0.06885798333922555
2017-08-31,1.570282906293869,1.8792262077331543,0.38315266370773315,0.06405305862426758,3.373728036880493,0.10355028995865607,-0.13463779382315044,-0.14291702188730326,0.12375132125271016,-0.16897047847713687,-0.0698001981318761,0.17259870604971628
2017-09-01,1.6442927345633507,1.6710330247879028,0.1534959226846695,0.07573747634887695,3.339747667312622,0.10339025838865036,-0.16133024578972366,-0.10939651048643295,-0.09803135961595544,-0.40026747464913903,-0.08868152873710944,-0.0844287152556058
2017-09-05,1.4107972234487534,1.7225010395050049,0.1611788123846054,0.0764554888010025,3.3538706302642822,0.10321096212561617,-0.16395411550203653,-0.3640436426667124,-0.06108454077129011,-0.3888901402340501,-0.3704011984776585,-0.0651741068878362
2017-09-06,1.48136655241251,1.6768914461135864,0.22667011618614197,0.07641826570034027,3.549891233444214,0.10365721785034718,-0.10225479404184745,-0.7632585050458882,-0.5273418524562405,-0.49817935960405535,-0.8390173231519231,-0.5748807129697839
2017-09-07,1.5608482211828232,1.7208011150360107,0.2278943508863449,0.07653708755970001,3.5812177658081055,0.10377085765074316,-0.08881294846613241,-0.6922415858594366,-0.5029717202030399,-0.48308209828067294,-0.7612903414499677,-0.5452883459082276
2017-09-08,1.4987912140786648,1.586801528930664,0.2300620824098587,0.07681775093078613,3.5651795864105225,0.10424409584845079,-0.08888527675848956,-0.68269797566529,-0.5818842214407578,-0.43916653806108563,-0.725166645840269,-0.6072510434324156
2017-09-11,1.550528820604086,1.4013772010803223,0.2567428946495056,0.08556827902793884,3.5741467475891113,0.10304733741986441,-0.1014622664801299,-0.6344058850348642,-0.7491273218877925,-0.35706130100485733,-0.7322284828132846,-0.8068950802915191
2017-09-12,1.7800043635070324,1.6854883432388306,0.41697072982788086,0.08027318865060806,3.8125219345092773,0.10426059445478514,0.008184270335140686,-0.7379449083873499,-0.7778958756163394,-0.27411805692652713,-0.8157047305414684,-0.8181005052435593
2017-09-13,1.5673730559647083,1.6031540632247925,0.3815564811229706,0.07908674329519272,3.776181221008301,0.1044803905167639,-0.007527241752943059,-0.7602737200496321,-0.6757453583143169,-0.24148693930536158,-0.8134461138957443,-0.6973864612055047
2017-09-14,1.398589737713337,1.4688081741333008,0.3767012357711792,0.08155210316181183,3.723050832748413,0.10408853638217952,-0.030506594563036504,-0.8263387383746101,-0.7077714252505576,-0.222190653244704,-0.8643930754808364,-0.7185289765684635
2017-09-15,1.8316622972488403,1.4604336023330688,0.3857548236846924,0.07917871326208115,3.692946672439575,0.10323136342963835,-0.029510218328830495,-0.20692685416518142,-0.5489879140129825,-0.12839330247603353,-0.23104681233048208,-0.5492917402678841
2017-09-18,1.2852871678769588,1.452473521232605,0.40861985087394714,0.07918241620063782,3.6699986457824707,0.10226299209860946,-0.035000011385936114,-0.6582311781780286,-0.45236385458196926,-0.04946649024964023,-0.6712284083474946,-0.4432252052450387
2017-09-19,1.400525312870741,1.3992772102355957,0.4041867256164551,0.07913398742675781,3.665219306945801,0.10259594077795117,-0.036363982418155194,-0.49138868186322116,-0.4727099440411813,-0.04294197065926353,-0.4886501632354201,-0.45261866366281023
2017-09-20,1.5135028660297394,1.4651237726211548,0.4200937747955322,0.07769470661878586,3.6818926334381104,0.1025180116357973,-0.03432759602015878,-0.32344686492173746,-0.3633072389368244,0.00011539611544142403,-0.29603159546303237,-0.320137061023154
2017-09-21,1.4540600515902042,1.3979625701904297,0.44587191939353943,0.07786857336759567,3.6808269023895264,0.10289888374705812,-0.05075754223476214,-0.3623101301202807,-0.4150060118252341,0.030889156984649002,-0.31805873249454564,-0.35361622294357575
2017-09-22,1.115057673305273,1.1805956363677979,0.5535648465156555,0.07932770252227783,3.6765618324279785,0.10077831591067236,-0.044708525920888365,-0.6406857640991763,-0.5547364723609047,0.19837891518510453,-0.5824585266903402,-0.4731909881340006
2017-09-25,1.2853469997644424,1.2468504905700684,0.5433701276779175,0.07586871832609177,3.678673505783081,0.09993311662034417,-0.03536948293910491,-0.3762984393118418,-0.40918332085923614,0.21155931048033216,-0.31580543254456295,-0.3298898989036463
2017-09-26,1.0987706445157528,1.193292260169983,0.4930536150932312,0.06815800070762634,3.6728427410125732,0.10022691420342181,-0.06669231562472278,-0.45156810841697226,-0.3800871188020347,0.162272777621147,-0.3666468322359191,-0.2728127437019916
2017-09-27,1.1453906819224358,1.1746575832366943,0.4540364742279053,0.06849677860736847,3.6463043689727783,0.0996558208062023,-0.06871465161176027,-0.35617225996328195,-0.3536628006902516,0.12797072506285279,-0.266678120248939,-0.24533751513693236
2017-09-28,1.0432578288018703,1.0187931060791016,0.4618028402328491,0.06801924854516983,3.7152621746063232,0.09983189608441817,-0.04753926823392596,-0.4802677464547642,-0.5257014278163237,0.13113788490479084,-0.3702923449721318,-0.3969954861088225
2017-09-29,0.9348961599171162,1.07310950756073,0.5516682863235474,0.06859041750431061,3.7304391860961914,0.09797554609054433,-0.025829675331882518,-0.5444173593271839,-0.4137533999040228,0.2330552781681441,-0.4258303521157778,-0.2795578598989623
2017-10-02,0.9754240587353706,1.0995434522628784,0.5784669518470764,0.060043882578611374,3.7661190032958984,0.09648783471940509,-0.03365531308390968,-0.3679214780159399,-0.27871405237602453,0.2391841583519586,-0.20706659898245716,-0.10073638733191048
2017-10-03,1.116273868829012,1.1533397436141968,0.3293881416320801,0.061490342020988464,3.7346367835998535,0.09627419097326377,-0.045908703766535996,-0.19796599186330033,-0.19987820192672823,-0.02772284680568815,-0.03376970810920987,-0.023175885658566653
2017-10-04,1.1876376941800117,1.1714048385620117,0.34530335664749146,0.06262528896331787,3.749290704727173,0.09603474735418706,-0.040890428733880935,-0.12479401623092623,-0.17475163909262936,-0.004545487429895578,0.04176428995019155,0.004116125269713944
2017-10-05,1.157653097063303,1.1753206253051758,0.35041508078575134,0.06224915385246277,3.74519944190979,0.09585294171427362,-0.03817483639316932,-0.13702981372803236,-0.15117564458126953,-0.0006075396928701959,0.008569714329023537,0.005410876294296596
2017-10-06,1.3470117338001728,1.4095388650894165,0.42079752683639526,0.05660828948020935,3.870281934738159,0.09551864294127191,-0.018939408686564185,0.08650194570569925,0.11204138475704073,0.07384986206219551,0.285602126653004,0.32605143019230365
2017-10-09,1.4077289588749409,1.407840609550476,0.4182808995246887,0.059354472905397415,3.8955795764923096,0.09636509178227808,-0.029505828740819418,0.0835302772661628,0.052488299893546086,0.07391090862640837,0.3142947437178183,0.3001670944640531
2017-10-10,1.5790050849318504,1.5743283033370972,0.4128960072994232,0.05326135829091072,3.9460604190826416,0.09571686801881066,-0.013542046315128342,0.3105454930640319,0.26406769282690545,0.0553640639872246,0.509791790088598,0.4781830132669316
2017-10-11,1.465437799692154,1.5110440254211426,0.3956986367702484,0.055791761726140976,3.948965311050415,0.0961863389993243,-0.024023804081149347,0.13385502820596562,0.14818340149383324,0.03983763362735271,0.33977336149696247,0.3708002131821684
2017-10-12,1.448793575167656,1.4879093170166016,0.3900696337223053,0.05422988906502724,3.951563835144043,0.09573184142298642,-0.024963297697623954,0.13214349439577,0.13610766981371403,0.028286618213629544,0.31655117021517,0.3359334742390221
2017-10-13,1.4491033554077148,1.4333382844924927,0.41673994064331055,0.050644248723983765,3.913357973098755,0.0954043073605724,-0.042392079526393234,0.18452856353677416,0.11881987331311716,0.03904010540191272,0.3389314104252581,0.2864298805613581
2017-10-16,1.4138633087277412,1.380092740058899,0.38481634855270386,0.05424213781952858,3.904587745666504,0.09546142634073838,-0.04234518667621079,0.10236273774196847,0.031081932339817042,0.01339881988105951,0.2507391083546724,0.19370180652134183
2017-10-17,1.2500560097396374,1.3015433549880981,0.3706761300563812,0.05451681464910507,3.8404629230499268,0.09449952570882707,-0.051393078691246874,-0.029447219522064083,-0.012631975036124121,-0.00693022994193826,0.08311028811118515,0.11099322903397724
2017-10-18,1.2957968339323997,1.2868789434432983,0.3717047870159149,0.0545763224363327,3.8196463584899902,0.09439954418610536,-0.0633257910755991,0.02753497755092904,-0.021030549402923038,-0.006905273683944169,0.13830882918155263,0.10128908924342195
2017-10-19,1.4433977827429771,1.3762212991714478,0.4637303352355957,0.057455651462078094,3.800386667251587,0.09306398813985178,-0.06371211844486724,0.17392401128291257,0.07882519899554863,0.09369112585577288,0.2824918769127931,0.19937743543299158
2017-10-20,1.2591470293700695,1.4290790557861328,0.4551621675491333,0.05528126284480095,3.8176729679107666,0.09263871043162189,-0.062041405012241535,-0.0009913773471461607,0.14377805845862257,0.07659338984676406,0.100637042830797,0.25725989379344893
2017-10-23,1.6599845886230469,1.5468260049819946,0.4563714563846588,0.05406111478805542,3.898340940475464,0.09292770585042272,-0.028990626260563035,0.3717309438789407,0.22735769180777954,0.07847133856682914,0.4630734409314057,0.32822279033554524
2017-10-24,1.4035489559173584,1.4583921432495117,0.4764435887336731,0.05472966283559799,3.8565690517425537,0.09266986272097893,-0.043737583329879426,0.10529815910229567,0.13339239772395795,0.09252961963236128,0.1882349298540693,0.2256473896969291
2017-10-25,1.4274737499654293,1.4369841814041138,0.4814925193786621,0.05432411655783653,3.8545918464660645,0.09274987727072351,-0.037405237656989554,0.12240199769882709,0.10288556611997102,0.09181879322476572,0.1855615236889736,0.17320019935419873
2017-10-26,1.5028886273503304,1.493506908416748,0.505608320236206,0.058564573526382446,3.839787006378174,0.09239189928643968,-0.033932821649285794,0.1563546187591649,0.12555126664119243,0.12285382159448455,0.21800277694554282,0.19469821851160085
2017-10-27,1.4096533134579659,1.504421353340149,0.6202008128166199,0.059114184230566025,3.841477870941162,0.09298785019740916,-0.056716523362879245,0.04134525928233912,0.11346841105262628,0.23447061453672013,0.13884246754135354,0.22356586277771706
2017-10-30,1.5026664808392525,1.3648864030838013,0.6006853580474854,0.07042485475540161,3.677057981491089,0.0945283874072042,-0.09926249573918566,0.057561924496073,-0.09957749036118768,0.22529992748006178,0.15026796219312244,0.004817478481868642
2017-10-31,1.4023324884474277,1.3581751585006714,0.6103097200393677,0.06974261999130249,3.659364938735962,0.09440883947114259,-0.0973618319318561,-0.030336863896361477,-0.0980362440074598,0.22750564792631722,0.03809004050322673,-0.01983216696762158
2017-11-01,1.3534757271409035,1.3523266315460205,0.24092036485671997,0.06970689445734024,3.6678316593170166,0.09446351122086943,-0.0919260838414282,-0.07980406639837456,-0.10832461421791395,-0.14548704284033376,-0.01898357470140999,-0.03800534727326177
2017-11-02,1.258656106889248,1.4235540628433228,0.2692718505859375,0.0657481998205185,3.6862499713897705,0.09427589422319188,-0.08845195709216669,-0.147328802941201,-0.009597628241800216,-0.12771235540766307,-0.0991981060014715,0.045571815781663805
2017-11-03,1.4465434961020947,1.3701363801956177,0.2869124114513397,0.06810993701219559,3.6603012084960938,0.09389467168819828,-0.10352380790651927,0.03296088710720757,-0.07220016702543797,-0.10120897795746775,0.09523141127016244,-0.0011706647047819985
2017-11-06,1.321302805095911,1.4481195211410522,0.3561069667339325,0.05627661943435669,3.55673885345459,0.09073294774240198,-0.1402273190303156,0.08346492969261421,0.14404743370954498,-0.07239718945054346,0.07170768029241703,0.13044844047333304
2017-11-07,1.3275254853069782,1.4455103874206543,0.38021546602249146,0.06002610921859741,3.6023433208465576,0.09164677112699025,-0.12493506249033492,0.031512312172839785,0.08533077192445271,-0.026856254317120465,0.050107783313031895,0.10649959487556493
2017-11-08,1.5563185960054398,1.4561328887939453,0.5117225646972656,0.06507977098226547,3.4987313747406006,0.08980788000857126,-0.18551852147910108,0.2643734430939517,0.07604143762827764,0.11540241776193194,0.3333852131094903,0.15378540928841566
2017-11-09,1.591593861579895,1.5438776016235352,0.5446515083312988,0.06210207939147949,3.531763792037964,0.08965750734619467,-0.18346297414281332,0.28964301646977186,0.17445972822740563,0.12949730738959925,0.36400679191136565,0.25923875493342985
2017-11-10,1.5502249673008919,1.5910570621490479,0.6516189575195312,0.06437920033931732,3.50518536567688,0.0895371801511927,-0.19520385838171284,0.19440916992622004,0.1920120112325574,0.22812848122303947,0.27726503386146417,0.28927417994508375
2017-11-13,2.1253657415509224,2.071387767791748,0.9723448157310486,0.06307223439216614,3.494946241378784,0.08745176431598328,-0.1935420132342871,0.7818511275276703,0.6714726941433544,0.5149282070957143,0.8461065278380897,0.7454876106930066
2017-11-14,2.519082188606262,2.216367244720459,1.0660436153411865,0.06646484136581421,3.496260166168213,0.08595839996360408,-0.15399395174959474,1.0422068961284001,0.6992467795917923,0.5426544455914013,1.0600945579435563,0.7194588183664385
2017-11-15,2.5648891031742096,2.4439613819122314,1.1811604499816895,0.07078210264444351,3.546532392501831,0.08625550247038553,-0.11016923861520711,0.8777602372437499,0.8049278252820813,0.6099875759842162,0.8953432883668992,0.826483861077286
2017-11-16,2.0022130087018013,2.1307456493377686,1.0417611598968506,0.06908254325389862,3.430798053741455,0.08593134717788588,-0.19161698865128218,0.23765383596013323,0.40677228110387986,0.3529672876148353,0.2918054433715398,0.4740362245479113
2017-11-17,2.150442235171795,1.952744483947754,0.9415432214736938,0.06981907039880753,3.4356491565704346,0.08681596566120148,-0.17561911336418712,0.3807434499136224,0.19912495750748915,0.22808918155887525,0.40651018099504554,0.23144305897259243
2017-11-20,1.8241675421595573,1.9149881601333618,0.8815173506736755,0.0671035647392273,3.455659866333008,0.08762042960392244,-0.17548280683195516,0.06725997246519166,0.1844372708556581,0.1634195259856579,0.08985752271978997,0.21264921499601952
2017-11-21,2.171794019639492,2.0605766773223877,0.9614933133125305,0.06663905084133148,3.476881265640259,0.08763032663665223,-0.14754259238910672,0.4218302195269934,0.3250347815338035,0.23698253940150682,0.41062903848396104,0.3109025473053002
2017-11-22,2.036333352327347,1.8595659732818604,0.9302685856819153,0.07774439454078674,3.4754340648651123,0.08712472877474045,-0.1473466868211839,0.15576408266415775,0.02916871508475727,0.19013417480617,0.19979266622355585,0.0850599135766461
2017-11-24,1.8523467928171158,1.7944648265838623,0.8340959548950195,0.07793115079402924,3.5132787227630615,0.08778008811294452,-0.14534612241707978,-0.008749430633987032,-0.0033140247378316,0.10510290048121584,0.05461815923375424,0.07748528888574624
2017-11-27,1.738575540482998,1.6909140348434448,0.8323479294776917,0.078973688185215,3.457151412963867,0.087381816129927,-0.16243970158675403,-0.14005192267845157,-0.11672591810226107,0.06057385917274072,-0.09129570610805038,-0.05484155159650195
2017-11-28,1.8465489596128464,1.8669854402542114,0.784734845161438,0.06582318991422653,3.532923936843872,0.08568937033047325,-0.14744085263718243,0.03532882111482838,0.09807961880778082,-0.013733879565554385,0.04451642918035148,0.10995754010869385
2017-11-29,1.756184734404087,1.9884053468704224,0.9197611808776855,0.06604913622140884,3.52445387840271,0.08630147026255938,-0.1488574247297343,-0.038037053003321386,0.22893526207934412,0.13315555587157446,-0.03312347871353927,0.2353660615345885
2017-11-30,1.898894339799881,1.9062937498092651,1.2176848649978638,0.07953940331935883,3.2721729278564453,0.08531183233921313,-0.3213706658795814,-0.006928721631209722,0.042846915822402076,0.28773425277055065,0.11848300577522597,0.20850100444459807
2017-12-01,2.192037232220173,2.0725529193878174,0.22779302299022675,0.07881953567266464,3.2277534008026123,0.08540821719729227,-0.3284881266758122,0.2957869063111245,0.21130051609699674,-0.7505535739451998,0.3799120180179161,0.320526668241242
2017-12-04,2.287705220282078,2.2052602767944336,0.24218885600566864,0.07752257585525513,3.1935558319091797,0.08531157754842612,-0.32123143560685463,0.34342593196843296,0.29717308299664946,-0.6868252032255371,0.3848101291765791,0.35064331146039773
2017-12-05,2.1315513253211975,1.98637855052948,0.242761492729187,0.07431107014417648,3.169027328491211,0.08485648416906078,-0.3497968124012256,0.13799208262560425,0.021175398989840666,-0.6460489416129966,0.19151935484127236,0.08958646175516405
2017-12-06,2.108641915023327,2.0421061515808105,0.35679498314857483,0.07924886792898178,2.918694496154785,0.08370547269014764,-0.5484284635706853,-0.028746531198331926,-0.0550640027231859,-0.5772080476584218,0.1694823344439662,0.19623973045386123
2017-12-07,1.6756226010620594,1.8219239711761475,0.33350732922554016,0.0799730196595192,2.924689531326294,0.08476479970498857,-0.5914768765499896,-0.4364069563821764,-0.25180756797756665,-0.5104406117058196,-0.168999710681633,0.08807551162866867
2017-12-08,1.6067646257579327,1.8089770078659058,0.33392754197120667,0.0788295716047287,2.931450128555298,0.08475023050775961,-0.5713249935886453,-0.4538105143977673,-0.2367276070633384,-0.45484696452336015,-0.22501411112966974,0.03948813741474311
2017-12-11,1.8194282166659832,1.8570634126663208,0.3713911473751068,0.08099094778299332,2.9123642444610596,0.08463620127770338,-0.5793848626789175,-0.2210889037350512,-0.18536336232563588,-0.3805662932063698,-0.006013591355712666,0.0653851226677098
2017-12-12,2.2514538392424583,1.9020054340362549,0.3653261661529541,0.08063375949859619,2.924578905105591,0.08461614239186968,-0.5631724369358495,0.23277571311944323,-0.1209388104637732,-0.3499475362991823,0.40663387769640336,0.0815223341658764
2017-12-13,2.0863940119743347,1.8593543767929077,0.3746403753757477,0.08047802746295929,2.9237148761749268,0.08469332029415995,-0.6061164004254112,0.049369972225544956,-0.1520380370954708,-0.31044464352905743,0.2863426318243465,0.135565545695858
2017-12-14,1.8560477122664452,1.6818448305130005,0.37019985914230347,0.0801473930478096,2.936257839202881,0.08523465633704691,-0.6178348452261957,-0.16679797024470933,-0.3023141270598453,-0.2845459573043674,0.08207505668812942,0.0077848758997483
2017-12-15,1.8935400918126106,1.6851791143417358,0.36522889137268066,0.08061632513999939,2.9272983074188232,0.08497333575498023,-0.5867098498076195,-0.13019495518047774,-0.28822388261946497,-0.2735302955423231,0.030767415163397427,-0.0839670013765299
2017-12-18,1.7321196906268597,1.5823019742965698,0.369066059589386,0.08391366899013519,2.9294772148132324,0.08544816389194218,-0.5945220651412313,-0.2994446890491025,-0.37959101834354647,-0.248970722836812,-0.12040730268472943,-0.15088458814585826
2017-12-19,1.5023369491100311,1.5488263368606567,0.38726770877838135,0.08383427560329437,2.9115965366363525,0.086033079188381,-0.5904527203987573,-0.4961160539360343,-0.3798026158533516,-0.21041339993243868,-0.3458864002257185,-0.18744900200548464
2017-12-20,1.3944079130887985,1.3391475677490234,0.4152347445487976,0.08909779042005539,2.9157543182373047,0.08600838770194738,-0.5553034607198151,-0.6225854131795954,-0.5951098028502226,-0.17161639240653104,-0.5287088533168509,-0.476894013801771
2017-12-21,1.601003710180521,1.3793532848358154,0.409799724817276,0.087514728307724,2.886124610900879,0.08616474514858846,-0.5796239166043193,-0.35979662684206515,-0.5087410550905935,-0.16483310206823332,-0.2529941619103093,-0.37510846157898436
2017-12-22,1.5350455529987812,1.5454647541046143,0.5634505152702332,0.09355757385492325,2.8412837982177734,0.08463780990286515,-0.717110297510896,-0.4899692489819709,-0.36659331320097044,-0.012854966135676382,-0.1567219554547883,0.05197647654283433
2017-12-26,1.8067578077316284,1.5477131605148315,0.5482035279273987,0.09375965595245361,2.8354709148406982,0.08458148330062544,-0.7190687630163635,-0.1803216180903191,-0.33466445670381706,-0.0260068731052846,0.1423465679906042,0.058313262795111065
2017-12-27,1.8885752521455288,1.5130795240402222,0.4762149155139923,0.09523260593414307,2.8346567153930664,0.0853376989750298,-0.736120528022961,-0.0685736847415166,-0.3298061750095389,-0.08774612781676772,0.28817350429835065,0.10620992175181199
2017-12-28,1.6138678565621376,1.4016833305358887,0.4377923607826233,0.09783345460891724,2.8548288345336914,0.0845988010679531,-0.728523787074153,-0.3660199814504628,-0.4249468873527269,-0.12671161732472924,-0.04727508811514625,-0.02457999877544026
2017-12-29,1.6479812748730183,1.4348496198654175,0.4529423713684082,0.09809889644384384,2.847895622253418,0.08473492844359767,-0.7334952966325989,-0.29455083636984924,-0.34840209457787896,-0.10219143284080179,0.0020298225990900143,0.02287848798324399
2018-01-02,1.3635825738310814,1.3700335025787354,0.4084084630012512,0.0966549962759018,2.8651626110076904,0.08501282428182019,-0.7202756665465238,-0.5430413749938525,-0.38057594527974437,-0.13939377182736667,-0.2756818282728921,-0.046418148077489896
2018-01-03,2.0866741463541985,1.6833631992340088,0.2864796817302704,0.09102560579776764,2.7236862182617188,0.08574146559382113,-0.8445952517703759,0.23275204771135916,-0.06618163793164378,-0.24982308780573093,0.5949933682816155,0.37617997501969525
2018-01-04,2.0400592982769012,1.8011553287506104,0.2910538911819458,0.09161044657230377,2.7326905727386475,0.08515347139907198,-0.7801374390597773,0.16029829481223512,0.048985187126595164,-0.23651669617224402,0.35291321550823396,0.29554505735240477
2018-01-05,1.9969542995095253,1.8877105712890625,0.3233279585838318,0.08943019807338715,2.698540210723877,0.08569507593848226,-0.8556389996630678,0.11901149787709198,0.12530040160449185,-0.18941864012496723,0.4114155675734952,0.5024066596096715
2018-01-08,2.5887369513511658,1.9380453824996948,0.33965981006622314,0.0858786478638649,2.687258005142212,0.0851199692816448,-0.8231869885668956,0.6930967532185457,0.14061339356178748,-0.16910207740557515,0.891836169997442,0.39419247585045225
2018-01-09,2.1490451022982597,1.9098777770996094,0.34570834040641785,0.08550665527582169,2.6930770874023438,0.08523077309395938,-0.830255174076943,0.22343733916838993,0.10516238677801204,-0.15288680221097573,0.42108781677678486,0.3710697907629745
2018-01-10,1.6162650510668755,1.775535225868225,0.3378598988056183,0.08637862652540207,2.66658616065979,0.08577176463860743,-0.8406775478357935,-0.3140391358930057,-0.030770494837595308,-0.1451078232030878,-0.12959133081817553,0.22186094081030827
2018-01-11,2.071501947939396,1.767709732055664,0.3768852651119232,0.08314000815153122,2.6727700233459473,0.08559038818447416,-0.837843359551429,0.15137156634670923,-0.059948534544838505,-0.09615397661141367,0.347119158705683,0.19514290355256314
2018-01-12,1.7971490062773228,1.768388032913208,0.43876194953918457,0.08562225848436356,2.622844934463501,0.08626549515552269,-0.9289241058333839,-0.1233691302675568,-0.04929696594404542,-0.016023281911021425,0.17208138426681208,0.33620559559398533
2018-01-16,1.8349331766366959,1.8138914108276367,0.513597846031189,0.08587787300348282,2.5834085941314697,0.08745438077276307,-1.019147545021851,-0.06685608353935013,0.001462083419640603,0.08287017934027807,0.3318516491324526,0.523595116316161
2018-01-17,1.932836689054966,1.7444771528244019,0.4799507260322571,0.08594244718551636,2.6507654190063477,0.08808259811904268,-0.9905162609041123,0.05289743904058497,-0.049290180369985226,0.04870439608143062,0.4185816711404726,0.423985543342698
2018-01-18,1.674001507461071,1.6355373859405518,0.4383671283721924,0.08372440189123154,2.6625735759735107,0.08841238440075039,-0.930055010149851,-0.20895976247613524,-0.1744521840545481,0.02060116742376339,0.04408541082688178,0.16253046421903994
2018-01-19,1.954693742096424,1.8387707471847534,0.4697316884994507,0.090212881565094,2.6505887508392334,0.0883779421112202,-0.9742810657359733,0.07777992472207784,0.0702949792479508,0.04417363501081195,0.3482246994783216,0.42425408959656385
2018-01-22,1.940666452050209,1.8201442956924438,0.45940765738487244,0.08782930672168732,2.635584592819214,0.08851468529787655,-0.9700694599932038,0.047516613866572355,0.019608991657869446,0.04937393050839123,0.2796941111068727,0.3253545491493961
2018-01-23,2.2884725257754326,1.8826427459716797,0.4968350827693939,0.09012670069932938,2.6434741020202637,0.08857676433142284,-0.9731613853705217,0.3937402217710846,0.09652924621970915,0.08211775364437168,0.6070165198455189,0.3799701429268252
2018-01-24,1.9082786925137043,1.7590041160583496,0.4940662384033203,0.09286279231309891,2.623210906982422,0.08888128228952959,-0.9941176124582194,0.0009771386436989715,-0.019372532274225973,0.08218376330608712,0.18470915727003412,0.24533817049454676
2018-01-25,2.4757151007652283,1.9721202850341797,0.5489107966423035,0.09022106975317001,2.691174030303955,0.08891146437236246,-0.797539295101376,0.5801127035036873,0.194977983889697,0.13113957479396643,0.6208772548882417,0.25406190401539863
2018-01-26,2.4993044584989548,1.9812307357788086,0.6799500584602356,0.07971657812595367,2.681671142578125,0.08746236695646831,-0.8031419054194378,0.5457651119261304,0.10419865792908278,0.27368099806045976,0.5882469123589704,0.16757890242904416
2018-01-29,2.4144799150526524,2.137741804122925,0.748746395111084,0.08114785701036453,2.637667655944824,0.08767116896860852,-0.8359184023987476,0.4266621802524422,0.24756776901185873,0.3443781910531516,0.4708283969052487,0.31579039865286607
2018-01-30,2.1848044097423553,2.088913917541504,0.7499886751174927,0.09381438046693802,2.685227870941162,0.08869084121385239,-0.8465081826261132,0.23226654694163384,0.29963418162060496,0.3212943703235178,0.29247475000469336,0.3947078259683987
2018-01-31,2.109307609498501,2.168369770050049,0.7262818217277527,0.1105123832821846,2.8548941612243652,0.08983777811632582,-0.8488850934226413,0.2512333317587505,0.557224180545268,0.2462623794146066,0.3671107673415661,0.7405178029623973
2018-02-01,2.2440490052103996,2.125621795654297,0.712681770324707,0.11031786352396011,2.84079909324646,0.09031523688812469,-0.8534162542847896,0.3652721636713452,0.4529529323713444,0.21302845925485192,0.4670324511377375,0.606051855257393
2018-02-02,2.440665990114212,2.349452257156372,0.3376018702983856,0.10708464682102203,2.781649351119995,0.09159762918426183,-0.727592244299764,0.5221536109516602,0.6041698719061697,-0.13738906644912618,0.5187550377008374,0.5989938251960891
2018-02-05,3.0125842168927193,2.965637683868408,0.6138858795166016,0.13391603529453278,3.217881917953491,0.09459877843371664,-0.6427832043791708,1.257731015588007,1.4372798064486196,-0.03495779909807539,1.3395590906997672,1.559032466264058
2018-02-06,4.972423478960991,4.24066162109375,1.831157922744751,0.1280577927827835,3.3070454597473145,0.10392380440345696,-0.3779967066964147,3.0267864821232306,2.3628052751934425,1.3659457896882943,3.018802392674076,2.3504026871141708
2018-02-07,4.3597462475299835,3.8186991214752197,1.7885583639144897,0.12264569848775864,3.2382307052612305,0.10572586020239723,-0.3852495105790166,1.8832557191935777,1.505950528625577,1.1419978385307135,1.8786901282979134,1.4990329257618598
2018-02-08,4.088522225618362,3.698340654373169,1.7440119981765747,0.13078279793262482,3.3571367263793945,0.1073100751811495,-0.348336168364066,1.1373475534878486,0.9982365312470738,0.7992482527543769,1.147017426376491,1.012672732366334
2018-02-09,4.037749782204628,4.336489677429199,1.9478771686553955,0.15400882065296173,3.7047617435455322,0.1135388889847238,-0.23490604409376692,0.2373435008170648,0.8980632069939163,0.4341246856937444,0.2902715605395354,0.9754628750137169
2018-02-12,3.865151271224022,4.1832804679870605,1.961256742477417,0.14526629447937012,3.582095146179199,0.11569646431356688,-0.29500033020568317,0.26259698595904624,0.7064867005422704,0.5565359752163261,0.31671873559203645,0.782596246568974
2018-02-13,4.214178338646889,4.717534065246582,2.3696582317352295,0.15103964507579803,3.6531872749328613,0.1153843386410468,-0.2501653630279326,0.37516355857888417,0.9310489505361725,0.7093278755403685,0.404131935185299,0.9702111324574143
2018-02-14,4.571060210466385,4.700362682342529,2.4007835388183594,0.1514882594347,3.6390256881713867,0.11526705130508302,-0.2729381899703405,0.6471921586044331,0.7315797803110491,0.6074647591929723,0.6804926293909741,0.7718301678131647
2018-02-15,4.772363483905792,5.368220806121826,2.578815221786499,0.1539786159992218,3.7684195041656494,0.1168630519220856,-0.21500225519828198,0.6439937296938059,1.160396851991388,0.577511808182702,0.6835620669357994,1.2067083297911854
2018-02-16,5.334225207567215,5.651414394378662,2.617522954940796,0.15994229912757874,3.8737905025482178,0.1168473845014482,-0.1749768431667662,0.8895344139492583,1.0321720090141557,0.3299701345866124,0.9242825708284972,1.066526517468402
2018-02-20,5.108520179986954,5.642058372497559,2.4618782997131348,0.16008760035037994,3.8539206981658936,0.11677650994001075,-0.19053441100263768,0.5261397630828126,0.8646884378834905,0.1327617347998693,0.5552417980003996,0.8906527514071776
2018-02-21,5.2916476130485535,5.445028781890869,2.398897647857666,0.1584342122077942,3.8469796180725098,0.11721382583706612,-0.2052075814251071,0.6992873971307789,0.6116011749819572,0.09920862430290178,0.7330424802161781,0.6378951871014742
2018-02-22,5.731969445943832,5.524862289428711,2.3417747020721436,0.16223233938217163,3.880890130996704,0.11744906330275953,-0.19519961974019284,0.9033507581526097,0.4583423552929009,-0.07502003340804553,0.9239985736181362,0.4751689194371771
2018-02-23,5.162696406245232,5.433973789215088,2.2979273796081543,0.163761168718338,3.8815274238586426,0.11787411170899277,-0.2110722292373115,0.1774149149076809,0.25586261004323774,-0.13890920792768569,0.1942794018029348,0.2686291802174008
2018-02-26,4.984183236956596,5.553084850311279,2.110305070877075,0.17343275249004364,3.9466805458068848,0.11922864326784587,-0.21511274549695392,-0.41091791785875476,-0.060210005771050845,-0.5518779362290953,-0.3998054391852266,-0.05191120686515127
2018-02-27,5.084015473723412,5.72495698928833,2.179076671600342,0.17697791755199432,4.012378692626953,0.11904470636802626,-0.1913240208698601,-0.43487364834489384,-0.07312116821153758,-0.5477910107107204,-0.42124644313272785,-0.06780606341691175
2018-02-28,5.482156753540039,6.286655902862549,2.419478416442871,0.18683591485023499,4.217627048492432,0.12033798439078106,-0.16375391589683175,-0.44553649250990013,-0.02928772751717723,-0.5739706701460605,-0.4177114568729481,-0.024562482435669608
2018-03-01,5.859846338629723,6.5298075675964355,2.5007166862487793,0.18856404721736908,4.292471885681152,0.12128537399481128,-0.13433619066279,-0.09836219384973877,0.10317334852866455,-0.48165895039657336,-0.06425291318585025,0.10697637972440432
2018-03-02,6.7891621589660645,6.466183185577393,2.435213565826416,0.18733036518096924,4.29410982131958,0.12136071849270785,-0.12324290097149526,0.8741327114269026,0.051381764709848454,-0.4648300109926269,0.8994342376872133,0.044700086879130296
2018-03-05,5.578388258814812,6.410355567932129,2.442568063735962,0.18492048978805542,4.267424583435059,0.12130494751423573,-0.12171367044568049,-0.3630925821648008,0.07720967187064431,-0.3487818878802438,-0.3640887842952756,0.061876048164991815
2018-03-06,5.853725254535675,6.548194885253906,0.10984987765550613,0.1867760270833969,4.284045219421387,0.1216334801108035,-0.1216541488616032,-0.14605506233252807,0.09028836616570768,-2.6963542704254477,-0.14922067946764273,0.06306587428670163
2018-03-07,6.1451540887355804,6.654110431671143,0.08531693369150162,0.1908762902021408,4.31391716003418,0.12054456477150938,-0.12065003254851936,-0.05334701285913912,-0.04828934634528892,-2.544651386249818,-0.057802756789218535,-0.08030174507052124
2018-03-08,5.545617058873177,6.78041410446167,0.09871517866849899,0.19132356345653534,4.309086322784424,0.1207017419654368,-0.12186936477980925,-0.6543173242704379,0.06252216899058816,-2.2572955924120244,-0.6564441643696508,0.02862880712346616
2018-03-09,6.171496093273163,6.754045009613037,0.10935690999031067,0.18894366919994354,4.292143821716309,0.12125449845738942,-0.12434625607636751,0.1505422376624086,0.1609583892292985,-2.001870101936618,0.1556542292006977,0.12805401665002059
2018-03-12,5.622132286429405,6.748388290405273,0.1550137996673584,0.18992850184440613,4.3527374267578125,0.12272680087060744,-0.0897209478438763,-0.4527080582151033,0.08018086921611456,-1.8229908137714192,-0.44806384329896254,0.046134627826553753
2018-03-13,6.48197415471077,6.734935283660889,0.15363015234470367,0.18980857729911804,4.347856044769287,0.12252601195985365,-0.08539957622223215,0.44683441141113356,0.06517035484358136,-1.6754683869243232,0.4552505754021414,0.035649144195947
2018-03-14,6.5309184193611145,6.90086555480957,0.18625283241271973,0.19085201621055603,4.377671241760254,0.12242745172319616,-0.0647172798554605,0.4087882932470066,0.15390861073267192,-1.5178766636565713,0.417897643464042,0.1329972958539143
2018-03-15,6.166893571615219,6.935078144073486,0.19390825927257538,0.19143332540988922,4.389510154724121,0.12233685484102967,-0.05697806946712891,-0.013589087730787597,0.1402110863551833,-1.3986225672451056,-0.0063223897893367464,0.12207018152572058
2018-03-16,6.472809329628944,7.013693809509277,0.214242622256279,0.18943962454795837,4.403571605682373,0.1221183968704793,-0.04630786038761081,0.358272685592846,0.2761217766959785,-1.2651407873061644,0.3670463858133344,0.25848490574128213
2018-03-19,5.48797507584095,6.9075026512146,0.19875818490982056,0.19006013870239258,4.381311416625977,0.12201750590808004,-0.06259311179182925,-0.6564673512458192,0.1498976529532552,-1.2039881848550356,-0.646233407974802,0.1348387726325937
2018-03-20,6.010405912995338,6.808735370635986,0.23617389798164368,0.19429290294647217,4.427346229553223,0.12203011145902502,-0.07435970985129625,-0.2752748513842853,-0.17196885982189603,-1.0615702023062,-0.2557595262624641,-0.19100311759899036
2018-03-21,5.217724829912186,6.418376445770264,0.23566550016403198,0.19330431520938873,4.397714138031006,0.1223454424398943,-0.10259951816344848,-0.9887235828175056,-0.4719379279784288,-1.025302771786702,-0.9566167983067828,-0.4860752842182965
2018-03-22,5.341666534543037,6.393565654754639,0.2878592610359192,0.1906038373708725,4.3705244064331055,0.1241150087590699,-0.11188841409323413,-0.688201751346651,-0.30643323795568556,-1.043223023053665,-0.6411708829886935,-0.3091594723416904
2018-03-23,5.723240524530411,6.780924320220947,0.4748189449310303,0.19338741898536682,4.511116981506348,0.1264774221848949,-0.055025246325268284,-0.42101521557445043,-0.10525108216365986,-0.8416026042682541,-0.34903522225254946,-0.09866395409944673
2018-03-26,5.516778394579887,6.496198654174805,0.44191673398017883,0.1841932237148285,4.376721382141113,0.12821427814036757,-0.0733395078013761,-0.24948102456670984,0.09751859413661901,-1.1063134667478236,-0.20373610609790305,0.10573736821667357
2018-03-27,6.406656861305237,6.98964262008667,0.4784886837005615,0.1853642761707306,4.428887844085693,0.13040570514245112,-0.08037227287576276,0.5732425077179881,0.496012210750834,-1.1120099425920413,0.6570966453024152,0.5192294782021314
2018-03-28,6.116792798042297,7.255485534667969,0.5953708291053772,0.18178285658359528,4.471992015838623,0.13234522879426605,-0.05162469279733184,0.3205191533059315,0.8186676180144516,-1.0418851667693296,0.4055164335431716,0.8460167877479172
2018-03-29,6.44794026017189,7.4622931480407715,0.6583662629127502,0.1773751676082611,4.433793067932129,0.13366371030280574,-0.05311102055020234,0.7343879279543746,1.1225586052187593,-1.0432832191750645,0.7957007355014989,1.1399370629889916
2018-04-02,6.274503916501999,7.292387008666992,0.5810155868530273,0.18327344954013824,4.430203437805176,0.13339614027994642,-0.08946751892605698,0.29276288792436134,0.6228342874899226,-1.0024806887616302,0.3693537954625574,0.6439890433961928
2018-04-03,6.386717766523361,7.418869495391846,0.627194881439209,0.1840394139289856,4.509346961975098,0.135482614324238,-0.0513015867238944,0.2699953866857765,0.5589451019483107,-0.9427417326711423,0.34684232656846703,0.5814280818907731
2018-04-04,6.631203189492226,7.2012481689453125,0.6361550092697144,0.18316136300563812,4.5124993324279785,0.13594862383984838,-0.033553304146493934,0.47680152328493897,0.2851719746898649,-0.881746061821469,0.530073692272393,0.30196406516314234
2018-04-05,5.9356581419706345,7.5671916007995605,0.21064583957195282,0.18377530574798584,4.524077892303467,0.13635806641235793,-0.033521623728579586,-0.3062607085491056,0.5760944543305229,-1.244146697010179,-0.2525247925833094,0.5934176583262101
2018-04-06,6.773966610431671,7.55561637878418,0.21611148118972778,0.18319617211818695,4.520754337310791,0.13651835097819207,-0.03260911033522662,0.5524097644196759,0.5183807169571537,-1.1557309966024496,0.598849582674414,0.5329416422952455
2018-04-09,7.126165181398392,7.471503257751465,0.3049231767654419,0.1823798567056656,4.570535659790039,0.13787294507658887,-0.006583067144003696,0.8198513442158628,0.3341256201977494,-1.0024723512640938,0.8643206800648997,0.3484553223877169
2018-04-10,6.714460760354996,7.55726432800293,0.31740042567253113,0.18414029479026794,4.589113712310791,0.13836988727362104,-0.005836296797508522,0.2653670734637412,0.3022845216382475,-0.9188511744176606,0.3130385095175816,0.31859468546724834
2018-04-11,6.937871724367142,7.842044830322266,0.39012664556503296,0.1860075443983078,4.648849964141846,0.14010857780627015,0.017760196968415132,0.3445733050399298,0.41166702139975264,-0.7942510894892172,0.39334910764895525,0.42772459463296375
2018-04-12,6.332351595163345,7.649810791015625,0.3559502363204956,0.18665429949760437,4.633626937866211,0.13928764817686826,0.03067091619736395,-0.27430935670111545,0.2025410775731631,-0.7614140343392675,-0.254399979818027,0.20855243255687128
2018-04-13,7.01913195848465,7.591264247894287,0.3418846130371094,0.18519924581050873,4.617756366729736,0.1395698239015021,0.030946912861955722,0.45243459318643975,0.16111968161101853,-0.7321407253959258,0.4601989377972373,0.16334727847706176
2018-04-16,7.139825016260147,7.709468364715576,0.3406423032283783,0.18662108480930328,4.632994174957275,0.1392288546474925,0.031590850300323825,0.5198953810705422,0.23441399468559965,-0.6817118484575049,0.5405708875580757,0.23986988184937186
2018-04-17,7.188353478908539,7.641535758972168,0.3340763747692108,0.18409040570259094,4.6201982498168945,0.13926275101803742,0.027190293145790023,0.5892505223404321,0.2174814074266136,-0.6463765592906527,0.6108432891531557,0.22257801797120091
2018-04-18,6.469522625207901,7.766279697418213,0.33590471744537354,0.1859733611345291,4.632174491882324,0.13958464461562103,0.024240512796056546,-0.22451309340432601,0.25615331378180795,-0.6117947336303053,-0.19490517781371341,0.26235423850191353
2018-04-19,5.809783428907394,7.359129428863525,0.3368377089500427,0.1810789853334427,4.570199966430664,0.1407048281643024,0.02216580528119827,-0.8232343872677834,-0.0784439968341637,-0.5768920280492635,-0.8373268813559358,-0.08068520076059293
2018-04-20,6.496187716722488,7.3949055671691895,0.3430866301059723,0.1808106005191803,4.572287082672119,0.1406162000086466,0.024785343522366943,-0.0769072521476808,-0.03569142877524989,-0.5294156496182841,-0.08788071106326445,-0.03705208419845185
2018-04-23,6.323868989944458,7.556376934051514,0.3285626769065857,0.18642911314964294,4.631355285644531,0.14011978734292804,0.034495742012346176,-0.3568254567833957,-0.020152539909080502,-0.5261537909531545,-0.34130598307602966,-0.01890064467310637
2018-04-24,6.747242867946625,7.517356872558594,0.3131503164768219,0.18722212314605713,4.626523017883301,0.14001354124377122,0.017796896645482674,0.06903237274924834,-0.07459950540005789,-0.5200897555387874,0.09776438998516213,-0.07329160314372185
2018-04-25,6.437103688716888,7.360206604003906,0.3251020610332489,0.1881820559501648,4.608548641204834,0.1402957635374137,-0.0006409372686393411,-0.2793869225193646,-0.2602951545504215,-0.48995187406765606,-0.24976568834222324,-0.2599147286542447
2018-04-26,6.223078072071075,7.143302917480469,0.3279237449169159,0.1846957802772522,4.577966213226318,0.14006737453450452,-0.00083979213162233,-0.3919600789535993,-0.3580139901559001,-0.4510156588917149,-0.37447449054976545,-0.35824183740097126
2018-04-27,6.010455444455147,7.003285884857178,0.31859833002090454,0.18214993178844452,4.539417743682861,0.14037718264620677,-0.003580050315762362,-0.5414942352313927,-0.41872344572384534,-0.4263379940672253,-0.545275151303513,-0.4185168469996974
2018-04-30,5.945241212844849,6.991309642791748,0.3300453722476959,0.1812722384929657,4.5353569984436035,0.14030005850368776,-0.0011910054248951418,-0.5584697785830235,-0.38591983203350555,-0.3876151281760898,-0.5633833724547959,-0.3853463505078949
2018-05-01,6.52816878259182,7.018547058105469,0.357442706823349,0.1850842982530594,4.5926079750061035,0.13904308329952283,-0.009167980483145266,0.00434940999821265,-0.40928473667617915,-0.36982162611879943,0.04733603310453116,-0.4171856886573675
2018-05-02,5.342130437493324,6.201388359069824,0.3429536819458008,0.16861577332019806,4.435074806213379,0.13741135075028507,-0.02064247152680143,-0.730690738763415,-0.6594954815852265,-0.29032388567117295,-0.7381143358963476,-0.6575253089792472
2018-05-03,4.51622249186039,5.588206768035889,0.281436026096344,0.16798405349254608,4.268757343292236,0.1316366276504428,-0.1119411939514503,-1.2579844489424836,-0.8914474511830885,-0.40521681561824696,-1.261554676716063,-0.8903523999112615
2018-05-04,3.405207797884941,3.483773946762085,0.06862439960241318,0.1729518622159958,4.319724082946777,0.13056191157708194,-0.10933370005121157,-2.4260529491291916,-3.0857758057033093,-0.648433526507331,-2.4049664575125345,-3.092632837825633
2018-05-07,3.1749182641506195,3.4512343406677246,0.09409826993942261,0.17031241953372955,4.307361602783203,0.12994157535500012,-0.09824444299379897,-2.530654556664789,-2.96731918599345,-0.6004673781198802,-2.517644295835323,-2.969788576046099
2018-05-08,2.9432714879512787,3.034806251525879,0.15258179605007172,0.1526491641998291,4.1390790939331055,0.12430799312591716,-0.15620016641326573,-2.0999317963801793,-2.5881696619526497,-0.485119727287302,-2.07235303164407,-2.59254344387267
2018-05-09,3.442112848162651,3.547084331512451,0.1677655279636383,0.1611570566892624,4.266741752624512,0.12244585428195758,-0.10198662496411837,-1.7691909502090315,-2.296046434324472,-0.5440029099275303,-1.7120846599372914,-2.2999910823908465
2018-05-10,3.0175466760993004,3.4652438163757324,0.18452496826648712,0.15834498405456543,4.264652252197266,0.12225282874769074,-0.0814424243680707,-2.106375841728757,-2.273615725294885,-0.5021466209372216,-2.0590052519203876,-2.2693963290894583
2018-05-11,3.6333160549402237,3.6223583221435547,0.15007933974266052,0.16407079994678497,4.302340984344482,0.12262712060989422,-0.07686987985027449,-1.6186301670167182,-2.2692871065589433,-0.5645567185347868,-1.5608111795731876,-2.2593200809247698
2018-05-14,2.8463238775730133,3.1299045085906982,0.10129496455192566,0.16650386154651642,4.211984157562256,0.12020574457084025,-0.1138902011882279,-2.331145173279893,-2.642951336168645,-0.661320585008456,-2.3020443456337185,-2.635233529622262
2018-05-15,2.652238816022873,2.839000701904297,0.12447109818458557,0.1607796847820282,4.135176181793213,0.11936872523109462,-0.1304656125240531,-2.319187751595183,-2.6805398938742373,-0.6033601490408,-2.3166548526861312,-2.6797839441918567
2018-05-16,2.598644182085991,3.142659902572632,0.167289599776268,0.17056772112846375,4.181955337524414,0.12062979458635564,-0.11537580655846624,-2.59768290231208,-2.6405034888541064,-0.6046490440888479,-2.6185168160290324,-2.6466328822035887
2018-05-17,2.6904072165489197,3.012470245361328,0.14443422853946686,0.16715291142463684,4.159628868103027,0.11996949383957385,-0.11033320117990209,-2.3703033830047344,-2.6163563351883194,-0.6020458970937443,-2.4017518620604976,-2.625103462906214
2018-05-18,2.536044806241989,2.914754629135132,0.15157310664653778,0.1610965132713318,4.148465633392334,0.11887035183960036,-0.1043304396275968,-2.328352438075056,-2.4954997476049456,-0.5466579035378141,-2.344294480379763,-2.499204955914652
2018-05-21,2.7587606832385063,2.9470598697662354,0.17921654880046844,0.15941080451011658,4.1534552574157715,0.1184088875811013,-0.08756071008498556,-2.014307565978548,-2.368439231736036,-0.4888092732166871,-2.036911043438553,-2.37297361581102
2018-05-22,2.7687792032957077,2.840677261352539,0.23560728132724762,0.15092100203037262,4.134675025939941,0.11731714395337016,-0.07882508936352095,-1.7574489394705548,-2.1933232644683596,-0.35007175743200647,-1.767892831337262,-2.1949392573391417
2018-05-23,2.56299839168787,2.753100633621216,0.23651184141635895,0.149306520819664,4.108654022216797,0.11705319083939103,-0.08365818013800097,-1.881426116360081,-2.183462611361519,-0.32523734915186053,-1.902039088976542,-2.1859881229426206
2018-05-24,2.4706181958317757,2.406963348388672,0.269595205783844,0.13758228719234467,3.97800612449646,0.11532028863214257,-0.10176649944012395,-1.6289661918667058,-2.1025748977596725,-0.2152297722423896,-1.6886748557164957,-2.106860457967141
2018-05-25,2.1914577558636665,2.214766263961792,0.2631680369377136,0.13571977615356445,3.916686534881592,0.11467180301513613,-0.13300218037137657,-1.797311396922768,-2.1512811323671794,-0.20549103994345086,-1.8533176687866257,-2.144808434567712
2018-05-29,2.2610123977065086,2.260688543319702,0.2912263870239258,0.13288956880569458,3.889942169189453,0.11604115158557522,-0.1304344462142064,-1.6822083269331554,-2.048506202339884,-0.1292242416295477,-1.7428597656973617,-2.0214660625819016
2018-05-30,2.5725458189845085,2.3662045001983643,0.36047106981277466,0.13074874877929688,3.926328420639038,0.11709761626107439,-0.09048692678857528,-1.2906384283096495,-1.8667154301313733,0.028449288403735062,-1.3387899873723583,-1.811307855282088
2018-05-31,2.903344288468361,2.6029293537139893,0.4374296963214874,0.13049380481243134,4.017664432525635,0.1184255635336914,-0.0566667220453243,-0.9067732814853127,-1.5921970580784235,0.22101950755854416,-0.926091145108968,-1.5361019618716858
2018-06-01,2.7910518497228622,2.558925151824951,0.42814138531684875,0.1306188851594925,4.016668319702148,0.11848475475523673,-0.05490473490002179,-0.9176769561571438,-1.5006213670905044,0.2772769180614243,-0.9352660028820949,-1.4411428202954966
2018-06-04,2.6445399820804596,2.5308923721313477,0.39254096150398254,0.12870506942272186,3.998957633972168,0.11876345338267494,-0.06087220047169062,-0.8894529532268205,-1.2858856040878592,0.3628034866667518,-0.9060664774511036,-1.227618367605836
2018-06-05,1.5803440660238266,1.2084611654281616,0.29989784955978394,0.12754343450069427,3.976900577545166,0.11884817059944759,-0.08160932075900895,-1.8525774612511174,-2.4674670964842758,0.310695337962402,-1.8615346182079442,-2.4129871606918734
2018-06-06,1.4218569919466972,1.066982626914978,0.26323941349983215,0.12712925672531128,3.873354196548462,0.11734933228616451,-0.1304431512845745,-1.9359754580185786,-2.485309860977388,0.130276412605701,-1.9334474397952839,-2.389730322336302
2018-06-07,1.4617581777274609,1.1192295551300049,0.3036932945251465,0.126266211271286,3.894075632095337,0.11763425582218723,-0.12232071169659076,-1.6867481381737726,-2.1859280444023064,0.24862928533936302,-1.660670384503021,-2.073808211543062
2018-06-08,1.458292417228222,1.0690299272537231,0.29212719202041626,0.12569205462932587,3.8609142303466797,0.1175706901143592,-0.13568901888298912,-1.5760891082253785,-2.0864668405459614,0.20834829271415511,-1.5241377797849864,-1.9312080093485537
2018-06-11,1.672372080385685,1.0577117204666138,0.2840734124183655,0.12612563371658325,3.855886220932007,0.1174447203069911,-0.14198298800432485,-1.296233853169193,-2.0090197013256734,0.18170754345687,-1.2291168678885729,-1.8387548352119598
2018-06-12,1.528340358287096,1.0658830404281616,0.28860774636268616,0.12614861130714417,3.856060743331909,0.11730178568060899,-0.13740548685295884,-1.3572629608242988,-1.8772399586531243,0.19133145385342054,-1.2794800264389359,-1.6888651670344696
2018-06-13,1.494983896613121,1.0744013786315918,0.29742497205734253,0.12590551376342773,3.854499578475952,0.11707717894074716,-0.13509309305782669,-1.2827486920748647,-1.7192583874031513,0.21329806782988037,-1.1943862575014137,-1.516305344714345
2018-06-14,1.4310564547777176,1.11412513256073,0.35859718918800354,0.11859842389822006,3.818821907043457,0.116496262101851,-0.13280261598954235,-0.8563054638581598,-1.0634339790119505,0.4055798910435229,-0.7574385697132051,-0.8478227246928682
2018-06-15,1.480240285396576,1.0700782537460327,0.39640215039253235,0.11761336028575897,3.769913911819458,0.11762599984535449,-0.15116881749050814,-0.9259344973979822,-1.2330017154361492,0.30667760342477024,-0.7881734254099868,-0.9484145282452836
2018-06-18,1.5351888835430145,1.0210256576538086,0.41519924998283386,0.12250781804323196,3.7731456756591797,0.11789397722927063,-0.21098223387281356,-1.1596509362564262,-1.6291132628181622,0.18795857611140576,-1.101916289707546,-1.5118357733515921
2018-06-19,1.2230252176523209,0.9289147853851318,0.3965553343296051,0.1171492487192154,3.601470947265625,0.11544930969803022,-0.28676569816764164,-1.5083521589715545,-1.7243437952370968,-0.016447291799440045,-1.415556191184507,-1.534198014336301
2018-06-20,1.4100806787610054,1.0952600240707397,0.48157012462615967,0.12742353975772858,3.8007357120513916,0.1122155119429626,-0.20926834785675275,-0.8267606916939734,-1.0510861700640532,0.4227852596304915,-0.8058187009682243,-1.0095881190425438
2018-06-21,1.2028001546859741,1.0379444360733032,0.5275672078132629,0.12098553776741028,3.752918004989624,0.10947773780287132,-0.1783715427035526,-0.36086884841945377,-0.2900607999082112,0.6331888343319854,-0.27360213075205664,-0.11868264283325303
2018-06-22,1.1689561009407043,0.9266325235366821,0.47891300916671753,0.12503010034561157,3.688145160675049,0.10733080936822786,-0.18203214836480885,-0.7607584985456768,-0.8395926513218868,0.383879523968508,-0.5627087139388536,-0.45658103338911715
2018-06-25,1.0933632962405682,0.8616462349891663,0.458286315202713,0.12791913747787476,3.6599960327148438,0.10826663805131921,-0.1928367163000806,-1.291100179247028,-1.4400231087805793,0.17459856042641952,-1.0172083791080695,-0.9273744717027164
2018-06-26,1.0764762423932552,0.9140613079071045,0.49664151668548584,0.13008852303028107,3.7406370639801025,0.10932036366254744,-0.1640695749109522,-1.1270508376521136,-1.181411405434968,0.31389270222504706,-0.8624707012712634,-0.711926389210042
2018-06-27,1.0778071489185095,0.8415054082870483,0.48071619868278503,0.12839196622371674,3.567737340927124,0.10611785753118991,-0.28364971950323215,-1.5123724071555706,-1.6987162415702421,0.037850959019826824,-1.2665843813666093,-1.2733783637064526
2018-06-28,0.9878701530396938,0.9122462868690491,0.5215358138084412,0.12552385032176971,3.5162596702575684,0.1069593865664948,-0.36629775802651166,-1.7130919347554077,-1.7448485464440466,-0.0037681350790323975,-1.6111800694662968,-1.5724763134193225
2018-06-29,1.1017306745052338,0.9132612943649292,0.5163033604621887,0.12438489496707916,3.4956743717193604,0.10651895100346664,-0.37339975544606085,-1.526254908866857,-1.657717989143297,-0.013387853259314575,-1.4175064555768877,-1.4754284565243019
2018-07-02,1.0184113308787346,0.8784255981445312,0.48798179626464844,0.1247573047876358,3.5053248405456543,0.1069800286608355,-0.3893996272104714,-1.621234443650735,-1.7071771210454507,-0.047392663432800575,-1.5737253514110847,-1.6282197545767474
2018-07-03,1.3487965501844883,1.0104753971099854,0.505510151386261,0.12589149177074432,3.4258222579956055,0.1044869951184704,-0.4473657308790526,-1.5010376694915273,-1.8287282000674026,-0.16015138970526088,-1.463196362385716,-1.766058601967412
2018-07-05,1.0047181472182274,0.8100025057792664,0.21380239725112915,0.12128405272960663,3.3476173877716064,0.10458418935907722,-0.44864455954622473,-1.8808312095627393,-2.0454048044216186,-0.5238426163474097,-1.7229177005472351,-1.7847894704331928
2018-07-06,0.9905632883310318,0.9181674718856812,0.369204580783844,0.11714136600494385,3.2420194149017334,0.10278147758191306,-0.45159659587580325,-1.855039604920961,-1.8787408161663812,-0.44820620588749094,-1.5329396443122683,-1.3500423906800236
2018-07-09,1.1066701412200928,0.9619781374931335,0.3911300003528595,0.12166067957878113,3.3241078853607178,0.10297578208682832,-0.4452510466044264,-1.6397024342829916,-1.7384001100426367,-0.356934778694713,-1.4246745178597564,-1.3962170972922756
2018-07-10,1.0814585462212563,0.9782336950302124,0.3765485882759094,0.1245642751455307,3.3798751831054688,0.10248264379776972,-0.45798482258992457,-1.4876385577952504,-1.5211087199764037,-0.3023639357595531,-1.4294875362882813,-1.4296230675927895
2018-07-11,1.168096799403429,0.9935864806175232,0.38500580191612244,0.1258038729429245,3.394270420074463,0.10225379753577377,-0.4497798821344736,-1.328651507845251,-1.4386422950559314,-0.2877632583132419,-1.271906287878089,-1.348187219983835
2018-07-12,1.1534817479550838,0.9454841613769531,0.2881152033805847,0.13033045828342438,3.5153403282165527,0.1059887943840132,-0.35645508200704934,-1.5232839091490753,-1.7163398266197696,-0.34987800174025097,-1.3618330713281424,-1.456609776008925
2018-07-13,1.0703232437372208,0.9423381686210632,0.2994500994682312,0.13176335394382477,3.5262036323547363,0.10564022718810089,-0.35077735743181315,-1.5831753027751958,-1.688137139603029,-0.34242035030202356,-1.4191269246730762,-1.427566564029636
2018-07-16,1.0419205911457539,0.9502775073051453,0.3063342869281769,0.13351775705814362,3.5186142921447754,0.10433394480574819,-0.376592018220792,-1.5590991930018738,-1.6274335778148625,-0.3554974480645363,-1.4641326902828702,-1.4760680563766861
2018-07-17,0.9805659241974354,0.9126785397529602,0.29109254479408264,0.13221794366836548,3.5005292892456055,0.10495276601793338,-0.4348515664422903,-1.6610377775110194,-1.7047651598581908,-0.40586910188034153,-1.7239849656934645,-1.8046414042967385
2018-07-18,0.9800328128039837,0.8794618248939514,0.2604717016220093,0.12336470931768417,3.4107742309570312,0.10414996427520157,-0.4488621628876983,-1.2278666542759815,-1.1865115454239792,-0.4002897740165947,-1.255910712217375,-1.231095907267271
2018-07-19,0.9734904691576958,0.8655144572257996,0.23534256219863892,0.12273859232664108,3.3959667682647705,0.10402180327304279,-0.4477668712423961,-1.2005683886260385,-1.157636632515242,-0.44648316926111153,-1.2150064815949655,-1.1812148214233638
2018-07-20,1.0507216043770313,0.966349720954895,0.29620981216430664,0.11928045004606247,3.4053618907928467,0.10276198024223822,-0.3807935567531897,-0.5029771687628362,-0.3095714780869372,-0.2260746067711743,-0.41708155342282893,-0.1672945125563139
2018-07-23,1.1054585948586464,0.9971684813499451,0.2782267928123474,0.11738314479589462,3.366767168045044,0.10365443527544202,-0.3956790582838836,-0.6110187691045184,-0.45803078726812885,-0.339041307096009,-0.5221162967119568,-0.3094164589955817
2018-07-24,1.1432447209954262,1.0589008331298828,0.30302694439888,0.11401975154876709,3.3876800537109375,0.10292815368530181,-0.36891511126193577,0.008673444716169598,0.2988858206959222,-0.14970804036610463,0.07138481834060428,0.4056906944589116
2018-07-25,1.1668853722512722,1.0807992219924927,0.33258962631225586,0.11266559362411499,3.37510085105896,0.1028359826126654,-0.37652954502873537,0.12839421898998538,0.4309947940620198,-0.12685409145881987,0.16080648240989248,0.4926941599415713
2018-07-26,1.1396448202431202,1.1127116680145264,0.3683544397354126,0.11598454415798187,3.450575590133667,0.10309571208571434,-0.3278432920494023,0.1903538644460312,0.5442444854344366,0.003879662018355212,0.23652399924248968,0.635097058732061
2018-07-27,1.2985393851995468,1.2154127359390259,0.3887850046157837,0.11579633504152298,3.4618899822235107,0.1031492949741827,-0.3325923023334185,0.4522364102424632,0.7538611087233313,0.046731037969514944,0.46690150379369655,0.7873679566867722
2018-07-30,1.2534507736563683,1.179244041442871,0.37839141488075256,0.11812418699264526,3.491973876953125,0.10426042371489432,-0.305190838501864,0.2709832672721504,0.5365201561259667,0.00024396896899681053,0.27456524400281523,0.5842903857147803
2018-07-31,1.390446212142706,1.2273658514022827,0.3744502067565918,0.11807115375995636,3.4616305828094482,0.10462290686685127,-0.3325141546847825,0.2801149308365467,0.4347671087216831,-0.11945831137962948,0.26497895083156564,0.43926796428743486
2018-08-01,1.313847217708826,1.2106728553771973,0.36603254079818726,0.11309140920639038,3.3828446865081787,0.1042576753973281,-0.3441660613739044,0.36578768285671615,0.6375285337474175,-0.22440882216368596,0.31226304246012404,0.6187264952793328
2018-08-02,1.3848127238452435,1.1714814901351929,0.34970107674598694,0.11486070603132248,3.3764657974243164,0.10470116414048955,-0.369870318858869,0.20879874081747474,0.33143524302916205,-0.3501890864091344,0.20354900629578054,0.32821359321481935
2018-08-03,1.2135509606450796,1.089297890663147,0.0965554490685463,0.1151670292019844,3.3522257804870605,0.10529453929520849,-0.40823693643800696,-0.14779399638728563,0.0392922180315054,-0.7422433839011351,0.018244076562833555,0.1635233475745892
2018-08-06,1.3678017258644104,1.1303585767745972,0.09106441587209702,0.11429635435342789,3.28609299659729,0.10483336931577512,-0.43708574734482153,-0.07981297416215227,-0.007418950835273108,-0.9772108937726873,0.12470829043425624,0.15442910215848116
2018-08-07,1.5090286806225777,1.1869021654129028,0.10128539055585861,0.10624849796295166,3.230311155319214,0.1040107297474901,-0.4271133120752364,0.6432712275957186,0.7548897489616166,-0.836688141543763,0.8114779007299866,0.8932426187583502
2018-08-08,1.3380720019340515,1.2269086837768555,0.10895431041717529,0.10555680841207504,3.2451179027557373,0.10409970980502176,-0.39525223471445825,0.6414066250638264,0.9556953542910804,-0.708867252229961,0.607836890240602,0.927954777892058
2018-08-09,1.4862861447036266,1.1885313987731934,0.1239149197936058,0.10762255638837814,3.276116132736206,0.10466847390996101,-0.415423912110924,0.7307761146969334,0.7973665225756399,-0.6437191503595692,0.8782820263632303,0.9206563747771561
2018-08-10,1.6491743549704552,1.54537832736969,0.36009538173675537,0.09293455630540848,3.2976536750793457,0.10273635785433514,-0.35354758116087903,2.35113199982397,2.9320716633275588,0.2542310441824265,2.434050331901009,3.0024631231254766
2018-08-13,1.627011749893427,1.6638599634170532,0.37923118472099304,0.09240025281906128,3.3336055278778076,0.10337908773563673,-0.35231042815521163,2.301253333635234,3.020124702249536,0.3599368654789359,2.49582458085872,3.1841542386150046
2018-08-14,1.6504806652665138,1.7244384288787842,0.3911744952201843,0.09559765458106995,3.3530771732330322,0.10377834817969327,-0.35560651771636165,1.9991787161509684,2.6710729646795244,0.29767467940369663,2.198789610603715,2.832972047225926
2018-08-15,2.0202558152377605,1.687177300453186,0.39488422870635986,0.09705241769552231,3.339279890060425,0.10384317595129984,-0.3741078099264803,2.138442890388262,2.339907691929678,0.20534337924287982,2.3595514966447517,2.5062290204056517
2018-08-16,1.8549137264490128,1.7903003692626953,0.45854735374450684,0.09809980541467667,3.4291329383850098,0.10567047435716068,-0.33528066276975665,1.8705420444997252,2.342104442979746,0.3955553195005308,2.0903874811624874,2.5046685036052807
2018-08-17,1.939242210239172,1.781351089477539,0.46332353353500366,0.10040346533060074,3.4694650173187256,0.10598979064363591,-0.3146722305917935,1.7959568668683161,2.139354391434665,0.3948222892349804,1.9526202246455924,2.232396450567151
2018-08-20,2.0527667105197906,1.7225083112716675,0.48239830136299133,0.09950573742389679,3.521738290786743,0.10606321876009811,-0.29219188664383355,1.9972245410769247,2.2078141744127926,0.49492564233286096,2.140602282107963,2.2611508680714714
2018-08-21,1.8900926113128662,1.7270336151123047,0.4952954351902008,0.10149018466472626,3.526148796081543,0.10578982107076812,-0.2866022567264517,1.641287729494504,1.9853949371386577,0.42820136871010295,1.6941263928253782,1.954763000745519
2018-08-22,1.7546212002635002,1.7176696062088013,0.5039540529251099,0.10020970553159714,3.466087579727173,0.10482822670538006,-0.32510752493832085,1.4838640175282034,1.9446204560639373,0.3482936670167911,1.4724283454838023,1.8329654295373707
2018-08-23,1.5908604934811592,1.476805567741394,0.5282392501831055,0.10483205318450928,3.36716365814209,0.10368415649935664,-0.45445148308835037,1.0077550390161871,1.2613895456701876,0.19311432575117515,0.770091266749553,0.8427852754547143
2018-08-24,1.640496451407671,1.3693064451217651,0.5251215696334839,0.10286090523004532,3.178173542022705,0.10187039098168263,-0.6080079495936495,1.1150402839193863,1.1290737893854939,0.0968167514772631,0.5448396032540188,0.30925922124009375
2018-08-27,1.3270358555018902,1.344407558441162,0.5227256417274475,0.1060304343700409,3.2343955039978027,0.10253541903366481,-0.6025571062974653,0.6055396466572702,0.8803328113901614,0.13281137840251866,-0.16484681704935866,-0.11488485636319545
2018-08-28,1.5671576298773289,1.4416216611862183,0.541060745716095,0.10771820694208145,3.2997004985809326,0.10196234935905134,-0.5673142080822045,0.8644801917909657,1.0286189127374357,0.17332805950767471,0.049412822573875914,-0.026079023965714043
2018-08-29,1.7139982506632805,1.4360443353652954,0.5445004105567932,0.10865752398967743,3.3002514839172363,0.10182861496204827,-0.5818882355667843,0.9586639585052179,0.9547147493649959,0.17766439900854486,0.08865314916982747,-0.156785436682231
2018-08-30,1.6637321002781391,1.4609109163284302,0.5556716918945312,0.10922655463218689,3.3284082412719727,0.10221300316153027,-0.562665149805627,0.8575026135656554,0.9339229100387563,0.19049573285792254,0.011848711324120131,-0.11031906669514946
2018-08-31,1.4775917306542397,1.4454268217086792,0.570296585559845,0.11138737201690674,3.308152437210083,0.10180737360308394,-0.6153685466596659,0.5692408488454443,0.7653155866695087,0.20713435517594236,-0.4322994321217948,-0.44981928467895216
2018-09-04,1.536234576255083,1.3787368535995483,0.30713555216789246,0.11226509511470795,3.322113513946533,0.10143181173744831,-0.6210469603238187,0.6289191630565334,0.7014475491507959,-0.043456708531866395,-0.3752271253817785,-0.5274951206778038
2018-09-05,1.307306457310915,1.3051177263259888,0.27351468801498413,0.11725488305091858,3.3603532314300537,0.1019731718577235,-0.6226870909711775,0.15898971344411805,0.3156731968587927,-0.06518256503971331,-0.811661613240366,-0.8606616926971018
2018-09-06,1.36331420019269,1.2767469882965088,0.287252277135849,0.11695621907711029,3.3310422897338867,0.10244050123278411,-0.6641918546028065,0.15356575566264752,0.18717503687857473,-0.056549189960608426,-0.7852395482793106,-0.9633843253776497
2018-09-07,1.2925603911280632,1.257257342338562,0.27600765228271484,0.11628977954387665,3.3479719161987305,0.10280488979453206,-0.6510821155487871,0.09884669509031596,0.20590640146366113,-0.0704436191262186,-0.7358441590684492,-0.820226580330603
2018-09-10,1.3681595884263515,1.1876585483551025,0.22356119751930237,0.12179068475961685,3.372645139694214,0.10259859967228002,-0.6813108364408416,0.0014144663247890321,-0.11372160288791022,-0.10792781480170588,-0.8476782719134341,-1.1612238019188243
2018-09-11,1.2939402721822262,1.1717485189437866,0.27749893069267273,0.12282128632068634,3.4691762924194336,0.10089396498030094,-0.5833068486499471,0.1998384011964447,0.2656566075796505,-0.03906307892543748,-0.49893860242273647,-0.5875358777592261
2018-09-12,1.223574437201023,1.1499643325805664,0.2932792007923126,0.11833417415618896,3.460200071334839,0.09964102211529821,-0.5364214068813595,0.46660283372310474,0.6710663832643995,-0.02852825131722292,-0.11139332187892492,-0.024543831307010322
2018-09-13,1.1425289940088987,1.137493371963501,0.286563903093338,0.11883111298084259,3.4588730335235596,0.09976753876851681,-0.5432050978349421,0.3769401925238043,0.6185890229445192,-0.03544756191885268,-0.20689789062312158,-0.07850322865975023
2018-09-14,1.1425868682563305,1.1085872650146484,0.3010805547237396,0.1168322041630745,3.3865246772766113,0.10011183595039806,-0.61777539611455,0.3299168610322596,0.5035192299481679,-0.028748259888041194,-0.343184825920126,-0.3038252274550004
2018-09-17,1.4050465151667595,1.1821038722991943,0.3571160137653351,0.12028903514146805,3.3934221267700195,0.09975918567135511,-0.6487623631785511,0.5601810620493026,0.4821587669053784,0.03565698528863526,-0.1770207933830541,-0.3978651892723484
2018-09-18,1.2919524945318699,1.1534456014633179,0.3589915335178375,0.11949392408132553,3.346743106842041,0.09993611530775201,-0.7128013195053724,0.38183854616028157,0.379000909219549,0.03189853026188105,-0.46549565502752266,-0.6300242313500846
2018-09-19,1.0808665789663792,1.1341416835784912,0.40686100721359253,0.1183856651186943,3.3679282665252686,0.09827729533603906,-0.6098995231862403,0.5173744802830953,0.7826259460872507,0.08278945138926697,-0.005201505253339178,0.16733253318226815
2018-09-20,1.4155778400599957,1.3021079301834106,0.4997759163379669,0.10960414260625839,3.2619435787200928,0.09664090816329622,-0.6344226867167704,1.1689072581021343,1.3745949690709303,0.16084045811627945,0.6689124783945193,0.7782982203275033
2018-09-21,1.3611932881176472,1.3968250751495361,0.6082652807235718,0.11045283079147339,3.325134038925171,0.09640568079328955,-0.5637777130217478,1.2361983546892539,1.6398362757360836,0.2675434642061866,0.842888390646344,1.1700351680518146
2018-09-24,1.4505356438457966,1.4211905002593994,0.7119045853614807,0.11758289486169815,3.344628095626831,0.09451649461639741,-0.5986106477222466,1.430142596952944,1.7104167794166827,0.3880045902943097,1.0240062487083232,1.2225714697277397
2018-09-25,1.5221726223826408,1.4822417497634888,0.8536328077316284,0.11552906036376953,3.3087172508239746,0.09521109137172437,-0.580094911566511,1.3192572561809186,1.562843052432843,0.5054906599008016,1.063080807959011,1.254553107510315
2018-09-26,1.4565827324986458,1.482108235359192,0.8589687943458557,0.11642338335514069,3.292210340499878,0.09442282982092494,-0.5531458671542906,1.2683044715943694,1.5524174893377527,0.49324176632490496,1.2297851510395716,1.5062037659137033
2018-09-27,1.656576730310917,1.500464916229248,0.8671795725822449,0.1178957000374794,3.362025022506714,0.0941358322348476,-0.4966818276991274,1.5318802346849658,1.66529499673954,0.474455455509066,1.5679799477543348,1.7085922745846958
2018-09-28,1.4748587496578693,1.4397730827331543,0.8051965832710266,0.11990711092948914,3.3749632835388184,0.09399037497816483,-0.5381026254960632,1.2265476723681807,1.45066247303253,0.3807347163099435,1.0881098530626474,1.2846103049268436
2018-10-01,1.5052417404949665,1.423304796218872,0.7445763945579529,0.11430224031209946,3.3213863372802734,0.0936473765752671,-0.629732031105749,1.3083858053630326,1.529818775505234,0.2957200616023724,0.7695393679651907,0.8836577937622678
2018-10-02,1.6248532012104988,1.652117133140564,0.9189737439155579,0.10449454933404922,3.205752372741699,0.09429952682667248,-0.6832256069658746,1.4379263429691083,1.8206929987948186,0.47497695291666964,0.7428892702187699,0.9887182750023591
2018-10-03,1.4892163500189781,1.382969617843628,0.1255744844675064,0.10291542112827301,3.151074171066284,0.09439964774823267,-0.7315406259933124,1.2344385549133836,1.4597137113742455,-0.3182073576398712,0.4406403669146588,0.5045022614238768
2018-10-04,1.380578275769949,1.4925872087478638,0.1530987173318863,0.10164773464202881,3.1269991397857666,0.09573716450123869,-0.6717496423329241,0.9656768948231402,1.378158928733173,-0.26376156224282066,0.4951833738595983,0.8152169671651937
2018-10-05,1.2780701704323292,1.2964967489242554,0.17573221027851105,0.11651954799890518,3.0697762966156006,0.09310218224182971,-0.8149274915439799,0.6427712512312915,0.7129829802971095,-0.21144857848897813,0.19023256638603314,0.16829287102530266
2018-10-08,1.265907384455204,1.3122831583023071,0.2006758600473404,0.11638490855693817,3.0426268577575684,0.09314982226600085,-0.8457804095808967,0.553299641109744,0.6291172038725179,-0.16304642207382125,0.07648645253262565,0.051571414947943595
2018-10-09,1.4067126996815205,1.3340232372283936,0.21191880106925964,0.11537430435419083,3.0447463989257812,0.09372261867221982,-0.8533387988641905,0.6277920821843992,0.5876602391996286,-0.1382875602205238,0.10385180897000801,-0.047443039936705844
2018-10-10,1.529771599918604,1.453717827796936,0.22646677494049072,0.11184050142765045,3.0342025756835938,0.09205617638324357,-0.7531695984653859,0.9615628960163214,0.9985869752644234,-0.1437832177190137,0.8956983996601302,0.9189376524076334
2018-10-11,1.0230328366160393,1.0678088665008545,0.39243364334106445,0.12989243865013123,3.2692322731018066,0.09988503423101901,-0.5130079855128797,-0.6061025853211586,-0.7020182639324162,0.085839275229592,0.1240693065188836,0.17705657430982846
2018-10-12,1.1050847470760345,1.0779331922531128,0.7856800556182861,0.11570489406585693,3.3182551860809326,0.10504062850432906,-0.3315836246592523,-0.5332959147705747,-0.518965579929688,0.46615741455401816,0.3051869428731706,0.49392964014206875
2018-10-15,1.0496921613812447,1.0457961559295654,0.8108035922050476,0.1159999817609787,3.364384651184082,0.10616065784271449,-0.3081454758480058,-0.6332832364562098,-0.5861446469362832,0.47332800490245086,0.10247702362316424,0.3028107094825394
2018-10-16,1.2021373212337494,1.086916446685791,0.8847578763961792,0.11557423323392868,3.3547544479370117,0.10569388000857785,-0.30062741477413146,-0.41512309789183277,-0.4734302788005831,0.5328275510808507,0.33549905795835855,0.43561483572470827
2018-10-17,1.2529208026826382,1.0927562713623047,0.9153504967689514,0.1236070990562439,3.4281656742095947,0.10872353061783778,-0.30252675169280563,-0.7397392272665755,-0.9641678523402568,0.582767273736124,-0.09008509700230682,-0.1819278768599748
2018-10-18,1.0710811130702496,0.9703292846679688,0.8311886787414551,0.12759673595428467,3.4590201377868652,0.1093591758205884,-0.32890629570708896,-1.0060515117318793,-1.1948832027788558,0.49325157632980376,-0.4877370748472245,-0.5767374782648993
2018-10-19,1.0903195589780807,0.9586530327796936,0.8161904811859131,0.1295183002948761,3.5295310020446777,0.11024077184969616,-0.30372697289725825,-0.9973886023045164,-1.2024993616118067,0.46564772901618645,-0.5553477147353743,-0.6756071673492983
2018-10-22,1.0817757993936539,0.9769650101661682,0.8472741842269897,0.13009734451770782,3.538936138153076,0.10998993431773575,-0.31322388303332005,-0.9519852430999354,-1.1156747123847026,0.48806226348288373,-0.5682996032539549,-0.6610328922887625
2018-10-23,1.0210826247930527,1.0030381679534912,0.8437607288360596,0.12781350314617157,3.478529453277588,0.10946002636259623,-0.340015402945137,-0.8855041803739816,-0.9480507888958467,0.47323414552753085,-0.5307315404657462,-0.5263459979400267
2018-10-24,1.1521692648530006,1.065120816230774,0.8502905368804932,0.12774743139743805,3.5330941677093506,0.11150828495226925,-0.2932024226956884,-0.80433132809552,-0.9141806933152097,0.4755109060883491,-0.47870326518438766,-0.5281209675491532
2018-10-25,1.0093086063861847,1.022975206375122,0.8427143096923828,0.11491040140390396,3.5177698135375977,0.11599356482486056,-0.4018198047423167,-0.894379532555865,-0.7479792796513101,0.44072801317344845,-1.3866465879999463,-1.3296482281819646
2018-10-26,1.1044451594352722,1.0621196031570435,0.8895904421806335,0.11671485006809235,3.613532781600952,0.11773633013896229,-0.35214506979579463,-0.8089585888087512,-0.6995928458526985,0.4740078525289948,-1.2607966009872893,-1.2351503174692278
2018-10-29,0.9963022377341986,0.9862186312675476,0.8003098964691162,0.11301028728485107,3.579843044281006,0.11891424645194504,-0.36348016132749583,-0.711673983791695,-0.5114005662118744,0.3448063214443919,-1.1624031557979309,-1.044362177431271
2018-10-30,0.969339894130826,1.0453715324401855,0.8182430267333984,0.11198249459266663,3.5870614051818848,0.11945706592666429,-0.3636382767307673,-0.5871197635879546,-0.29915709384854017,0.3360114032795698,-0.9541349517600548,-0.7524036310826541
2018-10-31,1.048596229404211,1.0180063247680664,0.764309823513031,0.10954659432172775,3.5745022296905518,0.12082227749854069,-0.3720380952201472,-0.26665643715729503,-0.04676029555292027,0.24134532723472668,-0.5824026555355792,-0.44537204338339853
2018-11-01,1.170058075338602,1.0821855068206787,0.09632766246795654,0.10670936107635498,3.4858553409576416,0.12188490870017797,-0.4697849743884912,0.22335877755239952,0.42663958933892143,-0.48640659075556925,-0.10840766217982534,0.008369007389611216
2018-11-02,1.1334746144711971,1.1014525890350342,0.14289341866970062,0.10627122968435287,3.4151809215545654,0.12304116707456966,-0.5079399695808569,0.41168800287441343,0.6388549623801856,-0.39587423716266135,0.13708342799427253,0.2774894513076811
2018-11-05,1.1642496846616268,1.0442537069320679,0.1386493444442749,0.10907065868377686,3.4065937995910645,0.12332725850268804,-0.488920156904848,0.46029605284846564,0.5469896126951799,-0.334307434476802,0.2740447693621668,0.2975448925624553
2018-11-06,1.136707615107298,1.0602751970291138,0.14875851571559906,0.11128073185682297,3.4077694416046143,0.12276518636002039,-0.46087380947820833,0.37609958003816324,0.4775714493936549,-0.27170231157283187,0.26316518597913596,0.3254554839249888
2018-11-07,1.1354110650718212,1.0998799800872803,0.1550978720188141,0.10950489342212677,3.404413938522339,0.12262312452157038,-0.45084417514316066,0.3121152064163768,0.454816555815202,-0.23734447254636049,0.22696810271729806,0.33795074525210467
2018-11-08,1.2828363664448261,1.1156123876571655,0.20095942914485931,0.11193633824586868,3.413926839828491,0.12432700596838854,-0.44412666753421637,0.4663859743409722,0.44043417364481874,-0.14870192247056702,0.3994446513616179,0.35006505998238957
2018-11-09,1.214429885149002,1.2254760265350342,0.25511977076530457,0.11101072281599045,3.4089276790618896,0.1224396176777177,-0.42622195269511787,0.2868129855772077,0.4484393490244738,-0.08978500590847038,0.25638732799090747,0.4059084110271023
2018-11-12,1.1391042582690716,1.1006261110305786,0.23820433020591736,0.11150871217250824,3.4398083686828613,0.12336582683442181,-0.4213137779695144,0.14709387430895315,0.24832353334533286,-0.09535700440174932,0.10489088232101818,0.18910502856682765
2018-11-13,1.1122723519802094,1.0849250555038452,0.29204002022743225,0.1113533228635788,3.5278711318969727,0.12517439405666578,-0.3801007147020359,-0.028093750014786423,0.10183681620449114,-0.03741456541816235,-0.08870521375990759,0.016247377772752536
2018-11-14,1.0988850444555283,1.183187484741211,0.3480018973350525,0.10684517025947571,3.4490439891815186,0.12868330262854363,-0.4673215458044173,0.15811111803455358,0.389189253093976,0.045114101989885746,0.062032714084715224,0.2543865808224113
2018-11-15,1.1986177135258913,1.1702922582626343,0.3455148935317993,0.10621771216392517,3.424128770828247,0.12885598891452507,-0.49670617125436434,0.2811002658086128,0.36723965281297843,0.04306539626210659,0.19004350720434715,0.2375888375238997
2018-11-16,1.316918984055519,1.1852614879608154,0.33743053674697876,0.10495501756668091,3.4170892238616943,0.12835851786437114,-0.5075963090544531,0.34254047787193986,0.3128120559577079,0.029934456532806353,0.2583326531463248,0.19526035046458112
2018-11-19,1.0349816028028727,1.0863648653030396,0.323382169008255,0.10661338269710541,3.4092366695404053,0.12884670539159304,-0.5125236465496239,0.06835288855151855,0.20902434551137983,0.02337142646465251,0.002302729988790553,0.1183206325662951
2018-11-20,1.0815570056438446,1.2480552196502686,0.3592156171798706,0.09795533865690231,3.3938584327697754,0.12901611195637153,-0.545817432959945,-0.05561532712473394,0.19289321057352815,0.05967326895376446,-0.13325236768797843,0.08444564051540748
2018-11-21,1.2303387597203255,1.223428726196289,0.3546539843082428,0.1071094423532486,3.4757778644561768,0.13376967375664434,-0.5197467311092201,0.22711448161383263,0.27212832246170304,0.0718499591199987,0.1612531683501226,0.17780731317353826
2018-11-23,1.1811913326382637,1.1791731119155884,0.3535923361778259,0.11212187260389328,3.512873649597168,0.13429341886976676,-0.4896220801316278,0.20761453130320717,0.2610850402916185,0.06250655135815264,0.1562256623461078,0.18754662920229315
2018-11-26,1.4671578779816628,1.2037099599838257,0.40199747681617737,0.11212311685085297,3.5188984870910645,0.13650046179095662,-0.4899388847411217,0.5115232030674548,0.29305953399458584,0.1160343459222104,0.46410855761989733,0.22572504865757548
2018-11-27,1.3597981482744217,1.2147822380065918,0.3949051797389984,0.11554043740034103,3.575031280517578,0.13755929405509415,-0.4524968555933975,0.36870785792899774,0.3111427635789541,0.09069801565115754,0.3233330059202819,0.2501437004628677
2018-11-28,1.3531400859355927,1.215985655784607,0.4007096290588379,0.11538711935281754,3.566861867904663,0.13756270176339552,-0.45081605443745043,0.34701948518953074,0.29936026590960374,0.08946589432061947,0.3087011848492258,0.24872146934405404
2018-11-29,1.5854505598545074,1.3448810577392578,0.5230593681335449,0.11460267007350922,3.5919156074523926,0.14007592389096604,-0.4391917261699412,0.5453525328736166,0.4024993950047806,0.21108834783506647,0.5102947762838728,0.3554656770820994
2018-11-30,1.3558888174593449,1.3537349700927734,0.5427703261375427,0.11488340049982071,3.5924432277679443,0.14031704178109197,-0.44342104311758757,0.28644348039392487,0.39400637569340624,0.21373627208082574,0.25514089708459764,0.3523439914615798
2018-12-03,1.7300029695034027,1.6288013458251953,0.23540711402893066,0.11446487903594971,3.5769569873809814,0.14055535272266753,-0.4679465841979473,0.6519002732647081,0.6448076288286764,-0.10650715242326969,0.6217937457262472,0.6040178646712793
2018-12-04,1.6741126663982868,1.535933256149292,0.23615515232086182,0.12895095348358154,3.6542391777038574,0.14318077627387818,-0.4639863778539093,0.8176107555320815,0.8037952019070791,-0.11648111270555628,0.7789512361209825,0.7525292486876278
2018-12-06,1.6499418579041958,1.762131690979004,0.23751284182071686,0.12309279292821884,3.7167165279388428,0.14726242694896646,-0.40842384385931796,0.585369858775854,0.8430816371954233,-0.10435847064237791,0.5430391125699439,0.7887744978946389
2018-12-07,1.786965124309063,1.7343186140060425,0.2682335674762726,0.12195504456758499,3.6744370460510254,0.14747219457941332,-0.4413300960212334,0.6778251788948166,0.7247025643849434,-0.05298067356537606,0.6374820983017773,0.6722027530743793
2018-12-10,1.6932048425078392,1.8156883716583252,0.3251957893371582,0.11670995503664017,3.6381640434265137,0.1490931242931497,-0.47190823022967576,0.4634087809951617,0.6582524084662151,0.027657517283656508,0.41919596455628794,0.6012924265323862
2018-12-11,1.889184944331646,1.6964988708496094,0.30718788504600525,0.11612178385257721,3.6297271251678467,0.1495567087463223,-0.48511568711766606,0.6196865967992058,0.4758597652995109,0.011565688469702295,0.5743610974582838,0.4160554592061474
2018-12-12,1.8618029803037643,1.7572276592254639,0.31612730026245117,0.11672500520944595,3.642841100692749,0.14960642831912455,-0.4857879957907687,0.5507361331880869,0.5101559758576151,0.012221821298836644,0.49951832524065276,0.4439079282777785
2018-12-13,1.8398357555270195,1.7967549562454224,0.3434655964374542,0.11564314365386963,3.6335816383361816,0.14991798746378626,-0.49916197319174294,0.4764751776521938,0.49494098234550643,0.04324759661054434,0.4218869381907546,0.4250446538110175
2018-12-14,1.7996343150734901,1.8924305438995361,0.39969801902770996,0.11608842760324478,3.6141576766967773,0.15037345332723523,-0.5203997463028052,0.4170751596012001,0.5616781369076345,0.11070681687973205,0.36426889282153097,0.4945810217210109
2018-12-17,1.7827999107539654,1.9011574983596802,0.4013034999370575,0.12186139822006226,3.6960806846618652,0.15135799555318413,-0.45901084494860434,0.44186264717309065,0.6254857691509073,0.06275298054477418,0.3945181652087473,0.5653202283096093
2018-12-18,2.1599026024341583,2.23085355758667,0.3228307068347931,0.12102436274290085,3.7767744064331055,0.15349927134832833,-0.37733425577650936,0.7601140851655384,0.8926603251072485,-0.0646185292223258,0.7214010700273845,0.8424934967151816
2018-12-19,2.1847194358706474,2.1668519973754883,0.3503451347351074,0.11764751374721527,3.744619131088257,0.15546032257760672,-0.39146506831169603,0.6816414803846242,0.699712708093664,-0.003003192869597493,0.6554495756174354,0.666044442104976
2018-12-20,2.6783347614109516,2.3829538822174072,0.45680519938468933,0.11674115061759949,3.75726056098938,0.15632912296498458,-0.40230215160760996,1.1139866384519845,0.8506736031168476,0.09609626225439238,1.0708360399005126,0.7947403390499623
2018-12-21,2.438406117260456,2.4632365703582764,0.44466254115104675,0.11790399253368378,3.7979323863983154,0.1581144514546526,-0.3725390230007686,0.7984483026997664,0.8758471345559367,0.057228934568862355,0.7559235696773312,0.8223223207942036
2018-12-24,2.2431589663028717,2.3534319400787354,0.4654342830181122,0.12372951954603195,3.8469488620758057,0.15945430351072115,-0.34605902847471803,0.6133844552459684,0.7759628706309243,0.04710881935422817,0.5764514108083039,0.7298239870837571
2018-12-26,2.8605762273073196,2.6450533866882324,0.4987264573574066,0.1255899965763092,3.9218995571136475,0.16135652057616,-0.2776734072879752,1.1687832834516323,0.9973342012986255,0.023371406306800013,1.1449898112066323,0.9677152336365376
2018-12-27,3.866339787840843,3.392819404602051,0.41782575845718384,0.13051241636276245,4.1583452224731445,0.17185112712007589,-0.11844378845429282,1.932392387063584,1.5294272673300044,-0.2033596828578499,1.9103312378184931,1.5022022527447834
2018-12-28,3.2825253307819366,3.442424774169922,0.42531001567840576,0.13209302723407745,4.1580071449279785,0.17118269499893296,-0.126443042217258,1.0669248361360983,1.3564028935061678,-0.17285650175456846,1.0456145089091877,1.3305644437413422
2018-12-31,3.6476817280054092,3.398376941680908,0.4229423999786377,0.13215503096580505,4.158151149749756,0.17116722187737873,-0.12024972988333293,1.2776491609529144,1.1198992105208365,-0.15244714237528134,1.2655961724743783,1.1052298014796391
2019-01-02,4.393975138664246,3.713094711303711,0.503661036491394,0.13497912883758545,4.187077045440674,0.17027210808880872,-0.11186631914802248,1.8575338141898081,1.2931561160140825,-0.08190092972851803,1.8357840650009707,1.2668086153598308
2019-01-03,3.670773431658745,3.677379608154297,0.4817253351211548,0.12976370751857758,4.155986785888672,0.17089744531986756,-0.14551338535098446,0.8978717334784196,1.0754796523417283,-0.06999739191218746,0.8581909142557218,1.0281402747140858
2019-01-04,3.3731666207313538,3.458096742630005,0.1849331557750702,0.1255786418914795,4.120212078094482,0.17222973128005298,-0.17589900470891218,0.5369406655885363,0.7617020361262803,-0.32485356424999234,0.4932737402782088,0.7098501013242884
2019-01-07,3.621716022491455,3.97566819190979,0.25303393602371216,0.12469310313463211,4.328988075256348,0.17656845446556782,-0.07197628665549471,0.2594142346661634,0.7786426611790227,-0.3554823778001519,0.14458158555914746,0.6424712122307503
2019-01-08,3.8771241307258606,4.011595249176025,0.2589161694049835,0.12539273500442505,4.375309467315674,0.1773248730861853,-0.05177147641244151,0.37878254852710835,0.6087530320440346,-0.3241476354741799,0.2539565088436291,0.45540562546773433
2019-01-09,4.186308294534683,4.300665855407715,0.26540878415107727,0.11946330219507217,4.3797125816345215,0.17578400460205404,-0.05378480788239326,0.5381602956842091,0.7128282103404251,-0.2822764278835339,0.3876637218294543,0.5267092041506127
2019-01-10,4.418162062764168,3.7815842628479004,0.30740171670913696,0.1251717507839203,4.334130764007568,0.17501435878427962,-0.10183511415198332,0.8947384136777448,0.30053879274101813,-0.18448578218416345,0.768562214819323,0.14379266139794433
2019-01-11,4.173651352524757,3.778378963470459,0.28083255887031555,0.12531810998916626,4.328121185302734,0.1746657093569525,-0.10335312857187029,0.5791661261745973,0.2857494618262084,-0.19170618146832608,0.46091814571915446,0.1467613646589001
2019-01-14,4.190023049712181,3.778843879699707,0.27574777603149414,0.12551221251487732,4.335304260253906,0.1745388927732332,-0.10225966578105483,0.5235985670144636,0.24101908557693497,-0.1863063740372155,0.4088818821428788,0.10958569591327771
2019-01-15,4.324079364538193,3.728579044342041,0.26458093523979187,0.12333834916353226,4.296403884887695,0.17293012202044608,-0.12018957535368946,0.6838642649290354,0.23540368169987191,-0.17261709747326148,0.5780736760058778,0.11638508953669469
2019-01-16,4.272546723484993,3.9852545261383057,0.291282057762146,0.1225108951330185,4.352961540222168,0.173535373829302,-0.09895662650267978,0.40005580925045336,0.30673694068161694,-0.1512324336818065,0.27036372449593316,0.16445148642284346
2019-01-17,4.483484268188477,4.0379414558410645,0.3050919473171234,0.12172666937112808,4.340908527374268,0.17288148728138658,-0.10730909291253599,0.6000189398754561,0.3545624149358986,-0.12148618496708452,0.47421732208173495,0.21753886612370232
2019-01-18,4.436556026339531,4.087258815765381,0.30393514037132263,0.12258283793926239,4.357099533081055,0.1727346241866299,-0.10160926879224275,0.4686087767397753,0.34323901450713645,-0.12348697482572157,0.3443663753637871,0.21023459304059422
2019-01-22,4.835158675909042,4.378664016723633,0.32523393630981445,0.12234995514154434,4.4122514724731445,0.17350652217093085,-0.07561469555100553,0.6560810578461664,0.44976036352918936,-0.1055529406991208,0.5221923055072999,0.30771846157554883
2019-01-23,5.10848793387413,4.433782577514648,0.34074676036834717,0.12354372441768646,4.437229156494141,0.17292445716041166,-0.06390592196533085,0.8041028732222308,0.40652890041176004,-0.10092736790146062,0.6738959512384755,0.27013803408655335
2019-01-24,4.951220080256462,4.572875022888184,0.43283286690711975,0.127427339553833,4.477596282958984,0.16979568597822953,-0.026969377031050623,0.47462276409653814,0.42903794818642105,-0.05646125041463268,0.3683529807435484,0.32057284027967725
2019-01-25,4.520608887076378,4.389462947845459,0.41991040110588074,0.12831805646419525,4.431737422943115,0.16863523745223746,-0.04143228358901685,0.16618999118479127,0.3544874825100992,-0.06367257905355839,0.09401869600298252,0.280906687204479
2019-01-28,4.764406129717827,4.184229850769043,0.4661114513874054,0.1332378387451172,4.458475112915039,0.16841951892019905,-0.03329538108037888,0.3744086776314193,0.10572743447272615,-0.052098940919070635,0.31745703919653234,0.047278030222222434
2019-01-29,4.831592530012131,4.259419918060303,0.49065694212913513,0.13263610005378723,4.475509166717529,0.1683773738676761,-0.02985537259569826,0.33255823982432187,0.10257516139895095,-0.02861002231569676,0.2696193675794669,0.037860788015034785
2019-01-30,4.751972362399101,4.165224075317383,0.5076978206634521,0.13477067649364471,4.454986572265625,0.16785755594588372,-0.039445151001111345,0.3237357485642569,0.08713814819769716,-0.021137519586186815,0.2826874825445227,0.045022495069357404
2019-01-31,4.510945186018944,4.309198379516602,0.5565757155418396,0.1393720954656601,4.549847602844238,0.16820509196474143,-0.0021799630505487944,-0.2389278228576499,-0.029120666157401942,-0.03048593277690037,-0.2817805233935182,-0.07324141030694964
2019-02-01,4.681383669376373,4.247311115264893,0.6103019118309021,0.14094042778015137,4.567164897918701,0.16752667525198237,0.017564756779021917,-0.10319917662468026,-0.13574250889661243,0.002643523331150033,-0.12098962369481203,-0.15410344076461513
2019-02-04,4.479405224323273,4.461561679840088,0.6091910600662231,0.13703370094299316,4.5890583992004395,0.16734148353781975,0.011772987402024926,-0.4386357001791117,-0.03665193665713229,0.014704061891377185,-0.4990420856248985,-0.09897277808295168
2019-02-05,4.829735368490219,4.296474933624268,0.11240082234144211,0.13647712767124176,4.601166725158691,0.16759228608004081,0.014268667167763649,-0.102475209737249,-0.24486392360663256,-0.48331813161556225,-0.16564106385747035,-0.3100567419910689
2019-02-06,4.458979584276676,4.225899696350098,0.11223442852497101,0.1370425671339035,4.592199802398682,0.16771470830070156,0.012213702581717722,-0.4226065575144906,-0.259025463023141,-0.44673238618835875,-0.47264199575986066,-0.310196040098381
2019-02-07,3.989589177072048,4.2054972648620605,0.10279544442892075,0.13712915778160095,4.5878682136535645,0.16664169571711127,0.011936389015185123,-0.8571519020536353,-0.2538587489063895,-0.42913962664259764,-0.9047718852136555,-0.3018415711682918
2019-02-08,4.888681590557098,4.2654032707214355,0.10563235729932785,0.135746568441391,4.595291614532471,0.16679961284893635,0.011671514162366337,0.04807026874898224,-0.22094723376724001,-0.3861742851246326,-0.01534201841768379,-0.2838394000898621
2019-02-11,4.733767241239548,4.371825218200684,0.11512364447116852,0.13383980095386505,4.58548641204834,0.16578000284297445,0.019348383381288414,-0.11545844705812947,-0.10383139518846018,-0.3427610601170853,-0.17341420994852363,-0.160343989921655
2019-02-12,5.515468388795853,4.690238952636719,0.13631536066532135,0.13278988003730774,4.578223705291748,0.1641713122275426,0.03459865617073998,0.6669503187939894,0.21878723117392784,-0.30097549078226016,0.629944718146394,0.18356413199083477
2019-02-13,4.823884934186935,4.559403896331787,0.14056719839572906,0.1328347623348236,4.604974746704102,0.16232249722693343,0.05438260965021868,-0.1773688706721055,-0.02004475569431019,-0.2903169998591548,-0.21124451793566834,-0.0520210812888493
2019-02-14,4.980642572045326,4.48758602142334,0.1250654011964798,0.13360653817653656,4.622435569763184,0.16216995079259444,0.06208181484407149,-0.061777603352935806,-0.13462665373086935,-0.2929724352782126,-0.09290022420042199,-0.16440479976706968
2019-02-15,5.054985091090202,4.52372407913208,0.13447700440883636,0.13530656695365906,4.6356048583984375,0.16184966534820788,0.070111112063029,-0.009437895215756775,-0.11038551082526027,-0.27597478887504523,-0.029517015825136994,-0.12989429855444534
2019-02-19,5.454968586564064,4.533849239349365,0.1271856278181076,0.1370643973350525,4.661147594451904,0.16212563119339654,0.08170325088684527,0.3269899703291719,-0.1503524165031216,-0.2746363776412814,0.31015894902900065,-0.16638743064580197
2019-02-20,4.580893978476524,4.4746479988098145,0.12000472843647003,0.1389414221048355,4.6795549392700195,0.161259972232372,0.09188551531795452,-0.6183480374007706,-0.24074396803244547,-0.2772724278585086,-0.6285496025590209,-0.2504954431852138
2019-02-21,4.87584725022316,4.510522842407227,0.09293310344219208,0.13021117448806763,4.625864028930664,0.15679750595681874,0.07307574975978515,-0.23456751549818033,-0.13478699787722803,-0.2532466575161798,-0.25178760737522765,-0.15124989527652577
2019-02-22,4.589579880237579,4.261792182922363,0.09891846030950546,0.13256220519542694,4.591196537017822,0.15698975262201742,0.06590374461879778,-0.3553925149280728,-0.25092133425112984,-0.24404108960700688,-0.3326696515773895,-0.22954782786786865
2019-02-25,4.7145069390535355,4.2934770584106445,0.11499502509832382,0.13198408484458923,4.598308086395264,0.1541255584064822,0.0777294004715422,-0.2692877933676803,-0.2516699587277671,-0.21283289117425952,-0.22291737447223614,-0.2081977015971077
2019-02-26,4.707050323486328,4.197112560272217,0.10679686069488525,0.13237029314041138,4.560318470001221,0.1543752218486106,0.06211600432272646,-0.1263297462716153,-0.21383261772631457,-0.21304078563383833,-0.0628862014365108,-0.15377083803557845
2019-02-27,4.758533880114555,4.235476016998291,0.10664426535367966,0.13197767734527588,4.565586090087891,0.15426567773598318,0.060492513563733974,-0.08933389295945648,-0.18288927533898214,-0.19648225963445443,-0.03309656396142646,-0.12962435919925763
2019-02-28,4.714329645037651,4.36611270904541,0.10570721328258514,0.13590013980865479,4.607648849487305,0.15272121460899526,0.10758849898558231,-0.24410271915139692,-0.1375764452603665,-0.2145060786899654,-0.13800471549714466,-0.03741729681112016
2019-03-01,4.790939673781395,4.302177906036377,0.11225505918264389,0.13714094460010529,4.607983112335205,0.15260618517691837,0.11134452690324914,-0.1465027342871581,-0.1864176880525843,-0.20807173711894045,-0.039979366499734326,-0.08609541113109742
2019-03-04,4.734173268079758,4.289533615112305,0.12701474130153656,0.13897377252578735,4.582141876220703,0.15363904524015248,0.0957003227678549,-0.0890927506905923,-0.09878917111319296,-0.20585170954352894,0.0024691058284673773,-0.01246738806571912
2019-03-05,4.9595876932144165,4.337190628051758,0.12271993607282639,0.12823940813541412,4.546375274658203,0.1515791391443578,0.08641103904919001,0.17456159426680706,-0.019991340734522467,-0.11305050160926844,0.304085819185155,0.10225161556765716
2019-03-06,4.49356997013092,3.864114761352539,0.12405788898468018,0.1317468136548996,4.472649574279785,0.14709399701677203,0.09583893126738297,-0.05540982838110775,-0.2690229379392486,-0.1616075149893661,0.15814472028732496,-0.06614136389821734
2019-03-07,3.534024655818939,3.0544939041137695,0.09458619356155396,0.13518308103084564,4.528655529022217,0.14660305851647742,0.12485076261126682,-1.175629837344145,-1.2048668503656321,-0.20019626291245052,-0.9798538605273253,-1.0166549568696563
2019-03-08,3.219135344028473,2.9874303340911865,0.13196058571338654,0.1393372267484665,4.5911455154418945,0.1451625504569929,0.1516477224402435,-1.619994316719863,-1.3687426400698222,-0.17578310344789094,-1.4480619313817478,-1.2022088349879105
2019-03-11,3.5903518050909042,3.1257731914520264,0.17264053225517273,0.1411122828722,4.623382568359375,0.1442406262178503,0.16599105496669364,-1.2537725481274151,-1.2314345095490316,-0.13478359677172924,-1.0937378246150073,-1.078203052386134
2019-03-12,3.5986059606075287,3.157564878463745,0.17665353417396545,0.141012042760849,4.6593170166015625,0.14502677062414518,0.1731983204597899,-1.2799744296670728,-1.2219905912314513,-0.11169764583634945,-1.1532389890576864,-1.1002752727690526
2019-03-13,3.3938366770744324,3.1793863773345947,0.18288275599479675,0.1443033218383789,4.686036586761475,0.14466488664510344,0.1880321000778885,-1.4644681993536235,-1.1717706983891185,-0.12380912879009154,-1.349866843320954,-1.0619013440061167
2019-03-14,3.4379774928092957,3.211301803588867,0.1835254281759262,0.14704272150993347,4.739170074462891,0.14421936993764436,0.19739969731631057,-1.4527819358370735,-1.1708398537318052,-0.1291529925460444,-1.4106191485776405,-1.1301838757380587
2019-03-15,3.8401354253292084,3.146770715713501,0.19725826382637024,0.1429559737443924,4.65716552734375,0.14235542759046163,0.1912175891306348,-0.7639454560457573,-0.9930472294611654,-0.10160050373475427,-0.6144176121022742,-0.8487743084866608
2019-03-18,2.668569430708885,2.4926438331604004,0.18546335399150848,0.1404866725206375,4.484455585479736,0.13825382152746393,0.1355395034823892,-1.4312657755275895,-1.1912137859097438,-0.15138046032366148,-1.1900910086194658,-0.9572175773515252
2019-03-19,3.1386935636401176,2.823570489883423,0.28793978691101074,0.14808820188045502,4.585329055786133,0.1348648334414177,0.174244515439556,-1.0663827394221777,-0.9333760646428271,-0.08460857358376095,-0.9257517194844151,-0.7984550705754607
2019-03-20,3.4168724566698074,2.946960687637329,0.36178192496299744,0.15180650353431702,4.625729084014893,0.13256602467047846,0.2194031583902919,-0.7549582414888114,-0.7691715307985412,-0.029787116913430278,-0.5765033908835537,-0.5986112859951778
2019-03-21,2.37350395321846,2.251070976257324,0.4657389521598816,0.14717932045459747,4.469387054443359,0.13037794753664161,0.17600388964015956,-1.3682418307857112,-1.0911453186438846,0.05812343732480585,-1.0591663826942082,-0.7917684874450774
2019-03-22,2.763053737580776,2.399524211883545,0.35491707921028137,0.13340184092521667,4.341465950012207,0.1277894333255627,0.14867796767380725,-0.8135361143350286,-0.8106650661155701,0.02963079677272107,-0.26201928731559265,-0.2762450595027963
2019-03-25,2.2204874828457832,1.9764825105667114,0.48247554898262024,0.12484850734472275,4.2585859298706055,0.12609871640988232,0.08680180473259691,-1.266134631417723,-1.1520154973163121,0.20853100390680424,-0.7327423441526384,-0.6377654813473752
2019-03-26,1.6822603233158588,1.409865140914917,0.5794766545295715,0.11359156668186188,4.0251641273498535,0.11343613392222672,-0.06303930834089644,-1.2015794360488279,-1.170789786739518,0.3112691029033625,-0.8199186512792256,-0.8032612437278388
2019-03-27,1.407854288816452,1.4964944124221802,0.6382925510406494,0.11611858755350113,4.0736308097839355,0.11253683532407624,-0.019141065058914997,-1.4111760556114894,-1.001513495343747,0.3363831937465587,-1.0248093585778535,-0.6303473615540631
2019-03-28,1.6213260740041733,1.5354366302490234,0.662565290927887,0.11842767894268036,4.112868309020996,0.11267720033595761,-0.01667611259930557,-1.1280847292276368,-0.9169344965349064,0.32803651884116347,-0.8762165919847789,-0.6784679707872279
2019-03-29,1.5733693651854992,1.4827286005020142,0.6108447909355164,0.116025909781456,4.096390247344971,0.11303436697772667,-0.02357854963006578,-1.0482763664543646,-0.8644341413454262,0.27002224793133145,-0.8002798601259165,-0.6306993538631103
2019-04-01,1.581363920122385,1.5319194793701172,0.5412613749504089,0.12096653878688812,4.147517204284668,0.11151580799069569,0.012943457710467565,-1.007763095925879,-0.7765716989723037,0.16523413605225556,-0.7908373097887873,-0.5731895750053715
2019-04-02,2.000553220510483,1.7937246561050415,0.8369418978691101,0.1303091049194336,4.36513614654541,0.10942136952939628,0.12300298647817798,-0.8796201935318657,-0.7478208644617856,0.45065278876665393,-0.8163047752203894,-0.6885741422438647
2019-04-03,1.465524073690176,1.3363356590270996,0.7619627714157104,0.13472296297550201,4.150988578796387,0.10324459424391895,0.028787759690126036,-0.8001081061504203,-0.6570280049648289,0.28181710970974294,-0.7138841546160979,-0.5765766024592545
2019-04-04,1.3975957408547401,1.153699517250061,0.7021435499191284,0.1317840814590454,4.048513889312744,0.10237064899195146,-0.0030898018076830347,-0.5770214197098484,-0.5921907451431663,0.2067327495386863,-0.40242404462714565,-0.42930343027718876
2019-04-05,1.0743933785706758,1.0267846584320068,0.1900579333305359,0.12662184238433838,3.9869041442871094,0.10101112714692735,-0.02402625807865766,-0.6805366564924795,-0.5213968324863334,-0.2922330802565345,-0.4831469837228344,-0.33830273852569315
2019-04-08,1.1251417994499207,0.9621955752372742,0.1794479787349701,0.12878789007663727,3.990180492401123,0.09809462545790064,-0.014070911987905443,-0.49204359506077466,-0.45750280881973104,-0.3175019189133057,-0.3471115877575006,-0.3225149760502375
2019-04-09,1.023316964507103,0.91197669506073,0.16015104949474335,0.12981200218200684,3.9941065311431885,0.09793914774908434,-0.01894347901944049,-0.5382566624064831,-0.4506817696761338,-0.33437780146137747,-0.44757620395772957,-0.36703944405702904
2019-04-10,0.862048240378499,0.893345057964325,0.1600751280784607,0.12943148612976074,3.9995813369750977,0.09796518038381491,-0.01384511860378157,-0.6387420208960508,-0.413491513851199,-0.3267450474310354,-0.5759286362863945,-0.35626404600450234
2019-04-11,0.9742217920720577,0.9115062355995178,0.14848019182682037,0.12397124618291855,3.9422595500946045,0.09728391644704432,-0.012764215413721969,-0.31273888738525724,-0.21564357475636253,-0.3192262328291801,-0.19215907792881648,-0.11002708850512377
2019-04-12,1.0778105333447456,1.0265759229660034,0.17971448600292206,0.1253190040588379,3.9051053524017334,0.09656142405099674,-0.024640660596285224,-0.06232650767880976,0.02793739114513727,-0.30081502935770355,-0.011712206021499139,0.06877954507868056
2019-04-15,1.2380004227161407,1.0585747957229614,0.16845989227294922,0.12441479414701462,3.9225878715515137,0.09665254223657754,-0.01859263189038085,0.12468943770686947,0.08156541316688726,-0.2992283118831012,0.09653264336300893,0.05063685224448111
2019-04-16,0.9916493482887745,1.0708853006362915,0.17514453828334808,0.12598246335983276,3.940764904022217,0.09666410821591113,-0.015362090260363948,-0.13601859954020723,0.08777516991486278,-0.29107897989791254,-0.16758787840548672,0.054560190884429094
2019-04-17,1.1822835393249989,1.1652649641036987,0.23013317584991455,0.12591132521629333,3.8571085929870605,0.09686591678180914,-0.03429913456938749,0.2565186581600942,0.3486126023249434,-0.2460028924569988,0.20661951872039275,0.2913350213051915
2019-04-18,1.2123980727046728,1.102771282196045,0.30535364151000977,0.1229182556271553,3.7068679332733154,0.09508266101808299,-0.0887408123214719,0.658373908549817,0.6061457856614341,-0.1819027323956246,0.6111134595216687,0.5432371591120917
2019-04-22,1.207956038415432,1.1070982217788696,0.31710535287857056,0.12246125936508179,3.698756456375122,0.09524512325585968,-0.09656558651896407,0.6684414408502666,0.6198959219103237,-0.1521652141452483,0.6518872598060157,0.5808241699997811
2019-04-23,1.3382461369037628,1.2021284103393555,0.33375588059425354,0.11999238282442093,3.695802688598633,0.09568048747044976,-0.07393590069822076,0.7691389484668427,0.68111141968263,-0.1038688478709906,0.7588340329464243,0.6337234074110412
2019-04-24,1.0593996681272984,1.0589553117752075,0.46438881754875183,0.12120122462511063,3.5809710025787354,0.09493038736475072,-0.08657698907102951,0.7883855701584885,0.7986795584679944,-5.604276261306218e-05,0.7273018026411102,0.6920268723088112
2019-04-25,1.2925093993544579,1.334137201309204,0.5532282590866089,0.11876602470874786,3.5660529136657715,0.093704086865815,-0.0489309429188125,1.0512195167448202,1.0941315184523435,0.10741013403096128,0.8826728830147432,0.8714652389353019
2019-04-26,1.4687490686774254,1.3339247703552246,0.5461799502372742,0.12213091552257538,3.636011838912964,0.09326101404484571,-0.01989874327839103,1.1041693436357538,0.9850949278733747,0.11128233366926932,0.8405758153354681,0.6763932265679136
2019-04-29,1.4014356844127178,1.2741535902023315,0.569735050201416,0.10476572811603546,3.384373903274536,0.09266675997647825,-0.12077169168384327,1.3530881179828143,1.1792212478809045,0.13368397809068266,0.8815621672462972,0.6695036310147557
2019-04-30,1.634167481213808,1.4866578578948975,0.6084811687469482,0.102534718811512,3.43424391746521,0.09218381013423783,-0.0914528786897455,1.3358272874756287,1.174845572038317,0.1674519661065042,0.7721717214419374,0.6039630101513713
2019-05-01,1.4711188115179539,1.4103366136550903,0.5769936442375183,0.10264774411916733,3.4265389442443848,0.09185080110797633,-0.11224827192403897,1.1141206315359669,1.0482359456609114,0.13228334941951092,0.557282526929073,0.5013650089705122
2019-05-02,1.5226717069745064,1.3691579103469849,0.5492966771125793,0.10779590159654617,3.4923105239868164,0.09169714838123541,-0.0963407465690016,1.0733629512790763,0.9293896195343234,0.11834081726063644,0.5907264092383377,0.45829946390483045
2019-05-03,1.4312443472445011,1.3973733186721802,0.5318869948387146,0.11233266443014145,3.520219564437866,0.09240785163081681,-0.1028580045997276,0.9812979579976893,0.9611915394249486,0.11567174391224089,0.5618342556371706,0.5561172747835337
2019-05-06,1.3798469603061676,1.3559437990188599,0.5563758611679077,0.11689788848161697,3.548614740371704,0.09327600261946056,-0.10633275102172401,0.94164719945304,0.9315418424437953,0.15521170776495719,0.576444366933922,0.5770118649089194
2019-05-07,1.499409381300211,1.5404068231582642,0.2235732525587082,0.11410238593816757,3.4061765670776367,0.0919129787918815,-0.15571907564602738,1.363582081012765,1.3724679060075826,-0.1883813768062535,0.8980578110625794,0.9198446933019628
2019-05-08,1.3944715298712254,1.3263250589370728,0.16672572493553162,0.12704938650131226,3.7035293579101562,0.09561709610251391,-0.039105686130241235,0.7234504004891833,0.6972619943966762,-0.20569077785376427,0.3854265098528633,0.36871486407845855
2019-05-09,1.1340557038784027,1.2634018659591675,0.17631758749485016,0.12702785432338715,3.704336404800415,0.09547727830449346,-0.04221615827080316,0.4296955946125429,0.6024091299771817,-0.18799066792548802,0.11674397318763186,0.2987918559692352
2019-05-10,1.1670607663691044,1.0541201829910278,0.22358624637126923,0.125394806265831,3.6566362380981445,0.09462806521707824,-0.05153235856462324,0.5438072166116656,0.4514485354168225,-0.14225048296636705,0.18335530615436524,0.10086651779272171
2019-05-13,1.1391032356768847,1.0879446268081665,0.2468707412481308,0.12699921429157257,3.676912307739258,0.09426807043935236,-0.0327542544301358,0.4967281525210119,0.4710093629008316,-0.11183005964051729,0.12435774616056872,0.11089746251486354
2019-05-14,1.0205477215349674,0.9670668840408325,0.19586406648159027,0.1226203516125679,3.7867443561553955,0.09919341621827055,-0.019599108135646803,-0.17623266965800877,-0.14481583962778766,-0.16975334824126376,-0.42075490222349,-0.38095920679451334
2019-05-15,1.0232131071388721,0.9228844046592712,0.19984577596187592,0.11866648495197296,3.784078598022461,0.09862178316329491,-0.044066943791379876,-0.26170159324176634,-0.26847374084461695,-0.1781060319595279,-0.3805396029024233,-0.3830255953142203
2019-05-16,1.052944928407669,0.9847123026847839,0.23725049197673798,0.1217590942978859,3.7909717559814453,0.09858898837534727,-0.029260374128133204,-0.15156889437612353,-0.13357112799331272,-0.12744908865420757,-0.31507553821852374,-0.2911302048173243
2019-05-17,1.1918542068451643,1.001837968826294,0.23236329853534698,0.12201867252588272,3.8379366397857666,0.09898501439442649,-0.008447577456285327,-0.13731693035421166,-0.22373918746503252,-0.12767851035274402,-0.2769045939773829,-0.35818133125835083
2019-05-20,1.0609927475452423,1.0100650787353516,0.23662124574184418,0.12252810597419739,3.8983068466186523,0.09916195460838613,0.005442879037474868,-0.4200971073317441,-0.34244150949516117,-0.11620064212216774,-0.46753456696923323,-0.3880459339510305
2019-05-21,1.06724326685071,0.9380900263786316,0.2184000313282013,0.11912646144628525,3.868159055709839,0.09969979687627059,-0.005485411976450694,-0.43686245684765046,-0.43933008998526013,-0.14563674706149743,-0.518252560698325,-0.5177751569635183
2019-05-22,1.2035661526024342,1.0578962564468384,0.24860471487045288,0.12044621258974075,3.9326860904693604,0.09870335143987018,0.040057041765917734,-0.40189769695405264,-0.3995320596173233,-0.10370991674747415,-0.4930680141658397,-0.48725890531873084
2019-05-23,1.0815887041389942,1.0371911525726318,0.23789165914058685,0.12043100595474243,3.9724080562591553,0.09986416556758876,0.04322832260315068,-0.6460504799486699,-0.5275016868592335,-0.10971149535713598,-0.6716405944182502,-0.5519623527653841
2019-05-24,1.2311700507998466,1.1663724184036255,0.23990729451179504,0.11774420738220215,4.1247239112854,0.10343604403000582,0.07328686367953241,-1.038645375285704,-0.8734458662268745,-0.10211026256250555,-0.8833985237919899,-0.7248537235963393
2019-05-28,1.1681328564882278,1.1629638671875,0.25904637575149536,0.11668207496404648,4.117809295654297,0.10392872495079555,0.07399082866476048,-1.0808558265858328,-0.8586107471585356,-0.08552515713370096,-0.9415915959060621,-0.7242530507627218
2019-05-29,1.437776543200016,1.2697970867156982,0.3201586604118347,0.11626070737838745,4.189226150512695,0.10281489403049639,0.09668452513195858,-0.9096909964301347,-0.835960743166166,-0.014768387886657353,-0.6570625246960162,-0.5930839819205302
2019-05-30,1.4358602538704872,1.3802038431167603,0.3457750976085663,0.11837750673294067,4.242904186248779,0.10305173795515842,0.11591430189518137,-0.934669054065465,-0.738646556236989,0.024272026719029338,-0.6578564108484803,-0.4728398580343962
2019-05-31,1.4210052341222763,1.4249016046524048,0.4025336802005768,0.1148894727230072,4.201858043670654,0.10469491085583053,0.10968056369639057,-0.9041005870519312,-0.6680223347109493,0.0633664255722583,-0.7471062293499644,-0.5201319330492329
2019-06-03,1.9370486661791801,1.8779447078704834,0.6157006025314331,0.10714398324489594,4.307460784912109,0.10916377905962554,0.1373722605944141,-0.7846587297790171,-0.5824220436125835,0.25342687959122984,-0.5815277349637915,-0.39304644436127223
2019-06-04,2.180948443710804,1.9682282209396362,0.581916093826294,0.1061214804649353,4.276810169219971,0.1092930956259783,0.16036582981947822,-0.38020655007496984,-0.36822841761182534,0.17788763634236665,-0.40484642446173646,-0.39096513176890957
2019-06-05,2.1819851994514465,2.081388473510742,0.6949259042739868,0.10416445881128311,4.368736267089844,0.11202306516886248,0.13963462272437488,-0.6070600477634986,-0.45209840300212534,0.261188621471367,-0.3470304752786406,-0.21479100397261908
2019-06-06,1.8123627305030823,1.6685611009597778,0.5069305300712585,0.09732747077941895,4.194879055023193,0.11269405362211304,0.09255453153528581,-0.63057320786679,-0.6010327217110154,-0.00984604956955526,-0.6382711962089824,-0.608026785355805
2019-06-07,1.8962678089737892,1.6056584119796753,0.5031204223632812,0.09673211723566055,4.195751667022705,0.11353868702871286,0.08947682404306245,-0.48729473281553126,-0.6087047276992146,-0.01658040421261686,-0.4947098948867863,-0.6153971922041488
2019-06-10,1.657618261873722,1.4054663181304932,0.42310476303100586,0.10273396968841553,4.145756721496582,0.1137731105729625,0.09362320019907544,-0.5509655928774086,-0.6270738200441879,-0.052930898601679655,-0.7438394259770633,-0.7991809959494827
2019-06-11,1.7183458469808102,1.4722881317138672,0.46906614303588867,0.10034821182489395,4.159904479980469,0.11400031553977573,0.09147225369092526,-0.46691628292768295,-0.5304269909318511,-0.015868367163752395,-0.6041249102947206,-0.6532107600347392
2019-06-12,1.7683739587664604,1.5233643054962158,0.4876032769680023,0.09921886026859283,4.173366546630859,0.11381972540601505,0.0936110631298056,-0.3819428218316214,-0.43543503648392257,-0.0009751805363382715,-0.4859595278997908,-0.5279175421909077
2019-06-13,1.8088991940021515,1.517285704612732,0.5055539608001709,0.09969212114810944,4.191267490386963,0.11500706656035256,0.10004104070243669,-0.37121165202481166,-0.4607263492898852,0.020887500716004426,-0.48059509173927495,-0.5586622563012833
2019-06-14,1.7090053409337997,1.4526177644729614,0.4728245437145233,0.10433567315340042,4.196846008300781,0.11576621218176442,0.09457098647603279,-0.4903939733243128,-0.5350885993825703,0.01591906196917081,-0.575225530200858,-0.6092655528685622
2019-06-17,1.6891653835773468,1.6559972763061523,0.5298362374305725,0.1007068082690239,4.238089084625244,0.1149491531287469,0.09494131528418959,-0.4948500361788426,-0.2999942148383612,0.05212932746418386,-0.46633298891476826,-0.275540298870915
2019-06-18,1.8453428968787193,1.7273277044296265,0.6245418190956116,0.10088340193033218,4.254634380340576,0.11394271414989031,0.09896646765086115,-0.2909123071800215,-0.18958491905432062,0.14603271595214484,-0.23102882726047724,-0.13907438962913687
2019-06-19,1.8419936075806618,1.5452492237091064,0.6768937110900879,0.1145186647772789,4.146294116973877,0.1124310597831257,0.09603691918444723,-0.1715254484841422,-0.2849519185419349,0.27542899244410024,-0.32493047313300494,-0.41468626515105456
2019-06-20,1.8355979695916176,1.5018131732940674,0.6717209815979004,0.1153915524482727,4.14517879486084,0.1127684258603475,0.09949510194348155,-0.18395022267638872,-0.33317475447236244,0.2708451705480083,-0.35127538613748044,-0.4751814346461769
2019-06-21,1.364529374986887,1.236193060874939,0.7253385782241821,0.12969353795051575,4.08372163772583,0.11563211368041709,0.0590731303377352,-0.7802663005825146,-0.7308584870980073,0.41809322203443733,-0.9412821509229552,-0.867475502839584
2019-06-24,1.4278546534478664,1.2556558847427368,0.7507905960083008,0.12936283648014069,4.0264201164245605,0.11644707272894995,0.06429625512912707,-0.6767348970453271,-0.6866745919439006,0.4320544137431932,-0.9236249862185675,-0.893436760687921
2019-06-25,1.32375393435359,1.291251301765442,0.7729336619377136,0.13001888990402222,4.022069931030273,0.11636983737418083,0.07155131424384487,-0.7702995940233475,-0.6425231800963087,0.4517642895481404,-1.0014207779284208,-0.8150964779168848
2019-06-26,1.326033815741539,1.2665358781814575,0.7856395244598389,0.13149593770503998,4.022174835205078,0.11721117549336652,0.07168667774903692,-0.799840257236546,-0.6985606044379105,0.46640415244566213,-0.9549502340719029,-0.8072924678368323
2019-06-27,1.2183250226080418,1.3223052024841309,0.9299774765968323,0.13381090760231018,3.9525763988494873,0.116914524262899,0.06823524072792919,-0.8512886116292613,-0.6027860791773851,0.6125670202400793,-0.9018264566106242,-0.6217272592779253
2019-06-28,1.546859748661518,1.3772696256637573,0.9850943684577942,0.13538002967834473,3.9366910457611084,0.11750094710617698,0.07998080867075197,-0.5330160307978633,-0.5682048255355019,0.6612405981631652,-0.4673311606128667,-0.4860052946764317
2019-07-01,1.2204900830984116,1.3886069059371948,1.0113508701324463,0.13447913527488708,3.9118266105651855,0.117703007952733,0.0660328853594685,-0.8392926071879727,-0.5456352212283422,0.6629420791504176,-0.7485763310708422,-0.4412325656535554
2019-07-02,1.3608349300920963,1.3557794094085693,0.9365587830543518,0.13071513175964355,3.9140169620513916,0.11935954595415496,0.06687079945500607,-0.7569999667355201,-0.6318071947333559,0.5575169418650787,-0.6184776901834335,-0.4976304637149216
2019-07-03,1.6434525698423386,1.5076097249984741,1.0405280590057373,0.12487903982400894,3.8581173419952393,0.1215607642240706,0.07063454502652966,-0.5167545876146091,-0.533127216642705,0.6255160498562247,-0.2945261181813015,-0.3268325732309951
2019-07-05,1.4866404086351395,1.4935401678085327,1.032029151916504,0.1295941025018692,3.8740975856781006,0.12168616669458099,0.07952943153480763,-0.6873538510059878,-0.5690576027307577,0.6247401277515707,-0.4370941023495467,-0.3335290914476645
2019-07-08,1.6968824863433838,1.6290528774261475,0.1045205146074295,0.13191378116607666,3.828613042831421,0.12287432508075997,0.09283542660832023,-0.5028632454673412,-0.46686888312780717,-0.3168199833667949,-0.14773329678718206,-0.14369756195569172
2019-07-09,1.4799131937325,1.574598789215088,0.09537087380886078,0.12965042889118195,3.808722734451294,0.12263584440084598,0.07193902543772723,-0.7134064241286504,-0.5081367228595495,-0.33072502183994096,-0.3628160218135994,-0.19338533320181162
2019-07-10,1.7351112514734268,1.5774457454681396,0.09061240404844284,0.12820439040660858,3.816112518310547,0.12228487466335768,0.07351683575473467,-0.44900991883956154,-0.48513307154453855,-0.329700550708321,-0.09049514932979097,-0.17024063917828292
2019-07-11,1.6842829063534737,1.6130186319351196,0.08819711953401566,0.13232804834842682,3.8356783390045166,0.12407759126856768,0.053547528166883684,-0.5951664770492449,-0.5288235067855434,-0.305560334749134,-0.30666979609166933,-0.26765567865721485
2019-07-12,1.7267988622188568,1.6772465705871582,0.10038990527391434,0.1355717033147812,3.8068528175354004,0.12496906296159112,0.06734239939299214,-0.5595311567871732,-0.47413951442670843,-0.27401888104464855,-0.2140244235697395,-0.15939511293728792
2019-07-15,1.645027793943882,1.6006593704223633,0.10380701720714569,0.1356939822435379,3.8279974460601807,0.12403230997733138,0.05829811160859821,-0.594687968619922,-0.5121292513430014,-0.2568786344564409,-0.29662758968060743,-0.23945118006216948
2019-07-16,1.6299941167235374,1.628825306892395,0.09666244685649872,0.1346520334482193,3.8325002193450928,0.12406146725844833,0.05453885833709915,-0.608565801138711,-0.4822299614708281,-0.25904224830865474,-0.314806469570466,-0.21422709282141383
2019-07-17,1.7487152833491564,1.7018181085586548,0.10744616389274597,0.13865138590335846,3.851980209350586,0.12441550208785418,0.06555386310988587,-0.4895300861224592,-0.4170158884091668,-0.21946188092732055,-0.18416514150456287,-0.13993249239807248
2019-07-18,1.5456889048218727,1.6898250579833984,0.11826779693365097,0.13764914870262146,3.902039051055908,0.12477952318157105,0.08337801293742264,-0.732319153292178,-0.4608644808120852,-0.20287901238204897,-0.40544357535794706,-0.1610821646691818
2019-07-19,1.6669676527380943,1.6730937957763672,0.10553078353404999,0.1342216581106186,3.871155023574829,0.12438386132180292,0.06998445193515268,-0.5859715022981717,-0.45888189282346925,-0.22953697241744064,-0.2533040798745114,-0.16050531508541166
2019-07-22,1.9685696214437485,1.8987720012664795,0.14936843514442444,0.1363959163427353,3.853977680206299,0.12519705558312963,0.07851715091068767,-0.288278360244008,-0.24780319049378496,-0.16798584099724212,0.09347319140919819,0.09420644993354976
2019-07-23,1.8934230506420135,1.8902758359909058,0.14984939992427826,0.13612568378448486,3.8531177043914795,0.1251754459672864,0.07448460905337984,-0.36459786518432846,-0.2570164792579366,-0.1639957093866543,0.0006127319889293048,0.0695408361501233
2019-07-24,1.8511666469275951,1.8059163093566895,0.15790419280529022,0.13629066944122314,3.902858018875122,0.12505541445725815,0.07828716636596678,-0.4165504178331223,-0.3444799767114848,-0.14869334665251577,-0.09097186868999518,-0.054162184981098704
2019-07-25,1.925633229315281,1.8418024778366089,0.191727876663208,0.13595761358737946,3.877427816390991,0.1250855740881798,0.06347426796859335,-0.3220948836062383,-0.29863723399029674,-0.11308369842376675,-0.03734129848486312,-0.04190522789807005
2019-07-26,2.1512871123850346,1.9294830560684204,0.19958648085594177,0.13941700756549835,3.8871588706970215,0.12536683809165491,0.07269787786425597,-0.06930622589289692,-0.18974001193719037,-0.07979611274878295,0.2202863395594994,0.07099069669592462
2019-07-29,1.9713033884763718,1.9254093170166016,0.21434226632118225,0.13938002288341522,3.8854973316192627,0.12536771686195908,0.07540165431304224,-0.25028175468994585,-0.18775048582163656,-0.06107980960376347,0.04398620304258305,0.07546014171344817
2019-07-30,1.9534433707594872,1.9627535343170166,0.21783164143562317,0.13642476499080658,3.8773980140686035,0.12483728634060187,0.07650464877350327,-0.2622619121809877,-0.1449026745601314,-0.06977103448882149,0.04496037098206607,0.1322516948153698
2019-07-31,1.991299793124199,1.846309781074524,0.23202185332775116,0.1334422081708908,3.8495142459869385,0.12436783520909955,0.06947726186984426,-0.21086820002876872,-0.25433687180274855,-0.06595090130478398,0.09208035566892914,0.020522473305693012
2019-08-01,1.7172814793884754,1.8336575031280518,0.2261819690465927,0.13523681461811066,3.8803484439849854,0.12538542652808227,0.050888338032478164,-0.5268095919406317,-0.3060941241517563,-0.053285240010729984,-0.3435126153980752,-0.1368222659895144
2019-08-02,2.4052336141467094,2.383685350418091,0.44793349504470825,0.1192830502986908,3.799574613571167,0.1274773815211173,0.07764339142772336,-0.0712499629798895,0.035914176544648235,0.10473671204313706,0.38532520510107826,0.45110246145423183
2019-08-05,2.3044748082756996,2.2259461879730225,0.4393649101257324,0.1172804906964302,3.7833786010742188,0.12798542699969354,0.05775283093227401,-0.2074151452226034,-0.16166948278450866,0.09379928294762419,0.15108063580170672,0.1631649955396557
2019-08-06,2.0155482590198517,1.9606684446334839,0.40555161237716675,0.11247662454843521,3.9910027980804443,0.13328257819131212,0.09973065615525023,-0.9384490361982394,-0.7775130880602061,0.04496514692322218,-0.52691050777804,-0.4138060042106777
2019-08-07,2.1946319714188576,2.1077215671539307,0.4415324032306671,0.1160057932138443,3.9412689208984375,0.1342335288491474,0.09480808370940175,-0.6858668853789345,-0.5884441218016536,0.10339997374655252,-0.2883834208043252,-0.23552811563622678
2019-08-08,2.2874768301844597,2.1644554138183594,0.4678366482257843,0.11656301468610764,3.857097864151001,0.13134457721545384,0.10309386349611016,-0.364094258351932,-0.33504642064610834,0.12203340846713306,0.12585441756998073,0.09517710442048388
2019-08-09,2.075634352862835,2.067870855331421,0.46569371223449707,0.12148726731538773,3.853382110595703,0.13246397463939755,0.09858567276155106,-0.583454070376872,-0.4321432042574651,0.14376320218483718,-0.13514539804250347,-0.053575015640555
2019-08-12,2.227206140756607,2.2255570888519287,0.5846244692802429,0.11870218813419342,3.8073041439056396,0.13303889117638124,0.08064555065739032,-0.41700507579855106,-0.2767558136538799,0.24202079771230856,-0.0567807941156806,0.03037940526924654
2019-08-13,2.165538787841797,2.0526304244995117,0.5921095013618469,0.11615723371505737,3.7983453273773193,0.1337329860085773,0.07656054805002321,-0.4988507708201788,-0.4707437980933804,0.22012300543212526,-0.18441243736337753,-0.20495193218422703
2019-08-14,2.493159495294094,2.3640964031219482,0.6355892419815063,0.11603861302137375,3.9333412647247314,0.13594982664913483,0.11525052655552082,-0.32233412920289073,-0.279525984302746,0.24993934803131945,0.0711735130649771,0.06008277698368669
2019-08-15,2.2100809440016747,2.090169906616211,0.5839537382125854,0.11629904061555862,4.179846286773682,0.14000492851586852,0.1377107063688371,-0.9655818949266401,-0.8273936754881661,0.19258540673212876,-0.6710713473449852,-0.576583358566432
2019-08-16,2.2312271371483803,2.1291086673736572,0.5755900740623474,0.11659032106399536,4.147571086883545,0.13982760903029476,0.13709741253477414,-0.8510656393978131,-0.7138277822012058,0.17451184856613533,-0.5629143949059356,-0.46847321161311584
2019-08-19,2.5178394466638565,2.1096034049987793,0.5956794023513794,0.11354785412549973,4.176970958709717,0.14056271509101112,0.1430815909856592,-0.5790897063905911,-0.7419226222426878,0.16414057663498482,-0.31217153859735625,-0.5143746272838623
2019-08-20,2.0692799985408783,1.9329620599746704,0.6396263241767883,0.10907813906669617,4.122918605804443,0.1393645110860113,0.13531453097935264,-0.8882585797170761,-0.7979632725349162,0.16326272613118054,-0.6617057987314956,-0.5983942428174869
2019-08-21,2.2311670631170273,2.005051612854004,0.7193248867988586,0.10824256390333176,4.143373012542725,0.13940378065520662,0.13743632092640734,-0.6915673514389282,-0.6818163724122202,0.22549470493702806,-0.4892572489696301,-0.5076042335128861
2019-08-22,2.0517906174063683,2.096855640411377,0.7294948697090149,0.10837455838918686,4.1853508949279785,0.13919492036195197,0.1473686439428742,-0.8350618606882048,-0.54181358645917,0.21824452835445185,-0.633535420668462,-0.37013360298712517
2019-08-23,2.575787253677845,2.0685956478118896,0.70493084192276,0.10805287212133408,4.170163154602051,0.13890836243480406,0.1454623546166144,-0.22385341868666186,-0.5010064533803495,0.17349145673206245,-0.05109909378718758,-0.3564985751146157
2019-08-26,2.609769232571125,2.5271406173706055,0.9257625937461853,0.10643167793750763,4.392533302307129,0.1422902462303101,0.18608045565285303,-0.4628114273623991,-0.22731715653594353,0.36680276218670294,-0.2822116768635752,-0.07685705779068286
2019-08-27,2.4702269062399864,2.189743757247925,0.971620500087738,0.10560686886310577,4.268630504608154,0.1393680638377389,0.1548304261262995,-0.3369175707125458,-0.3584017714152514,0.3792450214764713,-0.2585078967042431,-0.2934623889045245
2019-08-28,2.086896985769272,2.002514123916626,0.9481948018074036,0.10666900873184204,4.254571437835693,0.13923093297234052,0.12928963257064896,-0.6536405284029634,-0.48907336863711537,0.3389063776486547,-0.7411761432161903,-0.5614195813072564
2019-08-29,2.20767904818058,2.2080721855163574,1.111005425453186,0.10936122387647629,4.235829830169678,0.13722649999360081,0.1540863744412969,-0.40635862368716147,-0.17533809496847796,0.5115637003953214,-0.31599848396888586,-0.10248433084825681
2019-08-30,2.736228257417679,2.443140745162964,1.150128722190857,0.11246127635240555,4.343742847442627,0.1362804805692888,0.1836892184397788,0.10118335403483414,0.05532658130787205,0.5601534926105919,0.2650400324953104,0.18486885593923708
2019-09-03,2.3485738560557365,2.4590930938720703,1.170963168144226,0.11340907216072083,4.349340438842773,0.1362791136587297,0.180286488592989,-0.26264011177752433,0.09403553523145236,0.5675943266667359,-0.1540649074579381,0.17686764988207804
2019-09-04,2.4876760616898537,2.599876642227173,1.1585838794708252,0.10915559530258179,4.38756799697876,0.1362926945225497,0.1835814146495215,-0.08193423423200707,0.2693010221919865,0.4780493899786016,-0.029406877692868427,0.3069777326468408
2019-09-05,2.2078713923692703,2.174149751663208,0.11204302310943604,0.11446589976549149,4.40485143661499,0.13791319220426668,0.18483918734672766,-0.3794449041575705,-0.19485897352338544,-0.543571182293526,-0.35822436762439214,-0.18054139528883573
2019-09-06,2.170899212360382,2.0275022983551025,0.10327126085758209,0.11038879305124283,4.404277801513672,0.1403271926886027,0.1756372580630967,-0.4413905561903766,-0.3777498557813308,-0.599432942289491,-0.4574416481639183,-0.3888002304627416
2019-09-09,2.3346414119005203,1.9800279140472412,0.08442225307226181,0.10940897464752197,4.388644218444824,0.13920169548322997,0.16891227055615565,-0.2144780609104493,-0.36746228378018664,-0.6060806293918963,-0.233156451179239,-0.379469126718214
2019-09-10,2.010583996772766,1.9997960329055786,0.06876799464225769,0.10566651821136475,4.362931728363037,0.14000063599131649,0.17406440596981787,-0.5161836576747012,-0.3278554745389606,-0.6405034573476248,-0.5245021859531285,-0.3328723039003014
2019-09-11,2.229507602751255,2.081817865371704,0.11061262339353561,0.10783304274082184,4.327184677124023,0.14084509695707223,0.18169702990666126,-0.2642215781206483,-0.23434882618758657,-0.557245642903728,-0.2616066548160503,-0.2329648428072395
2019-09-12,2.4914935007691383,2.1292154788970947,0.13244327902793884,0.10662851482629776,4.295294761657715,0.1414922340081209,0.17052261385295653,0.017677212103797135,-0.17457911754887112,-0.5265575178903483,0.01481680736573665,-0.17526015003956008
2019-09-13,2.2991978302598,2.1920273303985596,0.12274083495140076,0.09956367313861847,4.269997596740723,0.14031360806909604,0.16061631773817264,-0.13794271403311642,-0.06695632238036131,-0.563189840179957,-0.1392385626083028,-0.06458160536268576
2019-09-16,2.239957369863987,2.1717112064361572,0.14909489452838898,0.1039375588297844,4.227989196777344,0.14108042379592706,0.16094332360709862,-0.18290974019876005,-0.09097907122757176,-0.47891433437747843,-0.1812685681698225,-0.08864226500817995
2019-09-17,2.177074559032917,2.217993974685669,0.6662434935569763,0.088954858481884,3.7999584674835205,0.14729058963757752,-0.030700987203116537,-0.30272322492946513,-0.16700985774786226,0.020947503339438955,-0.20295564758979578,-0.041761078549654496
2019-09-18,2.386319451034069,2.3117105960845947,0.6978548765182495,0.08765460550785065,3.822248935699463,0.1479265517970736,-0.0332340045188424,-0.14506678925787408,-0.12633224936874443,0.04715117289950177,0.02721953339331451,0.038731731914418255
2019-09-19,2.299240365624428,2.2262275218963623,0.6792516112327576,0.08834272623062134,3.819478750228882,0.14777936589402807,-0.03621039732765352,-0.3265842838551536,-0.28196816861824203,0.0302232915816274,-0.14817507038674105,-0.1177242169662227
2019-09-20,2.319515895098448,2.2886159420013428,0.675998330116272,0.08731988072395325,3.818915605545044,0.1470117522957378,-0.03895302011594781,-0.29421760751527026,-0.20856180425132154,0.01467102025525202,-0.11415709513008698,-0.043581081276864886
2019-09-23,2.142050914466381,2.3050425052642822,0.6997472643852234,0.08809185773134232,3.8424232006073,0.1465000616526498,-0.03734415827459037,-0.4554546791195211,-0.17405287085827048,0.041840693624323966,-0.2693253922684038,-0.009479991947344946
2019-09-24,2.515731520950794,2.383171796798706,0.7128381729125977,0.08668464422225952,3.8624274730682373,0.1458944498248489,-0.04184739912935198,-0.04431829809605503,-0.07562982858443723,0.04180444493691138,0.16437559087613973,0.09502602249830971
2019-09-25,2.5251565352082253,2.501579761505127,0.6557249426841736,0.08835356682538986,3.955805540084839,0.14656182823668762,-0.0019601690822534934,-0.03758034474124017,0.05186891432334351,-0.022617255639765688,0.1300859764841129,0.1819633851175011
2019-09-26,2.3915918320417404,2.5957982540130615,0.7074971199035645,0.08865290135145187,3.938340425491333,0.14675953437216507,-0.01466857665286403,-0.16997372639051012,0.13820771127931675,0.03443889244220322,0.0062639305341170015,0.2788973381655149
2019-09-27,2.5413421243429184,2.4713594913482666,0.6838934421539307,0.09063620865345001,3.9475016593933105,0.14480738092799528,-0.01636276779974688,0.04528787297734338,0.061425720109944404,0.022188636075845203,0.22997973801873783,0.2009187065710627
2019-09-30,2.6378426253795624,2.578824758529663,0.6967928409576416,0.08907425403594971,3.952960729598999,0.1446814252658389,-0.022766197414307632,0.1300313222757863,0.1597445660561525,0.025110748822734674,0.31986518468290814,0.30260516445921226
2019-10-01,2.8192213848233223,2.600383996963501,0.7396847009658813,0.08664754778146744,3.9382100105285645,0.14459059411046102,-0.05210461964469859,0.2892811860926865,0.158078450649751,0.054453088530706406,0.5213609782819502,0.3338904098194284
2019-10-02,3.100768059492111,2.773885488510132,0.730656623840332,0.08693177253007889,3.9836106300354004,0.14525282115135488,-0.02184465731227836,0.5287029594093497,0.3045523473141376,0.02747872671024343,0.692933060648754,0.43299453496931495
2019-10-03,2.8982803970575333,2.7655580043792725,0.7131132483482361,0.08800619095563889,4.027435302734375,0.1462845961678812,0.005250371735565862,0.2828574341297059,0.2684749707453151,-0.0004336386301968531,0.40118813818407295,0.36423302942694313
2019-10-04,3.455947667360306,3.2034544944763184,0.1058785691857338,0.085117869079113,3.9838807582855225,0.14480317979782245,0.0025627536736194667,0.8305432240653756,0.6998977562573003,-0.6266352374951139,0.9002651246976656,0.7535992685722599
2019-10-07,3.2923407927155495,3.0704753398895264,0.10095350444316864,0.08716730028390884,4.026172161102295,0.14478878822667227,0.01141028999051863,0.6511698944646547,0.5594406362610953,-0.5895489370945857,0.7263363773971996,0.6168840439309933
2019-10-08,3.912066787481308,3.120349168777466,0.11021312326192856,0.08833509683609009,4.020415782928467,0.14495389516463536,0.017055676176383372,1.252912106854295,0.5925536331991186,-0.5476703811680622,1.3089463846414238,0.6335940034010301
2019-10-09,3.5671818554401398,3.0737900733947754,0.10719683021306992,0.08972132951021194,4.046555042266846,0.14559106903155183,0.021998184888239014,0.8650428544918074,0.5282362557340106,-0.5241950938009914,0.9223072508847068,0.5708924433143956
2019-10-10,3.428500458598137,3.150759220123291,0.0954824835062027,0.08825141191482544,4.074815273284912,0.14544746160534844,0.02862074731704889,0.6878320013695003,0.5852074232382249,-0.5240852582270039,0.7279993948457788,0.616635240421401
2019-10-11,3.5092794746160507,3.0768754482269287,0.09719014912843704,0.08817274123430252,4.050742149353027,0.1455003746834622,0.012847097319609757,0.7420778721488013,0.4851540679645052,-0.49978120250181646,0.7854257293083924,0.5182410214297732
2019-10-14,3.3747678846120834,3.0831785202026367,0.09192461520433426,0.08849085867404938,4.1158294677734375,0.14619828936738782,0.02564021876204936,0.5765027508352039,0.4762490903111223,-0.4936944466489679,0.6170281160890259,0.50824753787523
2019-10-15,4.077667772769928,3.339186668395996,0.09656007587909698,0.08742289990186691,4.1664862632751465,0.14539813071585758,0.041984588316112514,1.2695269780285052,0.7367916467574775,-0.48081225007899997,1.297414215117441,0.7569772976321127
2019-10-16,3.7030174881219864,3.404740333557129,0.101988285779953,0.08629471063613892,4.170220851898193,0.14601908762472215,0.03007928112498759,0.8238213725366084,0.751913404707738,-0.4618744481109025,0.8392238972552892,0.7684847009330866
2019-10-17,3.6190601736307144,3.3365700244903564,0.10848730802536011,0.08634262531995773,4.130943775177002,0.14550817745166134,0.012402516399824037,0.7220101873524598,0.6625877770052329,-0.4331107572747519,0.723529943822979,0.6681816700834267
2019-10-18,3.990462616086006,3.2507715225219727,0.11589960008859634,0.08756152540445328,4.166219711303711,0.14541391461215228,0.023113539670290284,1.0938163201589983,0.5798945154020694,-0.4133928920994696,1.0806082592966257,0.5705106046568345
2019-10-21,3.2426333352923393,3.3872196674346924,0.12553952634334564,0.08515573292970657,4.177623748779297,0.1452069886847108,0.01793665078788076,0.2804251003289364,0.6776115503117204,-0.39694473568889443,0.2420754779660288,0.6535930979788533
2019-10-22,3.3453204706311226,3.4432687759399414,0.12968513369560242,0.08359231799840927,4.187127590179443,0.14527406722050093,0.014518306454397778,0.34714089255251235,0.6924113131209944,-0.383434337141753,0.3042545219195456,0.6527255248307671
2019-10-23,4.157579034566879,3.443777322769165,0.13563531637191772,0.08345414698123932,4.186755180358887,0.1452514017533801,0.016701514808800444,1.1468986490396835,0.6690904820059544,-0.36530055833090513,1.0995455477718306,0.6175333939395284
2019-10-24,4.408864676952362,3.4524097442626953,0.13278411328792572,0.08380946516990662,4.207125663757324,0.14530513035396853,0.015274887150959926,1.36635429307678,0.6623603155220441,-0.35931641351849786,1.2848986881945654,0.5857822758414466
2019-10-25,3.9432004392147064,3.9892046451568604,0.15514446794986725,0.08182058483362198,4.231485843658447,0.14447126534683746,0.02557291165209652,0.8403777749730543,1.1739684367119732,-0.33151657497074427,0.7452999583811262,1.098071666823639
2019-10-28,4.3777079582214355,3.842102527618408,0.23086857795715332,0.085220567882061,4.094325065612793,0.14056961467599222,-0.04017367718099352,1.4078885929364722,1.115472629822555,-0.2242070343272891,1.2160142782815968,0.9497633984598282
2019-10-29,3.9597967863082886,3.922480821609497,0.24861633777618408,0.0855865329504013,4.085405349731445,0.14053391118904815,-0.04399142993542626,0.964269937061669,1.173990463337963,-0.1949159728255977,0.6928529015426137,0.9464277933597458
2019-10-30,4.138699419796467,3.731903553009033,0.2987748682498932,0.08395734429359436,3.8108062744140625,0.13525968475017858,-0.1620450487402112,1.221652974890775,1.0223785943980896,-0.0767743241625754,0.8030481797982705,0.6462913373657546
2019-10-31,3.8213306665420532,3.836907148361206,0.3148779273033142,0.08098994195461273,3.8588707447052,0.13455963202167986,-0.1400973082173207,0.8116888902585417,1.0596835196406502,-0.05135711056405712,0.4402611481675063,0.7326795548720177
2019-11-01,3.993635579943657,3.9043450355529785,0.3133310377597809,0.08173522353172302,3.9077208042144775,0.13428011531186534,-0.10488939065614455,0.978536082661412,1.1151963981615056,-0.0521535207319298,0.7130473193082052,0.8714125599735665
2019-11-04,3.8165210634469986,4.507740497589111,0.15407036244869232,0.07813293486833572,3.9634764194488525,0.13372887904330982,-0.10262226927968232,0.7044334354398636,1.6386161803661423,-0.20775184383766676,0.41592101348159005,1.3694798991127142
2019-11-05,5.313994616270065,4.645192623138428,0.2058921605348587,0.07802679389715195,3.9964146614074707,0.1334845131049435,-0.08002562179810191,2.187512951826046,1.7279293712495551,-0.15422341851244237,1.9869720172680765,1.5278865097996492
2019-11-06,4.168059632182121,4.267190456390381,0.21341586112976074,0.0826280266046524,3.8930766582489014,0.13332565362853796,-0.10739784211931469,1.0574522484022153,1.3507595043207328,-0.12177744273922325,0.7898542823092489,1.088526091608668
2019-11-07,4.576038680970669,4.500389099121094,0.22500842809677124,0.07690738141536713,3.765415906906128,0.131252651520957,-0.15948721361545393,1.2896225973297346,1.390766838498649,-0.05526578108085378,1.106599986160317,1.2090760897419335
2019-11-08,5.128665030002594,5.361536502838135,0.2806485891342163,0.07099589705467224,3.4549593925476074,0.1264835093239886,-0.2812371802448488,1.584900282113209,1.9315204664025432,0.11117242313824843,1.4663813476101666,1.8135261826238267
2019-11-11,4.746255710721016,5.286951065063477,0.3017328083515167,0.07143957167863846,3.465085983276367,0.12595783313392722,-0.2773617753179596,0.9863662123717121,1.5838182800397957,0.10750014330309732,0.8861641505761191,1.4835947423797187
2019-11-12,5.365683034062386,5.428720474243164,0.3436460793018341,0.07078828662633896,3.435441493988037,0.12485051742522185,-0.2814501971060097,1.434782951555627,1.4604264118543249,0.13713828090386104,1.4199927532046321,1.4455110603342538
2019-11-13,6.225156351923943,5.57385778427124,0.3713187277317047,0.07032261043787003,3.326679229736328,0.12371125028570347,-0.34091562117615815,1.980836375338348,1.2428827911412634,0.16446112191833231,1.8071955876135597,1.0674708964085813
2019-11-14,5.2689604461193085,5.589155197143555,0.37458789348602295,0.07157205790281296,3.2938506603240967,0.12328008599040148,-0.3508876470033804,0.7309163589270655,1.0536623317662643,0.1422923937063032,0.549042904267834,0.8727156237515494
2019-11-15,5.109912186861038,5.685115814208984,0.3887685537338257,0.07126902788877487,3.284517288208008,0.12328756701394407,-0.3469752127948946,0.43518711284948,0.9614554359563066,0.13305448912084056,0.34056149652100665,0.866535534528321
2019-11-18,5.718084782361984,5.550790786743164,0.37813788652420044,0.07242977619171143,3.31390380859375,0.12343735593756337,-0.3250505421071954,1.0579089325880453,0.7874531472595585,0.09487499798539234,1.0341441384357042,0.7634609187328447
2019-11-19,6.003235697746277,6.330185413360596,0.6067069172859192,0.07094553858041763,3.011629343032837,0.11772126760512162,-0.4688419286157448,0.7853057326658943,0.9197998142745138,0.3490190923539843,0.5247378003018799,0.6567377324343155
2019-11-20,5.200736030936241,6.447927474975586,0.6507750749588013,0.06910490244626999,3.028406858444214,0.11755113218333699,-0.4559113254469833,-0.20024981019192278,0.8373286683249201,0.3316711583541613,-0.29934380234974967,0.7371698278559204
2019-11-21,6.032032683491707,6.297402381896973,0.6372626423835754,0.07008535414934158,3.027212619781494,0.11721573310324206,-0.45508937200982835,0.6814776706274621,0.5962501994201439,0.2664904042667874,0.581867641773214,0.4945033227489404
2019-11-22,5.918687462806702,6.349453449249268,0.6196696162223816,0.06754517555236816,3.004987955093384,0.11762637048175434,-0.4790782056851832,0.3437148640016616,0.42703620549036536,0.2182412729975644,0.18490199492897297,0.26501970869085767
2019-11-25,6.041026338934898,6.65385103225708,0.721892237663269,0.06575062870979309,2.955282688140869,0.1167308144744011,-0.5073037606814028,0.27865485670106516,0.511307278507596,0.29394981118093844,0.10627701465561934,0.33534353483303114
2019-11-26,7.6575064063072205,6.81882381439209,0.6973743438720703,0.0656893402338028,2.9109723567962646,0.11663687132760163,-0.5338075530073512,1.792657533419586,0.5275220880560338,0.23860336655140368,1.5445523107881698,0.27311678992727373
2019-11-27,6.750608414411545,6.889670372009277,0.8038510680198669,0.06821203976869583,2.843003988265991,0.1156183732611144,-0.5509916552038541,0.6986343008920484,0.5094633921599776,0.32074868991158045,0.46040017341676176,0.27312324072970195
2019-11-29,7.96636027097702,8.191056251525879,0.9569634795188904,0.056745193898677826,2.771415948867798,0.11334468815241461,-0.6224158455676927,1.248098923265637,1.1446201968738112,0.42497680648867064,1.0102604736603107,0.909605182812288
2019-12-02,6.414235457777977,7.390635967254639,0.9833889603614807,0.0661739632487297,2.7177340984344482,0.11257855730616737,-0.7020610102094917,-0.12944720586930458,0.49589526505154957,0.40940809966667,-1.232908598430119,-0.5942267635181322
2019-12-03,7.246073082089424,7.171380996704102,0.904649019241333,0.07014118880033493,2.6929385662078857,0.11369019780827198,-0.6775399525693488,0.8362372958552129,0.33656290865665284,0.30031982421346515,0.07217302983242213,-0.4641889738638971
2019-12-04,5.976601481437683,5.908946514129639,0.1581713855266571,0.06974475830793381,2.686342716217041,0.11363728855515974,-0.6700432250337707,-0.5426593421992179,-0.9945297774248774,-0.4771643454620276,-1.1412542723422154,-1.5993248164059306
2019-12-05,4.566864937543869,5.230067253112793,0.13736015558242798,0.07200247794389725,2.802292823791504,0.1137353546679721,-0.6231355018897191,-1.5992067566098722,-1.2421602265730893,-0.45377191406653794,-2.141048790483185,-1.7762544307616048
2019-12-06,4.906784072518349,5.175227165222168,0.13494691252708435,0.07352645695209503,2.8453028202056885,0.11256589303125485,-0.5478237408574445,-1.0153631557792053,-1.0645948231850086,-0.43206239962844417,-1.0596482592480925,-1.1089575285289817
2019-12-09,3.95100524276495,4.968560218811035,0.12025849521160126,0.07391228526830673,2.916099786758423,0.1129357824546667,-0.4965481024425564,-1.7907618096624507,-1.0620155157456637,-0.4224441747556372,-1.6722818954351366,-0.9441364128511625
2019-12-10,4.472282320261002,4.8853373527526855,0.111038438975811,0.06943576037883759,2.9531214237213135,0.11175029629286203,-0.5119710868756626,-1.3443773341407361,-1.2444172476546012,-0.4248901471314477,-1.2887598279074357,-1.1903190021310364
2019-12-11,2.4174229726195335,2.784501552581787,0.6507716774940491,0.08716747164726257,4.015000343322754,0.10096664316601717,0.06649533874169611,-1.3055724302190814,-0.9202659943687017,-0.0007060876790618842,-0.20479993568689236,0.13639636526953458
2019-12-12,2.4414059817790985,2.284018039703369,0.5892680883407593,0.09183558076620102,4.030296802520752,0.09921354697848692,0.06292034520052792,-0.9348328173372114,-1.1778897044707968,-0.07848832357961477,-0.14880372306870004,-0.4720755011015547
2019-12-13,2.633244901895523,2.6570167541503906,0.6469708681106567,0.08744074404239655,4.104634761810303,0.09986021309718386,0.08778544360907126,-0.7569672846640154,-0.768536774443958,-0.02373832468564796,-0.020111281435212014,-0.0832004910889923
2019-12-16,2.883186139166355,2.5829880237579346,0.6051169037818909,0.08896850794553757,4.085250377655029,0.10009520177176341,0.07766772507438757,-0.4342555225335687,-0.7660751688527601,-0.0625090326947434,0.12400508693688739,-0.2437666972205932
2019-12-17,2.179208241403103,2.4175937175750732,0.6503713130950928,0.09089918434619904,4.113643169403076,0.09972605294012155,0.1023525573704106,-1.0246546781063408,-0.7597572340505065,-0.005880904708768675,-0.5134444650498264,-0.26950487102134435
2019-12-18,2.4244576171040535,2.5028605461120605,0.6754727959632874,0.09023462980985641,4.121246814727783,0.0999171650555883,0.10825707310617128,-0.6683027491124696,-0.6166554296007201,0.02911166380504915,-0.195293193900957,-0.16581626200027522
2019-12-19,2.1181259006261826,2.263369560241699,0.5689486265182495,0.08807578682899475,3.932554006576538,0.09829084288401801,0.041604807490781104,-1.2631964968073768,-1.2389458477558022,-0.07039387425533628,-0.7304343037104797,-0.7270939074123945
2019-12-20,2.3333491161465645,2.3621342182159424,0.5656322240829468,0.09157820791006088,3.938042640686035,0.0965842999270132,0.05159819491571438,-0.7520067129129822,-0.8597196908568194,-0.06454871192786193,-0.2854371747396689,-0.40729866970739215
2019-12-23,2.3346590027213097,2.333254098892212,0.5782803297042847,0.09270445257425308,3.933821201324463,0.09640709880899974,0.05632320551069736,-0.6371609009346728,-0.7719362070563234,-0.03695225984055317,-0.1928595406237834,-0.3351031198947583
2019-12-24,2.7752619236707687,2.460942029953003,0.5989242196083069,0.08854956179857254,3.9127743244171143,0.0956211995559326,0.04281448369431584,-0.33699336731986707,-0.7830847708807065,-0.010497765683284421,0.12930318298199417,-0.32176977730680756
2019-12-26,2.602340579032898,2.655895948410034,0.5890191793441772,0.09161506593227386,4.001497745513916,0.09423339049200453,0.08268027887010432,-0.19681409972545172,-0.21485057407350094,-0.018521082854339843,0.14324022922561408,0.12743650121238348
2019-12-27,2.8324439078569412,2.74662446975708,0.5915002226829529,0.09182020276784897,3.8983120918273926,0.0928019274327667,0.059452938871654815,-0.10225697518965049,-0.2968297917947025,-0.004702456448978487,0.38020941015901233,0.1868369711945128
2019-12-30,2.7380571588873863,2.912543535232544,0.5381154417991638,0.08739316463470459,3.723323106765747,0.09054872361795505,-0.020395355192352138,-0.6308261209260966,-0.6192749124589829,-0.05425480951071415,-0.12537377138886097,-0.10647352674110344
2019-12-31,2.8511377051472664,2.950151205062866,0.5497856736183167,0.08537429571151733,3.784464120864868,0.09030217048540046,-0.007942206563333665,-0.4474414225046557,-0.48882498667249497,-0.03677473674392062,-0.05375589164113492,-0.0919422531464873
2020-01-02,3.092149570584297,3.199443817138672,0.5685683488845825,0.07613580673933029,3.8062822818756104,0.08970639024481747,-0.02446819776141851,-0.4922197375452937,-0.5123144542247116,-0.03302858304931511,-0.11398145524213543,-0.13070662311213255
2020-01-03,3.0902323499321938,3.7837297916412354,0.6681791543960571,0.07112855464220047,3.753897190093994,0.0904571798192757,-0.06365703579032478,-0.7500635616485125,-0.19441563267708295,0.06385935130460718,-0.39725073134809064,0.16143268859550552
2020-01-06,3.538912296295166,3.8363656997680664,0.33768999576568604,0.06179914250969887,3.6218221187591553,0.09002738638844188,-0.1579323674742732,-0.8263045823195805,-0.7507394706373365,-0.2938742202468908,-0.5696510501185728,-0.49502930509287957
2020-01-07,3.631239354610443,3.8965508937835693,0.34801045060157776,0.059557974338531494,3.581580400466919,0.09004107617724415,-0.17741461819112936,-0.8274744777487086,-0.8011927081552273,-0.263545033757563,-0.5396053328851673,-0.5150341441997721
2020-01-08,3.762060225009918,3.876879930496216,0.3081947863101959,0.06428485363721848,3.4976677894592285,0.08958172607342767,-0.19364652697546259,-0.6083352369162887,-0.7654450564715276,-0.26817083927257435,-0.2760983748215349,-0.43497731933010186
2020-01-09,4.458109617233276,4.565445899963379,0.43119725584983826,0.06309659034013748,3.331057548522949,0.08979712576123211,-0.3035071109274323,-0.2291424396017323,-0.43680921818678264,-0.12480559030504346,-0.21418458653524652,-0.4219197861137616
2020-01-10,4.9303900599479675,4.82071590423584,0.4519922733306885,0.06292609870433807,3.2724688053131104,0.08965155456432672,-0.33251038467259697,0.14413398422590884,-0.28922980781052754,-0.09518687082083144,0.13578037499995066,-0.2975524460061987
2020-01-13,4.28958335518837,4.836337089538574,0.4538494944572449,0.06507770717144012,3.293332576751709,0.08902319168449983,-0.29086876505676407,-0.3775780686316814,-0.13030938007903448,-0.08565268781369939,-0.14518302319860688,0.10113718130575933
2020-01-14,4.518647104501724,4.925174236297607,0.4505957067012787,0.06295222789049149,3.261221408843994,0.08983485684367476,-0.3379571501296068,-0.27905997675360705,-0.18861380586944065,-0.08477484341216401,-0.2991745982542531,-0.20859075280054107
2020-01-15,4.766742840409279,5.06220006942749,0.469071626663208,0.06106895953416824,3.2781715393066406,0.08949729617260399,-0.3342833060452648,-0.046479640747417506,-0.06571432532291599,-0.0638559441418931,-0.05461335269240131,-0.07379509915955662
2020-01-16,4.492469355463982,4.9778971672058105,0.4208889305591583,0.06074698641896248,3.2621686458587646,0.08922985417146069,-0.3299923634647053,-0.35582221630314415,-0.19013805546998785,-0.10744887661219527,-0.24428250199634416,-0.07920116903047791
2020-01-17,4.554661154747009,4.860971927642822,0.39639437198638916,0.06348578631877899,3.2396092414855957,0.08934662321469236,-0.3289618333337081,-0.22584448744785135,-0.2561158449546621,-0.1246251068775126,-0.08596952612787323,-0.11758154661859432
2020-01-21,4.289140060544014,4.846148490905762,0.3910234868526459,0.0642210841178894,3.239579916000366,0.08919629108741112,-0.3282470617838493,-0.4538432170079387,-0.23342606429113655,-0.1247011826880754,-0.33574925187268967,-0.11645000992112742
2020-01-22,4.796749174594879,4.864709854125977,0.38399025797843933,0.06126977503299713,3.2840423583984375,0.08920255160561667,-0.282557831177797,0.04899811228400264,-0.21122809169647372,-0.12242255088382903,0.5102093365432454,0.24522786096106586
2020-01-23,4.615737408399582,4.706628799438477,0.40214574337005615,0.062300726771354675,3.333247661590576,0.08988202976293286,-0.2858974863176913,-0.020655940287152674,-0.22884646303940848,-0.09497144248175804,0.1512669919357963,-0.057489427878921084
2020-01-24,4.132102578878403,4.573977947235107,0.42333558201789856,0.06222375109791756,3.3222970962524414,0.09021889482910952,-0.29243958320160246,-0.5346421937352686,-0.3859573531118814,-0.06696095215613473,-0.37343922591097645,-0.22479727857828902
2020-01-27,3.538488656282425,3.674135446548462,0.38189199566841125,0.06979785859584808,3.4364547729492188,0.09114217833107452,-0.20221753669235687,-0.6483502834166996,-0.7744220926576073,-0.11366092334543654,-0.31927719023791834,-0.44509401175446506
2020-01-28,2.5588418543338776,2.6873433589935303,0.2829322814941406,0.0757690966129303,3.707479953765869,0.09452871956272696,-0.06575317645976364,-0.9646402289877454,-0.9910240915151229,-0.1999389386610465,-0.6100035667274892,-0.6322792781803104
2020-01-29,2.227133683860302,2.4548048973083496,0.276834100484848,0.07636138796806335,3.8187172412872314,0.09535910138218878,-0.027771700412300815,-1.0638454754624576,-0.9475782184393648,-0.18796032681610964,-0.8267908397643979,-0.706940238586443
2020-01-30,2.2986514046788216,2.4017956256866455,0.2508942186832428,0.07743490487337112,3.749444007873535,0.09483103605404386,-0.0614008829687136,-1.0328018675651944,-1.073458639677539,-0.22113772344389065,-0.8805928398777514,-0.9190328014607174
2020-01-31,2.5284133180975914,2.680833339691162,0.2873649001121521,0.0689074844121933,3.6546945571899414,0.09287239794411248,-0.11864243755038184,-1.2397494248113405,-1.255833402815921,-0.14059416789972068,-0.9752120530529895,-0.9859185607883107
2020-02-03,1.928218387067318,1.9835399389266968,0.2293226718902588,0.07625845819711685,3.78747296333313,0.0952494103473062,-0.06375814733245289,-1.3261614466264722,-1.3947393972360138,-0.21347483944441226,-1.3210490844431195,-1.3895373669180087
2020-02-04,2.2348590046167374,2.3619892597198486,0.5156355500221252,0.06558810919523239,3.7461042404174805,0.0955006292278989,-0.14807928364945044,-1.4883804544577508,-1.4731909958905076,0.16954376765817403,-1.7628540360627154,-1.752063143186395
2020-02-05,1.3586082123219967,1.4891810417175293,0.39116159081459045,0.06260296702384949,3.879997491836548,0.09746764162121284,-0.11540070463739749,-2.212346246071832,-2.1237211553173383,0.11145224534495174,-2.5891023528910435,-2.505716411564927
2020-02-06,1.6388904191553593,1.6105117797851562,0.3862089216709137,0.05851266160607338,3.9963696002960205,0.09763321562364037,-0.06657996660822874,-1.7128413282447315,-1.7349930300357954,0.1739410454493141,-1.9078463716444807,-1.9332424847420429
2020-02-07,1.6253861412405968,1.6130924224853516,0.39640572667121887,0.0592232346534729,3.9633257389068604,0.09752577947862599,-0.0764057292356004,-1.6300135786185068,-1.6469486392583539,0.16611011645532237,-1.7993367479192774,-1.8190008967882534
2020-02-10,1.5325182117521763,1.5902875661849976,0.3674721419811249,0.05746099725365639,4.00390100479126,0.09821084357831693,-0.06894718966823965,-1.5724880924415037,-1.4884102256797433,0.16727976959837065,-1.7763497741108698,-1.6944748980413626
2020-02-11,1.5372847393155098,1.6254472732543945,0.43013396859169006,0.05705203860998154,3.986673593521118,0.09872475357178807,-0.07128260534098985,-1.4787143231093953,-1.3710962750507218,0.23890171155485435,-1.6141387473955247,-1.5080620972557033
2020-02-12,1.485871896147728,1.6046257019042969,0.4148675203323364,0.05667190998792648,3.9965827465057373,0.09877234272105745,-0.061225452421531656,-1.3616086476573184,-1.2243490755679272,0.22484006936644818,-1.4503493531157092,-1.314122563836655
2020-02-13,1.7760028466582298,1.6358510255813599,0.3940785527229309,0.057499371469020844,4.085443496704102,0.0997558409795774,-0.029628389188377735,-0.6911499253045665,-0.7793307721217522,0.21237345982673433,-0.8824179532449472,-0.9716076146550896
2020-02-14,1.7533495128154755,1.6726027727127075,0.410733699798584,0.056218430399894714,4.052801132202148,0.09944182950743559,-0.04142181373418974,-0.7268675420057007,-0.7539990887542811,0.22205831921285507,-0.874278417367365,-0.9011913406015246
2020-02-18,1.7050322592258453,1.6441493034362793,0.41415244340896606,0.05637200176715851,4.021442890167236,0.09939270446976943,-0.05087863309163665,-0.7931609438273299,-0.8116545584544195,0.2030113257518572,-0.891840933390013,-0.9101296291838992
2020-02-19,1.5109572932124138,1.618094801902771,0.3800629675388336,0.0566537007689476,3.9787440299987793,0.09921387197137412,-0.07445589057139634,-1.0318358465910706,-0.8998846690906825,0.14634523722536358,-1.17519187001853,-1.0429072267330746
2020-02-20,1.4871092028915882,1.5553184747695923,0.3634510934352875,0.058397021144628525,4.00112771987915,0.09900232660098425,-0.04498949058620805,-0.9130608784063039,-0.8186719644555351,0.10836885563843734,-0.9316112324428412,-0.837210704791969
2020-02-21,1.7771148160099983,1.6768174171447754,0.3737787902355194,0.057965442538261414,4.01063871383667,0.09838561865384435,-0.034148460048167184,-0.5157103051288479,-0.5931163048695671,0.11563064713663324,-0.4797259502067912,-0.5571555174264424
2020-02-24,1.853364571928978,1.8310133218765259,0.4195168912410736,0.055913977324962616,4.139416694641113,0.10010050155177866,0.006336101015310125,-0.06520380942902815,0.005829053640102444,0.2007318400941066,-0.08621336939686985,-0.01512717851520029
2020-02-25,1.3845447041094303,1.4077355861663818,0.22252218425273895,0.07412146031856537,4.340763568878174,0.10715104853403266,0.07484268227109281,-0.10224353782608153,0.06481192158737326,-0.11183844856868064,-0.6715607639831642,-0.5050058537203435
2020-02-26,1.4626944661140442,1.3264784812927246,0.5144941806793213,0.10694052278995514,4.345358371734619,0.11381601714022047,0.11603006103510893,-0.19482483440991727,-0.2620049311628918,-0.07191020278388216,-1.1696203245168562,-1.2398348652303604
2020-02-27,1.635062586516142,1.3455170392990112,0.5381537079811096,0.10948312282562256,4.329501152038574,0.11430028091456129,0.11882671552054913,-0.057991664160302214,-0.28024628565385346,-0.05083583618392362,-0.8561576090803569,-1.0729331505714232
2020-02-28,2.277316264808178,1.8936671018600464,0.9663959741592407,0.12939855456352234,4.522320747375488,0.1251148885623613,0.2153275379027607,0.8863919218927498,0.6539058260534949,0.3173104968434993,0.018383714335962864,-0.18774368826739884
2020-03-02,2.7853846475481987,2.478579521179199,1.5000005960464478,0.12198865413665771,4.541609764099121,0.12942509493047222,0.20488231299568782,1.2404489054765264,1.1614064654723086,0.9153744942941215,0.5083034079468058,0.4677029254232883
2020-03-03,2.6742265671491623,2.436586380004883,1.5220345258712769,0.13759972155094147,4.737269401550293,0.1381500868141832,0.2088820242109951,1.312783489177769,1.4055262414546417,0.8300520281389578,-0.09732744722083142,0.06749404667399261
2020-03-04,2.303360477089882,2.102987051010132,1.1894694566726685,0.13040225207805634,4.700730323791504,0.14054986567607794,0.21291859470067453,0.7029660516091596,0.8308827651360788,0.5150259725999395,-0.2844103656604764,-0.1250647543239234
2020-03-05,2.3765318542718887,2.236849784851074,1.1430723667144775,0.13221335411071777,4.8003106117248535,0.14586471197924017,0.20769339300641843,0.8731595527613942,1.1294028704798644,0.4815767269864447,-0.30158096052801087,-0.024701232942203166
2020-03-06,3.489737033843994,3.051406145095825,0.5301731824874878,0.1314970701932907,5.020721912384033,0.15030148853977252,0.24670114498918827,2.4857493221211566,2.5445740876088827,-0.07383123481076348,1.118600804604883,1.1634582812722756
2020-03-09,3.900932177901268,3.5373682975769043,0.8577386736869812,0.12310048192739487,5.082125663757324,0.1603776617260709,0.2688004197931291,2.7492755086643488,2.9787318666588236,0.3815758690990789,1.483039735685558,1.6946165680069694
2020-03-10,4.274776741862297,3.842406749725342,1.2110934257507324,0.10653768479824066,3.558217763900757,0.2198978784485604,0.21407619428249525,-2.5668922234746177,-2.635255723438192,0.8779046995607992,1.4453294694052006,1.4841830995943806
2020-03-11,3.7222607880830765,3.3351452350616455,1.0025125741958618,0.11340033262968063,4.089288711547852,0.23529492048010053,0.259593032226084,-1.5715288332168065,-1.3286136149303482,0.5684706325101645,0.10259025598806515,0.3899330218179453
2020-03-12,3.4472827166318893,3.288783550262451,0.8798033595085144,0.13790744543075562,4.1779069900512695,0.2456354117852288,0.2957254794253382,-1.8724997012194429,-1.3990396256329962,0.08578094855729967,-0.6714188951554139,-0.18188562352064563
2020-03-13,3.4203020706772804,3.751325845718384,0.8182775974273682,0.1846507042646408,4.599262237548828,0.2753811264783416,0.30747806547690926,-1.5138330062343677,-0.44401650753967736,-0.42966986269289054,-1.959807614514503,-0.8886163916432164
2020-03-16,4.270088240504265,4.738981246948242,0.9912164807319641,0.1997443437576294,4.958395481109619,0.29579686375460473,0.346454539489519,0.22650025793597717,1.3040195058556678,-0.2272940096347018,-0.8960496748050755,0.17343394265246115
2020-03-17,5.881713300943375,6.606405735015869,1.3818033933639526,0.2199626863002777,5.499072074890137,0.340397001749126,0.32056833492230574,2.3604947474080715,3.6876420877144644,0.18234612726413668,-0.13326503127874556,1.0942913971973107
2020-03-18,5.447368785738945,5.986394882202148,1.2775485515594482,0.2084967941045761,5.363035678863525,0.3519799602394545,0.2779565627934468,0.9180044774522447,1.7594457648133712,0.1515352895339035,-0.768345557343804,-0.11699026972983972
2020-03-19,5.392471939325333,6.447561740875244,1.6365820169448853,0.2384248822927475,5.398985862731934,0.3708207217124328,0.32780851614361406,0.02164968959831093,1.0385178538699886,0.1845764445660496,-1.0500425834855758,-0.19115009698685803
2020-03-20,4.705279752612114,5.643154621124268,1.3006771802902222,0.2274787873029709,5.270111083984375,0.3803981537069472,0.3200378191277582,-1.0532753853554073,-0.33859861104560807,-0.058801167079810535,-1.5454371360984114,-0.91864774164344
2020-03-23,4.878625422716141,5.581037998199463,1.301620364189148,0.2263932079076767,5.325325965881348,0.38606379309265654,0.32026115020539225,-0.6585162521103634,-0.27171267749709216,-0.00787855254109937,-1.1402222218374662,-0.8473599133701164
2020-03-24,4.7867740243673325,5.1752753257751465,1.3009717464447021,0.22252345085144043,5.259164333343506,0.39258762861672303,0.31310907039791125,-0.9079617896660075,-0.8952046101356874,0.04617236727835339,-1.1587529445560714,-1.1980121704993696
2020-03-25,4.819987550377846,5.484032154083252,1.3611449003219604,0.23312948644161224,5.36333703994751,0.4068049006497636,0.29165066607454593,-0.8444188378873321,-0.5868315540821722,0.028500104471191445,-1.342681862209763,-1.193097756894673
2020-03-26,4.690347641706467,5.52988862991333,1.3654541969299316,0.23259586095809937,5.356016159057617,0.41077984355144187,0.29593534694159807,-0.9520955299580294,-0.5549601121679615,0.04712317337116212,-1.3104803722054221,-0.9947866553131384
2020-03-27,4.154414102435112,5.173834800720215,1.282471776008606,0.2315220981836319,5.300151348114014,0.41812101975657934,0.27536258990104967,-1.6283178493445067,-1.1190814562731504,-0.01838281697638533,-1.8882196019834545,-1.4413938480774853
2020-03-30,4.357486709952354,5.262900352478027,1.326216697692871,0.2316107600927353,5.311513423919678,0.4199356182955996,0.27421942039276137,-1.247815626216079,-0.9061607917994969,0.03600063843413848,-1.485121977634373,-1.2047458329413434
2020-03-31,4.36498387157917,5.231830596923828,1.3295350074768066,0.23032979667186737,5.304487705230713,0.42136553873477184,0.2665887815153575,-1.1418065325428248,-0.8707623860048308,0.05532164942041362,-1.358267823079828,-1.1453566886521402
2020-04-01,4.480185553431511,5.269643306732178,1.346782922744751,0.23090676963329315,5.312567234039307,0.4216155131080308,0.2697291127688145,-0.9125007380001051,-0.7471480291006767,0.06433031662643063,-1.1020036001473859,-0.9892080920440911
2020-04-02,4.331311032176018,5.224860668182373,1.4260565042495728,0.22901982069015503,5.293191432952881,0.426278445550048,0.2582107236470569,-1.0769549908108917,-0.8237317915936426,0.172137788602023,-1.2385004149119583,-1.0307976110964807
2020-04-03,4.117437705397606,5.211732387542725,1.4343940019607544,0.2292332798242569,5.283663749694824,0.4326722357475335,0.25451566521272184,-1.3078482043395692,-0.8916932213198017,0.1797231694984378,-1.4258927279337419,-1.0433827463769667
2020-04-06,5.262730613350868,5.824595928192139,0.14629213511943817,0.22387392818927765,5.198448657989502,0.43763134602673676,0.2311937303408751,-0.2682864669148266,-0.431375824692676,-1.058510816898723,-0.29231771723265965,-0.4623957346578278
2020-04-07,4.377170354127884,5.8176093101501465,0.19434531033039093,0.2244412750005722,5.183854579925537,0.4455834965424406,0.21271386474956477,-1.2678567620910215,-0.5606045587054851,-0.9051549375274697,-1.3076525271487123,-0.6117949925511397
2020-04-08,4.611505821347237,5.829356670379639,0.21526889503002167,0.22372746467590332,5.177645683288574,0.4466424801072872,0.20931234748481076,-0.9378880422342775,-0.5201943849548325,-0.793431250189657,-0.9688831552544732,-0.5600505072732869
2020-04-09,5.561303988099098,5.98137092590332,0.20486925542354584,0.2249210923910141,5.216042995452881,0.4503834056902053,0.21824872881077373,0.1393572077360048,-0.28130700879836645,-0.7343543038394692,0.09791382613040334,-0.33397568273392686
2020-04-13,5.064229056239128,5.8655877113342285,0.28130412101745605,0.2235407829284668,5.161261558532715,0.4566515859801333,0.21147958130564015,-0.5537696930462275,-0.5915074522311556,-0.5644398989732592,-0.49388759748812383,-0.5160121821895451
2020-04-14,5.346610605716705,5.751752853393555,0.27498725056648254,0.2219972461462021,5.13740873336792,0.4577808791130103,0.20798237732004932,-0.27400708559098597,-0.7118971687696636,-0.5032222793955397,-0.1806543357760395,-0.5946973087771701
2020-04-15,4.748750388622284,5.685855388641357,0.28720152378082275,0.2208734154701233,5.116261959075928,0.4591693856957448,0.19908632156685124,-0.899512504533865,-0.7800779050762134,-0.4338673285503776,-0.8031938989405605,-0.6595820294045982
2020-04-16,4.587230488657951,5.7011590003967285,0.2918911874294281,0.22143658995628357,5.135771751403809,0.4605417811272229,0.19923980423346088,-0.9609884251484662,-0.6740079703748201,-0.3971412114765436,-0.8989490514808782,-0.5967225179266826
2020-04-17,5.241541340947151,5.694040775299072,0.29166147112846375,0.2212524563074112,5.133331298828125,0.46070286622586554,0.20035229949646638,-0.23037831314946366,-0.6335542782231833,-0.3682957824079812,-0.1602734661384364,-0.54691718142392
2020-04-20,4.8698031306266785,5.643792152404785,0.3062174916267395,0.21959413588047028,5.124671936035156,0.4623913117390236,0.19722774597040316,-0.5858310794404638,-0.6419663519840935,-0.29797068561342244,-0.5049065835131703,-0.5420272273941613
2020-04-21,4.531970605254173,5.722523212432861,0.30821728706359863,0.22072581946849823,5.149901390075684,0.4644574019132231,0.201489120178577,-0.8485216555128368,-0.48668673063866486,-0.2812366211721534,-0.7923939521173748,-0.4174936885245035
2020-04-22,4.759857356548309,5.575049877166748,0.2885031998157501,0.22036650776863098,5.144099712371826,0.47704415605190675,0.19810611996029737,-0.6600275608875883,-0.7316115385713253,-0.21132414130941451,-0.5549308532183685,-0.6025485064847409
2020-04-23,5.242683559656143,5.677842617034912,0.32477712631225586,0.21937863528728485,5.134541988372803,0.478966175384462,0.19140711684690115,-0.14306782020782283,-0.5912191562468152,-0.13790830435334078,-0.04625227277025523,-0.472368273569197
2020-04-24,4.902381241321564,5.7041144371032715,0.32875606417655945,0.21952299773693085,5.128422737121582,0.47927455380801687,0.18957620356302385,-0.48568781517292514,-0.5376839938300684,-0.1286411358089261,-0.39232607830315214,-0.42286058847945895
2020-04-27,5.213304340839386,5.675251483917236,0.328114777803421,0.21891087293624878,5.120057106018066,0.47960642798643865,0.18705289489626553,-0.1329478358547469,-0.5326576283397202,-0.11319263023604514,-0.03874820931871703,-0.41678548843440666
2020-04-28,5.21155059337616,5.560032844543457,0.36442264914512634,0.21672284603118896,5.085897922515869,0.48332417804826994,0.16973697560417644,-0.16619705485610226,-0.6783718063249022,-0.021809094620183656,-0.07323884155012728,-0.5634295032626113
2020-04-29,4.929919943213463,5.548860549926758,0.36415544152259827,0.21653467416763306,5.07614278793335,0.4832811150336771,0.1698991337172805,-0.4346995030113945,-0.6444412241081583,-0.021756722243167492,-0.33066543904897827,-0.5154438783437083
2020-04-30,4.831433683633804,5.644210338592529,0.36131253838539124,0.2188200056552887,5.110150337219238,0.48575342910342023,0.1786539085900456,-0.4673646366656836,-0.47788957482205596,-0.04202871530286717,-0.38954297664012927,-0.3807643656922295
2020-05-01,5.241981640458107,5.483916282653809,0.3562264144420624,0.21755610406398773,5.082801818847656,0.4871777170839007,0.1752876194177848,-0.07186886855668462,-0.6599166977032045,-0.022078150428306853,0.041978144984986976,-0.5175362884190218
2020-05-04,5.064271688461304,5.51084566116333,0.37039247155189514,0.21770836412906647,5.088134288787842,0.4875052141803321,0.17411381645393875,-0.23257950805009386,-0.5848379050454042,-0.007335249678047995,-0.14021842547172092,-0.46824392093796874
2020-05-05,5.13197086751461,5.514753818511963,0.37067243456840515,0.21742862462997437,5.089772701263428,0.4882604850759177,0.17499838783856125,-0.13931463813589495,-0.5362114253756332,0.001416307390593008,-0.04902668041920588,-0.42187323186529824
2020-05-06,5.213612660765648,5.171041011810303,0.0412927009165287,0.21746546030044556,5.100211143493652,0.4905964776860853,0.17736498128383182,-0.02554561548009282,-0.8277956545532223,-0.31490096960171166,0.05950984538914028,-0.7196861106089418
2020-05-07,4.501577094197273,5.1725006103515625,0.037179481238126755,0.21826666593551636,5.0974016189575195,0.49102046570158087,0.17753297564764403,-0.7608668083617349,-0.8076376123536111,-0.31527321943250447,-0.6772108197465787,-0.701375185265146
2020-05-08,4.575813993811607,5.189816951751709,0.034684088081121445,0.2193029373884201,5.095935344696045,0.49135048868535913,0.1785070373100327,-0.6637158911049923,-0.7783155527960677,-0.3184827701589484,-0.5812188042209439,-0.6723941566691991
2020-05-11,4.1999760419130325,5.156959056854248,0.03581327199935913,0.21922774612903595,5.106043815612793,0.4926384457041463,0.1805943563309751,-0.9756051318255476,-0.7392703654455488,-0.29420533727830317,-0.9014864945313326,-0.6439913185873767
2020-05-12,3.932607337832451,5.156187534332275,0.03505885601043701,0.21921546757221222,5.103301048278809,0.4927149717082167,0.1803015478999237,-1.1992845714596339,-0.7090929196597759,-0.2828043286302261,-1.1257063189702228,-0.6144170219263021
2020-05-13,4.648140594363213,5.142001152038574,0.03551672771573067,0.21846450865268707,5.100387096405029,0.4934831489179661,0.17730746189984536,-0.4104009748872066,-0.6684706468091459,-0.2545845800086968,-0.344446325153414,-0.5837688972502395
2020-05-14,4.8851513266563416,5.138725280761719,0.037177544087171555,0.21819968521595,5.102199554443359,0.49368393010060446,0.1770132941455136,-0.13693895823485747,-0.6202524387559087,-0.23691717711080984,-0.07781339489265537,-0.5443464598088443
2020-05-15,4.6690927147865295,5.155891418457031,0.03474998474121094,0.2188645303249359,5.104247570037842,0.49425258073412937,0.1775663095309017,-0.35764896451523853,-0.5922195216285946,-0.2368568676258455,-0.30177280373754733,-0.5202601708076076
2020-05-18,4.769405409693718,5.159087657928467,0.03476857766509056,0.21920505166053772,5.110734939575195,0.4948328069605531,0.17809164009197942,-0.22680726659082318,-0.5542852296604366,-0.2287759383042347,-0.1817501070599956,-0.4956285997267402
2020-05-19,4.739902973175049,5.170185565948486,0.04884679988026619,0.22025632858276367,5.1544928550720215,0.49943446457974733,0.18468940906552056,-0.15776857699700386,-0.4259064867152649,-0.18878695706121407,-0.14694469645007402,-0.41179101199894763
2020-05-20,4.4499462097883224,5.160023212432861,0.04643426463007927,0.22023256123065948,5.142274379730225,0.4984312596575314,0.18246398463164593,-0.47383765059129423,-0.4542270957655088,-0.1916922896307393,-0.45592470818425657,-0.4308816121123389
2020-05-21,4.245970726013184,5.124824523925781,0.046945251524448395,0.22033601999282837,5.137124061584473,0.49846654394112694,0.18439163341465992,-0.6756007863830771,-0.4918261940964328,-0.18661959667404543,-0.6425223392536799,-0.448614669977041
2020-05-22,4.270639881491661,5.128566741943359,0.04812341928482056,0.21977855265140533,5.132063388824463,0.4992009595968621,0.1837282507118524,-0.6226953613529815,-0.46536453048952353,-0.16542054803423034,-0.5826172886627701,-0.41293092247068586
2020-05-26,4.036296516656876,5.032233715057373,0.051988352090120316,0.2189665138721466,5.100430488586426,0.49662281926983776,0.17778006168726457,-0.897047018639574,-0.609147392468353,-0.16249477830159148,-0.8383446329846551,-0.5329613733979892
2020-05-27,4.214408591389656,4.956347942352295,0.06337376683950424,0.21874910593032837,5.094446659088135,0.4961991381186296,0.17958703065903459,-0.6971233533111416,-0.6730350205402758,-0.14519536369611763,-0.6252024895277799,-0.5796404984694998
2020-05-28,3.961422309279442,4.934818744659424,0.060283396393060684,0.21677865087985992,5.06464147567749,0.4936339469568402,0.175881084334508,-0.9371297387606674,-0.6789386597647074,-0.12978116382709776,-0.84162021708328,-0.5548674558498758
2020-05-29,4.434487596154213,5.004112243652344,0.06342892348766327,0.21807435154914856,5.074978828430176,0.4924221360499135,0.1795145681501512,-0.4486228938918817,-0.6028792130887055,-0.14971764674658317,-0.36491804242627346,-0.49454722893253855
2020-06-01,4.409568928182125,4.97461462020874,0.06317614763975143,0.2184329777956009,5.061800956726074,0.4913589744223679,0.17968267023252804,-0.49878108545460975,-0.6642797250091785,-0.1581772309239168,-0.40602103834323433,-0.539986253760433
2020-06-02,4.546456858515739,4.994701385498047,0.06864898651838303,0.2193932980298996,5.051681995391846,0.4899995688635073,0.18032412024659694,-0.4039474677251569,-0.6909149265760419,-0.17209874541100934,-0.30507423035086045,-0.5567265445828422
2020-06-03,4.192460685968399,4.981363296508789,0.06878238916397095,0.21929095685482025,5.022387504577637,0.48749924865467015,0.17352923649724872,-0.7928165104520204,-0.7416212368475783,-0.17630516192600332,-0.7006076646792678,-0.61136434578499
2020-06-04,4.078123912215233,4.8133015632629395,0.12763550877571106,0.2101326286792755,4.8206281661987305,0.4642652126270762,0.10227847795019163,-1.0510194609394494,-1.05060985274236,-0.10845822675022732,-0.9983839363303577,-0.9768435185999067
2020-06-05,2.681720197200775,2.7669460773468018,0.37430816888809204,0.21322092413902283,4.786983966827393,0.45740375910727965,0.08999391002740786,-2.5636192292689683,-3.249088240825788,0.06365510658857931,-2.5486682162588554,-3.2265389507336986
2020-06-08,2.520509108901024,2.5980165004730225,0.37545621395111084,0.2029181569814682,4.755478382110596,0.45379701985022347,0.06341003328045802,-2.375541190991008,-3.0148921053138977,0.20018502756634243,-2.4042181451617264,-3.0609001519681156
2020-06-09,1.8743812255561352,2.107110023498535,0.37863969802856445,0.18054991960525513,4.511270999908447,0.4348355461363801,-0.0026165282900829645,-2.765555081584065,-3.1786033042360344,0.4378528878844458,-2.749165977802769,-3.152829542228016
2020-06-10,2.1379433944821358,2.278238296508789,0.49349871277809143,0.17515641450881958,4.4096598625183105,0.4229163714356261,-0.0009360377842171363,-2.4409871450103706,-2.9370180190113535,0.5440344176542273,-2.3468074355742132,-2.7869211752859275
2020-06-11,3.6539239287376404,3.2637381553649902,1.1483863592147827,0.15634377300739288,4.1065592765808105,0.38191385664799377,0.006925935697552954,-0.8907869874474139,-1.849350416947205,1.2048573493206678,-0.5061358840047729,-1.2689820740877753
2020-06-12,3.9093936532735825,3.975379228591919,1.2115967273712158,0.17552360892295837,4.396847724914551,0.3811738507743489,0.12047387646775098,-0.6786696083364507,-1.1635257636318386,0.9073744122195667,-0.29048663886676884,-0.5707390434705575
2020-06-15,3.971057340502739,3.652830123901367,1.6145517826080322,0.13645148277282715,4.312129974365234,0.3612473877470179,0.05636372460821215,0.5469068851444998,-0.10677243693130833,1.7873389430401785,0.9544857417527717,0.5238652231731402
2020-06-16,4.080889791250229,3.496396064758301,1.4359217882156372,0.1432134509086609,4.372323513031006,0.35250279644172505,0.0430983202823747,0.5029257962778448,-0.4108201502690054,1.3800397745180868,0.7056964182652861,-0.08768086087938709
2020-06-17,3.720272868871689,3.554473876953125,1.3526954650878906,0.14525428414344788,4.283751487731934,0.34405815693475966,0.036437773216787206,-0.12949119531707165,-0.6363007396665381,1.1770972790386323,0.08581322163963723,-0.28643213317523664
2020-06-18,4.72527539730072,4.110836982727051,1.401496410369873,0.15309493243694305,4.4265875816345215,0.3355252508015155,0.11826159546357373,0.8755780160569282,-0.09162754726377376,1.0644123199504936,1.1886295724093445,0.417149233662343
2020-06-19,4.328123971819878,3.6350958347320557,1.3496257066726685,0.13954466581344604,4.186915874481201,0.3213144159046275,0.06640177654376134,0.4320283328290051,-0.566448480127959,1.0807213702126681,0.7800431741482496,0.028521308287191793
2020-06-22,3.649162381887436,3.4706780910491943,1.2486003637313843,0.14068716764450073,4.19171142578125,0.31707983298851844,0.04485016076051196,-0.29218436531433856,-0.7654922220436093,0.9231209873359552,-0.05371794682100273,-0.33917787389911425
2020-06-23,3.077358826994896,3.008129596710205,1.103345274925232,0.1385132372379303,4.139495372772217,0.30895352026136186,0.044565181018228706,-0.9050797930143597,-1.2607237396247095,0.7427321461629768,-0.6437366746138595,-0.7844526581139277
2020-06-24,3.4921805188059807,3.1546106338500977,1.1572967767715454,0.13775572180747986,4.102523326873779,0.30510218132063344,0.04571847726197842,-0.5300360892016798,-1.1526464785828026,0.7678982563089253,-0.24411702566574434,-0.6304236611865628
2020-06-25,4.070249333977699,3.285393714904785,1.1575173139572144,0.14212150871753693,4.180230140686035,0.30593363546933655,0.07462976029388857,0.054283836807719865,-1.0216889220460388,0.712975595161058,0.34688574632811253,-0.4779845944170531
2020-06-26,3.4034009724855423,3.245380163192749,1.1949896812438965,0.13820801675319672,4.173823356628418,0.30426794744893304,0.07030785638036496,-0.4950368501077884,-0.9004685116481568,0.7779644164787018,-0.20854573264596343,-0.35306701726914014
2020-06-29,3.172282785177231,2.8423123359680176,1.0014084577560425,0.13573986291885376,4.059520721435547,0.2967752646522988,0.030673774625523786,-0.8741616895781119,-1.4532145502880311,0.5455824135796649,-0.6333921489602474,-0.9893647841938442
2020-06-30,2.9194168969988823,2.869450569152832,1.0118072032928467,0.13174152374267578,4.025896072387695,0.29222078213946345,0.01698961904282026,-1.0480451929619243,-1.3148865220763488,0.5658496322891202,-0.8169595474840823,-0.8693268083314161
2020-07-01,3.393508702516556,2.8134353160858154,0.9218630790710449,0.1361694484949112,4.064946174621582,0.28638585592799776,0.04850572374152651,-0.6649111394570761,-1.4927553528537825,0.3843979116182996,-0.38981072186195576,-0.9638491038861527
2020-07-02,2.948013588786125,2.856070041656494,0.9486202001571655,0.12827914953231812,4.036308765411377,0.2754502703470347,0.10617049386134181,-0.9067626456285844,-1.1844778442049844,0.44737006715848615,-0.4178617658807213,-0.23365354400724003
2020-07-06,3.3605976700782776,2.8004872798919678,0.9166067838668823,0.12712611258029938,4.009719371795654,0.2741025580068824,0.10204864311913597,-0.4903596355939692,-1.226104490821779,0.40763181146766203,0.017826494437468643,-0.2591656456981939
2020-07-07,2.9353561997413635,2.6896181106567383,0.1880350559949875,0.12466653436422348,3.9486427307128906,0.2695997400699378,0.0940539163805687,-0.9448351558021209,-1.336391077074448,-0.3344202060047481,-0.4228155622548062,-0.32987032107809
2020-07-08,2.8794012516736984,2.7133538722991943,0.28904613852500916,0.12006716430187225,4.031198501586914,0.2586377929259725,0.11464078035717307,-0.6867458347481552,-0.9557035280947277,-0.19515092880370877,-0.15991192800889031,0.04525703869012476
2020-07-09,2.749506860971451,2.7400600910186768,0.3004971146583557,0.12132465839385986,4.073806285858154,0.2565659192261356,0.11874873879364578,-0.7669776931073384,-0.8783322431997762,-0.1987973154257443,-0.27852883391671224,0.04239947570282121
2020-07-10,2.9872701913118362,2.772372245788574,0.3254152536392212,0.12313572317361832,4.117307186126709,0.2546027041108285,0.14606512285431106,-0.5011237797041068,-0.8266102906202901,-0.19811642519732597,0.02940130046160494,0.16058654207240286
2020-07-13,2.500900909304619,2.54148268699646,0.3239304721355438,0.12093476951122284,3.9868035316467285,0.2506140089980472,0.13902494880430472,-1.1206387828085127,-1.1762711317337589,-0.23176603290572984,-0.5597809827219957,-0.11064143037927199
2020-07-14,2.7205157577991486,2.4854087829589844,0.3206808567047119,0.12238690257072449,4.0185322761535645,0.25084798810354136,0.1459593907662864,-0.8370969546991569,-1.1764266549543807,-0.2477225819500477,-0.3234785330680472,-0.1828857332383924
2020-07-15,2.6316077783703804,2.458533525466919,0.32914966344833374,0.12576346099376678,4.016327857971191,0.2486615933230436,0.16120676579441373,-1.0050265321334533,-1.2850328687703154,-0.303757331883193,-0.491380988209134,-0.29700272131202077
2020-07-16,2.3984709307551384,2.3737316131591797,0.3470628261566162,0.11810631304979324,3.813481092453003,0.2446585969847406,0.11156008486232871,-1.2194478144679834,-1.2688950118313347,-0.27088447965993834,-0.7691400290295518,-0.3955818189487097
2020-07-17,4.3203620463609695,3.491487741470337,0.2906026840209961,0.13777388632297516,4.492846965789795,0.22024967664965014,0.17292871211015237,0.9762717340160645,-0.0635079966587826,-0.49374945481518173,1.1270096159740643,0.23623477556361827
2020-07-20,3.693842574954033,3.6387276649475098,0.3718966245651245,0.14419642090797424,4.5962910652160645,0.21478868838064247,0.21467129675233132,0.27168654625116195,-0.019930605993597084,-0.490741390456215,0.4144149879184993,0.2929144109061781
2020-07-21,4.099318332970142,3.6084365844726562,0.3794846832752228,0.14373020827770233,4.576562404632568,0.21452921092304375,0.20971245504001168,0.6885250944141048,-0.01817500132148142,-0.4803641410333004,0.7876683783682421,0.23435364666789793
2020-07-22,4.106359899044037,3.6480116844177246,0.3752676546573639,0.1448896825313568,4.592298984527588,0.21419903899360843,0.2183592957043421,0.6878352137579089,0.03528079038837806,-0.49342809574298596,0.7505007890263209,0.24404830361434016
2020-07-23,5.619964361190796,5.547726631164551,0.803088366985321,0.16952012479305267,5.287652015686035,0.2030279832555437,0.34773019072715095,2.0030417089820167,1.463345032629035,-0.14701596754305002,2.0110445859125456,1.62011316297112
2020-07-24,6.146251365542412,5.5715718269348145,0.8513298034667969,0.16965419054031372,5.32356071472168,0.20307306613699122,0.35111683525009885,2.3391907426693974,1.3133476033459086,-0.06176084746042143,2.2646650434409,1.3954140123765608
2020-07-27,5.58337539434433,5.107306480407715,0.7812244296073914,0.1630871742963791,5.2175397872924805,0.1997063574873276,0.33940314019622364,1.6891254215804792,0.8649940414326549,-0.08997429402486357,1.468180028401262,0.8288175338505699
2020-07-28,6.071907341480255,5.606245517730713,0.9937042593955994,0.16722512245178223,5.353133678436279,0.19746331936892086,0.3464357016396782,1.9347140836877035,1.1087945314953558,0.14211139030327846,1.6652573338891328,0.9929341435851526
2020-07-29,5.297547474503517,5.446414947509766,0.9872970581054688,0.1615283191204071,5.201079845428467,0.19422730205260702,0.3358714884030648,1.1902105591005743,1.0986052186025121,0.10548686766348792,0.865670806047321,0.9407061712365277
2020-07-30,6.135999917984009,5.815316677093506,1.0453580617904663,0.16400928795337677,5.241044044494629,0.19388246099550557,0.3423306651188235,1.9036376688562893,1.3384441876486814,0.13540498188132766,1.6055449605309686,1.180742033473889
2020-07-31,7.1121213138103485,6.2550129890441895,1.1525006294250488,0.1681283861398697,5.300980091094971,0.19104713541173085,0.34950168761479705,2.6696172769188493,1.5871888647248076,0.18407836155362167,2.4392112327983746,1.4545390046626672
2020-08-03,6.421627789735794,6.0664191246032715,1.080733299255371,0.1567898541688919,5.299487113952637,0.18888953307901082,0.3328578369048326,1.9924790746786227,1.4488026812345076,0.30660074009991334,1.5383593932168118,1.157857263685707
2020-08-04,6.567834317684174,6.1528191566467285,1.1437625885009766,0.15372169017791748,5.332560062408447,0.18820412307968648,0.3254862980751353,2.032710535708346,1.437200642879171,0.4368476376806776,1.5231079333533257,1.0940499823932601
2020-08-05,7.264562025666237,7.35499382019043,0.09505912661552429,0.15701404213905334,5.2434492111206055,0.18617946431462384,0.32662655832911913,2.658724804977025,2.657505941742885,-0.7861046442890374,2.247810592234213,2.358349693082097
2020-08-06,7.558976426720619,7.38716459274292,0.09296977519989014,0.15325631201267242,5.2439799308776855,0.18538357979023887,0.3222067690107533,2.86571361596865,2.6006927701819587,-0.6852630377361164,2.3577119015172023,2.213485936321975
2020-08-07,7.327054098248482,7.304841995239258,0.10887665301561356,0.15471138060092926,5.169558048248291,0.1821715945185706,0.3299917832285303,2.5765006645791892,2.5222012204167097,-0.7517996451260027,2.113445899670877,2.1622095891745836
2020-08-10,7.051769256591797,6.7237114906311035,0.12266305088996887,0.15335173904895782,5.00094747543335,0.18148386081786108,0.3104773758050886,2.4683250247207686,2.1814682522789486,-0.8373222092939729,2.1863406805461105,1.9568303123640423
2020-08-11,7.348450034856796,6.857555866241455,0.1277712732553482,0.15202365815639496,5.032305717468262,0.18054356540814812,0.31264552167119175,2.6408423512813624,2.1944934153470825,-0.758959328966927,2.2997590885991883,1.9183205848674367
2020-08-12,6.785603284835815,6.7734150886535645,0.17752191424369812,0.16829387843608856,5.025359630584717,0.18509217206759165,0.3058126326836267,1.8690777021199398,1.9178739758527605,-0.9773814052507186,2.2552926756257357,2.2362686639002067
2020-08-13,5.4832629561424255,5.422453880310059,0.20119953155517578,0.16251511871814728,4.721251487731934,0.17659419790388084,0.28273267209509034,1.0212666902877636,1.1219111687795964,-1.1087513088985024,1.4755572861035366,1.501342850347021
2020-08-14,5.676190957427025,5.359533309936523,0.20210793614387512,0.16176031529903412,4.68884801864624,0.17701002117743908,0.29351177143399787,1.2278475320095952,1.0621220787921066,-1.0412186294913521,1.4736766964182184,1.268062338405107
2020-08-17,5.639397531747818,5.066671848297119,0.2031140923500061,0.15559948980808258,4.614872932434082,0.1750604838097294,0.27482794621039097,1.3076778120020194,0.9163877904532409,-0.9404358911889754,1.4980758778609706,1.0780189653508812
2020-08-18,6.1571324467659,5.258264541625977,0.2510083317756653,0.16104251146316528,4.696250915527344,0.17416641581976675,0.27848839503401424,1.576741451013075,0.8384868852752199,-0.8596758888774305,1.9116030743297259,1.1290632620731902
2020-08-19,5.145804584026337,5.198831558227539,0.26607465744018555,0.1633179783821106,4.726677417755127,0.1732116114815132,0.28123264169735473,0.41625763261045456,0.6447811543170561,-0.8016139095661734,0.7614398680827739,0.9599593300160985
2020-08-20,5.536551222205162,5.0516886711120605,0.3538687527179718,0.16949094831943512,4.734745979309082,0.17308903623661248,0.29149826214552654,0.7364790585119714,0.3601262633286444,-0.7152053829730805,1.101308941025783,0.7061264499613484
2020-08-21,5.027973085641861,5.273445129394531,0.3867871165275574,0.17426562309265137,4.820489883422852,0.17183200291193576,0.3065336730653494,0.023026555271846938,0.3424177301519613,-0.6260108245514591,0.34620417126909064,0.6639520481645977
2020-08-24,5.830461010336876,5.529460430145264,0.4070451557636261,0.17449653148651123,4.844454765319824,0.1719515486485859,0.30134763985570856,0.8561691974729104,0.5473958695143892,-0.5414301972970371,1.1734970128592828,0.8746587906128074
2020-08-25,5.701841592788696,5.526512145996094,0.3972805142402649,0.17438951134681702,4.889681816101074,0.17102280034268136,0.30621644865898756,0.6792184435787405,0.4828409033002865,-0.48418842583142496,0.9182738766412122,0.7418132020144173
2020-08-26,5.509183555841446,5.434969902038574,0.400414377450943,0.17423319816589355,4.875813961029053,0.17074354462349495,0.30543883474980693,0.4374837796924318,0.3616363951022379,-0.45809829586107065,0.638662633769421,0.5913286742393185
2020-08-27,5.2615789622068405,5.345334053039551,0.4203730523586273,0.17275404930114746,4.836235046386719,0.170305075213208,0.30071412277921084,0.19725818952183616,0.30250354944700497,-0.42009805539619793,0.3623724523476648,0.502402431676404
2020-08-28,5.832506164908409,5.17622184753418,0.49566563963890076,0.1774684190750122,4.814999580383301,0.16946497646649514,0.3060166358056714,0.7181970627364294,0.023223737936776345,-0.32771113260796225,0.87927948095974,0.2222124100905054
2020-08-31,5.916855052113533,5.301506042480469,0.49618253111839294,0.17841322720050812,4.8527116775512695,0.16914751302393122,0.303021300661918,0.6479772263042065,0.04257228284428827,-0.29094566491520313,0.8285067142868732,0.2760137651676766
2020-09-01,6.167660474777222,5.6680097579956055,0.604905366897583,0.1764957159757614,4.741748809814453,0.16447254151571764,0.28847745598352514,0.9965596485142987,0.5682022609858164,-0.16114485444002424,1.156709087817898,0.7974636461176523
2020-09-02,6.512829571962357,5.702698707580566,0.6352182626724243,0.18041466176509857,4.7852277755737305,0.1639223680007127,0.29669668610038646,1.1447562020943183,0.40796062016774215,-0.11359013668917761,1.2631626664944848,0.6043436974252137
2020-09-03,3.261348217725754,3.5073294639587402,0.26663073897361755,0.17641957104206085,4.695870876312256,0.16465754114534376,0.2995011137093124,-2.010151464081921,-1.6033460820456495,-0.47894790574442947,-1.9818349930523826,-1.5318952035080073
2020-09-04,3.7764397487044334,3.6438796520233154,0.26542171835899353,0.18519183993339539,4.834805011749268,0.16747879772091961,0.31417887946412737,-1.5758504415830883,-1.6553555826135824,-0.43190610081717573,-1.5505544046896063,-1.5676442851258807
2020-09-08,3.8211382776498795,3.870056390762329,0.6135422587394714,0.18322743475437164,4.559300422668457,0.14789073869795788,0.22872182065750124,-0.6068931413276424,-0.48981084750855164,-0.08797580749280143,-0.531995154417455,-0.19932878386430986
2020-09-09,4.741916701197624,4.70610237121582,0.6318821310997009,0.18814018368721008,4.732886791229248,0.15310576176517612,0.25508780766445205,0.021472296262690094,0.0068309172567424525,-0.03183110522347121,-0.05019565016973182,0.1105719625829229
2020-09-10,5.342763885855675,4.605304718017578,0.7238126397132874,0.1868799477815628,4.737996578216553,0.15293678390526133,0.2596485174184645,0.5838892304954886,-0.12095693558055398,0.05757542987421349,0.5108205025999553,-0.033103081073615925
2020-09-11,5.452670224010944,5.316844940185547,0.7991541624069214,0.1922750324010849,4.825899600982666,0.15232271506007553,0.26205880791848757,0.4585937380936205,0.37058379780531414,0.13498593447180496,0.34743286779176596,0.49145792202898964
2020-09-14,5.99110521376133,5.148229598999023,0.8153705596923828,0.19003872573375702,4.776604175567627,0.15179374929797307,0.2566483403336808,1.044476105834712,0.28741947384360245,0.1483218706550795,0.9730326499810387,0.40151791169734175
2020-09-15,5.461278215050697,5.28709077835083,0.8109168410301208,0.19075843691825867,4.797200679779053,0.15244499607286702,0.25642078951726077,0.36644188941454825,0.3360038247215513,0.14714624403900922,0.29848985325359667,0.4610609997626458
2020-09-16,5.034818261861801,5.270885467529297,0.8121042251586914,0.192533478140831,4.824772357940674,0.15245364211010082,0.2622351657735108,-0.1461146942601328,0.22472771567168515,0.14918444810797893,-0.2185140434889954,0.32919214965282695
2020-09-17,4.636164888739586,4.605848789215088,0.7206646203994751,0.18705712258815765,4.703568935394287,0.15344539574166233,0.24836791978202433,-0.24812631637529403,-0.12498010046284769,0.04034689074198028,-0.29957197165412985,-0.05601891007029103
2020-09-18,3.866039276123047,4.5194549560546875,0.7209562659263611,0.1847156435251236,4.6563873291015625,0.1542668126131505,0.23537832681017568,-0.894404310213778,-0.06616047072013487,0.06680524233374019,-0.9418913283173769,0.001618912553833951
2020-09-21,4.128998078405857,3.8981804847717285,0.8071790933609009,0.17394796013832092,4.346113204956055,0.1490793236069709,0.17459944065293187,0.1692041794253516,0.1595637182555376,0.13023375000338722,0.1417704214762403,0.23435700360729905
2020-09-22,4.852583974599838,4.932928085327148,0.885340690612793,0.180679589509964,4.543668270111084,0.1526133033183694,0.20579565636210218,0.392814484308591,0.6408347307839559,0.2319673937102238,0.3711456341572905,0.723982518149259
2020-09-23,4.862768769264221,4.7363409996032715,0.9683747291564941,0.1758670210838318,4.348584175109863,0.15018783309410205,0.15532188617869658,0.877578787595819,0.9392953867121951,0.2827427301206804,0.8544228262845905,1.0556903812410914
2020-09-24,5.9347536116838455,5.451646327972412,1.0253318548202515,0.18994726240634918,4.602541923522949,0.15200929074334513,0.1985686894713221,1.3170894920497727,0.9057190698591011,0.3778294359010279,1.2772458513665796,1.0051774697709126
2020-09-25,5.4118125438690186,5.537866592407227,1.0547062158584595,0.18981698155403137,4.584941864013672,0.1513191068845171,0.1897847253911421,0.7458268263897931,0.9740665275237914,0.3933291844764668,0.68035302950077,1.0589702428562324
2020-09-28,5.903824687004089,5.397390842437744,1.1312061548233032,0.1888302117586136,4.555230617523193,0.1516902353965027,0.1786341584134532,1.2521832467771699,0.8450807050212488,0.45190104218692273,1.1812156221238777,0.9127548955899742
2020-09-29,6.196422904729843,5.718012809753418,1.1309503316879272,0.19472137093544006,4.670033931732178,0.15310456818527607,0.19064920129213603,1.1955419501739728,0.7979593042795416,0.46654857660065097,1.0929300092045962,0.8541420850186237
2020-09-30,5.836260557174683,5.104530334472656,1.0910983085632324,0.193315789103508,4.602931976318359,0.15332276468628486,0.17894413311325552,0.9263385572715741,0.31043458863087725,0.39613774621641695,0.8083364485111106,0.34284268592782574
2020-10-01,5.166598081588745,4.930714130401611,1.100693702697754,0.19369804859161377,4.5657854080200195,0.15269038901781798,0.17009071292214972,0.28776692726714437,0.204239401837377,0.3847638704245384,0.1621871409012119,0.2352956281616443
2020-10-02,5.2715004831552505,4.562575817108154,1.0460479259490967,0.18992389738559723,4.469090938568115,0.1534467335667721,0.15055470329107057,0.6077548601637837,0.08451962222998954,0.28807099426228966,0.49412982570270625,0.11487258552566626
2020-10-05,3.302161730825901,3.1810433864593506,0.11242758482694626,0.1911606341600418,4.4186692237854,0.15396907601419893,0.11594665354742884,-1.2718545523579472,-1.1792128727335243,-0.6698274965210872,-1.429873122296291,-1.1303613257529381
2020-10-06,3.2741882726550102,3.1492507457733154,0.10267147421836853,0.1881874054670334,4.506369590759277,0.15803611654742195,0.16952942489283873,-1.4389372886774057,-1.3507444108504192,-0.6124999513405588,-1.4831303383003904,-1.3085706783466016
2020-10-07,3.5413706973195076,3.1710164546966553,0.11270947009325027,0.1836034059524536,4.439751625061035,0.15781711589330372,0.15563357098450603,-0.9532119702897113,-1.0800930954504704,-0.6004088807952972,-0.984133272977,-1.0267163246022797
2020-10-08,3.086932748556137,3.0353000164031982,0.1236005425453186,0.17865759134292603,4.400993824005127,0.15782707360723305,0.15405376460409115,-1.287492729060201,-1.0590316823636075,-0.5835121584126352,-1.3055416915157965,-1.0083375942857913
2020-10-09,3.3660895079374313,3.0358433723449707,0.12633395195007324,0.1818036586046219,4.405201435089111,0.15727392571912144,0.14282208419796727,-0.9570582060125972,-1.0327865907720053,-0.5517379115009378,-0.972708326030058,-0.955884462199962
2020-10-12,2.9666881039738655,2.965984582901001,0.1260722130537033,0.1807107925415039,4.364009380340576,0.15746428338749696,0.13078490243770435,-1.2092168820759914,-0.9445706057940035,-0.5411603548154501,-1.2156330022037647,-0.8542124304368675
2020-10-13,3.0183382481336594,2.9406473636627197,0.1551009565591812,0.17729070782661438,4.296143054962158,0.15852344474820465,0.11149348475741216,-0.935309395801005,-0.7385401387248702,-0.5120164867205463,-0.9296217397370237,-0.628844070262752
2020-10-14,3.2048422768712044,2.9492592811584473,0.16148312389850616,0.17782418429851532,4.345198631286621,0.15886879273058271,0.12447506050302537,-0.8488011957442207,-0.8419644550062948,-0.4763470481749148,-0.8315351708533223,-0.7363549468094508
2020-10-15,3.3295475244522095,2.7887625694274902,0.18134340643882751,0.17628639936447144,4.317373275756836,0.15849231060860666,0.12199110976244687,-0.6274987671274248,-0.8958238990940597,-0.4493457266512104,-0.6027169166506701,-0.7943896483006343
2020-10-16,2.9048580825328827,2.713374376296997,0.19159355759620667,0.17449097335338593,4.2969183921813965,0.15821786221012613,0.11884643253783145,-0.9871032868480385,-0.8859170826754399,-0.4332218471367003,-0.9593637238281363,-0.7825022614161616
2020-10-19,3.2719901651144028,2.8254661560058594,0.20099031925201416,0.17746876180171967,4.315709590911865,0.15734496382793822,0.1188528583232824,-0.620265683497566,-0.7932335911849324,-0.3961383804638373,-0.5828735049844469,-0.6786506229214768
2020-10-20,3.063298925757408,2.8432352542877197,0.21050703525543213,0.18010170757770538,4.344027519226074,0.15776342981007563,0.12416100530983565,-0.8670949960338734,-0.8241762648046143,-0.35976264840488503,-0.8258139804939635,-0.7109498246412329
2020-10-21,2.791761949658394,2.6878185272216797,0.19907546043395996,0.17869196832180023,4.302849769592285,0.15711590168691483,0.12329997809592241,-1.0010122462492248,-0.8341460993548395,-0.3688453940640256,-0.9652369204551974,-0.7462682840681705
2020-10-22,2.7579957395792007,2.6790952682495117,0.20221678912639618,0.18226207792758942,4.322407245635986,0.15709282890350768,0.11736027190455778,-1.0253084110352715,-0.8586137314881777,-0.335649465793747,-0.9745180301081722,-0.7412991730500176
2020-10-23,2.373204581439495,2.486377716064453,0.2148287296295166,0.17664743959903717,4.227855205535889,0.15646224474248452,0.103214761811105,-1.1447220861024725,-0.7591404284081067,-0.34350103263299314,-1.0951918464116432,-0.6545051010213943
2020-10-26,2.644413948059082,2.5553600788116455,0.21852055191993713,0.176592618227005,4.222840309143066,0.15620956686412985,0.10423950194620157,-0.8210381914448943,-0.6501407766641316,-0.32865755724095036,-0.7724599939253518,-0.5545224107419067
2020-10-27,3.13559590280056,2.7550241947174072,0.23357687890529633,0.1799667477607727,4.39452600479126,0.1578669530384889,0.15462936795914606,-0.8046404142371428,-0.950716667006656,-0.28160517186764533,-0.7840042628393129,-0.9117994805393739
2020-10-28,2.698146402835846,2.7957348823547363,0.24820195138454437,0.17952413856983185,4.378926753997803,0.15800939988602913,0.14669233876991128,-1.1776339648181517,-0.8398722540847898,-0.2626802863428612,-1.1468504464553662,-0.7823320888998242
2020-10-29,3.2443200051784515,3.215526580810547,0.23834721744060516,0.19382308423519135,4.686880588531494,0.1630747511940247,0.20681299845615952,-1.3931882395686834,-1.2766172337773094,-0.18388849929312157,-1.3643667167584486,-1.2245567982116246
2020-10-30,2.965186007320881,2.9912807941436768,0.25512874126434326,0.190931499004364,4.6081438064575195,0.16345888375163278,0.18189143057770185,-1.4196441344978457,-1.236983074937772,-0.17889963769541106,-1.3698176136472107,-1.1481439786319596
2020-11-02,2.941246010363102,3.0377044677734375,0.262969046831131,0.18997134268283844,4.602327346801758,0.1638675838150738,0.17130521636716578,-1.4034794629078053,-1.1498566851464265,-0.17210197693357276,-1.3255766741827513,-1.0162026299920939
2020-11-03,2.2331041395664215,2.2470767498016357,0.08394503593444824,0.2011202722787857,4.692293643951416,0.16505624361409968,0.17720325336482223,-2.198271820697993,-2.10222215393064,-0.280837541112851,-2.0975767040396676,-1.938202978799831
2020-11-04,2.396080181002617,2.426241397857666,0.091256283223629,0.2052503377199173,4.810761451721191,0.1668422794719192,0.1948740911872444,-2.2857769745430288,-2.2060568378188474,-0.2417358682413957,-2.150617339817334,-1.998517347692598
2020-11-05,2.9156612679362297,2.895036458969116,0.15246574580669403,0.2073376625776291,4.796719074249268,0.16621840236449278,0.1684805488537069,-1.615807495866183,-1.6013543857193167,-0.16181815495621854,-1.3739362431276945,-1.2535051064300662
2020-11-06,3.1173030138015747,3.2497215270996094,0.17887815833091736,0.21061410009860992,4.83381462097168,0.16743880585563542,0.14474176264860128,-1.4204276704707892,-1.2755683843877783,-0.11189217427722631,-1.0193094569709764,-0.7254427576516429
2020-11-09,3.5444554835557938,3.381960391998291,0.18374070525169373,0.21636848151683807,4.8811774253845215,0.16699488522869088,0.12885413652281152,-0.9947673803662322,-1.1811627350474163,-0.07007492134235349,-0.4394698299456188,-0.46767317829065336
2020-11-10,2.4198593199253082,2.479525566101074,0.30299586057662964,0.19054150581359863,4.499878883361816,0.1741676264741577,0.14128476557419234,-1.3061502983404365,-1.1212079686756522,-0.10364193003163491,-1.1791294522151032,-0.9616473894816595
2020-11-11,2.752114951610565,2.409794807434082,0.33468756079673767,0.1850401908159256,4.428727149963379,0.17445071270987317,0.13312735463091407,-0.8180695037240078,-1.0077939946141186,-0.1027163468604484,-0.7093127904661745,-0.8723409627762098
2020-11-12,2.4268372990190983,2.377596139907837,0.3202592134475708,0.1852056235074997,4.432806968688965,0.17427459552249872,0.13606444792263617,-1.1380186753019546,-1.0315101102101516,-0.11417205491953242,-1.0426993035715055,-0.9119993304424083
2020-11-13,2.383712813258171,2.139575481414795,0.34533411264419556,0.18146273493766785,4.430605888366699,0.17378062694812596,0.16366542692791042,-1.2343238195643496,-1.300372779404578,-0.1097938394132223,-1.2799548845497575,-1.3574347416402
2020-11-16,2.263498432934284,2.1134941577911377,0.34316837787628174,0.18003153800964355,4.422987937927246,0.174517619349986,0.15306859196888511,-1.3379450843822287,-1.300897452534905,-0.11839371011418787,-1.3248126564359204,-1.284350425845087
2020-11-17,1.863974679261446,2.1129648685455322,0.34246647357940674,0.1832868605852127,4.473481178283691,0.1749944775900543,0.16436582936868316,-1.8166417051343338,-1.4012473051274932,-0.09903275741796747,-1.8200213389717228,-1.4055246398707917
2020-11-18,1.8248817212879658,2.1053991317749023,0.3354577124118805,0.18307018280029297,4.468822956085205,0.17487940624691237,0.16384118737407127,-1.8164657696578974,-1.3746224850930875,-0.10546874517948668,-1.8214748200056419,-1.3809582182998228
2020-11-19,1.9707096498459578,2.116806745529175,0.35428518056869507,0.18330633640289307,4.4670186042785645,0.17516822612826125,0.15897714698198484,-1.6298540508531527,-1.3314618992013743,-0.08348088250125696,-1.611531288632595,-1.3084354307146988
2020-11-20,2.49969519674778,2.1797068119049072,0.3638758361339569,0.18587899208068848,4.498855113983154,0.17476891245957657,0.16214432052233796,-1.1276073783634706,-1.314285458260482,-0.05926230275181932,-1.099298693682052,-1.2790654445354677
2020-11-23,2.2980489060282707,2.1319165229797363,0.34161296486854553,0.1848568171262741,4.512979030609131,0.17413859606322632,0.16277191238532074,-1.3890177890994888,-1.410057049700025,-0.08762164737969635,-1.3372488755772296,-1.3466563355689543
2020-11-24,2.0871316716074944,1.9733264446258545,0.34143105149269104,0.18262754380702972,4.474241256713867,0.17398828733006969,0.16492115524348117,-1.4965617465101397,-1.4533833410659858,-0.09643464720614614,-1.4968136787214275,-1.453688402769009
2020-11-25,2.1476799696683884,1.9047704935073853,0.31825169920921326,0.18141470849514008,4.5306291580200195,0.1758292493020042,0.1862744664117303,-1.6451701097482925,-1.722841986644489,-0.1303768839538858,-1.6917847147115568,-1.7779397593528934
2020-11-27,2.2192176021635532,1.8789170980453491,0.31010136008262634,0.17855805158615112,4.5340704917907715,0.17545227572011013,0.1874492894190789,-1.640665688144006,-1.797754287443441,-0.15183379780002926,-1.6676333771843557,-1.8294753005529927
2020-11-30,1.965755634009838,1.8658453226089478,0.33779773116111755,0.18144433200359344,4.585096836090088,0.17442957634802433,0.20435624921407447,-1.9887762943310987,-1.9144086967932932,-0.1130107276926291,-2.06314868012155,-2.001158861970338
2020-12-01,1.9449211582541466,1.9700472354888916,0.3682328164577484,0.17824125289916992,4.538235664367676,0.1711173625300674,0.20150278245867737,-1.9122132267586904,-1.696654482087908,-0.08620474488208063,-1.9944272207514029,-1.7931590180006944
2020-12-02,2.4191106855869293,1.9703452587127686,0.3794233500957489,0.16779009997844696,4.5214433670043945,0.17100302221556396,0.20108852948625033,-1.653098816119436,-1.866603755029855,-0.1036114708468781,-1.6695877476870216,-1.8851337307813463
2020-12-03,1.2654954381287098,1.1782920360565186,0.289630264043808,0.16250872611999512,4.352461814880371,0.16538631865075015,0.16250060722110327,-2.369271578447149,-2.2248837397246692,-0.1510764596549899,-2.321912314471885,-2.1742623801817054
2020-12-04,1.2731070928275585,1.172550916671753,0.2988584637641907,0.15864484012126923,4.275525093078613,0.16424425522911237,0.14514069014525732,-2.1500266282028013,-2.0169742473189354,-0.09951190507762608,-2.0456054731917397,-1.9066542135359796
2020-12-07,1.247247040271759,1.1836206912994385,0.33635982871055603,0.1545533686876297,4.1875386238098145,0.16358370852470883,0.12745904615341197,-1.8724010119587469,-1.7073491964220517,0.017350492194886602,-1.7020259845955694,-1.5305617972994376
2020-12-08,1.2468127645552158,1.163991928100586,0.33389171957969666,0.15430638194084167,4.1905131340026855,0.16387417380433433,0.13361072510889815,-1.7453846971770135,-1.6260707787891837,0.07679671815129296,-1.6059156232274923,-1.4824323174230614
2020-12-09,1.2960602715611458,1.1465493440628052,0.33949384093284607,0.15376229584217072,4.183448791503906,0.16283323455505214,0.14279574272285456,-1.533196105635021,-1.5099136698029287,0.16333501755216795,-1.4530566651162475,-1.427992928158043
2020-12-10,1.1975093893706799,1.1866294145584106,0.3345576822757721,0.15706422924995422,4.2072577476501465,0.16340941491323288,0.14638634115542748,-1.629907036464083,-1.4686124737427355,0.13635828503346725,-1.576747711322518,-1.4141206601882415
2020-12-11,1.2687957771122456,1.1952728033065796,0.3118853271007538,0.16086208820343018,4.2386155128479,0.16272175649537507,0.15587642279380798,-1.5724153108382444,-1.5028529013247875,0.11156971348271871,-1.5340001379272876,-1.4660198876655217
2020-12-14,1.1835276558995247,1.222572922706604,0.3043048083782196,0.1628413051366806,4.283941268920898,0.16183489120534295,0.17565338633479566,-1.7538814018566922,-1.5721782664386268,0.07679550184396411,-1.8173947123583116,-1.6330819897490985
2020-12-15,1.4249026216566563,1.205572485923767,0.31079795956611633,0.16213364899158478,4.271494388580322,0.1610902014123853,0.17198520741755352,-1.4263254989881688,-1.5044430595048204,0.09154867412675904,-1.4702476255991068,-1.5463660935750605
2020-12-16,1.1857041865587234,1.1153335571289062,0.3553147315979004,0.15664811432361603,4.142798900604248,0.1578605074639776,0.14066400569547843,-1.182427613897754,-1.1362176732571982,0.2167614714206918,-1.10672011723267,-1.0636959364181902
2020-12-17,1.3748083785176277,1.139285922050476,0.35552600026130676,0.15744823217391968,4.15926456451416,0.1574186525503708,0.1503811692032888,-1.0225507630648973,-1.1298565546994737,0.1958709753211747,-0.9873734974152386,-1.095707461353502
2020-12-18,1.2172180153429508,1.1545121669769287,0.45086050033569336,0.14238734543323517,3.947267532348633,0.15314290983036385,0.10466428186465049,-0.53727879098285,-0.46429140452530526,0.4257083581753218,-0.25354732470382757,-0.18699835114693397
2020-12-21,1.2169021349400282,1.1571877002716064,0.4419512450695038,0.14247667789459229,3.94336199760437,0.15358941527384662,0.10177329071790686,-0.49200895688647517,-0.428613778930504,0.3612375327323798,-0.2232046119307176,-0.16604146723662128
2020-12-22,1.3895737640559673,1.1746424436569214,0.42296862602233887,0.14652453362941742,4.033051490783691,0.15332214676790554,0.13880258631059628,-0.5872016296678093,-0.6844696830989583,0.26946156365880647,-0.5355368885142586,-0.6338466665273959
2020-12-23,1.2004821747541428,1.1978615522384644,0.4455718696117401,0.13881386816501617,3.9329841136932373,0.15261985821608565,0.11598548712374246,-0.46090162580499383,-0.343456365452963,0.30766691919234346,-0.29390083163026914,-0.1797795030941165
2020-12-24,1.1762970462441444,1.2125383615493774,0.4086713492870331,0.13702130317687988,3.9079482555389404,0.15187363107788676,0.11465646219319803,-0.4214983373227059,-0.2499093805263708,0.23452923168724027,-0.2710076987287411,-0.10240506896388224
2020-12-28,1.260926567018032,1.2244422435760498,0.4001685380935669,0.13780875504016876,3.892879009246826,0.15152500508160732,0.11028985988667406,-0.2421189006817852,-0.1672228895682284,0.18208847061013944,-0.1084688006178891,-0.03655626919519328
2020-12-29,1.2300470396876335,1.206819772720337,0.3911173939704895,0.13947221636772156,3.9285385608673096,0.15044097479457957,0.13217253219781122,-0.4044809190442149,-0.3155764766780971,0.13332927756356983,-0.42512453368530867,-0.33565932883588356
2020-12-30,1.202951230108738,1.1812524795532227,0.4167458713054657,0.1400115191936493,3.934441089630127,0.14847696648300018,0.14490196430556612,-0.4376009029413588,-0.36142284761713883,0.13093763847761253,-0.5795422298628077,-0.5015319298629137
2020-12-31,1.5301434844732285,1.3594253063201904,0.5076032280921936,0.13820098340511322,3.7436788082122803,0.1444373317057296,0.08064753478295306,0.675502226722152,0.576047377217682,0.238096365707965,0.789575744971571,0.6871130302226757
2021-01-04,1.3320956267416477,1.339547038078308,0.5050713419914246,0.13795576989650726,3.7227277755737305,0.14363314375414718,0.08065864962103997,0.4878803716015252,0.5687962048269135,0.20566029236092392,0.5548921830302934,0.6340675456595476
2021-01-05,1.2003958150744438,1.0909780263900757,0.08673607558012009,0.1394861489534378,3.7820165157318115,0.1454890088440976,0.10593663666064257,0.0642681351264307,0.03862843467703403,-0.2541941786287042,-0.02407979681066319,-0.04748372736594719
2021-01-06,1.1512890569865704,1.068861961364746,0.05539190024137497,0.13489559292793274,3.7945992946624756,0.14700447575703404,0.10486504694370136,-0.15790914908897147,-0.14228939324653656,-0.28018702477799906,-0.1382873323525331,-0.1231636254881201
2021-01-07,1.426015816628933,1.102015495300293,0.08428896218538284,0.131456196308136,3.7272331714630127,0.14846511658752656,0.10540397496871046,0.36963330159214536,0.13476510435253974,-0.21362964063437406,0.2860178053182614,0.053253669351732036
2021-01-08,1.0673802755773067,0.9779224991798401,0.09128985553979874,0.134964719414711,3.7960731983184814,0.14790762841563826,0.12600707322828097,-0.2583742861498086,-0.23554641003762544,-0.20945017177336878,-0.4450773562845025,-0.41772938696260686
2021-01-11,1.296710066497326,1.0185225009918213,0.11868491768836975,0.1324540674686432,3.777306318283081,0.14857282009811043,0.13569692354945118,0.020284292826110217,-0.1455607976725748,-0.16632405071524836,-0.24953471578567576,-0.4089396461790451
2021-01-12,1.1332153007388115,1.0044231414794922,0.13717466592788696,0.13696421682834625,3.8572258949279785,0.14899078330322546,0.17045638891237058,-0.4084935133645624,-0.4090729583004489,-0.15744621906024148,-0.8864785274646989,-0.8699042655690064
2021-01-13,1.2106136567890644,1.0027512311935425,0.13898083567619324,0.13773688673973083,3.8652865886688232,0.149466742642938,0.17294225468338498,-0.32463711811358476,-0.40432028846999657,-0.14844948338236674,-0.751331338895532,-0.8146485426170944
2021-01-14,1.3709082677960396,1.0254608392715454,0.13269993662834167,0.13485363125801086,3.8240342140197754,0.14994080940277288,0.1666642382654906,6.460203873182024e-05,-0.21488282623089638,-0.13404979293388042,-0.3144109847594567,-0.5111001060507698
2021-01-15,1.2073377817869186,1.101449966430664,0.13515830039978027,0.13059566915035248,3.7824130058288574,0.14921392389721497,0.16809719496900122,-0.018232317061864123,0.02154311375293183,-0.10929713748506686,-0.20020899637717093,-0.1286210516096702
2021-01-19,1.2733705751597881,1.0895031690597534,0.13683491945266724,0.13200005888938904,3.8184354305267334,0.15059290256842342,0.17060910368820836,-0.02968665556511496,-0.07226045059148944,-0.105333541394244,-0.21043853713464955,-0.22147529565245527
2021-01-20,1.2118414752185345,1.0888278484344482,0.13254094123840332,0.1312721073627472,3.810913324356079,0.14983161763182742,0.17610615704517607,-0.0981041149059596,-0.07595900114983678,-0.10688153988123927,-0.2805822194432608,-0.22398559932461914
2021-01-21,1.2962323538959026,1.0853902101516724,0.11957891285419464,0.13172192871570587,3.7969908714294434,0.15039935223332046,0.163082929968989,0.15849945789375752,0.0847676043754575,-0.09630134634645238,0.026020727770752927,-0.022276688399111677
2021-01-22,1.1161813773214817,1.0987465381622314,0.13040117919445038,0.13309934735298157,3.7986490726470947,0.1502115303158193,0.1655311031084924,0.03072079542210915,0.14701241260211617,-0.07579634892564835,-0.09513807147882147,0.04771084411349591
2021-01-25,1.3139347694814205,1.2381571531295776,0.15452724695205688,0.12612797319889069,3.574887990951538,0.14807097807240027,0.09671696266820107,1.3789602870812487,1.3962570212155399,0.057146084644501105,1.359749774673686,1.3809477288811625
2021-01-26,1.4910390339791775,1.2434990406036377,0.16823621094226837,0.12880516052246094,3.5988354682922363,0.14772871462400353,0.10626378231084954,1.373063034693363,1.2218777350094712,0.04808265936481604,1.326761814275308,1.1843887266222435
2021-01-27,1.7429621443152428,1.764180302619934,0.23192884027957916,0.10038848221302032,3.177424907684326,0.13910318578616676,-0.0023011693998538085,2.7310244876804557,2.85149322149136,0.20023059294985002,2.951250723040671,3.0315843232170856
2021-01-28,1.617346964776516,1.5842632055282593,0.1774846762418747,0.10928650200366974,3.380713701248169,0.14043462555782601,0.08887906307921101,1.393970708353958,1.4784219397275784,0.018780513544105926,1.3887443554646612,1.4755398939333997
2021-01-29,1.789311919361353,1.6216678619384766,0.19293172657489777,0.10337674617767334,3.3176722526550293,0.13900104897271465,0.07699437937864284,1.5520003800631876,1.4936205186204177,0.03247043449824094,1.5635380579747835,1.5001735600552486
2021-02-01,1.5694267563521862,1.6478077173233032,0.18432043492794037,0.09878116101026535,3.3213422298431396,0.1388128604259755,0.09060920376759818,0.9832044375140363,1.1887467875253162,8.297578437099773e-05,0.9886813613445238,1.1916494873635202
2021-02-02,1.6892778612673283,1.6100637912750244,0.2101181000471115,0.10320354998111725,3.2787082195281982,0.13945410163244934,0.04498645877431362,1.5579551854032552,1.575703633213589,0.058693897941258566,1.5979147256146184,1.5946494069754706
2021-02-03,1.2632030136883259,1.5087778568267822,0.1999727189540863,0.09040962159633636,3.3842670917510986,0.1361203646499566,0.05466946688237262,-0.5649344918022265,-0.16539800795554527,-0.07952246345931702,-0.539478052941428,-0.20037152871424802
2021-02-04,1.6070125550031662,1.9614537954330444,0.14217114448547363,0.0869579091668129,3.4160404205322266,0.13367224740133182,0.04262971492623224,-0.8083573846243333,-0.3237888818150232,-0.16338822632886751,-0.8815737857574888,-0.5238635226228769
2021-02-05,1.6457823403179646,1.9970823526382446,0.18372087180614471,0.08210568875074387,3.4435806274414062,0.13342140653904386,0.03739052509362828,-1.136512513366288,-0.6857075415350344,-0.11782109160753151,-1.1615342121264796,-0.872979776339248
2021-02-08,1.4465324357151985,1.485219120979309,0.31845301389694214,0.10235126316547394,3.6297051906585693,0.12594680086251553,-0.05162193946209315,-2.2689077313938277,-2.141345913427825,-0.22975849567477002,-2.1354068690309713,-2.3621673141929005
2021-02-09,1.1866760551929474,1.2492812871932983,0.3049849569797516,0.11387138813734055,3.735028028488159,0.1252972392146572,-0.011616370504398343,-2.5669854325685613,-2.4088310660405803,-0.29967149574898055,-2.05860287887916,-2.0983784933101504
2021-02-10,1.0854437686502934,1.2148962020874023,0.31223347783088684,0.11532386392354965,3.7648396492004395,0.12492850115038462,-0.006488328918623498,-2.567580611220709,-2.3544931388059958,-0.28556121375374666,-1.834559670145671,-1.8009185900300135
2021-02-11,1.4070284515619278,1.3871698379516602,0.31749585270881653,0.11646470427513123,3.642324924468994,0.12314472145420902,-0.07970702118834949,-1.289383261818294,-1.2656877027242306,-0.2276202494436621,-0.10802490463215086,-0.3289203357610937
2021-02-12,1.5558557398617268,1.3366389274597168,0.30161458253860474,0.12101094424724579,3.720264196395874,0.12171062443000664,-0.04312640240862908,-1.4858356784656745,-1.6586402422059265,-0.28434494153142786,-0.5520354519200712,-0.8776016415257999
2021-02-16,1.572716936469078,1.4491724967956543,0.2899039089679718,0.11447404325008392,3.6337101459503174,0.12128249852126395,-0.08222806049340181,-1.0718663815872826,-1.1490877882743575,-0.23029746584504296,0.08748922300260986,-0.14430957411786594
2021-02-17,1.6606791503727436,1.4770355224609375,0.2958742678165436,0.11701060086488724,3.601897716522217,0.12212718311666045,-0.09671164878705785,-0.6327907589186168,-0.7684492614538048,-0.18072978646341098,0.4576981443541257,0.19399890540227283
2021-02-18,1.6557503566145897,1.6322741508483887,0.3315233588218689,0.11442949622869492,3.556410789489746,0.12157972944274333,-0.10442853364633331,-0.477904854886809,-0.44208070523868415,-0.1154958625969773,0.5360824182346118,0.46503499161275386
2021-02-19,1.469019092619419,1.6017862558364868,0.3684826195240021,0.11737047135829926,3.590993881225586,0.12222774695256299,-0.0955037633703617,-0.7628576005513672,-0.5520476047953533,-0.07918719095476567,0.13209646640653716,0.24402556810561293
2021-02-22,1.8146834932267666,1.7200818061828613,0.38783761858940125,0.11727660149335861,3.533895969390869,0.12282626204583447,-0.1166101931473229,-0.06503031267396686,-0.10191360987665021,-0.01742109415047821,0.8562962281478477,0.7148701668076551
2021-02-23,1.9612159356474876,1.9846094846725464,0.37873542308807373,0.10784833133220673,3.3456904888153076,0.12511836244789476,-0.23721371867705865,0.9939533485493985,1.056658499171407,0.09822261112580022,2.648282795720565,2.526336904993318
2021-02-24,2.285548582673073,2.187547445297241,0.35729965567588806,0.10735688358545303,3.205843687057495,0.12268785300137015,-0.3360594471767133,1.7563807008533292,1.6761338773042898,0.11457837018997319,3.351327060475498,3.064721883995233
2021-02-25,1.9405619464814663,2.0575034618377686,0.37852007150650024,0.11077596247196198,3.290435314178467,0.12342342664778064,-0.28572184092445085,0.91538968444857,1.0714425525531528,0.09734624605675268,1.763378051547729,1.7910431125497759
2021-02-26,1.9233909584581852,1.6331852674484253,0.4086384177207947,0.14432643353939056,3.569887638092041,0.12901488340280112,-0.1549120221906215,0.0930793611442855,-0.10248466902320708,0.057471660961018856,0.30635498353104396,0.0711544378018445
2021-03-01,2.1137303672730923,2.0099191665649414,0.6384330987930298,0.13038931787014008,3.533140182495117,0.13328662020774337,-0.0678469989667494,0.6374080836691682,0.6048568556538179,0.35797941715121073,0.688509813966105,0.6473521274862879
2021-03-02,1.9109288267791271,1.9806104898452759,0.6463509798049927,0.1258184313774109,3.44242787361145,0.13465791053566664,-0.09618011503388546,0.7888932671342168,0.9038980205507201,0.41614630371884376,0.9055732704062027,1.002639099266732
2021-03-03,2.228684976696968,1.918442726135254,0.6644802689552307,0.1281307339668274,3.4814677238464355,0.1355987208213363,-0.0748096254657602,0.8945895764742282,0.6498374938460962,0.4058043023253868,0.9530834298416693,0.6989457011292064
2021-03-04,2.097709134221077,2.050640106201172,0.7694607973098755,0.12855617702007294,3.4694464206695557,0.1371286993287773,-0.07327355588727724,0.75366768547822,0.8057985448902407,0.5152653413731358,0.7993943202637128,0.8441019585111338
2021-03-05,2.4746148213744164,2.2827329635620117,0.8139871954917908,0.125487819314003,3.4057586193084717,0.13938989006781596,-0.1198231884060652,1.3721293691361947,1.2831938036700272,0.5863885346072124,1.5940273235836457,1.4688467901990254
2021-03-08,2.9728114157915115,2.827036142349243,0.46418851613998413,0.1337054967880249,3.492640256881714,0.14058637240063637,-0.11381163722418375,1.3515671417003592,1.3686389016844096,0.16486698112654374,1.5426082464155897,1.5276658310687026
2021-03-09,2.68752870708704,2.475302219390869,0.3936740756034851,0.13873325288295746,3.5286612510681152,0.14265182351548755,-0.1237351135459257,0.9022865645250491,0.8560195602970566,0.09100021573957084,1.1164183276341104,1.0317542018295764
2021-03-10,2.5284385085105896,2.532334804534912,0.4134141802787781,0.1379392147064209,3.5097575187683105,0.14468962450518666,-0.12804350189290692,0.8616543960194649,1.0333221264389758,0.14586862954710145,1.0823090643137965,1.2133999218355989
2021-03-11,2.650851286947727,2.5589864253997803,0.4635621905326843,0.13860264420509338,3.5271191596984863,0.14438923671187895,-0.10120182227740693,0.8688370706001081,0.9321015282342424,0.17697069593092696,0.9937183573981994,1.0312952820376875
2021-03-12,2.58766258507967,2.380911111831665,0.46753883361816406,0.14206856489181519,3.604789972305298,0.14548266574271213,-0.0799918525848693,0.6207779016851669,0.5631705438386954,0.15632769285314874,0.7291332639916899,0.6477214186206668
2021-03-15,2.34202641248703,2.2825605869293213,0.3912510573863983,0.14142870903015137,3.5829720497131348,0.1465961607259187,-0.10707457795412312,0.43710362426779437,0.5440599690360353,0.08936111802914204,0.6200316038519533,0.6885672064266783
2021-03-16,2.7805465161800385,2.4594829082489014,0.40400731563568115,0.1372876614332199,3.4956657886505127,0.14582594447770902,-0.14035517531790243,0.9840685885404339,0.823977876703176,0.11176669813525408,1.1967319832189647,0.9883970000153433
2021-03-17,2.4215994849801064,2.418503999710083,0.39724069833755493,0.1385176181793213,3.5047802925109863,0.14626674551295163,-0.13900360961426617,0.47591166277614505,0.6719781305282932,0.08970844529759026,0.650418681480843,0.8086217665168802
2021-03-18,2.615618221461773,2.494393825531006,0.3998333513736725,0.13565963506698608,3.464768409729004,0.1459526502001162,-0.1530037080728479,0.7074083518416101,0.773494046167122,0.09182556757603588,0.8837369128990229,0.9064460434185695
2021-03-19,2.384577512741089,2.0111608505249023,0.2854295074939728,0.1509956568479538,3.588210344314575,0.15463528700637494,-0.17300226657730855,0.18352887280591723,0.02531701206408954,-0.02798848823194544,0.40842046065486914,0.18395749073658996
2021-03-22,2.1285011395812035,2.1620891094207764,0.30156210064888,0.14895415306091309,3.5292272567749023,0.15509052741003293,-0.22676293507276246,-0.026091729039325884,0.2378039052969818,-0.0026697070496387587,0.24284811546528107,0.42508741566687025
2021-03-23,2.2124661803245544,2.130624294281006,0.304530531167984,0.1496598869562149,3.524034261703491,0.15503028227526197,-0.2285586912004116,-0.0031363061713567397,0.0981810630351001,-0.013321060638127102,0.2240918948747639,0.2377754455822898
2021-03-24,2.250282846391201,2.0518577098846436,0.27167561650276184,0.15165013074874878,3.609410285949707,0.1588818827636532,-0.16037099197666382,0.21351404682523523,0.175353128990698,-0.01643218353710596,0.36032421851358953,0.2597858651783276
2021-03-25,2.2419263161718845,2.1737759113311768,0.25718435645103455,0.14567866921424866,3.517504930496216,0.16120245847346865,-0.2536946494165233,0.542253741032904,0.6101601459356161,0.009167110184333138,0.7967946816429028,0.7421052068424707
2021-03-26,2.2538316547870636,2.276876211166382,0.273905485868454,0.14367401599884033,3.4869019985198975,0.1627586285721957,-0.2930629825997675,0.6582213018525689,0.8014150710575407,0.04057437393171104,0.8628424683911562,0.8657874533673224
2021-03-29,2.3633331060409546,2.0887887477874756,0.2798108458518982,0.15100529789924622,3.6067309379577637,0.16434210334083285,-0.23834933732060137,0.45072926351,0.3056153289646404,0.012751731500462271,0.5282626360217417,0.27875588953346164
2021-03-30,2.216622471809387,2.1382510662078857,0.2855781614780426,0.1507362425327301,3.5948944091796875,0.16486342617415742,-0.24677931818797738,0.2528426810444824,0.3048641323128214,0.006386693823143719,0.28340984668576263,0.23944789309934822
2021-03-31,2.1533808186650276,2.1753175258636475,0.2777986526489258,0.14983943104743958,3.598520517349243,0.16572805415798253,-0.23812115527721933,0.20711635579596788,0.3553057036439986,-0.007914758465731753,0.19957726620900562,0.2617146707735627
2021-04-01,2.6921815276145935,2.2902650833129883,0.22989484667778015,0.15213410556316376,3.6090807914733887,0.16375695314031838,-0.22760358810806025,0.4742691637981782,0.2104667346821394,-0.09320516550301583,0.4515918038521445,0.12082167157864232
2021-04-05,2.4391798973083496,2.285680055618286,0.306242972612381,0.16168557107448578,3.6750760078430176,0.16403335669622218,-0.24064449458856552,-0.22023908257717384,-0.18157128386963262,-0.04471301599989963,-0.2630189495056623,-0.2735228730026593
2021-04-06,2.7416862919926643,2.379098653793335,0.3337063789367676,0.16406680643558502,3.729090929031372,0.16369685005592355,-0.25898081223230784,0.042992016818541146,-0.12915741339027598,-0.015705709206894847,-0.02860404060112387,-0.263039376784719
2021-04-07,2.358485609292984,1.7649024724960327,0.19598136842250824,0.16518929600715637,3.7522501945495605,0.1631301030818618,-0.24316818160845366,-0.3643142637215737,-0.7612036266775384,-0.14778224041931626,-0.4503698766154818,-0.8896872033777075
2021-04-08,2.596663124859333,1.854968547821045,0.1959066540002823,0.1705089807510376,3.8259806632995605,0.16159039775169626,-0.2012920760177046,-0.2767719970442126,-0.7971647437625409,-0.1422293429982444,-0.32296871102296265,-0.8637713798499034
2021-04-09,2.893905997276306,1.9069736003875732,0.19602690637111664,0.16824214160442352,3.776576280593872,0.1612283072016619,-0.2238115120864841,0.058104344096392424,-0.6816374587574083,-0.14125225415010478,0.007146811423929478,-0.7516460755727619
2021-04-12,2.815149039030075,1.9247673749923706,0.19781824946403503,0.1676538735628128,3.758420705795288,0.16060595208915873,-0.23380671053610858,-0.031330815263190814,-0.6404494861914802,-0.1367523176509452,-0.0852520820993834,-0.7071479144674231
2021-04-13,2.7390540093183517,1.880275011062622,0.21906577050685883,0.1681901216506958,3.7726900577545166,0.16001781031994244,-0.2322374702388348,-0.11892124733766707,-0.671286865788923,-0.11024318023051422,-0.17307341908446405,-0.7344028078862248
2021-04-14,2.44556824862957,1.9050027132034302,0.25787562131881714,0.1709417849779129,3.8086788654327393,0.1600314877519931,-0.23315036199160355,-0.464029698521641,-0.67300698393124,-0.0684503984158989,-0.5204058231712714,-0.7342599533903318
2021-04-15,2.782642088830471,1.9845597743988037,0.283462256193161,0.16828523576259613,3.746061325073242,0.15984289999892232,-0.2523217022331723,-0.0847546391004621,-0.5320041935738637,-0.044923188396634284,-0.13762335022211047,-0.5890855862078412
2021-04-16,2.6855447217822075,2.0476832389831543,0.3274775743484497,0.17256714403629303,3.776527166366577,0.16067757458132964,-0.23607951435657437,-0.2867825116730547,-0.5333261781982324,-0.0024097197881812193,-0.31337352173006217,-0.5610146728180578
2021-04-19,2.7446604818105698,2.0277414321899414,0.3290252387523651,0.17196424305438995,3.7604713439941406,0.15969371817601732,-0.2552047915136191,-0.22478047085774344,-0.5372190978708287,-0.004740700054213454,-0.2610567555414449,-0.574350878565407
2021-04-20,2.5028337091207504,2.031076192855835,0.3364698588848114,0.1727910041809082,3.7666263580322266,0.1597632678783395,-0.2507517605957008,-0.4691073194002433,-0.5222088133971514,0.0011773829933441893,-0.49817716023894354,-0.550747799779324
2021-04-21,2.479866571724415,1.986328363418579,0.3352128863334656,0.1721453219652176,3.757965326309204,0.15978411080665011,-0.26048961204227683,-0.451501054726565,-0.5253218839314839,-0.0008219571013847182,-0.4887660201176205,-0.5617375732455931
2021-04-22,2.7924049347639084,2.0166337490081787,0.31276780366897583,0.17084111273288727,3.7625200748443604,0.16042209005654612,-0.24080131603475396,-0.042096447983173135,-0.4115352575652982,-0.020241294510813967,-0.07347045197994628,-0.4414219365590517
2021-04-23,2.8654741272330284,2.015748977661133,0.3017871379852295,0.17013180255889893,3.768338441848755,0.16075301229023484,-0.2347317723217719,0.07984284781007567,-0.3596169012061785,-0.028926211316435024,0.04416461728961529,-0.39298971274575667
2021-04-26,2.9610005915164948,2.0544943809509277,0.3127620220184326,0.16851766407489777,3.7047007083892822,0.15905795520204075,-0.27664431812485235,0.12069775062634935,-0.3380240769641656,-0.025278031676901125,0.07418517715157602,-0.3811664143215716
2021-04-27,2.7621038779616356,2.0391504764556885,0.31211280822753906,0.16886006295681,3.7075254917144775,0.1589134018748406,-0.27098791006702005,-0.09117532911745396,-0.345395037090686,-0.027370341871935322,-0.1275774077877898,-0.378977329301482
2021-04-28,2.760390542447567,2.0546858310699463,0.310531884431839,0.16663122177124023,3.6695103645324707,0.1577041509650926,-0.2777046609138776,-0.08093447695429434,-0.30272106998536996,-0.03178632192918096,-0.11019130679386846,-0.3306604195393468
2021-04-29,2.7650460228323936,2.147312641143799,0.32777100801467896,0.15846586227416992,3.5999321937561035,0.15544560146010675,-0.291236703063376,0.09742255654711318,-0.0692275124660906,-0.011216465849950785,0.03426057091931112,-0.13045506389760497
2021-04-30,3.121215485036373,2.240870237350464,0.3378664553165436,0.15964540839195251,3.616631507873535,0.1547864876612812,-0.2692488765469603,0.4228585955502844,-0.0006410611040643666,-0.004115601800183111,0.3892811729904917,-0.032307145351145206
2021-05-03,3.134328491985798,2.1896259784698486,0.3178732991218567,0.16104190051555634,3.665933609008789,0.15569606538116657,-0.25684065389601796,0.45845933984245457,-0.033402905819995166,-0.02057111582480825,0.41001000329620485,-0.07970035258445662
2021-05-04,3.11807182431221,2.27429461479187,0.33640041947364807,0.16411027312278748,3.726680040359497,0.15495405831500886,-0.20999987305028323,0.3997262300304265,0.015876436997039445,-0.005943257456516027,0.4070985095603561,0.022839861245972592
2021-05-05,3.0287733674049377,2.359670400619507,0.3588797152042389,0.16284805536270142,3.719560384750366,0.1554108124188854,-0.21234926217073946,0.34806843445048186,0.1394290799493394,0.019834865681860103,0.33988949268405166,0.1316099825167747
2021-05-06,2.609773375093937,2.2158846855163574,0.11566510796546936,0.1568233072757721,3.650979518890381,0.1548895734400623,-0.23635952267619076,0.030531124290346767,0.07693275433506663,-0.21790505981571007,-0.025293980290140183,0.023202337484003355
2021-05-07,2.4382358342409134,2.229318141937256,0.11367668211460114,0.15703478455543518,3.667365312576294,0.15533444561529502,-0.22399709197186612,-0.11886593608315277,0.10322454030709105,-0.21451768768988555,-0.16917717734547644,0.05377594031886801
2021-05-10,2.5542043671011925,2.250554323196411,0.11646516621112823,0.15785278379917145,3.7098958492279053,0.15609553213369215,-0.19839011213332047,0.04547177086395715,0.14956283316548857,-0.20571366733256974,0.0013621954298610461,0.10533332941157791
2021-05-11,2.580412767827511,2.2861335277557373,0.12808910012245178,0.16141362488269806,3.748887062072754,0.15725455154141732,-0.19599129024820483,0.02180788247791421,0.15381481830638943,-0.19524240347626398,-0.01589547886804432,0.11532657408465408
2021-05-12,2.653914600610733,2.377330780029297,0.12644033133983612,0.16153040528297424,3.7393782138824463,0.15719882569931706,-0.19268962888091012,0.08270765752244102,0.24376574439139498,-0.19667755037082185,0.0628708957030164,0.22314973167948438
2021-05-13,3.126018814742565,2.579763412475586,0.15547938644886017,0.16977721452713013,3.922266721725464,0.15962636939717983,-0.12360018947028206,0.6308293275664703,0.5252736183507398,-0.18694615358045608,0.6437538998414434,0.5388860646998022
2021-05-14,3.2447184026241302,2.8191311359405518,0.1638835221529007,0.16825279593467712,3.9355688095092773,0.16104910975821182,-0.09369092157338788,0.8239385623923319,0.8089969692556589,-0.16157819598121748,0.8414488637248363,0.8276790022904794
2021-05-17,3.322238251566887,2.988083839416504,0.2120206654071808,0.17429813742637634,4.035371780395508,0.16230303092621567,-0.07350569815131136,0.8851944562100327,0.9876235451507851,-0.12552734228881057,0.9149523181697692,1.0193338004797903
2021-05-18,3.4236220568418503,3.03379225730896,0.23502188920974731,0.17510248720645905,4.050677299499512,0.16188097030055862,-0.07167167601011193,0.973347940768214,1.0297209346048692,-0.10533287093754673,1.005985383850713,1.064653411074857
2021-05-19,3.2529953569173813,2.9532272815704346,0.24336323142051697,0.1813061237335205,4.11515474319458,0.16024222347329442,-0.0817108645097182,0.6798139449932457,0.8930619435528313,-0.12500619572003235,0.7344091239933936,0.9514747385402407
2021-05-20,3.056235395371914,2.993119478225708,0.2571239173412323,0.18455618619918823,4.175662517547607,0.16121979406297438,-0.0764384744459028,0.4657540110988183,0.9166144708198414,-0.11013897491306124,0.503710659381889,0.9570443310958052
2021-05-21,4.030234187841415,3.3127870559692383,0.28130343556404114,0.18374256789684296,4.199471950531006,0.16147995930776798,-0.04409525436560702,1.491245580590654,1.2539437184584483,-0.07627300300577683,1.5441956152887113,1.3100994331420388
2021-05-24,3.1750486195087433,2.9777679443359375,0.24662171304225922,0.1635875552892685,3.9366180896759033,0.156956646734564,-0.13622168360460352,0.8076008961291707,0.9845564203785773,-0.07331806731526114,0.7143335911413322,0.8842031880533865
2021-05-25,4.323198661208153,4.052359104156494,0.6953055262565613,0.18003197014331818,4.101140975952148,0.15357075281418692,-0.1285761602469555,1.5684782331105378,1.8464286127058092,0.31112230069541735,1.584250506382919,1.8635520397280536
2021-05-26,4.463193729519844,4.214204788208008,0.7667694091796875,0.18673022091388702,4.187411785125732,0.15080706122704074,-0.12373720428991075,1.4639921436745809,1.8092749415018243,0.32515461887467834,1.517791846982671,1.8675865520567543
2021-05-27,4.591302782297134,4.2729692459106445,0.7525152564048767,0.18487653136253357,4.17364501953125,0.15022234732262352,-0.12458513100094981,1.506505613482532,1.7382191113628398,0.2844625318845362,1.5436203586388992,1.7781997644512924
2021-05-28,4.316497817635536,3.9496021270751953,0.675021231174469,0.18185332417488098,4.09664249420166,0.14840254668453606,-0.1809931676366059,1.0701797563239168,1.2420517437653205,0.18409870391607708,1.0596285228365971,1.230697899418642
2021-06-01,3.941624790430069,3.547060966491699,0.6240713000297546,0.1836804747581482,4.044897556304932,0.1451274667161784,-0.25853675626820993,0.3549316319436535,0.5416813968639449,0.08411028674049381,0.31889056131991467,0.5028583645344171
2021-06-02,3.481560006737709,3.750779151916504,0.6524221897125244,0.1795583814382553,4.027485370635986,0.14416034324778665,-0.24341696617928843,0.0017070768771443312,0.7954864464319016,0.11545266950277489,-0.039001654025512256,0.7510772251463411
2021-06-03,4.1236046105623245,3.524869203567505,0.6083238124847412,0.17406907677650452,3.9330196380615234,0.1419221255047551,-0.26658800440778685,0.677305415055085,0.5313497066375197,0.07051286999408235,0.6355927225356393,0.4850864804111783
2021-06-04,3.721401035785675,3.309007406234741,0.5535429120063782,0.17439809441566467,3.938244581222534,0.14031390899075163,-0.29416952586070755,0.17415607968292957,0.22541087543657845,-0.0062037574350252145,0.10263876094383617,0.1470269420631971
2021-06-07,3.506202131509781,3.297192335128784,0.0824461355805397,0.1756388545036316,3.964266777038574,0.14079216730555041,-0.27608035615726334,-0.06341694470021775,0.19199264483584777,-0.4800731409052158,-0.10519568377279764,0.14304372065714466
2021-06-08,3.721106857061386,3.420290470123291,0.06727565079927444,0.17385296523571014,3.9119582176208496,0.1394566451988733,-0.2797226036354523,0.10100765572959336,0.25498231379031555,-0.4686319252786755,0.08926392806883587,0.24114198587766733
2021-06-09,3.534583792090416,3.3778953552246094,0.11996093392372131,0.17725329101085663,3.9427037239074707,0.13811227163065762,-0.2990770778279823,-0.2503121533570116,0.05778795824762195,-0.4117905303867001,-0.26237759333866606,0.04357436885024102
2021-06-10,3.5946699678897858,3.3815407752990723,0.11555609852075577,0.17669342458248138,3.9519762992858887,0.13789608327687136,-0.3023370110184094,-0.13290680399297816,0.08477540577664655,-0.38776078028212835,-0.16113817437425038,0.051606223819440356
2021-06-11,3.518099531531334,3.3289074897766113,0.11387450993061066,0.17504891753196716,3.9307644367218018,0.13772171073498465,-0.2990557687027402,-0.16370367089794335,0.05668386397547476,-0.3616664893301418,-0.18432443308129765,0.032436391967552325
2021-06-14,3.743691384792328,3.356276273727417,0.11909696459770203,0.17477019131183624,3.922006368637085,0.1378863889827904,-0.30231580590414486,0.07469673024951096,0.08629967272352523,-0.33482682561991683,0.05544178951377399,0.06352046502883324
2021-06-15,4.011854633688927,3.7832226753234863,0.22640776634216309,0.15270644426345825,3.795778751373291,0.12910745693682948,-0.17749813722050534,0.9144918093943017,0.9043012309776604,-0.2042853312842275,0.9709604748364438,0.9702714738353353
2021-06-16,3.7996068596839905,3.6678428649902344,0.25528839230537415,0.153726264834404,3.8202037811279297,0.12822461194629317,-0.14670441557154112,0.6244855554213551,0.7058226593971604,-0.17196312922441637,0.7182573380847477,0.8153579585497881
2021-06-17,4.312468439340591,3.8120155334472656,0.2971383035182953,0.15735363960266113,3.9050815105438232,0.12877512201117705,-0.15038607817604333,1.095962539112671,0.7996244404458723,-0.12279139779271842,1.1395406839279398,0.8500806293657446
2021-06-18,4.175162613391876,3.7018208503723145,0.3811452388763428,0.15049467980861664,3.857726812362671,0.12723749104613571,-0.11476898139803149,1.1080004837784845,0.8057584630874075,-0.025337026451070832,1.163335155995842,0.8709120208616827
2021-06-21,3.6814073622226715,3.313213348388672,0.3826632499694824,0.1505073755979538,3.865273952484131,0.12623085387362384,-0.1314164174731658,0.5342942115902005,0.34609897458702577,-0.026590596017563584,0.5634942535594063,0.38126736610736245
2021-06-22,2.977416604757309,3.0159730911254883,0.5495792627334595,0.15083229541778564,3.9391942024230957,0.12593844306043722,-0.09352142242313977,-0.11226360655655299,0.08487992113006104,0.14748738449559978,-0.09595953345286823,0.1046805699393083
2021-06-23,4.0378439873456955,3.378467559814453,0.5365222692489624,0.1422004997730255,3.8546338081359863,0.1233599179043243,-0.06561714526296192,1.1556821184133135,0.5930073599982606,0.13041876030435084,1.1946584475462672,0.6400116289204787
2021-06-24,3.1891695261001587,3.261960506439209,0.5524802207946777,0.14106115698814392,3.8358654975891113,0.12219296824530079,-0.06328143157109545,0.23570032824605391,0.4268252310528369,0.1354384234768315,0.2842838464798545,0.4869744012847783
2021-06-25,3.708481118083,3.3968732357025146,0.5341817736625671,0.14263983070850372,3.85849666595459,0.12088274371702873,-0.04605799178687131,0.6443301845639029,0.4450670621938384,0.10194072711959778,0.7173098091447194,0.5348143205168943
2021-06-28,3.7158026844263077,3.420271396636963,0.5532623529434204,0.14416518807411194,3.868734359741211,0.12006725767293773,-0.052920651391525686,0.5254741589105603,0.36175925540832266,0.10689640096245867,0.5966539501231005,0.45103566994095523
2021-06-29,3.5356688499450684,3.2956769466400146,0.6728914976119995,0.1260460764169693,3.7098920345306396,0.11819000052968823,-0.0031810398028659925,0.9237303504873156,0.7101814592062645,0.24968432884534753,0.9886922354399497,0.7928891660350681
2021-06-30,3.3471075519919395,3.0901567935943604,0.6137713193893433,0.13036830723285675,3.739612102508545,0.11592721894202834,0.015053971245597597,0.4305234596582572,0.23620003806371148,0.15107671210884166,0.5362457004418166,0.37553361820677855
2021-07-01,3.523331865668297,3.1368660926818848,0.6314476728439331,0.12922444939613342,3.733579397201538,0.11577060277008597,0.027095874100084516,0.6273204411251694,0.3040884367840073,0.16393552747567286,0.7232474307669303,0.4371833287780613
2021-07-02,3.51130348443985,3.085078239440918,0.6430696249008179,0.13022227585315704,3.7364704608917236,0.11563203946326656,0.032743886809934786,0.5350940497633423,0.19557121045245074,0.16324500328125713,0.6200144979555589,0.3273779570086375
2021-07-06,3.1934109032154083,3.0190956592559814,0.6652413010597229,0.1296922266483307,3.7140634059906006,0.11556030397555037,0.034385125963535046,0.18867145547133646,0.11932882647237575,0.1750370638422717,0.252056330502632,0.24125543614625622
2021-07-07,3.081860139966011,2.7168328762054443,0.1761668175458908,0.127268448472023,3.7224538326263428,0.11726026145485376,0.06492520834151261,0.2536995910267392,-0.027536192396054204,-0.28906771819384347,0.2865319596009579,0.06541517262556296
2021-07-08,3.00724521279335,2.8128559589385986,0.17945873737335205,0.12705178558826447,3.747575521469116,0.11821479357678208,0.07854452834839798,0.23454611223176158,0.12405797249797734,-0.25948181460669606,0.23997081978686818,0.18957368315896295
2021-07-09,3.012498840689659,2.639148712158203,0.186017245054245,0.12371615320444107,3.705350399017334,0.11831743201316179,0.08388320199927879,0.3441121438836059,0.041998535991755404,-0.23990421218910019,0.3387749749033402,0.09883265857136969
2021-07-12,3.0623500868678093,2.6222667694091797,0.22649751603603363,0.12545938789844513,3.7686572074890137,0.11800027831600376,0.08222131107468034,0.33973033213364756,-0.025662136564253757,-0.18550402155081958,0.3293856248485372,0.008876350055881499
2021-07-13,3.2385510057210922,2.814377784729004,0.31194689869880676,0.11452306807041168,3.7189276218414307,0.11647969810134243,0.08769133002668716,0.8716060422185086,0.45067514503654227,-0.06708971582205636,0.8670364226117404,0.45701576136779565
2021-07-14,3.7165676206350327,3.1132895946502686,0.33069923520088196,0.11463791877031326,3.7508108615875244,0.11741343973795984,0.08884359213101023,1.3562215532975852,0.7602919900677438,-0.03186127176314579,1.3585981935781937,0.7583425546936189
2021-07-15,3.514080487191677,3.38568115234375,0.37420472502708435,0.11042916774749756,3.767467498779297,0.11850601935919786,0.0986317389337007,1.2904875397770272,1.1524786530594056,0.04401954461583457,1.3138289635959493,1.1440586927254661
2021-07-16,3.694010764360428,3.4679815769195557,0.3718670904636383,0.1111108586192131,3.7989046573638916,0.11817217362101196,0.1048788653652113,1.3377406185972838,1.1061579991160082,0.03960177169660872,1.3649914171704283,1.1010083377364475
2021-07-19,3.3047128319740295,3.4137160778045654,0.36647334694862366,0.11490891128778458,3.8112781047821045,0.11720792235572365,0.09541357171496945,0.682309702837844,0.8230283452171214,0.008560226827013073,0.6965430487613062,0.8221487179695135
2021-07-20,2.1801742613315582,2.4611153602600098,0.5778137445449829,0.10967685282230377,3.662827253341675,0.12421467673996463,0.07039584217980577,-0.028715369796727952,0.26007089349156187,0.25524744413815814,-0.0160871099576827,0.26134290498558155
2021-07-21,1.784728318452835,2.053896903991699,0.6101816892623901,0.11104781180620193,3.6765646934509277,0.1256000803919483,0.07291140981045008,-0.4503196797226292,-0.17925773686729096,0.2837626419637031,-0.43936276558957665,-0.17654323018348972
2021-07-22,1.9299559220671654,2.136957883834839,0.6263750195503235,0.11087291687726974,3.746063232421875,0.1273354672521968,0.08472952248579113,-0.3005141353929468,-0.12935280824397166,0.3106566498694625,-0.2536110594571759,-0.11153273130896446
2021-07-23,2.054101750254631,2.076007127761841,0.5901455283164978,0.10959598422050476,3.7156527042388916,0.12754408276296228,0.07733412062497957,-0.13814476975764522,-0.16885453282824114,0.25406355636624933,-0.09075671642476824,-0.14576724907183047
2021-07-26,1.8978686332702637,2.081763505935669,0.5998367071151733,0.109373539686203,3.732971429824829,0.12783765035959957,0.08200340880228707,-0.33796397240261333,-0.21020171872903592,0.2484627072222403,-0.27929263439613194,-0.17678157634901037
2021-07-27,2.1573060005903244,2.0817222595214844,0.5861278176307678,0.10957363992929459,3.730863571166992,0.1276937281729537,0.08077775464729231,-0.08557456409456998,-0.21980748392544314,0.21698490883736354,-0.031041599462832803,-0.18671965406963054
2021-07-28,1.8820999711751938,1.9970715045928955,0.6677299737930298,0.10680501908063889,3.653454065322876,0.12710422907045094,0.06073920657987275,-0.2501348142980353,-0.1886981086216757,0.28661610063939014,-0.20248135215512164,-0.15700200513651108
2021-07-29,1.8831703513860703,2.025709867477417,0.6766762733459473,0.10669408738613129,3.6486260890960693,0.12678611261796613,0.06646583347953294,-0.23470661680153793,-0.14609215812440635,0.2824817536932094,-0.21086961282146133,-0.1307642227514627
2021-07-30,1.8282579705119133,1.9431743621826172,0.6970040798187256,0.10973457992076874,3.700841188430786,0.1262784580680172,0.07943159050089232,-0.42051605709766937,-0.35009122069321386,0.28313257653127716,-0.4200118763743945,-0.3497688986145455
2021-08-02,2.040172755718231,1.9820612668991089,0.7081265449523926,0.11144891381263733,3.747756242752075,0.1261142110941644,0.0926236139174007,-0.2768261489484716,-0.3842779487461909,0.27714218114013467,-0.28203451525955714,-0.38762166653200403
2021-08-03,1.7001593858003616,1.999342679977417,0.7525063753128052,0.11306626349687576,3.790933132171631,0.1263224569927202,0.09594165254919285,-0.6728094566846234,-0.41774743898227173,0.3040613946831928,-0.6623708504262718,-0.41127465225457893
2021-08-04,1.710406132042408,1.8036900758743286,0.7414752840995789,0.11202078312635422,3.7109358310699463,0.12538195093582152,0.06803850221895735,-0.5675158400499187,-0.5080778409261724,0.28451484444915964,-0.582797277450398,-0.5173406884846261
2021-08-05,1.7145960666239262,1.8267613649368286,0.24422575533390045,0.11018982529640198,3.826171636581421,0.12452327254303146,0.1025928852488549,-0.5929807776142884,-0.5747310296413048,-0.25104585851359174,-0.5217006032678553,-0.5318514772169198
2021-08-06,1.9292773678898811,2.0099985599517822,0.29483461380004883,0.11024807393550873,3.917799472808838,0.1248420285309712,0.1335688248667285,-0.36387878653197836,-0.4056412992974945,-0.21195847367310572,-0.24633522211705028,-0.33224383087582154
2021-08-09,1.7917539551854134,2.080113172531128,0.4168970584869385,0.1012137159705162,3.843515634536743,0.12200549094865648,0.11429969412682772,-0.16757456145914107,-0.04722909755309468,-0.10642891190110237,0.06151952723163423,0.10706343269673813
2021-08-10,1.8168283440172672,2.034393548965454,0.4523949921131134,0.11293685436248779,4.001453876495361,0.1209411981190303,0.16583961079967935,-0.6612558710412038,-0.563955411333656,-0.06866548039997022,-0.5548761600460472,-0.49532699767210664
2021-08-11,1.9094268791377544,2.417325258255005,0.5413457751274109,0.09616030752658844,3.884028911590576,0.11944436364638693,0.11444416865627183,0.020510983438187136,0.2805927708372544,-0.0047560453389017265,0.3690716487445096,0.4977434417958295
2021-08-12,2.096160389482975,2.426206588745117,0.5489963889122009,0.09855702519416809,3.9177818298339844,0.11935694825991912,0.12643077194339658,0.047641121642333584,0.12162905545243063,-0.0038475397467805372,0.3062949102335786,0.2630389358741847
2021-08-13,2.3050444051623344,2.6503243446350098,0.5695239901542664,0.09612064808607101,3.944220542907715,0.11858098401953854,0.14923606545526913,0.27343003712329894,0.32081542192334345,0.003641916174607629,0.49397760742176033,0.42873502301026045
2021-08-16,2.6818625032901764,2.906464099884033,0.7194422483444214,0.09153177589178085,3.8462467193603516,0.11837192462312703,0.11878315057329425,0.7964714657467211,0.7101476297921541,0.15105376650075208,0.9905064174621239,0.789854627516771
2021-08-17,2.565741293132305,3.0908405780792236,0.7587912678718567,0.09077072888612747,3.9163944721221924,0.11678858275444737,0.13004537646770076,0.528758788011225,0.7127231623441515,0.16004092652745017,0.6951800950163243,0.7504351413944028
2021-08-18,2.433380611240864,2.936375379562378,0.6847788691520691,0.09585120528936386,3.9998955726623535,0.11699660821870536,0.15923797143863483,0.13933873430467614,0.3013805302366439,0.07175565894684921,0.23261949938532256,0.2914258625008346
2021-08-19,2.381781168282032,2.950186252593994,0.7223680019378662,0.09427248686552048,4.007167339324951,0.11676764545984548,0.15045175495438767,0.10797630159648142,0.3013338197196105,0.0965507737244452,0.19288419245614463,0.26834919250329525
2021-08-20,2.374011293053627,2.936657428741455,0.6552126407623291,0.09434950351715088,4.0322346687316895,0.11697914027423645,0.15078458650792148,0.07595829539091614,0.23598342790750326,0.01741237004047247,0.1392406790103946,0.1809112746942816
2021-08-23,2.493023954331875,2.848411798477173,0.6419485211372375,0.09076857566833496,3.9542713165283203,0.11816729628191582,0.13052881806385452,0.386506391402329,0.32157148833198335,0.007275974073285063,0.4348661608494906,0.2510702184135658
2021-08-24,2.143192008137703,2.743553638458252,0.6488178968429565,0.09893796592950821,4.078249454498291,0.12183550280008434,0.161511138310501,-0.17855530615943804,0.02217137104866085,0.027396038735431838,-0.1546369077685048,-0.03372353737676281
2021-08-25,2.2404542341828346,2.859917402267456,0.6530108451843262,0.09834455698728561,4.112391471862793,0.12301598143587067,0.1601601226017315,-0.036602321625368806,0.13336491668240358,0.03033457755769786,0.005229756757692883,0.08595720381214944
2021-08-26,2.330293521285057,2.7772469520568848,0.6526269912719727,0.09812800586223602,4.106643199920654,0.12222437418041894,0.16125592921290643,0.04585537835141329,0.021735793514932933,0.029337991513524897,0.07489141289366685,-0.01916324219773413
2021-08-27,2.292870558798313,2.794361114501953,0.6468033194541931,0.09794830530881882,4.12524938583374,0.1223189448821422,0.16723565161274978,0.04618838621869514,0.059985915590365035,0.018663995095154706,0.0704848836540597,0.02127220844961819
2021-08-30,2.431711196899414,2.700179100036621,0.655335009098053,0.103645458817482,4.165133476257324,0.12298544090982282,0.18369887863550705,0.018040607154140798,-0.1633577409676663,0.03488687668868029,0.027704218427470284,-0.17715526529119208
2021-08-31,3.0554468780755997,2.9662723541259766,0.7240068912506104,0.09655014425516129,4.180060386657715,0.12207900491678912,0.1804547701901097,0.8354433404525978,0.20920472313675553,0.07013077291733572,0.8632302972672958,0.17088929623516202
2021-09-01,2.6525487452745438,2.877746105194092,0.7104389667510986,0.09741945564746857,4.170109272003174,0.12187215277745012,0.1773037741565341,0.3381779370664293,0.09574007440785959,0.049818903284721605,0.35589670409781426,0.061811807440980804
2021-09-02,2.5171347707509995,3.0102076530456543,0.7518982887268066,0.09551491588354111,4.16904878616333,0.1218513239107,0.17743411250585361,0.2414260552235299,0.2596082939402189,0.07464876229648298,0.25960716373689907,0.222329323840472
2021-09-03,3.249434918165207,3.3450863361358643,0.10409609973430634,0.09670023620128632,4.169371604919434,0.12217980161549809,0.18148954965694508,0.9263747955069257,0.5569451423927125,-0.5833302484481424,0.9386840480747449,0.5273066478501183
2021-09-07,3.069078005850315,3.4396684169769287,0.11832118779420853,0.0952187106013298,4.173473358154297,0.12219148566039693,0.1853646099998476,0.717165342131616,0.6257044476293676,-0.5379389609482266,0.723604329901371,0.5912246787400885
2021-09-08,2.8162009865045547,3.2462329864501953,0.13900619745254517,0.10344052314758301,4.207510948181152,0.1230369319893535,0.2015642245885112,0.1806231506992959,0.22194238073574102,-0.4688760213700458,0.18054197181525566,0.22358273199882106
2021-09-09,2.9980047941207886,3.199702501296997,0.14168497920036316,0.10314478725194931,4.199232578277588,0.12307695977566706,0.1912434192891933,0.365275142450308,0.17188025534737683,-0.43972435406130106,0.3655408111714107,0.1647278475408922
2021-09-10,3.0386376306414604,3.461930274963379,0.17403152585029602,0.10132753849029541,4.217756271362305,0.12389363980023692,0.1915040343549832,0.44705862664865315,0.44923926401263525,-0.3881096707171048,0.44681526138345706,0.43029630375967365
2021-09-13,2.90621879696846,3.333570957183838,0.22010177373886108,0.09864799678325653,4.117410182952881,0.12400357409553911,0.15964376472523223,0.4573897331411749,0.4915163015502948,-0.31634362058374255,0.45529689331562784,0.45326001662883764
2021-09-14,2.7516404762864113,3.083906650543213,0.3212129771709442,0.10723543912172318,4.105504035949707,0.12107388171331641,0.17302514341822361,-0.046740954067575835,-0.0013014508316935292,-0.20148280771923877,-0.04537174691842383,0.014418554588559562
2021-09-15,3.351095177233219,3.1385722160339355,0.306558221578598,0.11113978922367096,4.100673198699951,0.1194055702931488,0.17122925538328038,0.3860977497871163,-0.06437401449893176,-0.21206193678937124,0.3893996770538726,-0.03299011785531025
2021-09-16,2.7276838459074497,3.068065643310547,0.4618348479270935,0.1121271625161171,3.9669137001037598,0.11774871681736564,0.1429538949233895,-0.20159794559306654,0.005947253912045536,-0.050410162441616224,-0.19811749860381722,0.047193087207004325
2021-09-17,3.037869282066822,3.033146619796753,0.4336438775062561,0.11293717473745346,3.967036485671997,0.11847216483853738,0.15294714723063585,0.11386759037065941,-0.02118060397177457,-0.07409729488990702,0.11985338473013485,0.036058403833141295
2021-09-20,2.8315456435084343,2.8698158264160156,0.4271562993526459,0.11613479256629944,3.977717876434326,0.11926558552594806,0.15770181718936538,-0.16867240992564092,-0.23328405318411694,-0.07318359105584782,-0.16175064824162178,-0.15768533997187895
2021-09-21,3.2483259737491608,3.194211959838867,0.573417067527771,0.11388728767633438,4.077717304229736,0.12142667272292333,0.18677519632198913,0.28656515443074637,0.03293851000939929,0.07514071003035794,0.29511735131949646,0.10338935759315149
2021-09-22,3.0922951325774193,3.226017951965332,0.6041684150695801,0.11437132954597473,4.081689357757568,0.12114812884799107,0.18316713991885047,0.09722642089340594,0.036076880413635326,0.10363138136889627,0.10253245876866224,0.09980388200259993
2021-09-23,2.7796061038970947,3.050600528717041,0.6862360835075378,0.11979921907186508,4.1144256591796875,0.12165469962817418,0.18761577466947965,-0.3872559118041061,-0.2789102915949675,0.19005950283092432,-0.38147048801254346,-0.19350505902744475
2021-09-24,3.320935010910034,3.581857442855835,0.8875758051872253,0.11599384248256683,4.209322929382324,0.12367325186113669,0.20709015162245625,0.23677991119299557,0.2160863886234714,0.38448305271067984,0.2426722270203765,0.27486364371254934
2021-09-27,3.58607417345047,3.6232080459594727,0.8912737369537354,0.11675325781106949,4.195591449737549,0.12388155125716277,0.20339382985470922,0.48281471557246824,0.24614091068760935,0.3770939085134192,0.47961404417134634,0.2932156993980315
2021-09-28,3.563907966017723,3.633270263671875,0.9212067723274231,0.11239372193813324,4.133214950561523,0.12459715667069451,0.1818809277965493,0.663916193565572,0.46904680175492475,0.3986912848127496,0.6584557152378321,0.4922276675653965
2021-09-29,2.9510768204927444,2.6969730854034424,0.9093478918075562,0.12934333086013794,4.090950965881348,0.12754669404315305,0.15115623064277695,-0.30085006145180193,-0.6277814080719706,0.4158798779578031,-0.3250840648432374,-0.5740197847660014
2021-09-30,2.4280646070837975,2.5027472972869873,0.8282793760299683,0.13115960359573364,4.0739240646362305,0.1265511165286766,0.13737870609434988,-0.8908484087285689,-0.8611044771340599,0.32831000716416603,-0.9104891746282542,-0.8053337306227468
2021-10-01,2.241110112518072,2.328589916229248,0.807022750377655,0.12879317998886108,4.032562732696533,0.12692046277502764,0.1288035874829806,-0.9367663556231536,-0.8845573584604187,0.30727517160208984,-0.942065223100621,-0.8247352409554338
2021-10-04,2.16487905010581,2.1171371936798096,0.8571102023124695,0.138625830411911,4.106128215789795,0.12757772654904817,0.15133933390022558,-1.3546584357061748,-1.4153413705920879,0.35293634237234106,-1.339431444115915,-1.3017472704488133
2021-10-05,1.884243629872799,1.7975212335586548,0.30784279108047485,0.13439637422561646,3.894191026687622,0.1275385503054908,0.06980644882829978,-1.2427911401347722,-1.2081997807322793,-0.16485522145408082,-1.201396198405872,-1.1061740435705363
2021-10-06,2.0650626718997955,2.0297253131866455,0.3513219654560089,0.13230490684509277,3.893826484680176,0.12838273297751918,0.07028778757530407,-0.9564849173403274,-0.8862904984742395,-0.11822206516102862,-0.9013407619098102,-0.7783923636874923
2021-10-07,2.111261300742626,2.0196950435638428,0.3114146292209625,0.13127724826335907,3.906146764755249,0.1282026713646889,0.06311905710611032,-0.8926934347893809,-0.898740133144567,-0.16167555887186835,-0.8417560930778549,-0.808629592508086
2021-10-08,2.098494865000248,2.1421217918395996,0.30195873975753784,0.13224375247955322,3.99125599861145,0.12764990012325525,0.08754802502288139,-1.0414494748339336,-0.9732478115081711,-0.18874331551197854,-0.9798817150917358,-0.8695651985544535
2021-10-11,2.2835099399089813,2.028188705444336,0.3039109706878662,0.13406629860401154,3.9539291858673096,0.12751206202239368,0.07520002165643869,-0.8589956646524581,-1.0453356236974156,-0.17512624613098482,-0.7829304231782013,-0.9237959011434711
2021-10-12,2.0750623270869255,2.037118673324585,0.31647780537605286,0.1320895403623581,3.933467149734497,0.1274227230308393,0.0718337251869785,-0.9824145671998381,-0.9508639354427819,-0.1593496044198538,-0.9077732931807931,-0.833978454194269
2021-10-13,2.327317923307419,2.2464358806610107,0.6640198826789856,0.14435771107673645,3.8678388595581055,0.12136598204558911,0.019837868992199414,-1.1949904506738367,-1.0514372497358178,0.19910631126195388,-1.0932417246600252,-0.8983435646807498
2021-10-14,2.486287474632263,2.510442018508911,0.7728143334388733,0.14623989164829254,3.83451509475708,0.11994684451929591,-0.011592495177586537,-1.053904549502466,-0.7669587120505033,0.30473144507052774,-0.9688101678792167,-0.6445013260514991
2021-10-15,2.2102659940719604,2.188534736633301,0.7393301725387573,0.15679903328418732,3.8557398319244385,0.11976511415628244,-0.03728199281174871,-1.5894057374594963,-1.2860703231030093,0.26286971954897154,-1.4783613921938876,-1.1320337113023355
2021-10-18,2.593852236866951,2.4011106491088867,0.7995481491088867,0.15770842134952545,3.878322124481201,0.11953017296653926,-0.00909701739770341,-1.1649535697541675,-1.05897597869486,0.302209099996788,-0.9960386239239658,-0.8356661140938755
2021-10-19,2.62027770280838,2.3965020179748535,0.8021032810211182,0.1571628898382187,3.8561129570007324,0.11927381539555884,-0.021175698297342338,-1.0347375024308199,-0.9548920912443015,0.28928397172929055,-0.878104026072585,-0.7548851004053674
2021-10-20,2.5858887061476707,2.32878041267395,0.7607647180557251,0.1553972363471985,3.858201503753662,0.1197000893861156,-0.024083689618479065,-0.9627657092873481,-0.9361559546671692,0.23362041295570735,-0.8266216381130773,-0.7663100144144628
2021-10-21,2.5211085826158524,2.121863603591919,0.6929646134376526,0.15734462440013885,3.8928580284118652,0.1196443831049916,-0.040357027547270885,-1.0617802735368258,-1.1865575944406634,0.1466414406188904,-0.9703360142112158,-1.073647931385862
2021-10-22,2.5042638406157494,2.1513588428497314,0.7033174633979797,0.15692296624183655,3.882401704788208,0.1198449571079925,-0.04560579709864965,-1.001749774726493,-1.0655139902652881,0.15268554137980883,-0.9213861293628112,-0.9665225721733957
2021-10-25,2.274352505803108,2.2157838344573975,0.723399817943573,0.1546975076198578,3.8128302097320557,0.11957093136666726,-0.05701169928728156,-1.067671427394668,-0.7994701550713614,0.17773641361956505,-0.9932965622401819,-0.7072023953468531
2021-10-26,1.9783055484294891,2.208787441253662,0.7225648760795593,0.1549893468618393,3.7889716625213623,0.11960599034289458,-0.06265232249911534,-1.2941877903960401,-0.7281909020264234,0.17358192176160103,-1.2150181648774514,-0.6305863748691349
2021-10-27,2.133981443941593,2.1346232891082764,0.6842290163040161,0.15431156754493713,3.762763738632202,0.11888416411029722,-0.08826793440736003,-1.0479709150563865,-0.7237217362940997,0.12738435193627562,-1.0326775488468458,-0.7050926233996022
2021-10-28,2.432214453816414,2.092344284057617,0.6709070205688477,0.15061232447624207,3.7691667079925537,0.1207412601141454,-0.05496374764590217,-0.6332109738991827,-0.6930404819707627,0.12643245051884422,-0.5607733179271768,-0.6042876611471453
2021-10-29,2.0070492923259735,1.96977698802948,0.6105310916900635,0.14936424791812897,3.798210859298706,0.12052955961870866,-0.049982972667473424,-1.0565385524112756,-0.8401554891343768,0.05560934251928762,-1.0080159655628202,-0.7794602780967499
2021-11-01,2.10288018733263,2.003779411315918,0.6582693457603455,0.14795497059822083,3.76527738571167,0.12060579473687158,-0.09169733198144114,-0.8626816041465339,-0.7061866978518201,0.1109802397045705,-0.9274383011896687,-0.7888487054152002
2021-11-02,1.9191233962774277,1.8072259426116943,0.6224737167358398,0.14209461212158203,3.7520084381103516,0.11956968892468203,-0.09391395605448216,-0.9191264113965989,-0.8196927108178609,0.07248721656494284,-1.0474911469545303,-0.9857566886121174
2021-11-03,1.4842637404799461,1.5316740274429321,0.12205111980438232,0.13667032122612,3.6950809955596924,0.11842601095017537,-0.09698126736730428,-1.1711313217508557,-0.9304226056578471,-0.4206070031169723,-1.324913816129742,-1.1331538925418272
2021-11-04,1.3465522266924381,1.3387997150421143,0.17235726118087769,0.13189882040023804,3.5604963302612305,0.12035817065723964,-0.1964662671384365,-0.9802605882970852,-0.781583964875638,-0.3031273186307226,-1.3370152712081387,-1.2655612786463175
2021-11-05,1.3384496979415417,1.4231998920440674,0.22315260767936707,0.12952221930027008,3.501628875732422,0.12087706932491606,-0.23149855913796813,-0.8126647812114061,-0.5202864291960712,-0.2184049276440344,-1.1673822328483507,-1.02754274973248
2021-11-08,1.6360916309058666,1.5047855377197266,0.22652015089988708,0.13898369669914246,3.5602974891662598,0.12229960667507349,-0.23126937969455197,-0.7060931975203033,-0.597448664511238,-0.21971850917759184,-0.9363038845655347,-0.9565627881380028
2021-11-09,1.5228555798530579,1.557698369026184,0.2808903455734253,0.14032016694545746,3.5880703926086426,0.1211279190247636,-0.24365710732200063,-0.8699190558429799,-0.5989218293367147,-0.17757518732459632,-1.0819361204369526,-0.9488378465896137
2021-11-10,1.684758234769106,1.5836890935897827,0.2814747989177704,0.13944321870803833,3.567608594894409,0.12141617961023789,-0.25875140207783365,-0.6245720547260998,-0.49870502816040707,-0.1631026926343223,-0.8016601779741297,-0.826794310920163
2021-11-11,1.8874898925423622,1.8841772079467773,0.38834717869758606,0.14606302976608276,3.6909596920013428,0.12392178267962566,-0.2720211960218919,-0.7137878710651577,-0.4927137075350685,-0.07440467842176501,-0.8686720698998411,-0.8081822257003379
2021-11-12,1.8946195840835571,1.910836935043335,0.4097385108470917,0.1404017060995102,3.5972089767456055,0.12272560262399167,-0.31160801661591764,-0.4322013766147865,-0.21072991365699467,-0.02848289939668236,-0.5671543940278303,-0.5367579842038954
2021-11-15,1.715542621910572,1.8328369855880737,0.42142659425735474,0.14062483608722687,3.5800747871398926,0.12208411332345205,-0.3322818682115236,-0.5704376791260328,-0.24720999839734192,-0.01596093546287547,-0.66923980348313,-0.5464999845600147
2021-11-16,2.449134223163128,2.0611400604248047,0.4315184950828552,0.14629317820072174,3.679117202758789,0.12083285180475623,-0.2813023414598228,-0.10476332294517032,-0.27372993720961336,-0.046880955508458944,-0.1454934388986593,-0.47645668965897947
2021-11-17,2.1602624990046024,1.9986963272094727,0.5053842663764954,0.13971136510372162,3.5447778701782227,0.11704737476480966,-0.3055308159342589,-0.03463039163922277,0.023931029006360127,0.04953460518869657,-0.05665039190776566,-0.154716364795767
2021-11-18,1.9328428655862808,1.9608395099639893,0.5038188695907593,0.13933387398719788,3.5330591201782227,0.11685641583214423,-0.28776903201930226,-0.20681638540909386,0.03431119761196233,0.0522564252453086,-0.19826182050247,-0.09573482638858666
2021-11-19,1.91493209451437,1.9537791013717651,0.5013352036476135,0.13942168653011322,3.5278267860412598,0.11690301336898362,-0.3064185879141903,-0.20334052252582735,0.055624495634318816,0.05392807523357346,-0.18222315286237656,-0.06682335469849487
2021-11-22,1.7881708592176437,1.9374167919158936,0.5422810316085815,0.13824190199375153,3.5376224517822266,0.11837282275484289,-0.2916749417656608,-0.32593390716669113,0.013938136466681073,0.09876438130246806,-0.29749069095582126,-0.08996348697355261
2021-11-23,2.0626797303557396,1.875356912612915,0.5023777484893799,0.13016067445278168,3.4064393043518066,0.11805874532794539,-0.3075158408698915,0.33553586336673424,0.2873709228565613,0.08860223235570619,0.3632605165766525,0.18442153505292036
2021-11-24,2.0308897793293,1.9786025285720825,0.589564323425293,0.1268894523382187,3.38700795173645,0.11921185938791984,-0.28811789402006105,0.3578009503796806,0.417239906215928,0.1748810296960318,0.3682603709773613,0.3240148089863739
2021-11-26,2.0356176905333996,1.9746625423431396,0.5584775805473328,0.12651140987873077,3.370065212249756,0.11970725166271287,-0.292755838663872,0.3626263572369277,0.40824532404449787,0.1309220614766916,0.3590950256108363,0.3094601881577741
2021-11-29,4.580923467874527,4.3432230949401855,0.9115833044052124,0.09726550430059433,3.0578231811523438,0.13710400423569516,-0.45843207422794774,3.937806146412703,3.5142758931622664,0.6899800555823439,3.918594432376974,3.35352246964867
2021-11-30,4.347732871770859,4.433332920074463,0.9246789813041687,0.09584817290306091,3.0540761947631836,0.13769270486060411,-0.4437208437145028,2.4420596162627843,2.464192591034331,0.4890788738205699,2.380263042945826,2.3273881498143085
2021-12-01,4.324402064085007,4.5167059898376465,1.0913110971450806,0.10765816271305084,3.3478243350982666,0.14131599788945123,-0.22411786678476497,1.4425203706505152,1.590679647008019,0.5920051127222743,1.5116845222298396,1.7225409524438904
2021-12-02,4.89921073615551,4.5665435791015625,1.1457555294036865,0.10623321682214737,3.4308693408966064,0.1417580713027123,-0.18213184128754034,1.764857843770443,1.3145084961147608,0.5731431419367401,1.8115071330741617,1.411198052877619
2021-12-03,4.569270491600037,4.156226634979248,0.437135249376297,0.11219750344753265,3.533433675765991,0.14420959267089817,-0.10300971487479038,1.0490330712078055,0.5844639875308713,-0.1697093589172073,1.1206886151466455,0.7557612378366381
2021-12-06,4.751377493143082,4.159238338470459,0.45510607957839966,0.11097056418657303,3.528897523880005,0.14444882056254585,-0.1016352040428703,1.0826355044246156,0.49666928651041875,-0.1513027124428371,1.1297054333887173,0.6318120152517475
2021-12-07,4.794784173369408,4.227136135101318,0.5379121899604797,0.11417431384325027,3.72607159614563,0.14622147192908153,0.009884941166513173,0.8499646402390866,0.3270153076578395,-0.03871260587060532,0.8905105400512863,0.4801203354080945
2021-12-08,4.878077030181885,4.153532981872559,0.6230422854423523,0.11833542585372925,3.837826728820801,0.14853180077140946,0.04635557990214578,0.6604878761506949,0.0704012436887389,0.04949368814489641,0.6843619815715583,0.19283788606412422
2021-12-09,4.578103676438332,3.873798370361328,0.5741532444953918,0.11793418228626251,3.8413829803466797,0.14909929414741627,0.03869158391777505,0.235795065415771,-0.23502376034827321,-0.033565740594712956,0.2474277267625471,-0.1570398153510375
2021-12-10,4.673939973115921,3.675677537918091,0.6185342073440552,0.12400250136852264,3.9179418087005615,0.15008082869960265,0.06436827357601915,0.20224811269391463,-0.4324474806075731,-0.005180103706611483,0.21269130957100835,-0.3702725093746144
2021-12-13,4.205402210354805,3.689940929412842,0.6097434163093567,0.12482181936502457,3.9308974742889404,0.14973957264333265,0.064676481735781,-0.2696046975299602,-0.31782798039184534,-0.04849466228372168,-0.26526146079945345,-0.2898040961931416
2021-12-14,4.491000682115555,3.7720229625701904,0.6244485974311829,0.1218407079577446,3.936072826385498,0.1501695590636629,0.053388358264489844,0.05314562688905777,-0.20646797351673785,-0.04366119534730617,0.05272128848494351,-0.21271991273499413
2021-12-15,4.404148697853088,3.6156318187713623,0.5515753030776978,0.12593375146389008,3.8685615062713623,0.1490582187604484,0.02936974870246134,0.0820122239987553,-0.18361597674497965,-0.11749884797199406,0.0818703950599966,-0.1675116227688993
2021-12-16,4.204526275396347,3.4565460681915283,0.5909040570259094,0.12852880358695984,3.917426824569702,0.1504000370519334,0.042701545232629146,-0.16645599599776073,-0.32988926732055557,-0.0818256822159329,-0.16780007802754238,-0.3254051617649134
2021-12-17,4.2059905752539635,3.4145755767822266,0.5676299929618835,0.12322485446929932,3.8674943447113037,0.15113103229522598,0.018842843887369454,-0.16179952660238506,-0.38066191118303516,-0.10754357960235494,-0.15849738961179316,-0.38639877868312
2021-12-20,4.1906838938593864,3.237027883529663,0.5142881274223328,0.12518413364887238,3.8418049812316895,0.15036076348817096,0.009968854656862258,-0.08384474696360744,-0.4413292948914389,-0.1530382335720576,-0.08406713243825426,-0.44110448409144754
2021-12-21,3.8668246641755104,3.289052724838257,0.5567994713783264,0.1296055018901825,3.885451078414917,0.15086091067758206,0.029405065152577903,-0.4138286786867287,-0.3157691753082412,-0.10008453361646485,-0.41723724513607063,-0.31314521369756854
2021-12-22,3.406989246606827,3.2331795692443848,0.6666093468666077,0.13844071328639984,4.054786682128906,0.15253827395890315,0.08748203262490828,-0.8988369849167785,-0.3226708044588884,0.01663312728630284,-0.8944575070797489,-0.3250389629866919
2021-12-23,4.0267850905656815,3.207059383392334,0.6533520221710205,0.13103358447551727,4.086417198181152,0.1506395284714766,0.0972423676674532,-0.12186798277927124,-0.35488945473041156,0.011285461008123665,-0.09691335160969583,-0.3653563566799769
2021-12-27,3.9226966351270676,3.223038673400879,0.6473225355148315,0.13126417994499207,4.098057746887207,0.15056386141322595,0.09992640756469073,-0.1990864322769781,-0.2968545074757092,0.005065798976716218,-0.17118380082895257,-0.30504024647377825
2021-12-28,3.5975227504968643,3.278989315032959,0.7081198692321777,0.13781307637691498,4.164893627166748,0.1504706903961295,0.1204969882152992,-0.4419610830372154,-0.1100848195138604,0.06792762842287503,-0.4135987328046591,-0.11452650510623563
2021-12-29,3.741301327943802,3.3444769382476807,0.6873746514320374,0.13412372767925262,4.157266139984131,0.14966672059035638,0.11351561995499992,-0.261035063412848,-0.07745781337703761,0.043657186524864944,-0.2261655156749054,-0.08684642361394523
2021-12-30,4.472329556941986,3.418565034866333,0.7072028517723083,0.1373949646949768,4.236166477203369,0.14858194757385862,0.14451824127640178,0.5627322576195355,0.06928232351521091,0.0659246362078364,0.5935932351429662,0.05538474909866453
2021-12-31,3.6543536484241486,3.368199586868286,0.7204458713531494,0.1388603150844574,4.245898723602295,0.1480039196608621,0.15168151432326382,-0.26498459376240246,0.048108564253821484,0.07576625212011623,-0.24775408201811455,0.03195070589117899
2022-01-03,4.7537998259067535,3.585317611694336,0.7751386165618896,0.1395544409751892,4.26561164855957,0.1476554290987439,0.1612892428300473,0.8647146344805465,0.2733962955552798,0.12593168119899256,0.8742277097574811,0.2534005073925121
2022-01-04,4.111080504953861,4.061208724975586,0.10568227618932724,0.13988451659679413,4.207136631011963,0.1488428797045119,0.1672582060580614,0.09183925373781854,0.6982704478216544,-0.5598060977286117,0.09149793839934617,0.7048340931475163
2022-01-05,4.635208643972874,4.0644354820251465,0.09873902797698975,0.13744336366653442,4.1897873878479,0.14898024685695915,0.1602669512831041,0.5750146667596514,0.6141278011818745,-0.5320164588718372,0.5754203841950662,0.6163148009611952
2022-01-06,4.603109672665596,4.110255241394043,0.17327502369880676,0.14694178104400635,4.231435298919678,0.15253091410230987,0.1710633694722563,0.35666669189874867,0.6211776273387537,-0.4343094378225205,0.3628537578635953,0.6392571468157304
2022-01-07,4.369974449276924,4.1346869468688965,0.18451619148254395,0.1450413018465042,4.241870403289795,0.15253807858586357,0.17238150594146717,0.07008063506392403,0.5618824646653282,-0.38884662093782263,0.0726435908125751,0.5669643533097992
2022-01-10,5.037618160247803,4.440889358520508,0.1971445530653,0.1429569125175476,4.247358322143555,0.15226395450025168,0.1648303492599933,0.7248432685462074,0.8043975976271769,-0.34898977178036517,0.7132418847110911,0.7860329955148173
2022-01-11,4.785827279090881,4.444150924682617,0.17451930046081543,0.13766051828861237,4.22576379776001,0.15116006338537719,0.15596712797671564,0.4489162041496906,0.7274654667308496,-0.3525185255385094,0.4177610890761869,0.6869384503217733
2022-01-12,4.451503902673721,4.031071662902832,0.1733977049589157,0.1450844705104828,4.257004261016846,0.15222333555874337,0.1676926541660948,0.052199190239825555,0.32234758106368844,-0.3239958839953858,0.03448732194199344,0.3024349646921536
2022-01-13,4.654773592948914,3.8645827770233154,0.17495939135551453,0.14483103156089783,4.2564544677734375,0.15255412889050315,0.16756766738281859,0.21216568661932378,0.10730116029200243,-0.3024509288510594,0.1889053800199365,0.08240947343859428
2022-01-14,4.408457800745964,3.971407890319824,0.18454661965370178,0.1460208147764206,4.291159629821777,0.1533402076752033,0.1752500382144202,-0.12082912521217182,0.15888671256449616,-0.2672999515223964,-0.16760429437405122,0.11125843296129023
2022-01-18,4.205109119415283,4.035278797149658,0.18900179862976074,0.1447557806968689,4.265453815460205,0.15382319568103206,0.16959462739365094,-0.3635515775595337,0.17480809310371637,-0.25208776695633595,-0.4026206677936637,0.13530036334573659
2022-01-19,3.508401393890381,3.842341184616089,0.22409166395664215,0.1482226401567459,4.188101291656494,0.15615382012394685,0.13473143170344293,-1.149028646734787,-0.04411877928372654,-0.21192634818232897,-1.1481652040892039,-0.04322047257377726
2022-01-20,3.630540654063225,3.871278762817383,0.2508864998817444,0.14562837779521942,4.194427490234375,0.15682447552715226,0.1344316429028759,-1.031812377133642,-0.08413629015810509,-0.17642376635974316,-1.058066360845368,-0.11230759729493123
2022-01-21,3.959349073469639,3.7650797367095947,0.28101393580436707,0.14646057784557343,4.224756717681885,0.15725588312781102,0.13855369093565106,-0.6809786113371157,-0.20876682151096126,-0.13008476532419072,-0.7276250897339898,-0.26070764424642245
2022-01-24,3.747845709323883,3.8812787532806396,0.30030444264411926,0.14352525770664215,4.223003387451172,0.15855608009152986,0.12700133213202447,-0.9700399196735852,-0.1873907959872012,-0.10790787996458528,-1.047864509815195,-0.27612353299072545
2022-01-25,4.066648818552494,3.7853965759277344,0.26629626750946045,0.14260601997375488,4.155003547668457,0.1578757698773122,0.10820138730771955,-0.554215930696528,-0.22248576263629793,-0.1527912656587994,-0.588762214348125,-0.2654255275246058
2022-01-26,4.440085485577583,3.958314895629883,0.25023990869522095,0.14051246643066406,4.096828460693359,0.15756946688927026,0.08617875707604106,-0.14862262172821872,-0.0330969383488231,-0.1781510600229662,-0.17016421217758815,-0.06055435733338843
2022-01-27,4.49392968416214,4.046340465545654,0.25658750534057617,0.14295808970928192,4.077892780303955,0.15800646951508454,0.08848603663854282,-0.09042589260751388,0.08328089384979176,-0.16397636149387845,-0.08410103152288428,0.09205088372416093
2022-01-28,4.73015384376049,3.9257168769836426,0.28516653180122375,0.14179740846157074,4.08487606048584,0.1588065662047422,0.0850218259198896,0.08313780347061162,-0.10185214304949675,-0.12820076233036515,0.07863922458814088,-0.10913105083406016
2022-01-31,4.066997438669205,3.8962032794952393,0.374210000038147,0.1418343335390091,4.083530902862549,0.16164595758624778,0.06365243095092155,-0.7708716344928295,-0.2644170982367804,-0.028844029207509947,-0.7837713387137955,-0.29261683269954997
2022-02-01,3.9145173132419586,3.62185001373291,0.40364930033683777,0.1468135416507721,4.197288513183594,0.1621117678364237,0.0952747979409222,-0.870117871533914,-0.5022458842499162,0.03295521372989241,-0.8771962320373952,-0.538900002377547
2022-02-02,3.995825096964836,3.6096928119659424,0.43749096989631653,0.1467423439025879,4.219069480895996,0.16163463427197916,0.10731255319136657,-0.7182799937933186,-0.47581434816925494,0.06803401054388747,-0.7003009246585528,-0.4947104254599548
2022-02-03,3.5797712206840515,3.284766912460327,0.09527989476919174,0.1396736055612564,4.211703777313232,0.16068807202627916,0.10100543184545885,-1.127297890815961,-0.8590531799399379,-0.2915586049116127,-1.063900217382658,-0.8527572175782829
2022-02-04,3.482946999371052,3.3982489109039307,0.05885561555624008,0.13997454941272736,4.157463550567627,0.16344791841027698,0.070345291260559,-1.3526008325299959,-0.8202925707610182,-0.3205815179322018,-1.257200908544518,-0.7830787713582481
2022-02-07,3.559747278690338,3.337850332260132,0.05678215250372887,0.13779616355895996,4.16207218170166,0.16397824180894327,0.06229743459575843,-1.2830870497026572,-0.9148045323441742,-0.31127874573309133,-1.1291348850559793,-0.8398905689183236
2022-02-08,4.216347351670265,3.714956283569336,0.07552453875541687,0.13361912965774536,4.158614158630371,0.16189079263748946,0.04734676505976487,-0.5060996599042351,-0.4871969233360911,-0.2940996579772771,-0.2532083740204403,-0.34717389594996195
2022-02-09,3.976663887500763,3.639350175857544,0.08310306072235107,0.1319752335548401,4.125388145446777,0.1624694514594499,0.03236947226027809,-0.785776343492218,-0.593592169752351,-0.28386760329276284,-0.51865612297851,-0.43408203618050756
2022-02-10,3.8795146346092224,3.7103395462036133,0.07924016565084457,0.13739575445652008,4.167452812194824,0.16390037962820792,0.04608942199849719,-0.858321047372014,-0.4660509561335733,-0.2547525001754687,-0.5792790444247027,-0.2952499039710066
2022-02-11,3.550602652132511,3.795137882232666,0.10828094929456711,0.14734052121639252,4.181074142456055,0.16580032254676685,0.059553536524005635,-1.1160276398368723,-0.24483715942017525,-0.1883285621506371,-0.9224215901773354,-0.1259726210622425
2022-02-14,3.832347959280014,3.7683939933776855,0.12566380202770233,0.1416175216436386,4.108059883117676,0.16825343493908915,0.04008419924038498,-1.014562805234136,-0.4596143856009238,-0.17882435954740394,-0.8613948882290812,-0.36811309197211806
2022-02-15,3.929755285382271,3.7341432571411133,0.1167990043759346,0.1419183909893036,4.093679904937744,0.1680134673782531,0.03263109283813381,-0.8572558636485095,-0.453274913181116,-0.1843236496489007,-0.7055945792886451,-0.3626337161823896
2022-02-16,3.9293560162186623,3.8032844066619873,0.18998008966445923,0.13587260246276855,4.01206111907959,0.1703991727282403,-0.01482531109922336,-1.0490708837452836,-0.5685679004688309,-0.12192658860375793,-0.851430921000162,-0.4515694057263051
2022-02-17,4.358412072062492,4.061628818511963,0.20482420921325684,0.13665138185024261,3.9909145832061768,0.1694492656513461,-0.01200405908996327,-0.507471874093202,-0.22305109308355497,-0.10921344006291123,-0.3802551440053543,-0.1482405491270855
2022-02-18,4.369629114866257,4.241726398468018,0.26619499921798706,0.13283327221870422,4.00234317779541,0.16991364419955474,-0.025251560286871255,-0.5558766073047874,-0.1340743009042189,-0.046295693192365595,-0.3127781124678899,0.008265532537021336
2022-02-22,4.327821828424931,4.283252239227295,0.3039186894893646,0.13410283625125885,3.9991307258605957,0.16913180649681,-0.026877635465012206,-0.5102142665321141,-0.027183459603830507,-0.009199775842247293,-0.2842772329292922,0.10348871398683723
2022-02-23,4.638862639665604,4.361075401306152,0.3193858861923218,0.13268537819385529,4.001664638519287,0.16882538685890308,-0.02631010495059316,-0.1848861890544562,0.035015926693930055,0.0034540262471929317,0.053420074375799764,0.17064492834076717
2022-02-24,4.265574857592583,4.545797348022461,0.747284471988678,0.16044150292873383,4.240809917449951,0.1543806392840828,-0.0011539840312366767,0.6406608364918367,1.3193523693490947,0.45436448361262616,1.2013263620498957,1.6356600267292531
2022-02-25,5.108739405870438,5.139617919921875,0.7679992318153381,0.16290870308876038,4.235838890075684,0.15613206591724282,-0.026713958393551396,1.4269617413660738,1.8500673014801263,0.4644095095756231,1.9629312458604744,2.1035567583833625
2022-02-28,4.8529867976903915,5.033151149749756,0.9443114995956421,0.15689148008823395,4.174448013305664,0.1541021946994509,-0.05715775477535412,1.1349577843320215,1.6618761120757042,0.5961952129532739,1.5670247449947623,1.7997778706432719
2022-03-01,5.554905533790588,5.169051647186279,1.154135823249817,0.1578441560268402,4.096067905426025,0.15445706146653235,-0.08937309489969425,1.8302395351913447,1.794537735513316,0.7738725386468771,2.1153454020162767,1.8219481326015026
2022-03-02,5.636223703622818,5.651142597198486,1.6968533992767334,0.14777617156505585,3.9408912658691406,0.15730703769660515,-0.1126701336121192,1.6002342381912458,2.007914635554938,1.2806250426702448,1.714617993196439,1.9790223790322683
2022-03-03,4.870586276054382,5.321370601654053,1.3956774473190308,0.13882766664028168,3.9744808673858643,0.16133689181164246,-0.09679045283948651,0.44532718034065866,1.2951460309956664,0.9761262176865779,0.5621301897907252,1.2189569557409357
2022-03-04,5.218682885169983,5.083427429199219,1.4679511785507202,0.13695643842220306,3.9246203899383545,0.15975208705978988,-0.10822005183758088,0.8497498762076656,1.0859405930347612,1.0104667617126657,0.9318022755162456,0.9931231449677238
2022-03-07,4.860327556729317,4.638491630554199,0.8431272506713867,0.12665487825870514,3.810291290283203,0.16257778835116599,-0.11010226217869201,0.18746218705403628,0.35936960363335224,0.3518870959379312,0.2101212830026853,0.3136996528261502
2022-03-08,5.5422860234975815,5.436941623687744,1.0463021993637085,0.12299738824367523,3.9118812084198,0.16558243765426617,-0.053557887644337,0.6206487893421642,0.9046010538625655,0.5835098619460328,0.6505380245154804,0.8433220670704671
2022-03-09,5.998501509428024,5.712315559387207,1.1878101825714111,0.11685699969530106,3.9065635204315186,0.1653745959434996,-0.05596356625908627,0.9564817264401295,1.0440341837133742,0.7078215302811366,0.9935264179760948,0.9510032050051702
2022-03-10,5.327168390154839,5.630056858062744,2.761383295059204,0.07455182075500488,3.6405200958251953,0.1846593058246388,-0.1433157189199601,-1.494637617983881,-0.6634684470919368,2.1912039901954268,-1.462625309497362,-0.8012222889435208
2022-03-11,5.714465007185936,5.469553470611572,2.7022793292999268,0.07861562818288803,3.6496310234069824,0.1849956017486846,-0.14221444058579458,-0.7816908011222115,-0.6421004738445868,1.7257677173929566,-0.7459463418554062,-0.7377996899710118
2022-03-14,5.467705965042114,5.555533409118652,2.6661853790283203,0.07584727555513382,3.6972105503082275,0.18558695060181377,-0.12661772412263006,-1.0074103063666016,-0.5456815112249407,1.4173616452212325,-0.9565847997847765,-0.6631447674446704
2022-03-15,5.964091718196869,5.371935844421387,2.567592144012451,0.088946633040905,3.6259913444519043,0.1882559716924005,-0.12101259191046809,-0.28654150360833075,-0.5280261417664791,1.1998249998210968,-0.3142331433369332,-0.47559258891151934
2022-03-16,6.195593535900116,6.2671895027160645,2.9704020023345947,0.08771822601556778,3.8402771949768066,0.19190943503385152,-0.02003285275697997,-0.3163145031101955,0.1599972278791073,1.5285327578756545,-0.31304715755553936,0.1529434499748703
2022-03-17,6.97387433052063,6.661116123199463,2.9935262203216553,0.09547262638807297,3.961214542388916,0.19438806812727916,0.04203816679518091,0.43431604021714243,0.5040852546209864,1.541910886451287,0.4259881291213672,0.5188910244237599
2022-03-18,6.05071821808815,6.03523588180542,2.6864309310913086,0.1029832735657692,3.8910601139068604,0.1979459748681148,0.007122619001513675,-0.5518601666721903,-0.18412372193302318,1.177249145495259,-0.5989220200793923,-0.10358997007577297
2022-03-21,5.818100795149803,6.116921901702881,2.7563085556030273,0.09913814067840576,3.898794651031494,0.19698882565121761,0.009314940963543905,-0.76089435607991,-0.10985460058914231,1.116366614508161,-0.7852366704461922,-0.06160368200340294
2022-03-22,6.479579418897629,6.454673767089844,2.924417018890381,0.09363167732954025,3.938833475112915,0.19928567870493177,0.02009412454053816,-0.24700051836642434,0.04438960389057911,1.114459462443071,-0.24716067450488577,0.044752476621600756
2022-03-23,6.994767636060715,6.689817905426025,3.025026798248291,0.09304935485124588,3.98146915435791,0.19997569921035868,0.038381892682965324,0.22883203487670656,0.22755697643595596,1.1346209491235797,0.23598510737220302,0.2124885678478563
2022-03-24,6.707069128751755,7.0392255783081055,3.2652900218963623,0.08868998289108276,4.051107883453369,0.20093892433793134,0.06609141805165775,-0.19770828049366074,0.45890901229305037,1.231790091082658,-0.1674999445729366,0.3997612741357406
2022-03-25,8.073076665401459,7.186703681945801,3.217135190963745,0.08867885172367096,4.098556995391846,0.2021712610751054,0.07476169975416969,1.106933949319865,0.5174921083633119,1.0967430795041246,1.1515159440974454,0.4332014329883922
2022-03-28,7.462145537137985,7.100642204284668,3.215012550354004,0.08802327513694763,4.08387565612793,0.2024876901084291,0.06779508126596223,0.4094402316463377,0.4011447760888167,0.9997858477243158,0.44748587828166997,0.3320436164634195
2022-03-29,7.973063975572586,7.753193378448486,3.58879017829895,0.08627115935087204,4.186014175415039,0.20722824459453096,0.0950432335097634,0.6334529894348009,0.8260541387113838,1.2495845877461687,0.7131317097551726,0.740472619822933
2022-03-30,7.9400471448898315,7.816349029541016,3.5794265270233154,0.09341014921665192,4.220720291137695,0.2094960284662472,0.12743124357551594,0.5231778974566215,0.7859117728109055,1.2824174752706412,0.5661510580817479,0.7547289983773391
2022-03-31,8.837662994861603,8.009623527526855,3.677661895751953,0.09334304183721542,4.245502471923828,0.2089074098462904,0.1300482661971003,1.4186060167227055,0.9817092207118367,1.315447567174031,1.472283692767304,0.9362938099035603
2022-04-01,7.88225182890892,7.766907691955566,3.5090246200561523,0.09746979922056198,4.22944450378418,0.2106326985342899,0.12484035805230287,0.32437859616692943,0.5746242583350796,1.1320385346521258,0.33985023604938913,0.5500612789068215
2022-04-04,8.503059804439545,7.746319770812988,3.6794707775115967,0.09158078581094742,4.242223262786865,0.20874208794900448,0.13650703781787354,0.9551078304547271,0.6363815193669726,1.1459369791995129,0.9825963258706132,0.583671050912014
2022-04-05,6.76914182305336,6.732956409454346,0.11317829042673111,0.09273528307676315,4.216705322265625,0.2094754442060585,0.13077035716152874,-0.8536428544005021,-0.4705128571048256,-2.4748584325962732,-0.8441015344273257,-0.5044643432951661
2022-04-06,6.982721820473671,6.604807376861572,0.1846335083246231,0.10277193784713745,4.213812828063965,0.2115687349911257,0.15070340091968648,-0.5528405365282616,-0.6727260874766214,-2.109330629422937,-0.5745398908169346,-0.6340427588300699
2022-04-07,6.616335332393646,6.514982223510742,0.19120623171329498,0.10384837538003922,4.18661642074585,0.2124571278656544,0.14306308944450952,-0.886650225450218,-0.7792156709368019,-1.9920861335283515,-0.919145545403163,-0.7235333675757687
2022-04-08,7.308614581823349,6.609434127807617,0.1742841601371765,0.09966881573200226,4.199909210205078,0.2114974428697854,0.14431740771350376,-0.1702517913244641,-0.5961272860188016,-1.9817899483911603,-0.1820699828921768,-0.5683979294921171
2022-04-11,7.4850412011146545,6.701332092285156,0.18072521686553955,0.0994836688041687,4.209206581115723,0.21152331171208313,0.14713089976338567,0.014711768877228693,-0.4732535607367483,-1.8875936208920878,0.006440219157274996,-0.45002810704723917
2022-04-12,6.6425493359565735,6.743886947631836,0.18577909469604492,0.10310210287570953,4.222641944885254,0.21197553887941126,0.15738551536109724,-0.7699795651524113,-0.40019127803117094,-1.709320152144509,-0.7855561960670538,-0.3585153295343666
2022-04-13,7.4500831961631775,6.784530162811279,0.18938612937927246,0.10527932643890381,4.226554870605469,0.21267176111329147,0.15875186505512418,0.11662727939774431,-0.3480895400519124,-1.5671295089511816,0.0997282918827791,-0.2969213367019954
2022-04-14,6.846483588218689,6.641779899597168,0.19310355186462402,0.1071200892329216,4.181795120239258,0.2123158545809926,0.1470251313264127,-0.3752308134419575,-0.4445696195566313,-1.4375961411014058,-0.40401960618217103,-0.362771626911897
2022-04-18,6.574962735176086,6.715984344482422,0.22650180757045746,0.11092265695333481,4.2062530517578125,0.21260717893102135,0.16432765846506836,-0.5705234137093953,-0.3346652375388093,-1.2289642348252974,-0.5968340726255317,-0.2280014269522317
2022-04-19,6.72273713350296,6.766159534454346,0.2310573011636734,0.11018145084381104,4.213764667510986,0.2120631202181728,0.16948181085693959,-0.39994161317808086,-0.24681431305525692,-1.1864664442822535,-0.41277583425455244,-0.1459701302923886
2022-04-20,8.143240064382553,7.4305500984191895,0.2493092566728592,0.11002945154905319,4.3492584228515625,0.21345586482997198,0.20984535166417995,0.8085420928596019,0.35494550330199726,-1.1751045210050775,0.8083022467627199,0.3815881427353327
2022-04-21,7.687336504459381,7.342733860015869,0.28007686138153076,0.1100931167602539,4.3366522789001465,0.2142813335423577,0.20985200780535063,0.3047759595091133,0.2081632038531751,-1.0937079255777409,0.3058913362587141,0.25258868293759473
2022-04-22,7.064479798078537,7.316215515136719,0.29330015182495117,0.11273025721311569,4.337045192718506,0.214753575942119,0.21502094513968684,-0.2806841387280059,0.17253624925863598,-0.9474532894660177,-0.27708251515446314,0.24314731684922553
2022-04-25,7.972771495580673,7.369694232940674,0.322569340467453,0.11751395463943481,4.315374851226807,0.21631767596584425,0.20075325000387256,0.7389199625147871,0.18491693914578544,-0.6872056882107209,0.7478682492645428,0.2883251665561639
2022-04-26,9.170615792274475,7.698144912719727,0.35700613260269165,0.11746064573526382,4.345126152038574,0.21618054660882194,0.20526375260714846,1.8567492108913175,0.5079314184144827,-0.6368545082429602,1.858228274243479,0.5759060577508937
2022-04-27,7.527679771184921,7.791983127593994,0.33121103048324585,0.11364234238862991,4.371577262878418,0.21685124766678926,0.20988154717212448,-0.03035591616500355,0.5054562237144351,-0.7946702875904812,-0.03248832813460112,0.5271236243659763
2022-04-28,7.4753924906253815,7.774293899536133,0.34186631441116333,0.11266163736581802,4.351065635681152,0.2153590907348518,0.2090762225001136,-0.022042374805195664,0.5325806896470677,-0.7964732471364497,-0.025345662017027593,0.5643686562593677
2022-04-29,8.362578839063644,7.731809616088867,0.3221997022628784,0.1185041069984436,4.313538551330566,0.21721489210050673,0.19491047227246316,0.9703444108926194,0.41875948673158003,-0.5055873677186149,0.9619287120377713,0.5125765976382839
2022-05-02,8.420851111412048,7.8755106925964355,0.31259194016456604,0.12986993789672852,4.2784037590026855,0.2218438429578662,0.1717811631652928,1.0678223359078896,0.3788139301363662,0.06985239317543268,1.0423210377810292,0.5517420601793859
2022-05-03,7.104458153247833,7.4311723709106445,0.30514422059059143,0.12643788754940033,4.248481750488281,0.22128706803627188,0.16859042676148994,-0.3994158844074924,-0.11336660674703047,-0.08043988483103881,-0.45330684838880586,0.03141391095536328
2022-05-04,8.360221773386002,7.668701171875,0.35901063680648804,0.12766823172569275,4.301059722900391,0.22153225476459087,0.18625984840179288,0.8662826914447912,0.14054182595597098,-0.0073137858888490115,0.8323496730585518,0.2509104386942109
2022-05-05,7.344667702913284,6.241921901702881,0.16037070751190186,0.1391947716474533,4.297195911407471,0.22523423679177193,0.18929496961962256,-0.17148947887638144,-1.4160016746389665,0.32217243476506496,-0.24429451607662678,-1.2530702101775066
2022-05-06,6.630114376544952,6.46818208694458,0.2705618441104889,0.15173302590847015,4.400088310241699,0.22993031571582792,0.21928555134937222,-0.8880108224756853,-1.068218843343967,0.8974285946089058,-0.956274463627234,-0.8980855580137659
2022-05-09,7.281100273132324,6.439306735992432,0.25037455558776855,0.14916695654392242,4.3875508308410645,0.22921695968830824,0.2203699667397616,-0.07174778759003786,-0.8894970189540476,0.6268179946998069,-0.11679391311704812,-0.7339744913348438
2022-05-10,5.258424445986748,5.868581295013428,0.3179648518562317,0.1537163257598877,4.230715751647949,0.23495396030871574,0.13552200319140018,-2.062072229139951,-1.459361380958148,0.8909198994617196,-2.1148165272476467,-1.277481461243564
2022-05-11,6.189945161342621,5.853207588195801,0.40206456184387207,0.15551580488681793,4.227996826171875,0.2340144469543503,0.13066928904867559,-0.6366202788690476,-1.111429896505343,0.8530790191469393,-0.6489145358501087,-0.9496846176735856
2022-05-12,7.092044562101364,5.9749836921691895,0.3603384792804718,0.15270844101905823,4.224260330200195,0.23598301695342905,0.13017457459140303,0.22441705325994032,-0.9429543673347993,0.5756264996587923,0.22393044339993473,-0.8036583518504532
2022-05-13,6.2647054344415665,5.561309814453125,0.35519838333129883,0.15392223000526428,4.157200336456299,0.23476982582322814,0.103605437564531,-0.4811145401667618,-1.0991531295787595,0.5285749489419471,-0.4795639837587924,-0.9399843928416995
2022-05-16,4.548331379890442,5.520310878753662,0.32822704315185547,0.1520199328660965,4.1538472175598145,0.23729010900442207,0.0883114000778511,-2.273414887101781,-1.1289885170735783,0.37192789831085094,-2.264209413324399,-1.0272748332592645
2022-05-17,6.170557409524918,5.482848644256592,0.34092238545417786,0.15376807749271393,4.146247863769531,0.23637046466866296,0.08788002065482559,-0.27708667867409176,-0.9407847274509784,0.39158408166837066,-0.2543579427899463,-0.8261507668761379
2022-05-18,7.3356532752513885,5.627264976501465,0.30459707975387573,0.15158376097679138,4.191647052764893,0.23847415049259243,0.1011640652071526,0.709580037503474,-0.8751203596893538,0.24726937205554567,0.7255480412281585,-0.8151765253197159
2022-05-19,5.289678230881691,5.466459274291992,0.31114161014556885,0.1513214111328125,4.1887030601501465,0.24282392677971726,0.08326559868023209,-1.546285450648547,-1.1005153191396575,0.22038735884478822,-1.5490537242846099,-1.1118286354544136
2022-05-20,5.950298577547073,5.2583327293396,0.322196364402771,0.15073780715465546,4.151556491851807,0.24296260561305477,0.06987255316480379,-0.7051061444109461,-1.1823721185832188,0.1903799555775718,-0.7027777908356114,-1.172976837449684
2022-05-23,5.4524987787008286,5.205861568450928,0.3476311266422272,0.1495792418718338,4.153562068939209,0.24138510852442932,0.07714299556020454,-1.135456196003271,-1.1200541051900412,0.16681352137144767,-1.1278075258674045,-1.091246708276202
2022-05-24,5.7340453416109085,4.973378658294678,0.3037585914134979,0.14915335178375244,4.117928504943848,0.2410548686033811,0.05941733917987835,-0.7127958559882623,-1.2208702171844834,0.09477765142842465,-0.7058117657731078,-1.1970160642503274
2022-05-25,5.287158787250519,4.861467361450195,0.33888518810272217,0.14737582206726074,4.100453853607178,0.24107606858683162,0.05512653680091506,-1.142018006708951,-1.2779806225789718,0.06961508656845972,-1.1309638351869111,-1.244527151783399
2022-05-26,4.680826053023338,4.563375949859619,0.33642521500587463,0.14977484941482544,4.081531047821045,0.23943251302607516,0.040157386010947205,-1.5097507277269306,-1.330755830999344,0.13075693844054825,-1.5058634280539334,-1.3194686415972434
2022-05-27,4.789994075894356,4.965704917907715,0.38347098231315613,0.15650257468223572,4.136010646820068,0.2375901277386992,0.06268500762832752,-1.1047512808419073,-0.6313888107618153,0.3719168003125377,-1.0981570725735486,-0.612788025152712
2022-05-31,4.541021376848221,5.157604217529297,0.45712435245513916,0.16188354790210724,4.200999736785889,0.23927354760605446,0.075011797079372,-1.2426044648241081,-0.34814608087263377,0.5815760415278257,-1.2625309326923295,-0.402733081864298
2022-06-01,5.1962339878082275,4.783628940582275,0.5124742984771729,0.16584542393684387,4.202984809875488,0.23668487730113724,0.06745341691282458,-0.2875528115161554,-0.4823201207911767,0.7090406133818954,-0.3119437101258029,-0.5597197603849322
2022-06-02,3.837475597858429,4.35927677154541,0.45253631472587585,0.1688375174999237,4.143035411834717,0.2339713240055632,0.03137347080285191,-1.306440358624152,-0.5644622177886793,0.6430165484799812,-1.3342522188432664,-0.6642352015980713
2022-06-03,4.716013416647911,4.309186935424805,0.49320468306541443,0.17507536709308624,4.200809001922607,0.23436708250642582,0.03128626655275535,-0.22348649419408773,-0.45502329538785524,0.8381079008945793,-0.2749167270120694,-0.6467459609869479
2022-06-06,2.902022562921047,2.828660249710083,0.42741602659225464,0.20306523144245148,4.545008182525635,0.22241803293674145,0.03315435396409849,-1.5303609704087817,-1.3681571257161762,1.8025618878765917,-1.767037460642479,-2.1896214331944854
2022-06-07,2.9292717278003693,2.69041109085083,0.36711356043815613,0.20179958641529083,4.521420955657959,0.22196386480750543,0.038169597802321986,-1.362651385765023,-1.3798131025952083,1.553229029871634,-1.445358360504967,-1.9154406874234837
2022-06-08,2.8638964518904686,2.724468231201172,0.37867870926856995,0.20649978518486023,4.548449993133545,0.2216537898904229,0.04374130956390698,-1.213146915370876,-1.1173024310948705,1.6105146402801158,-1.2365347099109885,-1.5334640449154424
2022-06-09,2.8556709960103035,2.647343158721924,0.4346213638782501,0.19477833807468414,4.48170280456543,0.21929574571498653,0.05388675106115315,-1.4101884897005448,-1.3782112127509967,1.2330083412583743,-1.3978460821591678,-1.6429823246384476
2022-06-10,2.8686181381344795,2.7943146228790283,0.4869544804096222,0.20493516325950623,4.611945629119873,0.21736728819675985,0.04606227636914606,-1.1861386591614353,-0.9909794932530467,1.5870045294150517,-1.1252630327274575,-1.3313295709732778
2022-06-13,2.856909491121769,2.889016628265381,0.5239003300666809,0.2043033093214035,4.649925708770752,0.21740642090755105,0.06848967711400211,-1.2414558298621712,-0.9336302884912406,1.5390299297209595,-1.1246326760939471,-1.1605076855397582
2022-06-14,3.852529674768448,3.7072792053222656,0.6694692969322205,0.2248634397983551,4.875068664550781,0.2218912375998699,0.08003227355055598,0.10176078982803549,0.24133440642461057,2.1535003509121013,0.3305378201895861,0.023640250457946266
2022-06-15,3.4734387695789337,3.6662533283233643,0.6668915748596191,0.2243896722793579,4.865786552429199,0.22163566316148733,0.07975866387829977,-0.2801139974813598,0.182294162903208,1.8569870091805725,-0.10403919868958589,0.000297763606921464
2022-06-16,4.168375998735428,4.249380111694336,0.7785770297050476,0.23500749468803406,5.020751476287842,0.22155862245111474,0.07461642920960976,0.5244870588656854,0.848802278071946,2.035491662472492,0.7485377803461848,0.6328400894410837
2022-06-17,4.181509241461754,4.105931282043457,0.7254111170768738,0.2315605878829956,4.9226226806640625,0.22444918975154715,0.06439953110541163,0.5055082372248973,0.6217446173036736,1.5987446214757086,0.6199988186227232,0.42422938171612845
2022-06-21,4.073267489671707,4.054893970489502,0.6903817057609558,0.2294311225414276,4.91196346282959,0.22507209329437058,0.07066608576971445,0.2587730909861339,0.43082904198691896,1.3638292569094224,0.33103565612980645,0.24907116178815247
2022-06-22,3.611757308244705,3.883863925933838,0.6266282796859741,0.22763803601264954,4.89484167098999,0.225551311103461,0.07079583650276677,-0.2722965665218995,0.18588694673826467,1.150368077727999,-0.218079104064544,0.021442881412539805
2022-06-23,3.6901978850364685,3.946218729019165,0.6595150828361511,0.2257830947637558,4.893604755401611,0.22701195973700705,0.08024690595688255,-0.29215410295964084,0.13306401621112585,1.065039803084571,-0.24177598597806416,-0.006287703428778713
2022-06-24,4.0385812893509865,4.207023620605469,0.6776562929153442,0.23309555649757385,4.988535404205322,0.22347872422618115,0.06366331170637807,0.2278724706556634,0.5491059535615355,1.1312852359370826,0.3027313828017899,0.3666735821468805
2022-06-27,3.8223748803138733,3.9180409908294678,0.581148624420166,0.22903510928153992,4.939170837402344,0.2240751338018144,0.06520972843455763,-0.0666045243781852,0.15296230093489172,0.8804376911523044,-0.0045331410166973285,-0.000619820494195622
2022-06-28,3.4325154423713684,3.8267922401428223,0.5377553701400757,0.22960178554058075,4.951950550079346,0.22344549002654415,0.06909103844568165,-0.4472490912533722,0.05884271215050063,0.7842541145119706,-0.38579707151489107,-0.07588033101336666
2022-06-29,4.136146917939186,3.824082612991333,0.5317233204841614,0.22641777992248535,4.922591686248779,0.2228346118256425,0.06467028344048709,0.2343041039694631,0.004587267001863182,0.6883983640620444,0.3031438057526836,-0.11284707063278354
2022-06-30,3.565760001540184,3.7072386741638184,0.46458885073661804,0.2246749848127365,4.914208889007568,0.22330608720676148,0.06670647897267168,-0.4209422620103167,-0.17992230313424162,0.5569822446764814,-0.35471452951786553,-0.27940665263251496
2022-07-01,4.001359649002552,3.786611318588257,0.5329599380493164,0.2222481220960617,4.907224655151367,0.22336894965181026,0.0738006282244067,-0.060175375441887446,-0.18203441299533196,0.5640311711768735,0.00836559158881478,-0.2615590689890279
2022-07-05,3.4060467183589935,3.521590232849121,0.39939603209495544,0.21896131336688995,4.860008716583252,0.22270902623740324,0.07655700209460348,-0.6595242299608968,-0.4501825326564939,0.3715297490771965,-0.6049831367421934,-0.5045771762775333
2022-07-06,3.3619228899478912,3.151412010192871,0.34488946199417114,0.20872393250465393,4.713627815246582,0.2301567430437401,0.08632557238111449,-0.8979073030766207,-1.0199547629067043,0.17087613558495263,-0.8785522951851039,-1.033011671312539
2022-07-07,2.49728050082922,2.6966562271118164,0.11116506159305573,0.20985116064548492,4.717385768890381,0.23085950553289458,0.08795420835646328,-1.7052254860721439,-1.4156298698357324,-0.05753212475243563,-1.6891741876447472,-1.4243395234313008
2022-07-08,2.528181605041027,2.7127346992492676,0.09300436079502106,0.21330709755420685,4.7548112869262695,0.23322574218704625,0.08272722387031273,-1.6073264473915483,-1.3458427094045504,-0.04603180198657353,-1.5760781809677544,-1.3593865080155707
2022-07-11,2.2595808058977127,2.6488101482391357,0.10135507583618164,0.21139827370643616,4.734578609466553,0.2326755484564521,0.08751456538423619,-1.8465417656360978,-1.3854355347115437,-0.05270565994928167,-1.824469619367048,-1.3926602836946325
2022-07-12,2.8070242553949356,2.6346018314361572,0.12187115103006363,0.20946766436100006,4.7467732429504395,0.232124616472284,0.0872980170006763,-1.3585511185821417,-1.4655268563821293,-0.057086684031089296,-1.32621310386343,-1.475444971371667
2022-07-13,2.5410455279052258,2.4528162479400635,0.12977980077266693,0.20270323753356934,4.666322231292725,0.23383795901811363,0.07984748712042677,-1.725409410021447,-1.7326279958577988,-0.1204891051236121,-1.698574536865217,-1.7388712936521102
2022-07-14,2.528389260172844,2.409609317779541,0.13817602396011353,0.20291931927204132,4.658221244812012,0.23318823688490908,0.07626527314797527,-1.649546071984651,-1.6885911078331546,-0.1009904154912804,-1.6231909310916732,-1.6943324254453715
2022-07-15,2.3978561237454414,2.4447479248046875,0.14333012700080872,0.2038823664188385,4.668222427368164,0.23330962036912165,0.07833265176303117,-1.721590406146893,-1.5951630276847117,-0.08182472838444443,-1.6954974338627746,-1.5994022136637618
2022-07-18,2.6657268553972244,2.7578983306884766,0.13316579163074493,0.21359509229660034,4.807773590087891,0.23247499095314822,0.09472270811785899,-1.2926645482233212,-1.1408629388814537,-0.0026045280840509832,-1.253468537802517,-1.1441114985733778
2022-07-19,2.4487612769007683,2.6314117908477783,0.20196712017059326,0.21092844009399414,4.783472061157227,0.23269622640098223,0.0948073326768567,-1.5411670427771833,-1.2985146599809863,0.03689185379851656,-1.5061680559475024,-1.2975594167755204
2022-07-20,2.421109691262245,2.81552791595459,0.18932496011257172,0.21347938477993011,4.856063365936279,0.234783467756155,0.09964950166386877,-1.6288691697324618,-1.1822689742322376,0.025967250534528308,-1.5697740188932876,-1.1749070367721384
2022-07-21,2.550821788609028,2.648735523223877,0.1977163851261139,0.2083009034395218,4.77900505065918,0.2334635321374252,0.09829144613791863,-1.4824620909708894,-1.3360965469387995,-0.0070771277316139525,-1.4415979068086102,-1.3275859333125037
2022-07-22,3.0581375509500504,2.835832118988037,0.18995293974876404,0.21088014543056488,4.814568996429443,0.23414274476811833,0.10451513792459055,-0.9106962611589617,-1.0938524717797433,0.005167191065750032,-0.8650211340252696,-1.0830115470909538
2022-07-25,2.7107535377144814,2.771448850631714,0.1869814246892929,0.21322877705097198,4.810489654541016,0.23255230495950124,0.10819042349121644,-1.077439963725527,-0.982207843958637,0.03584087041453987,-1.0555549882431228,-0.9762694091099196
2022-07-26,2.7203416228294373,2.6955039501190186,0.21281003952026367,0.21213461458683014,4.802268028259277,0.23264819981432505,0.10964944617302896,-1.0758863243190904,-1.0657178906622278,0.04801693176283628,-1.0581971999647193,-1.0600992001828429
2022-07-27,2.620028167963028,2.7186241149902344,0.19990956783294678,0.20771600306034088,4.797440052032471,0.23135469333197542,0.11805828470693469,-1.338164178802824,-1.1919931743625227,-0.02523090720489929,-1.3268753276117051,-1.188086287595148
2022-07-28,3.062870368361473,2.907348871231079,0.1747453808784485,0.2070753574371338,4.87883996963501,0.2303042995897862,0.13647920147592119,-1.0778718099874451,-1.1849909222419406,-0.09571476047046534,-1.048464156471712,-1.1737266809260793
2022-07-29,2.7851138338446617,3.07061505317688,0.2058916985988617,0.211839497089386,4.936456203460693,0.2301992633026893,0.13639141972792657,-1.2202361116870772,-0.8953253795774803,-0.022451229962228147,-1.1652394805372097,-0.8724367716484958
2022-08-01,2.693785034120083,3.077056884765625,0.208773672580719,0.2130960077047348,4.954198837280273,0.23011008866436888,0.13576897970563429,-1.2457897873312032,-0.8375417914251599,-0.008506316972175743,-1.1788033952301218,-0.808133063218917
2022-08-02,2.6088148653507233,2.7447166442871094,0.2102820873260498,0.20147721469402313,4.816462993621826,0.22778471678589932,0.130637607969608,-1.5141911457703845,-1.3365188509484591,-0.10502560522276028,-1.4988002361160975,-1.328945267609262
2022-08-03,2.4651884958148003,2.3513357639312744,0.20965048670768738,0.19309735298156738,4.705636978149414,0.22363368992311045,0.1313497043186409,-1.723540490035834,-1.7831813192004669,-0.17482130900147297,-1.7890423576526437,-1.8167342878146338
2022-08-04,2.403985731303692,2.337289810180664,0.2251141518354416,0.19382186233997345,4.697720050811768,0.2242101186206704,0.12968095844962502,-1.7157514007345585,-1.7295498204837632,-0.14513413412378817,-1.7917391080062668,-1.770584761439772
2022-08-05,1.8780658021569252,1.8198200464248657,0.17156291007995605,0.181733176112175,4.613542556762695,0.2173514645011061,0.14024222926381602,-2.5199733354595564,-2.505897248596124,-0.33850073875582254,-2.6866968130792364,-2.6026009015561806
2022-08-08,2.153105214238167,1.934381365776062,0.17036612331867218,0.18378086388111115,4.633062362670898,0.2177838401163664,0.14518436474935348,-2.1686493722529923,-2.323018663553052,-0.32413499338604,-2.36129844162884,-2.4405210856074824
2022-08-09,1.9328268691897392,2.0264341831207275,0.15223149955272675,0.19115376472473145,4.69857931137085,0.21561899288861378,0.14483093890634258,-2.102999714488229,-1.9741972932856946,-0.2857339971941326,-2.300332171612336,-2.0948139108801396
2022-08-10,2.212810918688774,2.056222438812256,0.15162375569343567,0.19237825274467468,4.713228702545166,0.21515814058181737,0.15373265060275165,-1.760853430908572,-1.8917984014012816,-0.2849908404861998,-2.0040428378797337,-2.0448282961220663
2022-08-11,2.445006214082241,2.3576014041900635,0.15540604293346405,0.19722546637058258,4.807724952697754,0.21457664882008742,0.16314219499570837,-1.438040870808929,-1.5219137934586158,-0.27250182291318126,-1.6407515049865964,-1.6503251650416386
2022-08-12,2.2677413001656532,2.374850273132324,0.1642923653125763,0.19658397138118744,4.811853885650635,0.2150985335664618,0.1690501617945649,-1.6369762063179731,-1.5238800682284754,-0.2785916295159625,-1.8495752544525565,-1.6602008049294588
2022-08-15,2.306948021054268,2.5108132362365723,0.20147322118282318,0.20271757245063782,4.847640514373779,0.21444331471652922,0.17493275446755496,-1.3253624816646372,-1.144093706034008,-0.1919956857578864,-1.5829051727625458,-1.3118215233985913
2022-08-16,2.4461110159754753,2.539968252182007,0.24227385222911835,0.20348244905471802,4.807572841644287,0.20986415731593103,0.17380370779429055,-0.9934934463087615,-0.942228458846488,-0.168019501474034,-1.360535193237875,-1.178805014614726
2022-08-17,2.54543224722147,2.584662675857544,0.24256134033203125,0.20536430180072784,4.840513706207275,0.20898970186644647,0.1791067953895391,-0.8297260591430353,-0.8454023723561397,-0.176161709266629,-1.1993162819132444,-1.0854634600641777
2022-08-18,2.6636868566274643,2.6890134811401367,0.2684609591960907,0.20623771846294403,4.86695671081543,0.20962240105977056,0.18562099241700392,-0.7044984420141613,-0.7371611000378513,-0.15449388770626182,-1.067645947079785,-0.9772302402875352
2022-08-19,2.551616609096527,2.691145181655884,0.27961376309394836,0.20721179246902466,4.847884178161621,0.20915740945223463,0.18303212140741743,-0.7220194335532746,-0.6446988569688177,-0.13357827991416826,-1.0988596563465656,-0.8932263184187779
2022-08-22,3.0421021580696106,3.0496997833251953,0.32726410031318665,0.21474748849868774,4.985620021820068,0.20933897880035926,0.19346687120913864,-0.058191594968935334,-0.14432844895970032,-0.04366357473115645,-0.33486710513206663,-0.32979191801808394
2022-08-23,3.0314579010009766,3.4245994091033936,0.3688158094882965,0.21503916382789612,5.0664496421813965,0.2105122626495049,0.20754662046539718,-0.18363092553079507,0.12214436323526279,-0.011121169271019582,-0.38890243922505885,-0.01627467380936576
2022-08-24,3.3351177871227264,3.3533592224121094,0.38983872532844543,0.21275867521762848,5.036003112792969,0.20971367200947919,0.21299584408890682,0.07297416708275062,-0.006505041843030135,-0.02083639544718352,-0.18263310878440997,-0.18320115335387932
2022-08-25,3.314693197607994,3.187464475631714,0.4036061465740204,0.2083875834941864,4.975030422210693,0.20768437827335268,0.2158112816572797,-0.04912245532425086,-0.2643798281436558,-0.07553720115859441,-0.3795729052333803,-0.49622908995137127
2022-08-26,3.5201255530118942,3.3031322956085205,0.437796413898468,0.20653748512268066,4.998122692108154,0.20816477560878235,0.22403093046530298,0.044113819056770254,-0.24052390015857128,-0.07506299444397158,-0.25399917297013275,-0.44081977661935934
2022-08-29,3.5323820412158966,3.4626901149749756,0.4770057797431946,0.20877371728420258,5.054358959197998,0.21148208094966128,0.22654107675841118,0.0647531587866288,-0.05601574504337492,0.01607655561975907,-0.12679990898305427,-0.17802668008894695
2022-08-30,3.4038343131542206,3.333693265914917,0.543996274471283,0.2022862434387207,4.991866588592529,0.21023483885323155,0.23826444256701151,-0.24910281372417753,-0.3473009565427567,-0.009921060819754857,-0.5169090668593288,-0.5116643327920816
2022-08-31,3.300802931189537,3.2698628902435303,0.4857337772846222,0.20672133564949036,4.9857282638549805,0.2105472343852002,0.21912409533203858,-0.09599991751717596,-0.17462308205798216,-0.033403515888169366,-0.2992485238871545,-0.29390046912297496
2022-09-01,3.1944204568862915,3.2849106788635254,0.4668399691581726,0.2103535681962967,5.011402606964111,0.21100996020671828,0.21227365428631362,-0.05242496693558163,-0.01851793304478111,-0.014090196797514665,-0.19646920626779352,-0.09437270908331907
2022-09-02,3.025639034807682,3.2503294944763184,0.45999351143836975,0.20762714743614197,4.9801740646362305,0.21129829627600374,0.2108566819426535,-0.29929634063915067,-0.11837482635903118,-0.04622581631862399,-0.4405766321191136,-0.18754632211684807
2022-09-06,2.0409255921840668,2.03865385055542,0.21858638525009155,0.20744450390338898,4.953559875488281,0.21075528186251677,0.20299076870299937,-1.195202895103626,-1.252925235085951,-0.3141635724584315,-1.3251269179788165,-1.3111979365377229
2022-09-07,1.9563675001263618,1.9518533945083618,0.240796759724617,0.20592384040355682,4.890045642852783,0.20988827150211184,0.1952364900256458,-1.1449605238772866,-1.2130039618934978,-0.36636070758061745,-1.2813117340188267,-1.2593349203273858
2022-09-08,2.409333184361458,2.310723304748535,0.4293174743652344,0.20505650341510773,4.957028388977051,0.21020781428345145,0.23214649661875653,-0.8454498476898262,-0.9944847985665879,-0.15469398075808272,-0.9410133071066533,-0.9908727207084027
2022-09-09,1.6550296172499657,1.5369385480880737,0.3551846444606781,0.17704357206821442,4.589951038360596,0.19942181868793862,0.15951817991788864,-1.674504173496679,-1.8661710443130177,-1.091925196173559,-1.7143523268644527,-1.7753627387644606
2022-09-12,1.7147879004478455,1.6102834939956665,0.31465545296669006,0.18200801312923431,4.647684574127197,0.20129240243014906,0.15874051724613925,-1.543403585412376,-1.691655360153404,-0.9660217059754812,-1.5021043209035558,-1.558665152365947
2022-09-13,1.433644562959671,1.3810439109802246,0.2809584140777588,0.17730671167373657,4.557934284210205,0.19947033018105229,0.12931907444549418,-1.7278605821840483,-1.8246697796068165,-1.1504894711517943,-1.6565172520581162,-1.6705808526038526
2022-09-14,2.6170998960733414,2.2241334915161133,0.27707722783088684,0.19371643662452698,4.989833354949951,0.20197565613143992,0.20292958305940068,-0.835028638960857,-1.2623439740662228,-0.5351843891849892,-0.8207828694063344,-1.2397682259899612
2022-09-15,2.245029054582119,2.1879804134368896,0.29148051142692566,0.19379419088363647,4.976779460906982,0.20026284102225106,0.1954571337538491,-1.0371743776137912,-1.1220387615329326,-0.5763870032587901,-1.0247781790456405,-1.100696157176972
2022-09-16,2.373256966471672,2.3673696517944336,0.33248740434646606,0.20498916506767273,5.072891712188721,0.2008664559748402,0.1939713042104242,-0.46779393669488734,-0.5284146812661668,-0.3758901326041135,-0.4744741515207651,-0.539528273915542
2022-09-19,2.3006049767136574,2.287839889526367,0.31785500049591064,0.20530632138252258,5.050652027130127,0.1996131328361149,0.18871001951398514,-0.3521586501752978,-0.4307020121991929,-0.43052245115117405,-0.3512825558982309,-0.42919466573379284
2022-09-20,2.469868004322052,2.2993061542510986,0.32064881920814514,0.20777571201324463,5.06249475479126,0.1984726546881206,0.18273120296060041,0.029407905366124254,-0.21659261756654224,-0.42169985086971007,0.023064082891548043,-0.22758161590223525
2022-09-21,2.562026761472225,2.4169182777404785,0.3447921574115753,0.21012744307518005,5.079592704772949,0.19646023461928874,0.18814914215747958,0.3418293940028647,0.12989780391407812,-0.39820843202308875,0.3465579260323093,0.13768975382320248
2022-09-22,2.2874216213822365,2.405003309249878,0.32755807042121887,0.20789822936058044,5.085422992706299,0.19751866620334643,0.18263300792346737,-0.17366275389172436,-0.0962747522526346,-0.3516813636569731,-0.1957261207295269,-0.131232403648049
2022-09-23,2.41318042576313,2.3946189880371094,0.3154436945915222,0.21319299936294556,5.094428539276123,0.19718979512450216,0.17703409461865538,0.30142117576263594,0.22316621978354156,-0.2981200115026157,0.2832325047949915,0.19370615511615874
2022-09-26,2.7552462369203568,2.7713005542755127,0.34291979670524597,0.22247099876403809,5.2567057609558105,0.20036200567337653,0.16799899992259792,0.5277414606418276,0.44145323414702986,-0.1329148421054711,0.43361371798159754,0.3125854231291547
2022-09-27,3.220164716243744,3.037062644958496,0.321330189704895,0.23072756826877594,5.360877990722656,0.2018859907938678,0.15625699121427616,1.0744375477528418,0.7539268349076167,-0.10101418507334525,0.9499568042355553,0.5636503388906893
2022-09-28,3.1737828329205513,3.0346648693084717,0.33855363726615906,0.22481951117515564,5.325014591217041,0.20184348321032533,0.16836491414795862,0.6950968588278723,0.45930379486880746,-0.13460376933711693,0.5799625167081532,0.30053456520198285
2022-09-29,4.6236428916454315,4.512131214141846,0.5297442078590393,0.26053720712661743,5.816408634185791,0.2009268602357509,0.11150984604746594,2.834250847563217,2.484341952987199,0.13575587873617545,2.41339811910838,1.9578072414646055
2022-09-30,4.2505947053432465,4.271043300628662,0.45602551102638245,0.26115331053733826,5.784806251525879,0.2021726882715741,0.11687473586324781,2.1142115875728713,1.9484175428129262,0.06697800217338012,1.5748536453695268,1.382561135676184
2022-10-03,4.164068087935448,4.286763668060303,0.47021299600601196,0.2583692669868469,5.751104354858398,0.19982728921605986,0.11756348803538219,1.895179177221717,1.8581696839014228,0.0829200336489726,1.349624690711714,1.2813034914285915
2022-10-04,4.801709830760956,4.779553413391113,0.5317415595054626,0.2762061059474945,5.936399459838867,0.2039268965088364,0.08784468160793213,2.4472359970145856,2.2078599452812817,0.15733055575026544,1.7129800478085535,1.4568863829847096
2022-10-05,4.298137575387955,5.10653829574585,0.27142617106437683,0.2896002531051636,6.16402530670166,0.20801007218597728,0.06710587532641143,1.1007547949176946,1.6901608074581134,-0.09736484127340317,0.16369470318844215,0.7340825025123383
2022-10-06,5.0673384219408035,5.303957462310791,0.2839091122150421,0.290440171957016,6.198160171508789,0.20536172955114912,0.061030305546649344,1.758806257884867,1.6640815829251494,-0.06950793291189183,0.7853014539008001,0.6579940273921991
2022-10-07,4.97123458981514,5.345327854156494,0.29903486371040344,0.2893800735473633,6.194355010986328,0.20606577286390715,0.06139493185015965,1.2664633429973549,1.3273500109718697,-0.03890504010190288,0.39164893493505915,0.43285457438004116
2022-10-10,4.911071807146072,5.488502025604248,0.3136967420578003,0.287393182516098,6.199316501617432,0.2088381317262893,0.09120190067396472,0.5932462478289828,0.8508174403085782,-0.003027960051873557,0.1186865801283119,0.370654345847397
2022-10-11,5.006926983594894,5.372618675231934,0.32265523076057434,0.2866378128528595,6.162416458129883,0.20814085827049816,0.0947827465568577,0.8464382941551563,0.8646871849826319,-0.001646340633158827,0.4570749590141592,0.4645234103573799
2022-10-12,5.563861146569252,5.5339250564575195,0.3669925928115845,0.2879783809185028,6.183566093444824,0.20748029410857796,0.08179872573314706,1.3464867246454837,0.9632756498915391,0.041930106149266955,0.8401211627596563,0.43550249990570045
2022-10-13,5.807673379778862,5.332350254058838,0.35285985469818115,0.28508034348487854,6.105213165283203,0.20437619129664497,0.08809049875514019,2.032283151745208,1.2544769868407748,0.005486468475599526,1.5395992109109056,0.755113084915104
2022-10-14,5.211158141493797,5.446094512939453,0.3730895221233368,0.28649279475212097,6.1539483070373535,0.20621677678725112,0.07955266992558352,0.8960633116777537,0.8822543740593076,0.037688413780805896,0.36310734839986303,0.34617824707172495
2022-10-17,5.428324669599533,5.605006217956543,0.4083380103111267,0.29538100957870483,6.247451305389404,0.2068970839314626,0.04090992543358163,1.0959355171287513,0.9897479877345887,0.06878763074579464,0.22324157878022888,0.11896233370370446
2022-10-18,6.2412990629673,6.036289215087891,0.47524306178092957,0.2983141243457794,6.350709915161133,0.20963978231088307,0.034996083924930144,1.0709161926557584,0.5779683874113886,0.1515599827654429,0.2599172520557822,-0.21548463435780008
2022-10-19,5.823361486196518,6.142158508300781,0.4780811369419098,0.2986479699611664,6.362342834472656,0.2098353326386692,0.04040016839701577,0.47180970012660595,0.5455249447372985,0.14152227656554106,-0.19444361437760094,-0.08854502919068352
2022-10-20,6.379896312952042,6.388755798339844,0.4835429787635803,0.2995395064353943,6.390611171722412,0.2107293215439375,0.05051664636156461,0.7692179165365474,0.5240270371788398,0.13874758147773636,0.3299419594815838,0.10366245648478412
2022-10-21,5.696092665195465,5.972452640533447,0.4402821660041809,0.2928258776664734,6.274989128112793,0.2073224111952248,0.07163126786420881,0.6157680552343656,0.6768193475699995,0.07299249598094693,0.2937348098249366,0.3700888760116001
2022-10-24,5.818669602274895,6.052881240844727,0.5112573504447937,0.2907484471797943,6.300261974334717,0.2077868735449292,0.06578287445443831,0.27040299799728373,0.3090493733335755,0.1493909434657465,-0.14718179560306766,-0.08588482901527072
2022-10-25,5.772865638136864,5.9096293449401855,0.5004786252975464,0.2888661026954651,6.2647857666015625,0.2073298901871254,0.07091278557013236,0.35476824755995295,0.2964013649628079,0.12751506961086356,-0.0014088077317246928,-0.04103710664209892
2022-10-26,6.997282966971397,6.559136867523193,0.49234673380851746,0.2988041341304779,6.408604145050049,0.2096255599621135,0.03749573939065065,1.1545081013658738,0.485834440017328,0.11430656539881301,0.587528662287756,-0.05779921034658031
2022-10-27,6.379438444972038,6.380457878112793,0.4668480157852173,0.297393262386322,6.365462303161621,0.21075576405101015,0.03313744949595632,0.5280697734380162,0.3564190992145626,0.08186052278095629,-0.029602528091075442,-0.1667776956140834
2022-10-28,5.942595183849335,6.166709899902344,0.5115272402763367,0.29710623621940613,6.341825485229492,0.20946565899227826,0.008105490017118022,0.3424476750481631,0.4033821639405879,0.1170676687206037,-0.5732448995594055,-0.43906599225719134
2022-10-31,5.5581598579883575,5.9648847579956055,0.4758346676826477,0.2951961159706116,6.310072898864746,0.21058394130302868,0.021729601496381923,-0.10410254878896552,0.14181851375655796,0.07798707319138631,-0.7424247925450267,-0.4461972301342847
2022-11-01,5.880002468824387,6.036771297454834,0.49673670530319214,0.2968232333660126,6.336214065551758,0.210425591081332,0.015349925924228902,0.1894343261540783,0.16869679432429763,0.09404782116973509,-0.454610202835795,-0.4265203522021963
2022-11-02,6.4481329172849655,5.942159175872803,0.49759310483932495,0.29493317008018494,6.3098063468933105,0.2102070500394472,0.01949462031407967,0.8039537603771727,0.12716049702552823,0.09140268817743302,0.22555654181584295,-0.3935551196856544
2022-11-03,4.61712247133255,4.134805679321289,0.07783368229866028,0.29436445236206055,6.3313517570495605,0.21226507168440303,0.03308840074740593,-1.4443271690696022,-2.0429536672695754,-0.3198347677994806,-1.7702734489059893,-2.3311861182517895
2022-11-04,4.483184069395065,3.9266395568847656,0.07341617345809937,0.2919235825538635,6.252136707305908,0.21001635018054943,0.04238112646981895,-0.9483161400600117,-1.6179671108044804,-0.32334377983014206,-1.2281858968735833,-1.86301894478113
2022-11-07,4.259276330471039,4.078587055206299,0.1397097110748291,0.29661664366722107,6.34792423248291,0.21430636762254218,0.018055223286766786,-1.8102410444261388,-2.056569843618556,-0.22805853158710698,-2.161893111600639,-2.365008780104449
2022-11-08,4.554358631372452,4.179187774658203,0.17317312955856323,0.2948891222476959,6.345396995544434,0.2128233684733853,0.003459501937799536,-1.3389194092749968,-1.763584250653702,-0.17793025597338685,-1.9602197112121402,-2.301255950480577
2022-11-09,4.309606716036797,4.261559009552002,0.14170877635478973,0.29321470856666565,6.348771095275879,0.21332052245646338,0.001581584023942595,-1.6640462290362095,-1.7137869541049984,-0.18831540352562048,-2.2664699981558716,-2.2298119434222006
2022-11-10,4.466184437274933,4.355255603790283,0.1552743911743164,0.2957775294780731,6.3996262550354,0.2152093982247441,-0.0050445880934701925,-1.6946191043898935,-1.7925969878130594,-0.15359940289105145,-2.2107903527101254,-2.2315561745777073
2022-11-11,5.562453284859657,5.107498645782471,0.10093086212873459,0.3130185008049011,6.6159987449646,0.23180078174591057,-0.015282290549986532,-2.0167601447927304,-2.4487305604186123,-0.1528932484262573,-1.7043140605876186,-2.185992008812784
2022-11-14,5.740991190075874,5.26778507232666,0.09886705130338669,0.31517988443374634,6.676476001739502,0.23266319073685846,-0.018863752627059194,-1.7797065111655481,-2.168049108354211,-0.11896421546811675,-1.4955535443792662,-1.9261587081775495
2022-11-15,5.724679738283157,5.185417652130127,0.10482841730117798,0.3143537640571594,6.657707214355469,0.23273788561039108,-0.02443008666663804,-1.5316228533546887,-1.9140685241608084,-0.09853038386452129,-1.353385253440134,-1.7645818814750864
2022-11-16,5.997040972113609,5.237757682800293,0.10063344985246658,0.318998783826828,6.690363883972168,0.23244580462847622,-0.041578476511657136,-1.0156440740599582,-1.6166247894282488,-0.10998231619277044,-0.9937182099197663,-1.598129091896495
2022-11-17,6.053874909877777,5.131980895996094,0.09795629978179932,0.3166893720626831,6.661557674407959,0.23279797503832214,-0.037056721319616015,-0.768951429015039,-1.5032154648157885,-0.09425045290171474,-0.7230291767191828,-1.4640484323721594
2022-11-18,5.56238217651844,5.185721397399902,0.10249842703342438,0.3178204894065857,6.673693656921387,0.23317580862216894,-0.04227331011528035,-1.1754338043996002,-1.2867440308711249,-0.07577289483597682,-1.1681857142022922,-1.2806164955686175
2022-11-21,5.552716821432114,5.151694297790527,0.1186295673251152,0.3177999258041382,6.657336235046387,0.23219791495472272,-0.05323586084913279,-0.9400674922808374,-1.0973722284309417,-0.06311541640456353,-1.07762754174313,-1.2137158321753194
2022-11-22,5.516541734337807,5.102308750152588,0.1096661239862442,0.31882211565971375,6.644364833831787,0.22939280153957414,-0.06862144896533517,-0.7288908157274987,-0.9295542773113912,-0.09966447044385318,-1.0606943656228358,-1.2059016774169518
2022-11-23,6.176262617111206,5.3929266929626465,0.12057007104158401,0.3247579038143158,6.725276470184326,0.2293060969435554,-0.08868753302031074,-0.11611722946367475,-0.6829860580541443,-0.08731405197040298,-0.5031958864467327,-1.0029538879193671
2022-11-25,6.508386969566345,5.383489608764648,0.10699532926082611,0.3207395076751709,6.6904497146606445,0.22907023232103604,-0.07600209326359075,0.34177289177566905,-0.5274526706201046,-0.07558354362371356,0.06267418517767442,-0.7463863007360869
2022-11-28,6.130198046565056,5.350525856018066,0.10470893234014511,0.318600594997406,6.677666187286377,0.22808558360491465,-0.06913597751477463,0.04655210342968985,-0.42961933195683955,-0.064183649315527,-0.17811100540679536,-0.5822892356084566
2022-11-29,6.398157835006714,5.4505486488342285,0.11446903645992279,0.31973809003829956,6.719229698181152,0.22801444931835563,-0.06344635446013203,0.32220134135988765,-0.27683494081258164,-0.029148819165871753,0.17608347675741598,-0.3491495263240596
2022-11-30,6.615708142518997,5.467043876647949,0.10577911138534546,0.3198952078819275,6.720407009124756,0.22827731636971213,-0.06249471806576734,0.5640841127645917,-0.1895044112609483,-0.02768624865613889,0.4611741636490114,-0.20765420271507118
2022-12-01,6.771360278129578,5.920808792114258,0.11289461702108383,0.33098334074020386,6.88424825668335,0.23114368109466799,-0.07782178240698268,0.40414569530926414,0.03104005306314228,0.008616271670302211,0.3632719141735903,0.05581211357971938
2022-12-02,6.68246503174305,6.060574054718018,0.15813282132148743,0.33788761496543884,6.939620494842529,0.22917323273236093,-0.11156296210827987,0.018665035472273495,-0.1682942473839013,-0.02216244345738705,0.0043526204748358666,-0.025032879624696136
2022-12-05,5.339474618434906,4.842286109924316,0.05428386107087135,0.3375493288040161,6.9389848709106445,0.22923843393392013,-0.10988364867331035,-1.3187280523769047,-1.3657010099995759,-0.12043844163230943,-1.244651830115691,-1.1470518396249645
2022-12-06,5.467644855380058,5.010152339935303,0.06787684559822083,0.3415628671646118,6.982170104980469,0.2296477873701218,-0.11935223386255678,-1.269498738913943,-1.2782148125480521,-0.11540077804319004,-1.1788217170498463,-1.0505282149291801
2022-12-07,5.512386605143547,4.920727252960205,0.06679967045783997,0.33960607647895813,6.948235988616943,0.23025984923789206,-0.11394932963714499,-1.1022044780772413,-1.240678796741319,-0.10479976366617416,-1.0091872971072924,-1.0388979029311294
2022-12-08,4.992746487259865,4.6912994384765625,0.07141125947237015,0.3366723656654358,6.856277942657471,0.22502549707270103,-0.11416016813264496,-1.6016501217605095,-1.5746673227513313,-0.20922206147364042,-1.4652199247798503,-1.2970549611648003
2022-12-09,5.013524278998375,4.685324192047119,0.07598205655813217,0.33650627732276917,6.856841087341309,0.22507707942502467,-0.1127830177529634,-1.5100753050371258,-1.506288152337742,-0.19262982300285758,-1.342342437662058,-1.2142199767141086
2022-12-12,4.650252997875214,4.6160759925842285,0.07868703454732895,0.3325459659099579,6.821190357208252,0.22353805015802833,-0.10710759377521928,-1.6926951679751152,-1.396309016742725,-0.17683751228427935,-1.4732443177476604,-1.0446916250801834
2022-12-13,4.800506189465523,4.626556396484375,0.07290734350681305,0.33330777287483215,6.831518650054932,0.22413476099589447,-0.10849167236750756,-1.504195744136104,-1.3482116582017518,-0.17062377152128283,-1.2624859317584214,-0.9909209619101347
2022-12-14,5.15859280526638,4.848354816436768,0.0759088546037674,0.33749037981033325,6.902050018310547,0.225517777875932,-0.11777482497948721,-1.1924393068602201,-1.1437839328701038,-0.13817261528391223,-0.9379956063677124,-0.7840454645773782
2022-12-15,5.002746567130089,4.6758294105529785,0.07184053957462311,0.3338986933231354,6.844616889953613,0.22488719672814853,-0.11003864583571299,-1.2174278263352516,-1.206152352139508,-0.14633800069958935,-0.9607463184325482,-0.8516289716685961
2022-12-16,4.670174479484558,4.901769638061523,0.0699298083782196,0.3375353217124939,6.90755558013916,0.22585039930354994,-0.11673474982734389,-1.5933245916322312,-0.994861408838922,-0.1237651222929399,-1.3390158099610776,-0.6497308272831752
2022-12-19,5.254766657948494,4.98052978515625,0.07791590690612793,0.33826711773872375,6.915963649749756,0.2255566888534476,-0.12671353328721757,-0.9804313316381963,-0.9170117525289152,-0.11646035661463516,-0.6488810452090963,-0.48549184899581377
2022-12-20,5.4377371072769165,4.81777286529541,0.11292584240436554,0.33360129594802856,6.818995475769043,0.22201202738766318,-0.116352753324233,-0.6904430652685747,-1.0806826789106294,-0.13858694784895853,-0.3210242684543658,-0.606946069323012
2022-12-21,4.819633424282074,4.242964267730713,0.10226088017225266,0.3242967426776886,6.674539566040039,0.21958840256670323,-0.09141691357385784,-1.061012891542246,-1.4528997886212967,-0.1716439053846739,-0.7244863160326034,-1.0178633281096623
2022-12-22,4.467991665005684,4.418185234069824,0.11080411076545715,0.3305802345275879,6.730859279632568,0.2193554800156933,-0.10873841016927899,-1.5594795105967698,-1.4665097124410176,-0.18201247109224195,-1.1824098961518565,-0.9773329730954181
2022-12-23,4.059865295886993,3.740769386291504,0.12428071349859238,0.3149452209472656,6.516911506652832,0.21521445266710992,-0.06499793414705501,-1.5149144134248145,-1.752182511022954,-0.18601512618856653,-1.177112552251284,-1.32305805893931
2022-12-27,4.245077013969421,3.7927777767181396,0.1140349730849266,0.31197309494018555,6.515876770019531,0.21398473096512702,-0.060752697148886314,-1.2122894367167243,-1.5376475307027677,-0.17721308352574372,-0.8042309648041321,-1.0229545101561222
2022-12-28,4.145404443144798,3.6712822914123535,0.1309184730052948,0.30885159969329834,6.4856648445129395,0.21392920549480493,-0.04738873086940498,-1.2086163812921047,-1.5260506568201384,-0.14651616197222972,-0.856595956726176,-1.0818797732033723
2022-12-29,3.95556603372097,3.45004940032959,0.17497675120830536,0.29747188091278076,6.369602680206299,0.2111955075049554,-0.023579310817670507,-1.1303102377220515,-1.449734575231414,-0.10779855365968949,-0.7079214602834227,-0.922397646372243
2022-12-30,3.89665724337101,3.273019313812256,0.22602005302906036,0.2898244261741638,6.237886905670166,0.20783776110016564,-0.007425416285581576,-0.9668490906324951,-1.4928996128039866,-0.09313462805283823,-0.49543164016654906,-0.9060846998072947
2023-01-03,3.8473948687314987,3.2509303092956543,0.22868438065052032,0.29205217957496643,6.260985851287842,0.20692634214418093,-0.009222450165255136,-1.028396297609076,-1.5518572385903795,-0.09683345486843153,-0.5495830766034526,-0.956486920915264
2023-01-04,3.417063422501087,2.944951295852661,0.18508903682231903,0.28922876715660095,6.2191033363342285,0.20788527702926163,0.008390150581882083,-1.3646654508224767,-1.7410114490578135,-0.12863284088317561,-1.0380217815521107,-1.334061333381161
2023-01-05,1.818211130797863,1.4638696908950806,0.1397881656885147,0.2866341471672058,6.174954891204834,0.206407801231058,0.004879088128592279,-2.8580474780969567,-3.146857754001566,-0.18564949205452308,-2.401574768984398,-2.581070902167248
2023-01-06,1.945769838988781,1.4416602849960327,0.17351853847503662,0.28166019916534424,6.137617588043213,0.20648262279084476,0.014205481409472753,-2.6342801380103325,-3.0033223025174447,-0.145239249854078,-2.143058853341591,-2.3996388255271235
2023-01-09,2.0276189520955086,1.640533447265625,0.1645912528038025,0.29122790694236755,6.316943645477295,0.208709104357505,0.005389467859201247,-2.8308601782405898,-2.962554478037257,-0.12551787682980442,-2.4556285862129936,-2.5036011942862615
2023-01-10,2.004026420414448,1.6396915912628174,0.15114188194274902,0.29187726974487305,6.326141834259033,0.2089373203686057,0.0038254176480209123,-2.815976381444788,-2.922718006550607,-0.13366400493552733,-2.4346760395628966,-2.459218704770713
2023-01-11,2.3914703503251076,1.6370067596435547,0.17370733618736267,0.29138535261154175,6.297403335571289,0.20739018776544188,0.006910311615095033,-2.314593943944806,-2.8694712314837343,-0.12454366036717213,-1.9221788993719784,-2.3966365625577666
2023-01-12,1.809172347187996,1.5295794010162354,0.18912188708782196,0.2870081067085266,6.198655605316162,0.20606015027739408,0.010967334241299698,-2.6836978253253427,-2.841646682193536,-0.12449598284971941,-2.2166762466459495,-2.279909055523923
2023-01-13,1.8985868841409683,1.5665608644485474,0.2017357349395752,0.29032254219055176,6.196516513824463,0.20424042527763303,0.0014413003398480173,-2.491729589040644,-2.820794654001709,-0.13129077456633786,-1.9246114763216031,-2.145301036195452
2023-01-17,2.0708436593413353,1.5716215372085571,0.2064320296049118,0.29008322954177856,6.187803745269775,0.2042464440722159,-0.0009249326291373983,-2.220508358918874,-2.7164081134822204,-0.12304250807403894,-1.6054126407843174,-1.9864928508545532
2023-01-18,1.8319971337914467,1.4936676025390625,0.181717649102211,0.28869950771331787,6.148338317871094,0.20232959833000655,-0.006908065641461514,-2.2641347371854224,-2.6467325846305005,-0.16197088074707877,-1.462043108922412,-1.6940170389522642
2023-01-19,1.6573698222637177,1.4304113388061523,0.17251817882061005,0.2844703495502472,6.106583118438721,0.2031245886479523,0.002927633198310353,-2.3395717940088154,-2.5520046125323383,-0.1576101553442284,-1.596471590288326,-1.66971813610553
2023-01-20,1.6428613066673279,1.4113295078277588,0.18435615301132202,0.28336918354034424,6.054550647735596,0.20204148234842217,0.004386293762080773,-2.110789584758985,-2.3983447383826113,-0.15145763155896197,-1.3540069360371536,-1.5026676664452019
2023-01-23,1.7233098447322845,1.3671456575393677,0.16495762765407562,0.2812155485153198,6.037074089050293,0.20312127575467692,0.00876356281537094,-1.9850288906436324,-2.350486690252042,-0.15688296044143346,-1.2732923582938263,-1.5089345178840148
2023-01-24,1.4679844453930855,1.2109620571136475,0.15235309302806854,0.2748035788536072,5.910584449768066,0.20076918256898318,0.02014326132582578,-1.8409755515335595,-2.18532084367168,-0.18286847001317308,-1.0928318259827083,-1.301079835515349
2023-01-25,1.6518145874142647,1.2758197784423828,0.1744684875011444,0.2774956226348877,5.968025207519531,0.19941012825458188,0.02552601738893545,-1.6367003974305971,-2.0670642607615743,-0.15993358569219884,-1.0358795854178453,-1.356768385435629
2023-01-26,1.829859632998705,1.3263845443725586,0.17199347913265228,0.2800001800060272,6.011836528778076,0.19862618196237064,0.030925363932131855,-1.4256694146865883,-1.9588361285274427,-0.15870175612000414,-0.994945640125426,-1.4488255729996062
2023-01-27,1.8647658303380013,1.4031041860580444,0.18071991205215454,0.2843957245349884,6.0682172775268555,0.19720828417920738,0.02656863626680206,-1.296497062483029,-1.7811604256617066,-0.1476706843505564,-0.9195362952132164,-1.333943959583376
2023-01-30,1.6734592095017433,1.3392822742462158,0.1780451089143753,0.28153112530708313,6.020674705505371,0.19649101450996664,0.03438677074530194,-1.3095117647688514,-1.6587202743285419,-0.14803012088048684,-0.98261232207226,-1.2702589738677759
2023-01-31,1.6114260405302048,1.4269568920135498,0.17975743114948273,0.28659069538116455,6.1096978187561035,0.19697650610376446,0.0354242810175035,-1.4857874356485485,-1.6390351833795496,-0.13743005594343316,-1.3526373341985192,-1.4810380228181508
2023-02-01,1.8122550547122955,1.4966702461242676,0.1675768941640854,0.2937527894973755,6.179265022277832,0.1949693896731447,0.023294263423946582,-1.0117035645862593,-1.340744029697019,-0.14007779899752482,-0.9010539559613111,-1.209912582103584
2023-02-02,1.6458969786763191,1.4000706672668457,0.15811580419540405,0.2886734902858734,6.120039463043213,0.19565840353266695,0.03527301107325742,-1.1497282107984788,-1.3801226252277967,-0.14620024698631706,-1.0942947234063851,-1.3144669173824965
2023-02-03,1.545213919132948,1.357198715209961,0.22431470453739166,0.28094586730003357,5.933592319488525,0.19283441375769414,0.04241669813034188,-0.47261041272287585,-0.7397400697689456,-0.06478394441398283,-0.34039311395395266,-0.5830628240508524
2023-02-06,1.3658845014870167,1.0440795421600342,0.124453604221344,0.2935427725315094,6.130213737487793,0.19628288950047992,0.006959652963678842,-1.0690554789345565,-1.384698264611739,-0.13549707326373905,-0.7989414900801801,-1.064178921348514
2023-02-07,1.4559616819024086,1.0518772602081299,0.12830877304077148,0.29511550068855286,6.157814979553223,0.19622368765473244,0.003602682083363451,-0.9251675424143873,-1.2943383533941724,-0.12080528659600276,-0.686988812415068,-1.0103038205725419
2023-02-08,1.2992881275713444,0.9919049739837646,0.1555812954902649,0.28684401512145996,6.026547908782959,0.19448128308383023,0.021589124755089784,-0.7193119392995797,-1.000954843579759,-0.09464116193170113,-0.5332674205064336,-0.7790149328403082
2023-02-09,1.0530590116977692,0.8671348094940186,0.17865155637264252,0.26945552229881287,5.847634315490723,0.17700413682191796,0.02121840501159178,0.03150271619883682,-0.21220355356059173,-0.1997129258576682,1.370598362494654,1.3936115424272035
2023-02-10,1.0186884887516499,0.8802734613418579,0.1847628951072693,0.27317580580711365,5.847253322601318,0.17584893552282066,0.021706455218644338,0.3915546731237942,0.19304740463935133,-0.1428089373671697,1.3175188598917895,1.3078345828310134
2023-02-13,0.9805069025605917,0.8278083801269531,0.21157945692539215,0.26569852232933044,5.740096569061279,0.1752112909875791,0.037077083294647206,0.439762124088805,0.2305709059025478,-0.1089722253540768,1.2434801327584886,1.2021643093084453
2023-02-14,1.0174245983362198,0.8054762482643127,0.2238684445619583,0.25958195328712463,5.673058986663818,0.17442285186317807,0.05133761001065018,0.44294220160759856,0.1870641134534452,-0.1027048948569611,1.1439316785773777,1.0408458264282956
2023-02-15,0.9682673551142216,0.795106828212738,0.21193552017211914,0.26266181468963623,5.70731258392334,0.17318969855995758,0.039395536484465477,0.48012753237154016,0.27781363149467353,-0.09752114065864204,1.1962329598731571,1.1552441117705747
2023-02-16,0.9706182107329369,0.7799254059791565,0.22420409321784973,0.2573223114013672,5.627477645874023,0.1726984576796837,0.04652948038785554,0.5432189113692143,0.32465358007561385,-0.08450728360883097,1.2642568081761745,1.2113589530257727
2023-02-17,1.108805537223816,0.8197504878044128,0.22998307645320892,0.26254501938819885,5.696351051330566,0.17336173956064055,0.04438202448960471,0.5766050102649629,0.2887432744148928,-0.05959740188795282,1.0563279466517832,0.8809768396123037
2023-02-21,1.0404003895819187,0.8448932766914368,0.24569424986839294,0.26206445693969727,5.6957197189331055,0.17324611511144383,0.05441739627245501,0.4371444011922829,0.26597841964897384,-0.042630769416756475,0.7225275842340695,0.6194861121608248
2023-02-22,1.0589416772127151,0.8514289855957031,0.25934356451034546,0.26559364795684814,5.732771396636963,0.17532493020394455,0.06392498312664352,0.3422835957403869,0.17895973390587727,-0.011892738100965694,0.2892560635459933,0.11318553878472049
2023-02-23,1.03312274441123,0.7984894514083862,0.21352481842041016,0.26756560802459717,5.742425441741943,0.17425551130639283,0.05800014032455758,0.47095186130339073,0.2848483739799015,-0.04798810881572457,0.42812298994869424,0.23165569887301452
2023-02-24,0.9169280156493187,0.8150249123573303,0.21340036392211914,0.2706717848777771,5.769129753112793,0.17492892835014545,0.04933316541597221,0.37262515646522587,0.33577775800113585,-0.03160726133734171,0.34269310186823265,0.2987768349846709
2023-02-27,1.0063992515206337,0.8588842749595642,0.25134706497192383,0.26998409628868103,5.744024753570557,0.1742057823659467,0.048923781711387226,0.5999831669383564,0.512977114671747,0.012908551802453871,0.5812275084838987,0.48976835183802425
2023-02-28,1.0877227783203125,0.8931167721748352,0.2597936987876892,0.2719907760620117,5.7826642990112305,0.1736279287540446,0.04738854973176709,0.5847267042150062,0.4609073617144581,0.019002666024262815,0.5326850059671826,0.3962988140113186
2023-03-01,1.081061478704214,0.8220961689949036,0.3161267638206482,0.25508520007133484,5.543910503387451,0.16844691951199955,0.061489570831647855,1.0148731441060885,0.7811844753852348,0.036208931779941,1.3756294288570654,1.2309002345214903
2023-03-02,0.8707692660391331,0.7690533995628357,0.3227466642856598,0.25318601727485657,5.515393257141113,0.16724995485692454,0.07833454201546475,0.8355905854883634,0.7657664011596044,0.03492786874123199,0.9558285786985161,0.9164169090662933
2023-03-03,0.8932752795517445,0.7522957921028137,0.31142133474349976,0.25340738892555237,5.4979963302612305,0.16727620214641625,0.07107124016208899,0.948492322417879,0.8399631240714278,0.02974519133970821,1.1487668162514209,1.0913754252932835
2023-03-06,0.856928925961256,0.757503092288971,0.3439897894859314,0.2508145272731781,5.441036701202393,0.16605040200776222,0.07395259604444904,1.0957772372724275,1.0225425506058308,0.06422794951545452,1.2907503618797156,1.2681461329074475
2023-03-07,0.9310635514557362,0.8027620911598206,0.39651551842689514,0.25006383657455444,5.423861980438232,0.16423972762445885,0.07416140344017486,1.2494112850189403,1.146314540682539,0.11171542552869562,1.4450631350945269,1.3932348566975392
2023-03-08,0.8138785567134619,0.6870107650756836,0.17989429831504822,0.26060056686401367,5.583263874053955,0.16637112423902906,0.04366210559340178,0.7345576782687466,0.6703128511046401,-0.09843819975667811,1.0836090267264602,1.1103912749804312
2023-03-09,0.8366553578525782,0.6787219047546387,0.18382687866687775,0.26084721088409424,5.576551914215088,0.1661970966553467,0.04224997679738307,0.7917111752918355,0.7013993818638475,-0.08296923712620252,1.1061994045082093,1.0975591364481208
2023-03-10,0.8996022716164589,0.6932560205459595,0.15329276025295258,0.26023510098457336,5.537421703338623,0.1674486862821537,0.039799930615860846,0.9822518479089055,0.8625224469003925,-0.08504024253499454,1.1841351663523483,1.1167827566357182
2023-03-13,0.6321911821141839,0.5517822504043579,0.13995550572872162,0.24099795520305634,5.234988212585449,0.17065695289553756,0.02412970534835568,0.9859480447121349,0.9937086684473613,-0.06720664639144003,1.8313443298017553,2.058276634032712
2023-03-14,0.7263118587434292,0.6396695971488953,0.1969655156135559,0.22694121301174164,5.015882968902588,0.17042731145323503,0.019455022126627086,1.2892981865673363,1.264459533586054,0.002770224988262626,2.5595210560204933,2.868996111660149
2023-03-15,0.6296557560563087,0.5535892248153687,0.17534922063350677,0.22086386382579803,4.954278469085693,0.17202565940975212,0.02167795766994718,0.847450161732592,0.8211745348389101,-0.03639970044946761,2.2043526557069804,2.5517159868510753
2023-03-16,0.7172669321298599,0.6370834708213806,0.2892986238002777,0.21144616603851318,4.811822414398193,0.1721356868469605,0.050019844609222375,0.9045179776291725,0.8607226614516339,0.08013374171644028,2.0034703765742634,2.279660364268768
2023-03-17,0.5954639595001936,0.5985698103904724,0.2697274088859558,0.2072080671787262,4.760899066925049,0.1718122581599049,0.051622384821364165,0.6690408478426608,0.6992534933314403,0.035089159141902915,1.7188420176194512,2.058957564764757
2023-03-20,0.8252793066203594,0.7161762118339539,0.3479776382446289,0.19889536499977112,4.642560005187988,0.17329279585322566,0.055752652145706794,0.7750996386721045,0.6759104187696785,0.10271406870900979,1.7884163700396414,2.0019822376472405
2023-03-21,0.6163518372923136,0.7285216450691223,0.38448694348335266,0.19975852966308594,4.673888683319092,0.17314676503335535,0.06888200655638144,0.3572883780946068,0.4851135141413536,0.10608975229018336,1.1063470629248577,1.4774785589827886
2023-03-22,0.7427367139607668,0.7861764430999756,0.4230775833129883,0.19133052229881287,4.611121654510498,0.1733901073638566,0.08876078352478456,0.19783545951164783,0.20215515508726156,0.06777434651241343,1.1402676028373442,1.4526143321954663
2023-03-23,0.9679473452270031,0.920177161693573,0.504055380821228,0.17991800606250763,4.440657615661621,0.1750530566371603,0.07947121597869666,0.3139148316873399,0.19743614582253244,0.12544085649504755,1.4091664462418443,1.6535496726245391
2023-03-24,0.9894323218613863,0.9573442339897156,0.5434415340423584,0.17997920513153076,4.430385112762451,0.17429603373347693,0.07459486162074724,0.35576613503301147,0.259333180396375,0.1497937725056424,1.2591710613329532,1.4702825975788727
2023-03-27,0.9810087941586971,0.9952117204666138,0.58707195520401,0.18005411326885223,4.4106364250183105,0.17398986808736833,0.059173872442762954,0.33475585089309057,0.3122529609621054,0.18090690220434702,1.1542273571492494,1.4186759371200637
2023-03-28,1.065787622705102,1.2182130813598633,0.7332035899162292,0.16719651222229004,4.256404876708984,0.17558152874564711,0.08341169690104677,0.07919534510324588,0.1661347890209175,0.2387730872714653,0.8120123640844881,1.1534865551461984
2023-03-29,1.208484958857298,1.3670897483825684,0.8328768610954285,0.1612856537103653,4.140212535858154,0.17369445586265672,0.07028896188854494,0.40276243112283083,0.48412074949647277,0.29964315649820383,1.0990611122419658,1.412316716437651
2023-03-30,1.1438280120491982,1.3471546173095703,0.8127391338348389,0.1618904024362564,4.151382923126221,0.1742492764889477,0.07585693446943687,0.19983973698343505,0.3116973475987397,0.22984361448617419,0.6869852914656391,0.9603145382456724
2023-03-31,1.3376202806830406,1.3261735439300537,0.8426705598831177,0.16732801496982574,4.180102825164795,0.1725160484607006,0.06732894114970223,0.6851764486517986,0.591447450425985,0.2808379050108498,0.8895108182954559,0.8619896320956073
2023-04-03,1.124379437416792,1.3167552947998047,0.7860708832740784,0.17861129343509674,4.276200294494629,0.1714645383557241,0.049193602973827466,0.8087940897179333,0.9832906438141276,0.2955031189800006,0.7307027488595246,0.8791207640585483
2023-04-04,1.376085076481104,1.3954921960830688,0.8888319134712219,0.1762206107378006,4.204319953918457,0.17197231445450156,0.05340833159709879,1.070515552962945,1.063835192397491,0.37693287531269926,0.734447036946527,0.6155215467701574
2023-04-05,1.7899383082985878,1.7343668937683105,1.0175079107284546,0.16142171621322632,4.006628513336182,0.16881497465814976,0.04370744083714029,1.4775308123189959,1.343726065564054,0.38417226157095463,1.633378710445708,1.5503111916434626
2023-04-06,2.1517310589551926,2.237609386444092,0.36841174960136414,0.15987969934940338,3.99984073638916,0.16876609952864569,0.04079420550956092,1.6551794839911294,1.6730968567108828,-0.3147734764434471,1.90095427677889,2.0034948895856033
2023-04-10,2.22521198540926,2.2115330696105957,0.36794695258140564,0.1609804779291153,4.013558387756348,0.16839145186183258,0.042352445976310826,1.6189748078359436,1.5481100154812832,-0.27799830064911757,1.806072953215324,1.7899206078958834
2023-04-11,2.5980699211359024,2.4686267375946045,0.400125652551651,0.14952267706394196,3.910551071166992,0.16630382829453597,0.0533961253216404,1.8161815864852642,1.5744944999470842,-0.30153961354775416,2.3578183833982855,2.2750813333069573
2023-04-12,2.4309557527303696,2.6222922801971436,0.41889941692352295,0.14403477311134338,3.8718137741088867,0.16510905064157774,0.052123247563695796,1.485056794631051,1.553734472036024,-0.300618454503889,2.2031973811272785,2.494992437492538
2023-04-13,2.6363795027136803,2.6733603477478027,0.4509015679359436,0.1436767727136612,3.8663370609283447,0.16503837721248735,0.051353278300483196,1.5798588368410904,1.4993984958280473,-0.2439710534700672,2.144062337792228,2.225127487712413
2023-04-14,2.4537656977772713,2.546046257019043,0.43952322006225586,0.14383719861507416,3.8669416904449463,0.1657490437121145,0.04391855306378767,1.226352483253498,1.218080307094251,-0.2351990949526186,1.6794652293672314,1.7993047569245348
2023-04-17,2.2101724445819855,2.5004873275756836,0.4660715162754059,0.14918330311775208,3.8734545707702637,0.16459432108231548,0.03594291660164872,1.2372975897033172,1.4466877634643902,-0.14424197018431162,1.4304851225956519,1.7081522625470988
2023-04-18,2.7231928259134293,2.7416858673095703,0.549666702747345,0.1487635225057602,3.841275930404663,0.16477560087734514,0.037301513549279575,1.7217245131026253,1.6505862505444693,-0.04393962871023738,1.7852339053019435,1.7594376527080158
2023-04-19,2.6400007009506226,2.8788297176361084,0.5638666152954102,0.15057185292243958,3.823978900909424,0.16321639064700857,0.033239113172198076,1.7788830044836654,1.934936715177689,-0.003206176958596041,1.7929542091155088,1.966315586328836
2023-04-20,2.9831986874341965,2.9204742908477783,0.598597526550293,0.1514076292514801,3.8321616649627686,0.16309780015175457,0.03784193899373578,2.033003310689292,1.88010731697379,0.0372148027501471,2.0330059447808058,1.88407604329476
2023-04-21,2.7100932896137238,2.8972699642181396,0.6087409257888794,0.1520662009716034,3.8470559120178223,0.16330019347725702,0.03846767520957384,1.5924414606085318,1.6998479400611561,0.043204091829882385,1.588268351403764,1.7007654617335533
2023-04-24,2.589905306696892,2.887238025665283,0.6099386811256409,0.15176275372505188,3.8486905097961426,0.16342117189582603,0.04097640588877682,1.3429677878475772,1.5481688260262096,0.03645801644775659,1.3348321379578039,1.5439190617918754
2023-04-25,2.927665263414383,2.886331081390381,0.6197145581245422,0.15283823013305664,3.8438355922698975,0.1631304864522935,0.03913982834977603,1.6226829953248174,1.474572502215441,0.05097658040675057,1.6322750768318004,1.4820682445710887
2023-04-26,2.5790733210742474,2.6603119373321533,0.5717917680740356,0.15354286134243011,3.9069113731384277,0.16458068301538828,0.04923295453825638,1.0652199259162547,1.0531938556087717,-0.012919319241621263,1.033357330426366,1.0231788983541952
2023-04-27,2.8781695514917374,2.8461527824401855,0.6052188277244568,0.15131354331970215,3.8411245346069336,0.16453535236503114,0.030208127401630702,1.222526386285388,1.0810812840049806,0.015244165346915528,1.1353573172022209,0.9942625091988262
2023-04-28,2.7567451745271683,2.983205556869507,0.6082534193992615,0.14014901220798492,3.7528064250946045,0.16418064363708973,0.02801796233965448,1.0711560720467617,1.1962310428176934,-0.02939745530526028,0.6218753913519031,0.7330100754187665
2023-05-01,2.6878494545817375,3.2146759033203125,0.8145689368247986,0.14827464520931244,3.808130979537964,0.16270262221237414,0.03123089906971921,1.0383023925085837,1.4441372684512181,0.20892561957987998,0.8122377429533651,1.2108964556666253
2023-05-02,3.10778546333313,3.3151443004608154,0.8573676347732544,0.1562710404396057,3.8463327884674072,0.16131474251534358,0.024717254375193898,1.360957466950321,1.3998495235401371,0.2637042458867147,1.3856439295006062,1.4258225269398963
2023-05-03,3.5089029148221016,3.838104248046875,0.7768276929855347,0.13216760754585266,3.7993364334106445,0.16130259678485626,0.05741186620108796,2.6910873007718337,2.9708642641623264,0.14654700628682815,1.5175333714049435,1.7280398217541197
2023-05-04,4.00433848798275,4.075822830200195,0.8507708311080933,0.13157260417938232,3.8104443550109863,0.16188638678341657,0.057299720858224434,2.8657631215453634,2.8790651986659057,0.2079839388608462,1.5788187966462868,1.4809219689195863
2023-05-05,3.7413527071475983,4.124746799468994,0.7986348271369934,0.13013051450252533,3.746674060821533,0.16051381519428806,0.04166428737259065,2.2921885073117068,2.597422722173043,0.1276169676837534,0.8926371568671763,1.0829407004199472
2023-05-08,6.18177954852581,5.993161678314209,0.17206214368343353,0.13302470743656158,3.908742904663086,0.1631213504753687,0.08679054516267815,4.578248175561075,4.349005880237044,-0.48494496144313826,3.5870824031433095,3.2776073429835058
2023-05-09,6.117262706160545,6.209949016571045,0.16398406028747559,0.12614835798740387,3.8946547508239746,0.16277102008308747,0.08798986274115284,3.6955089287838696,3.8177088756965034,-0.4110400837719089,2.3161815748704795,2.3479643284850207
2023-05-10,5.703114062547684,6.103080749511719,0.1784498542547226,0.12824511528015137,3.9133477210998535,0.16185791608462027,0.08924236654327045,2.677652690034763,3.0732344019215168,-0.3088977685618992,1.5246414117401628,1.8543256246213815
2023-05-11,5.544986665248871,6.261936187744141,0.1699899435043335,0.12846024334430695,3.907695770263672,0.16161343411156032,0.09663311141191011,2.128523743119935,2.7775791189546712,-0.2704739590844436,1.3655081964865197,1.9639253620118762
2023-05-12,6.154121175408363,6.177239418029785,0.16886258125305176,0.12859801948070526,3.914355993270874,0.16247760677278578,0.09599576548162259,2.355283162151105,2.226310882203954,-0.23205060438131087,1.723562902163831,1.5490507923503856
2023-05-15,5.709646433591843,6.144260406494141,0.18251574039459229,0.13096491992473602,3.929274082183838,0.16233431863255463,0.0982460121935751,1.7721809822214656,2.084250146305063,-0.19753770340851462,1.3693755526092062,1.6520761325808948
2023-05-16,5.602531835436821,6.34683895111084,0.22336605191230774,0.12481412291526794,3.935178756713867,0.16177824107219865,0.10710612645381601,0.8887233542683415,1.4888545839489105,-0.061739491764083,0.3263144561585385,0.8833766715259976
2023-05-17,5.891664355993271,6.1841630935668945,0.22563643753528595,0.13022218644618988,3.9332051277160645,0.16251675206881563,0.10902381522661586,1.5513637615593598,1.6335456226803142,-0.11445287278515348,1.5233743486760538,1.6032380925950314
2023-05-18,7.886453196406364,7.3900980949401855,0.42235109210014343,0.11800462752580643,4.018336772918701,0.1606212366967381,0.1367982185130877,1.7797120047592099,1.0167725372641563,0.31860997364688615,1.2979477431299955,0.49412308660696524
2023-05-19,6.238222673535347,7.5359649658203125,0.43941444158554077,0.1172291710972786,4.008002758026123,0.16082414700212488,0.14094839620269262,-0.2984908313535577,0.8951334472300232,0.26546184597990896,-0.5258127513342785,0.6494487199427645
2023-05-22,7.7468151450157166,7.7240095138549805,0.4576387107372284,0.11266078054904938,3.991959810256958,0.16012069978723845,0.13755590456869715,0.8892887963555314,0.5303611543454156,0.26523557396654573,0.31200869069835946,-0.09289301100521286
2023-05-23,8.205048829317093,8.220854759216309,0.5656812191009521,0.10786138474941254,4.033822059631348,0.1588217132923701,0.1509888398281951,0.46298108737069477,0.18369462251451907,0.3954661027776627,-0.1913137681369399,-0.5154410761543211
2023-05-24,6.355525493621826,8.204751014709473,0.5718623399734497,0.10689378529787064,4.027275085449219,0.1592231996972835,0.14447477610031412,-1.5886417719103747,0.019913141918054933,0.3243633514542126,-2.3413541800860003,-0.7852901835699697
2023-05-25,7.756564974784851,7.9491095542907715,0.5292720794677734,0.10900530964136124,4.005670070648193,0.15992216979925672,0.14044571807826522,0.3947114455888183,0.10382628437432118,0.2047176831017572,-0.08860240002309538,-0.4206826268805379
2023-05-26,9.430525928735733,8.754514694213867,0.6104674935340881,0.10870557278394699,3.985713481903076,0.160110263716097,0.14263329763067556,2.089010234590946,0.9697426482594622,0.2514667757136886,1.8194098623404535,0.677438440401243
2023-05-30,8.989484459161758,8.348936080932617,0.5840014219284058,0.11654568463563919,4.00341272354126,0.1611213544800188,0.1471389881290569,2.1807106536876084,1.249874736615924,0.175615640180105,2.5782640878053087,1.6794692782969634
2023-05-31,10.403175562620163,9.083477020263672,0.6812207102775574,0.09614826738834381,4.035061836242676,0.15989683532002488,0.14191983556179955,0.7366468910176955,-0.8528922154882714,0.3421104824093222,-0.5230394615894411,-2.217096786390435
2023-06-01,9.850579753518105,8.863100051879883,0.748229444026947,0.096137635409832,4.073797225952148,0.16026842653498313,0.14681246074969234,-0.22499027974867936,-1.2263795228240362,0.36952074182012673,-1.2376819544153612,-2.2999801857725792
2023-06-02,8.31022036075592,9.16141414642334,0.7123071551322937,0.08908522129058838,4.085593223571777,0.15867785839221052,0.14889796015725743,-2.5780444455168485,-1.56806817671308,0.2984898465229221,-3.9424324411989886,-2.996361556396721
2023-06-05,10.490950584411621,9.968480110168457,0.8056001663208008,0.09068171679973602,4.225186347961426,0.16157890181225593,0.17924758895594073,-0.9256105189681794,-1.4097173189314454,0.37313878412278306,-1.1543117911482526,-1.6515646762743863
2023-06-06,11.12953433394432,10.959463119506836,0.7936035394668579,0.08640728890895844,4.1298298835754395,0.1594300374637088,0.16405236398880174,0.1369806127248765,0.05602570549868702,0.28655541480657476,-0.6412219980977163,-0.764587371745094
2023-06-07,8.777143865823746,8.92945384979248,0.40497058629989624,0.09575438499450684,4.028420448303223,0.15535802329119808,0.1541534923126303,-0.17575897336402768,0.012642179064426884,-0.1438032706459389,-0.7894699140276913,-0.6360681429296768
2023-06-08,9.544822037220001,9.986104011535645,0.5230117440223694,0.09552618116140366,3.9673984050750732,0.1552414144715231,0.15640772652175916,0.9673251166847141,1.4087750702137214,-0.025320856319863805,0.6552886120569035,1.0780993392587988
2023-06-09,9.704258650541306,10.653227806091309,0.6622505784034729,0.10151804238557816,3.992398977279663,0.1541775106172297,0.18570331456234068,1.683099921311701,2.5993699288265866,0.12453001956280141,2.4185129456017123,3.380802044264623
2023-06-12,9.826054960489273,10.437055587768555,0.6740815043449402,0.10638942569494247,3.9380970001220703,0.150805832321948,0.17235441303427934,2.864599089856746,3.3725033902438213,0.1296212819373097,3.2205307330718576,3.7488556254132277
2023-06-13,10.718703120946884,10.347631454467773,0.6416369080543518,0.10401539504528046,3.899232864379883,0.15109140981576527,0.15472918469632024,3.560009138959966,3.055200648762593,0.0834089337099495,3.4217080401773607,2.9093316528941564
2023-06-14,9.953779250383377,10.381216049194336,0.6842867732048035,0.10745739191770554,3.7808783054351807,0.1488426013813536,0.12451536885718106,3.993017731394662,4.267570141564219,0.10982120175831511,3.2959130463297583,3.5335860690937366
2023-06-15,10.593751102685928,10.64162826538086,0.7205806970596313,0.1077050119638443,3.7661590576171875,0.14845072993754105,0.13167198282921566,4.642498609632379,4.517959740585319,0.1415001256674051,4.207704935878507,4.063029815391584
2023-06-16,10.169077724218369,10.376516342163086,0.6723120808601379,0.1192714050412178,3.7103307247161865,0.14851410729501746,0.11869954381918835,5.903143245956037,5.907406609037658,0.08811770622788928,5.773921718884136,5.773143804764551
2023-06-20,11.22521623969078,11.117161750793457,0.9874303340911865,0.128312349319458,3.659703254699707,0.14493653557003033,0.0908529517086818,8.399651356154127,8.051385728930496,0.40544169185244394,7.728532552843273,7.3564175528759925
2023-06-21,10.362699687480927,10.543612480163574,0.9149045944213867,0.13026562333106995,3.6821582317352295,0.1450875802833483,0.0922745325379769,7.25441871398589,7.20620308410486,0.32345750029727394,6.689780088426783,6.626705375959389
2023-06-22,9.917274206876755,10.160469055175781,0.8324049711227417,0.13001498579978943,3.671363353729248,0.14491292643896994,0.09759416433633794,6.5282779230279235,6.518873925673645,0.22752737641170917,6.211310233374249,6.201496002587593
2023-06-23,10.313312709331512,10.280935287475586,0.9014636278152466,0.1396895796060562,3.6889126300811768,0.1439476378978248,0.06462923082061012,7.601831394446409,7.295754831758815,0.29461249149653557,6.627548482427521,6.3335849147985925
2023-06-26,8.55554023385048,9.720166206359863,0.814416229724884,0.13973583281040192,3.7515764236450195,0.14478628682413905,0.08574768267490729,4.998251515132019,5.923185807825991,0.20408565527027933,4.676819090418277,5.606644037959526
2023-06-27,11.339929699897766,12.247895240783691,1.256211280822754,0.13665473461151123,3.692821502685547,0.14401800599588577,0.07145845908716153,7.502771043339376,8.123183722070106,0.6258812571373035,6.800250566902982,7.426968794079201
2023-06-28,10.675262480974197,11.655402183532715,1.2034214735031128,0.1296239048242569,3.6265463829040527,0.14444993532735056,0.04515768684320132,6.1133391920246964,6.766003882545512,0.5352782487644415,4.577529366026319,5.2821474824938335
2023-06-29,12.879261463880539,13.263051986694336,1.4072805643081665,0.11935766041278839,3.5597920417785645,0.14258433629530667,0.05886972055327944,7.282528466911913,7.302208326727996,0.7071182824560222,5.764138178832489,5.806452579206827
2023-06-30,11.577925652265549,13.437699317932129,1.5632802248001099,0.11788064986467361,3.6047861576080322,0.14102644691399685,0.08487273747802904,5.137348830458656,6.636372132187148,0.8457221981631402,4.196438703563075,5.711630685312514
2023-07-03,11.018941968679428,13.163232803344727,1.5948489904403687,0.12742979824543,3.6272170543670654,0.14096760431268546,0.08298024434371964,5.094163148938421,6.805356811909139,0.8426779596870971,4.639793606936202,6.34807812416296
2023-07-05,11.978756070137024,13.54464054107666,1.6612489223480225,0.12855349481105804,3.609567880630493,0.1403991915643009,0.08214864078664519,5.9209602044477485,6.970262026416215,0.8647308986422371,5.599558573262847,6.642223784866005
2023-07-06,12.98725739121437,13.575773239135742,1.7528504133224487,0.12810231745243073,3.5856246948242188,0.1409749817161492,0.07749016897546679,6.744628633863197,6.776017952913229,0.9147286267975205,6.385841417826342,6.406575012142426
2023-07-07,11.529079854488373,12.576743125915527,1.6398742198944092,0.13454870879650116,3.601780652999878,0.14151866744028987,0.05192707207332292,5.486696866536214,5.9669012591784565,0.7584270247360463,4.594479932427326,5.046591608224446
2023-07-10,6.515314757823944,6.02194881439209,0.11466237902641296,0.13337098062038422,3.595273733139038,0.1419197948026189,0.037340562472394034,0.12954154317384337,-0.9466720795224184,-0.7989194885523955,-1.3597570742903144,-2.4920346176172146
2023-07-11,6.21219539642334,6.272676467895508,0.12364733219146729,0.13556747138500214,3.625119209289551,0.1415672404581975,0.056074701326981446,-0.24584327716748078,-0.7333781931971615,-0.761491193288905,-0.91538993143255,-1.404268025906596
2023-07-12,6.225457042455673,6.057172775268555,0.13048848509788513,0.14021112024784088,3.675809144973755,0.14122372113135098,0.07202440536692845,-0.19727871885959658,-0.8979926600617141,-0.7262525824908309,-0.20310761738329575,-0.9037869515621182
2023-07-13,5.645298272371292,5.8995184898376465,0.12508660554885864,0.14634597301483154,3.7568328380584717,0.14206139911305407,0.08992300305582523,-0.6501689574211227,-0.8894808426580454,-0.6910430768929584,0.03647664358351932,-0.20970248267923353
2023-07-14,6.143852159380913,5.528857231140137,0.13811659812927246,0.15591119229793549,3.903590202331543,0.1422371140158541,0.10413211949893308,-0.15232191743982781,-1.2382228812695146,-0.6307899748583311,0.9544569719932667,-0.14341643691683004
2023-07-17,6.061096757650375,5.457023620605469,0.14614558219909668,0.15967144072055817,3.9479668140411377,0.1428535823208975,0.10242824786226157,-0.15508895544955692,-1.169628864225885,-0.591212488048598,0.8504298721651082,-0.13514700230835786
2023-07-18,5.79218652844429,5.553562164306641,0.15520216524600983,0.1578451544046402,3.92295241355896,0.14262168776886588,0.10563206651120749,-0.5475586626941507,-1.166075762564077,-0.5673958730552215,0.4405317985774957,-0.11702762303319503
2023-07-19,6.3857302367687225,5.7692646980285645,0.17937327921390533,0.16081686317920685,3.90024995803833,0.1426255941893674,0.06922835768137803,0.36575751679213653,-0.6195839613222773,-0.5298295297234858,0.5121700629233814,-0.46073961972624033
2023-07-20,6.282075569033623,5.8435587882995605,0.17709515988826752,0.161702960729599,3.8936500549316406,0.14280091505854411,0.059180352387881,0.2986972563461734,-0.46796628612057134,-0.514277915465907,0.25728144246466655,-0.5135564015975191
2023-07-21,5.977670505642891,5.758046627044678,0.18814851343631744,0.1648414582014084,3.932669162750244,0.1438083230267137,0.06326643946556332,0.12226835249445855,-0.3839321366624162,-0.47378229980307407,0.23179776358971083,-0.2623986610606508
2023-07-24,6.414884105324745,6.444091320037842,0.30134108662605286,0.16606667637825012,3.855059862136841,0.1412542424209344,0.004791217708603912,0.5933093556954248,0.3227314111457176,-0.36335773378119285,-0.30098092899608986,-0.6787060541860725
2023-07-25,6.684965029358864,6.494724750518799,0.2872432768344879,0.1590874195098877,3.7975316047668457,0.14050190759434256,0.02731898981148828,0.35510053244246365,-0.13846616866331374,-0.37681731520498607,-0.10754330920207877,-0.6494703282612164
2023-07-26,7.906903877854347,7.559046745300293,0.3739583194255829,0.16062797605991364,3.8100244998931885,0.1387908555249886,0.017451899396598636,1.232827188838776,0.5980445838982078,-0.2747122516198848,0.6867311401214025,0.001333375113787838
2023-07-27,8.985904484987259,7.8880133628845215,0.377311110496521,0.1532912403345108,3.743464708328247,0.13797031060782403,0.0329037778861383,1.7586390034273052,0.38587985219369614,-0.27607760770452483,1.3938034438814526,0.002188195360474765
2023-07-28,7.2175916731357574,7.652953147888184,0.427812397480011,0.1578378677368164,3.841336727142334,0.13875180763456615,0.057617943921385195,-0.18467670501644307,0.05893296911415291,-0.1946313681819516,-0.18949734811564412,0.05412611784674226
2023-07-31,9.235927999019623,7.747657775878906,0.7485788464546204,0.1802026331424713,4.149263381958008,0.13434783300786915,-0.0719189045657882,1.1312137691471946,-0.4966068458216242,0.19795688041580872,-0.8327495575110007,-2.4567682642519912
2023-08-01,7.038613870739937,7.750132083892822,0.8316237926483154,0.18263854086399078,4.193925857543945,0.1325495792834724,-0.0631724242586944,-1.6269702582112515,-0.925960020173541,0.2723837685492748,-3.0443919284612306,-1.9250934911847608
2023-08-02,7.220792904496193,7.428955078125,0.7989078164100647,0.18905356526374817,4.2884931564331055,0.13283324879419797,-0.06615585329308038,-1.3360659630915919,-1.1670237837239483,0.2379069868533702,-2.1045434635426545,-1.735502972707593
2023-08-03,8.323183223605156,7.9537224769592285,1.059531569480896,0.20354725420475006,4.482088565826416,0.13192152461679973,-0.13475063890084193,-0.2167520082279708,-0.5952425169282805,0.5163743798911048,-0.8619111460106623,-1.012685527638915
2023-08-04,8.250585183501244,7.769375801086426,1.0518522262573242,0.2023848593235016,4.457115650177002,0.13269448833714778,-0.12970003009496223,-0.14606536341352694,-0.6116367379589605,0.46364039265622325,-0.41387485058861273,-0.6447352776937763
2023-08-07,6.771520227193832,7.8697381019592285,1.0705655813217163,0.19922895729541779,4.413155555725098,0.13344292311985498,-0.15328520526124612,-1.575821929536687,-0.44220211364045525,0.4432521102863235,-1.7187889552064206,-0.2838783510601388
2023-08-08,3.906575635075569,4.276418209075928,0.38993754982948303,0.1974344253540039,4.376983642578125,0.13320074436442902,-0.16392374861521475,-4.424982983630805,-4.099879941621772,-0.27407625885976405,-4.27311631391315,-3.883659450206409
2023-08-09,4.566210772842169,4.279752731323242,0.40405750274658203,0.19556716084480286,4.331368446350098,0.13252549339492045,-0.17830143535937504,-3.667117554890318,-4.027292764992168,-0.256109471886948,-2.6706280560287823,-3.0207210934762188
2023-08-10,4.703660078346729,4.31984281539917,0.4130653738975525,0.19011721014976501,4.236344337463379,0.13229644020565132,-0.1728383186020357,-3.4788779944996335,-3.935481442548401,-0.25178718641957976,-2.0130203994838354,-2.420671394385991
2023-08-11,5.125025726854801,4.353982925415039,0.43785959482192993,0.19312338531017303,4.273231506347656,0.13239659529355718,-0.18875728178070506,-2.8795916361473743,-3.690751048441001,-0.20840507331241065,-0.9795240899484128,-1.6975260361074902
2023-08-14,4.435330234467983,4.542487144470215,0.48301079869270325,0.18613460659980774,4.185233116149902,0.1307406462388637,-0.19813326969011769,-3.948736433741985,-3.860471326859134,-0.1776036055109611,-1.8758722084676052,-1.6190820375197035
2023-08-15,5.571870669722557,5.113354206085205,0.6277544498443604,0.18173623085021973,4.157644271850586,0.1294223169548748,-0.19716202544046157,-3.129930908031426,-3.619011654232061,-0.03725178526029704,-0.9456802537808784,-1.2934126988927375
2023-08-16,4.2562162056565285,4.496990203857422,0.48088982701301575,0.19397521018981934,4.300452709197998,0.12954422195317788,-0.18048369583177548,-3.8414895797439215,-3.5668507270287506,-0.15216653113176448,-2.0976810432979107,-1.6926430468259568
2023-08-17,4.559268832206726,4.223048210144043,0.4531407058238983,0.20290067791938782,4.431029319763184,0.13027054297096596,-0.17382357061030884,-3.0026235563858066,-3.2867449147123793,-0.1436605948699311,-1.424743198349482,-1.6124563559837597
2023-08-18,3.753829702734947,4.0092573165893555,0.45738375186920166,0.20457766950130463,4.45087194442749,0.1306527453343079,-0.16527240568763468,-3.512171771483004,-3.184054582289022,-0.12614470231870822,-2.1201747678043077,-1.7042613281417545
2023-08-21,5.818886294960976,4.198888778686523,0.4613089859485626,0.20788900554180145,4.480015754699707,0.12997019546912472,-0.17935753665504994,-1.2194329490516935,-2.771636086175178,-0.11137027706459013,0.2848430447749877,-1.1857908979346021
2023-08-22,6.027352921664715,4.738707542419434,0.46171751618385315,0.20344629883766174,4.393357276916504,0.1293936884346911,-0.2115354261154072,-1.0521482193989513,-2.216783041394777,-0.12314438242110715,0.8931693382961612,-0.11807366628767824
2023-08-23,4.786673113703728,4.467280864715576,0.4119425415992737,0.20706786215305328,4.4290547370910645,0.12794393617353697,-0.19753049113132604,-2.3141324652675337,-2.433840443795475,-0.163082297215698,-0.8752208669072559,-0.8485823711422853
2023-08-24,3.630656786262989,4.571537017822266,0.486522376537323,0.2035011649131775,4.440185070037842,0.12867838031192022,-0.1432793788762079,-3.5816869178431077,-2.441174545251968,-0.07923452732571956,-2.926351486020806,-1.7200321141136143
2023-08-25,4.705318488180637,4.427705764770508,0.5500240325927734,0.21142594516277313,4.564799785614014,0.12794517735889693,-0.15697573722956015,-2.2424760625489313,-2.3307501984262586,0.01248360208569066,-1.52187412111207,-1.544806077881269
2023-08-28,3.880944609642029,4.533364772796631,0.6263770461082458,0.2139451503753662,4.579938888549805,0.1270410765913687,-0.16464683487909504,-2.8969507365469553,-2.0360842536681645,0.09126221844858717,-2.20802044943634,-1.285365472907543
2023-08-29,5.341273441910744,4.6426215171813965,0.6979312896728516,0.20865973830223083,4.459908485412598,0.1254578875612936,-0.14775674778011716,-1.5246086676984305,-2.0819499846490004,0.1311917197369583,-1.2306870150534195,-1.7639428049221024
2023-08-30,5.424717165529728,4.676393508911133,0.887856125831604,0.22699134051799774,4.92934513092041,0.12358746876221247,-0.094821205665641,-1.6657811166785592,-2.1048718136235536,0.40246068738047425,-2.3835130146602737,-2.88274616317085
2023-08-31,4.541256591677666,4.667386054992676,0.9016580581665039,0.2274937629699707,4.948822498321533,0.12326552932120946,-0.0909109579138263,-2.4276551904798325,-1.9483952943011928,0.39153171636623163,-3.181785291523248,-2.7644745803637747
2023-09-01,4.4562913402915,4.547947883605957,0.8840523362159729,0.2279811054468155,4.98022985458374,0.12280631303898716,-0.08780846900808026,-2.400812581797169,-1.9724246662834162,0.3507315808720255,-3.178807777307341,-2.81749846581981
2023-09-05,4.5605795085430145,3.8410894870758057,0.785222053527832,0.23583796620368958,5.086676120758057,0.1219392187266688,-0.10718434454769832,-1.7978386895142506,-2.1659177892821475,0.24576063477803167,-2.4175001850404314,-2.8425215183257677
2023-09-06,4.5138619765639305,3.5304460525512695,0.7456951141357422,0.24077993631362915,5.150435924530029,0.12178107905511136,-0.09338925287289834,-1.387108627357165,-1.9537750014625885,0.20236112604187384,-2.2915636918367426,-2.937973883679682
2023-09-07,1.9647286534309387,1.809753179550171,0.1487521380186081,0.23933207988739014,5.124836444854736,0.1217274389480772,-0.08586377915465837,-3.806262639555001,-3.4948895655448453,-0.4096801355690509,-4.767240273847065,-4.531811674827026
2023-09-08,1.9031701274216175,1.6561429500579834,0.1709732562303543,0.2466021180152893,5.1976728439331055,0.11972127479722519,-0.14183870804850796,-3.2636710097315955,-3.010126226035773,-0.3511915728687831,-3.6158256303695993,-3.3928935493904433
2023-09-11,1.8844878152012825,1.8597100973129272,0.2057344913482666,0.24992379546165466,5.237234115600586,0.11841287299904915,-0.14589193909747067,-2.80367858184826,-2.3076607411463144,-0.2859639970518386,-3.205160597596958,-2.7453303452928566
2023-09-12,1.7648811116814613,1.7726140022277832,0.2118595689535141,0.2507210373878479,5.2579474449157715,0.11834458273505791,-0.14420235257890623,-2.4107664824962143,-1.8984869615642879,-0.25415809195695926,-2.808549571953371,-2.3371890886252515
2023-09-13,2.1113147288560867,1.9986193180084229,0.2678341567516327,0.23495902121067047,5.040409088134766,0.11651067355715261,-0.09915552833829455,-3.123004692224562,-2.849136760202356,-0.2417593230888434,-3.7148687933294795,-3.5103862286129726
2023-09-14,1.8483819551765919,1.9849774837493896,0.265447735786438,0.2354823499917984,5.032198905944824,0.11631357675917062,-0.11440691646015289,-3.0964688574345516,-2.587399568786445,-0.23224678132758192,-3.4781536733048313,-3.022599605370239
2023-09-15,2.113409049808979,2.0938422679901123,0.2991214692592621,0.23497426509857178,4.966148853302002,0.11680885172237469,-0.12928091261343333,-2.518733380360338,-2.211780518057182,-0.19693431084136392,-2.751332268414764,-2.4838584400765598
2023-09-18,2.3406755924224854,2.189613103866577,0.38699689507484436,0.2383558750152588,5.0012593269348145,0.11676311670712192,-0.1485401493117493,-1.8450586019500221,-1.6669395414603727,-0.0902362788661023,-1.963314553960835,-1.808502305330748
2023-09-19,2.407167799770832,2.212670087814331,0.5242928862571716,0.23747935891151428,5.042407512664795,0.11388993091895967,-0.1387273074325881,-2.207196942823046,-2.0712093796735473,0.04706285304408908,-2.3678723679615885,-2.2666249605068742
2023-09-20,2.834915816783905,2.544677257537842,0.6039220690727234,0.2413996011018753,5.08636999130249,0.11266164618022352,-0.13460012781934805,-1.4988874230971732,-1.4463855535286854,0.1309990517576709,-1.6887268274649543,-1.68361902175225
2023-09-21,2.339862070977688,2.232287883758545,0.6089741587638855,0.24767586588859558,5.16745138168335,0.11282481264786279,-0.13637329456966363,-1.2808493505477685,-1.0085823656911614,0.14916980450136452,-1.4554875714374447,-1.2340467499012036
2023-09-22,2.0261456072330475,2.0790131092071533,0.6660727262496948,0.2736459970474243,5.4237189292907715,0.11421929161440174,-0.14207839023420643,1.1935229577767998,1.7501604318287818,0.2706615257932946,0.9609063602656462,1.4304010054665142
2023-09-25,1.790541384369135,1.981095790863037,0.606670081615448,0.2730743885040283,5.432482719421387,0.11393638367450978,-0.12964223725823087,0.8192066580410113,1.4752237265104569,0.19308922604011503,0.5738704495323361,1.125356455739464
2023-09-26,1.9811779037117958,1.9718517065048218,0.603062093257904,0.2751663327217102,5.463500022888184,0.11413764133465093,-0.1369102972994971,1.2419904818965506,1.66754344154144,0.1863239369086258,1.034006201610488,1.3540577421501396
2023-09-27,1.921420969069004,1.8801096677780151,0.6187793016433716,0.2710953950881958,5.398155212402344,0.11415343249740934,-0.11664354651151432,0.7535254897700838,1.0974811470883026,0.1794460858245287,0.5140291173068761,0.7321438814062802
2023-09-28,2.181077592074871,2.0265846252441406,0.6770201325416565,0.2668597102165222,5.344187259674072,0.11493651188560132,-0.10877142316199784,0.7254143424753821,0.9198571237279793,0.22234449307403004,0.4978003038182024,0.5685490807017928
2023-09-29,2.1231491565704346,2.0384864807128906,0.7053543329238892,0.2657063901424408,5.34774923324585,0.1154290198202105,-0.09920767505302841,0.6241268584585242,0.8795458139666223,0.2442753383739915,0.38402957007269833,0.51256308069825
2023-10-02,1.9707065746188164,2.0072898864746094,0.6521890759468079,0.25869035720825195,5.298269748687744,0.11497640554379014,-0.09711184962887276,-0.31830612979490525,0.01817872958375233,0.16247304400225837,-0.5221566878728368,-0.29320472695440003
2023-10-03,2.312801368534565,2.194955587387085,0.6367871761322021,0.2653105556964874,5.404771327972412,0.11607534786355793,-0.11345130455212238,0.9296144544785747,1.1396344521282344,0.17724673586999873,0.7766360498077702,0.8954787984919506
2023-10-04,2.2964552342891693,2.1639862060546875,0.6965129375457764,0.27589166164398193,5.516411304473877,0.11757728650617016,-0.0942574262768121,2.274163159645582,2.523241199382106,0.28648539193096845,2.0480066125285887,2.1583761040041978
2023-10-05,2.769675612449646,2.714001178741455,0.7429529428482056,0.2351081371307373,5.023642063140869,0.12159636052751566,0.08811308553644526,-0.6087668315801338,-0.47973074674276717,0.2081394546904065,-1.1747606890071367,-1.3625968593432916
2023-10-06,3.462166838347912,3.022249221801758,0.6143638491630554,0.22462233901023865,4.799940586090088,0.119614266891225,0.12707786490337403,-1.4114172188428995,-1.7497033078715631,-0.005846999467766789,-1.8972593135302844,-2.5738697958949572
2023-10-09,3.3567101806402206,3.4652256965637207,0.7689007520675659,0.213640034198761,4.6401472091674805,0.11866545690186532,0.1532935351604806,-2.8358113674443715,-2.685224556282023,0.08487836156243356,-3.0749164281430126,-3.1827921872817626
2023-10-10,4.093544095754623,3.3366708755493164,0.7855039834976196,0.22797714173793793,4.700420379638672,0.12176344846816324,0.115638730058781,0.07290701741741401,-0.5749843740548997,0.18832508466323095,0.21628859393251076,-0.6616495982592596
2023-10-11,3.242557406425476,3.2948057651519775,0.8182096481323242,0.22923143208026886,4.711093902587891,0.1215644569656506,0.11112449191396567,-0.6934192841303641,-0.514481101645444,0.21997831916927568,-0.5746036851813443,-0.5361188490597684
2023-10-12,4.113803595304489,3.4492595195770264,0.8085770010948181,0.22264374792575836,4.698143482208252,0.12175414630677053,0.1497556127864369,-0.4343654120461551,-0.9975593092098762,0.18640875177738936,-0.2539673625077654,-0.9729282729572191
2023-10-13,3.58261014521122,3.363030195236206,0.7458738684654236,0.22495314478874207,4.8009867668151855,0.123103435415292,0.13994670290137967,-0.42118646478045463,-0.49849770037896945,0.1563505720245173,-0.2330645605385726,-0.39440247238707116
2023-10-16,3.7454568296670914,3.683854103088379,0.9336434602737427,0.21258731186389923,4.492733478546143,0.12687121326016665,0.11491414641695008,-0.7573040501907968,-0.7467350096607035,0.3139902821645375,-0.582666400383566,-0.6333237327308368
2023-10-17,4.337766513228416,3.8438985347747803,0.9887456297874451,0.20637451112270355,4.426790237426758,0.12811011703114966,0.1084338339846257,-0.530691649073411,-0.9760301347593057,0.3528425257958707,-0.3477603584325806,-0.8458453320374275
2023-10-18,3.9029357954859734,3.829810380935669,0.9809341430664062,0.2042851746082306,4.396279335021973,0.12749715096720138,0.1157704336665144,-1.2973665987597798,-1.3303468139474006,0.3218866268901963,-1.0987177413461993,-1.1656444291200643
2023-10-19,5.09039106965065,4.117862224578857,1.0986133813858032,0.1999848186969757,4.402098178863525,0.129278956658181,0.14123765602330896,-0.1536896815764166,-1.0893034904965049,0.44627583697915707,0.10331930339218331,-0.8657646466681612
2023-10-20,4.899326920509338,3.9664149284362793,1.0249137878417969,0.19529153406620026,4.341609001159668,0.1307998854492889,0.15501199656811537,-0.5100740507309709,-1.4116410457771096,0.3658151078916734,-0.25151559639713383,-1.1458823992630158
2023-10-23,4.678734377026558,4.0285749435424805,1.2859222888946533,0.18818862736225128,4.1584577560424805,0.1294860023065199,0.11410693243877101,-1.71958057024748,-2.3818168907494766,0.5549104922366896,-1.518731890535804,-2.1469407608274835
2023-10-24,4.533518172800541,4.376663684844971,1.4031401872634888,0.17646947503089905,4.036449432373047,0.12936910566775212,0.09823805890763648,-3.0094892784209435,-3.226671906814353,0.5980494674799721,-2.837776027099423,-3.019000670055469
2023-10-25,4.987990379333496,4.462791442871094,1.3132380247116089,0.17243075370788574,4.054449081420898,0.13064115045961078,0.12043474546966704,-2.6121158422974418,-3.2007303372355906,0.4977147606601382,-2.388163687017723,-2.935225397880778
2023-10-26,5.2185240387916565,4.869025707244873,1.434518814086914,0.17238926887512207,4.173547267913818,0.13229892050405678,0.1656623367931339,-2.0037149641192613,-2.389708857965836,0.652837130535652,-1.66475928575057,-1.9849987210861073
2023-10-27,5.640260100364685,5.4104790687561035,1.5437169075012207,0.15679550170898438,4.034192085266113,0.13244276144975978,0.15731360856919763,-2.9912427945376265,-3.3249098988011596,0.6479510336234107,-2.7149167132821646,-2.994934060216721
2023-10-30,5.293905138969421,5.437905788421631,1.5090709924697876,0.15637752413749695,4.008018493652344,0.1323628186791781,0.15557386808813778,-3.25167096350593,-3.209646255945515,0.5774877877240057,-2.9515099383378427,-2.854852393702359
2023-10-31,6.373858198523521,6.199338436126709,1.7573848962783813,0.15462037920951843,4.072732448577881,0.13309973716510043,0.18286856921484484,-2.0420112985163783,-2.340081231694917,0.8036039180635859,-1.657153841065366,-1.8923472963645693
2023-11-01,6.3074531108140945,6.259538173675537,1.6897811889648438,0.15434764325618744,4.07761287689209,0.13351136206324626,0.1834144497820851,-1.966655587979396,-2.1393373255593815,0.6924396743877193,-1.5750516696496248,-1.6826122697872563
2023-11-02,6.678892731666565,6.347736358642578,1.718131422996521,0.15995872020721436,4.193874835968018,0.13491792786831494,0.21831104773375443,-0.8209512413212181,-1.234348180839575,0.8041404482563825,-0.256587202058693,-0.5787250595693081
2023-11-03,6.156891077756882,5.380344390869141,1.6557356119155884,0.1815764307975769,4.411074161529541,0.13898807099655233,0.251182705821671,0.8593493823687801,0.165706685598213,1.1488435759998215,1.7442543535832016,1.2054001546786992
2023-11-06,5.677432641386986,5.139815807342529,0.15513017773628235,0.18192532658576965,4.583803653717041,0.14140966060180024,0.27802208601400746,0.6959760236988402,0.280231221830455,-0.25569014489001063,1.555413693887921,1.3383790981110266
2023-11-07,5.096165299415588,5.174325942993164,0.15692481398582458,0.18178032338619232,4.583378314971924,0.14186686805655532,0.277448318264203,0.12283580861399557,0.33234990684718824,-0.22548906996135187,0.8670287635204375,1.284201169791757
2023-11-08,5.3007659912109375,4.989089488983154,0.20194576680660248,0.17878617346286774,4.572118282318115,0.1438406363182275,0.27758674075668954,0.27542739985176823,0.09591450625901388,-0.12373986972002982,0.9423102192450692,0.9389123471569825
2023-11-09,6.002390563488007,5.287554740905762,0.2428663969039917,0.17130698263645172,4.546262264251709,0.14393709516820455,0.28467821297132134,0.4274174273865121,-0.18493544223950664,-0.1712508219938247,1.0066815351128469,0.5574009093944028
2023-11-10,5.696845158934593,5.5162811279296875,0.2706632912158966,0.1697380542755127,4.599825859069824,0.14446980660983016,0.2966709736903601,0.04750107236262835,0.003244516470239489,-0.13793867882147026,0.583423188756754,0.7178422311648198
2023-11-13,5.57817417383194,5.19436502456665,0.2649429440498352,0.17097091674804688,4.586374282836914,0.14567101541001132,0.28549458373025793,0.03735084149633039,-0.16817404232707034,-0.06322980799348343,0.5222573686873275,0.4788724306027987
2023-11-14,6.014471113681793,5.20234489440918,0.2662246525287628,0.16987581551074982,4.590500831604004,0.1459657533951598,0.2904984762129751,0.360143621768227,-0.24138268658757767,-0.055014275811759106,0.8196967288600412,0.3746238618465547
2023-11-15,5.963723003864288,5.118271350860596,0.3274436891078949,0.17977865040302277,4.876476764678955,0.15394791877869346,0.32405660801512803,1.3974636807252203,1.1571894390650854,0.5160009104807308,1.8626505233434116,1.7924363126634368
2023-11-16,4.7520706951618195,5.034697532653809,0.3311595022678375,0.18078066408634186,4.874166965484619,0.154344185800083,0.32047770867369074,-0.13577206693127053,0.8839429085040003,0.5037398574197809,0.22429343736036955,1.383965152911241
2023-11-17,5.278547964990139,4.791635513305664,0.3832606375217438,0.17104046046733856,4.7121381759643555,0.15504007316087043,0.295600822312703,-0.2505722517872151,-0.22208673490201392,0.41588414627123704,0.0042165214538165685,0.11722140026039796
2023-11-20,4.8449288457632065,4.463024139404297,0.3942970335483551,0.17252446711063385,4.665550708770752,0.1552525478987249,0.2802948696567322,-0.7925139067017302,-0.5365892029542536,0.42087851549335653,-0.579297226376216,-0.2648841446429735
2023-11-21,4.4639279544353485,4.348154544830322,0.3995988667011261,0.17383961379528046,4.684106826782227,0.155669815213141,0.27579375150242824,-1.0666550410368902,-0.5371676403245971,0.4138407737814518,-0.8896054452982707,-0.31588042704984787
2023-11-22,4.417794093489647,4.4236602783203125,0.408402681350708,0.17179761826992035,4.659280300140381,0.15581466718390766,0.27729985740169016,-1.1604158911671423,-0.576653243558269,0.3646573523097789,-0.9978225804399372,-0.37710770219953105
2023-11-24,5.4584681540727615,4.702028274536133,0.4277050793170929,0.16321812570095062,4.569090366363525,0.15448931737559496,0.2814603884214051,-0.6708093696350481,-0.9568729794694377,0.21718121254227185,-0.480457017256656,-0.7378870263566775
2023-11-27,4.772941321134567,4.749462127685547,0.41403457522392273,0.1623329371213913,4.547793388366699,0.15481272133915555,0.2731557908813902,-1.4247715668642815,-0.9476601487653973,0.19234733856349528,-1.2710591128524893,-0.7725273359727929
2023-11-28,4.545263096690178,4.688568115234375,0.42486143112182617,0.16184033453464508,4.549910545349121,0.15489077469231852,0.275167118816504,-1.5845747375080492,-0.9912487361904319,0.19073490611592625,-1.4456750296651553,-0.8320083275849655
2023-11-29,4.19613341242075,4.48728084564209,0.3985689878463745,0.1657932698726654,4.575461387634277,0.15450257318797603,0.28123472415307726,-1.6152183208648907,-0.9015238975471682,0.1854250439070233,-1.46840077700341,-0.7324978335679972
2023-11-30,4.353778079152107,4.373252868652344,0.4011283218860626,0.16671736538410187,4.51945161819458,0.1538999643800609,0.26431387805550144,-1.380024489265704,-1.0097538334296097,0.16979025370072964,-1.2645970019417128,-0.872186503774838
2023-12-01,4.175195083022118,4.133821964263916,0.4203161895275116,0.1679624766111374,4.502665042877197,0.15503576865289198,0.2527535910693607,-1.3716063080895609,-1.0624398291309696,0.2312204826976192,-1.3192514046140786,-0.9979594041128621
2023-12-04,3.944195792078972,4.227428436279297,0.41088977456092834,0.1718778908252716,4.595005512237549,0.157036695991752,0.26372509700758895,-1.1125189927015882,-0.4285497508166891,0.30414728411168124,-1.0977957951245116,-0.4109334041400139
2023-12-05,3.8185965940356255,4.072995185852051,0.3910130560398102,0.1718384474515915,4.570862293243408,0.15818389742970465,0.2572583964580373,-1.0977197463253212,-0.4747097480372062,0.2990280785691466,-1.1271202042491701,-0.5111505526058551
2023-12-06,3.742559388279915,3.710935115814209,0.1079287901520729,0.16976311802864075,4.536148548126221,0.1586484741694173,0.24981167363535273,-1.2140135772305456,-0.9271764842847041,-0.010639763910671007,-1.2660415522346113,-0.9942531375008521
2023-12-07,3.677441194653511,3.5230376720428467,0.11541884392499924,0.17041166126728058,4.528185844421387,0.15980765380746723,0.23889425651324547,-1.0671565702558787,-0.8850356238224606,0.04570856501638776,-1.1623748369575608,-1.0081672455861828
2023-12-08,3.385400265455246,3.460883378982544,0.11277035623788834,0.17090320587158203,4.535977840423584,0.16008379089428781,0.23657419222118603,-1.2120446202838515,-0.8037749217258323,0.05859226313269872,-1.310416775309026,-0.9309390077879804
2023-12-11,3.7711947560310364,3.5242881774902344,0.12617835402488708,0.1694345325231552,4.572405815124512,0.1597780194650258,0.25623126427802156,-0.8406045851722048,-0.8261012321733965,0.03203405935294956,-0.9098121976347464,-0.9144758294680351
2023-12-12,3.050599679350853,3.515911340713501,0.13419154286384583,0.16898894309997559,4.561885833740234,0.15924798554413364,0.25323486095576875,-1.5885193225056433,-0.8741196246662817,0.018540914266610642,-1.6505458318347657,-0.9529113896597643
2023-12-13,3.572986289858818,3.5952329635620117,0.1284821480512619,0.16886687278747559,4.593188762664795,0.16003296114800797,0.25861783820915674,-0.903154524095573,-0.6701414612509566,0.028246895269331773,-0.9884136346346004,-0.7825725576742855
2023-12-14,3.2167182564735413,2.908109188079834,0.14212416112422943,0.19000163674354553,4.798464775085449,0.16462602170430093,0.24929419931184638,0.7512594669488557,0.9136683849914391,0.49894617088157744,0.7685081766508546,0.9364609060730729
2023-12-15,2.70228024572134,2.6652138233184814,0.20828777551651,0.1960759460926056,4.8712477684021,0.1668785981530388,0.2272580940115082,0.7412112136038687,1.2718918351547046,0.6943556504122927,0.7346451309097155,1.2630417321448917
2023-12-18,2.4366755709052086,2.622687578201294,0.23916023969650269,0.18747396767139435,4.775507926940918,0.16451468154469562,0.2017960750539709,-0.4487238073569131,0.12337809764293795,0.44969769692502126,-0.5860681693506571,-0.06328137980890602
2023-12-19,2.770912602543831,2.601367712020874,0.2341102808713913,0.18754084408283234,4.781793117523193,0.16469812514094548,0.20274460176090026,-0.07798477244416802,0.09080111852373207,0.4079373309326453,-0.20086315008763833,-0.0790553559344076
2023-12-20,2.927703410387039,2.5350406169891357,0.23718702793121338,0.19121159613132477,4.834036827087402,0.16448684185550708,0.2037243638789804,0.3164908638116941,0.2681093460851862,0.40499725595690705,0.22430918945248024,0.13968896458315783
2023-12-21,2.6435021683573723,2.370419502258301,0.23810486495494843,0.18988260626792908,4.784176826477051,0.16446584325378757,0.18264749068475628,-0.13001789286740362,-0.0509897097666574,0.3737099395239447,-0.24483242671161065,-0.21143345246922252
2023-12-22,2.430239848792553,2.342029094696045,0.26636940240859985,0.19180135428905487,4.79034423828125,0.1641161449919622,0.17121552497649783,-0.23941492547953303,0.034469788942079305,0.38831465397860576,-0.3455008587473358,-0.11455565943146695
2023-12-26,2.351932153105736,2.2942912578582764,0.2749236226081848,0.19193698465824127,4.773582935333252,0.16382215377351977,0.1673464058212425,-0.32764579157405294,-0.03848382815315787,0.36748175535785244,-0.4111884954572105,-0.1555132031024158
2023-12-27,2.5707992538809776,2.267378330230713,0.28684550523757935,0.1929864138364792,4.793579578399658,0.16403361966099805,0.16437095742177377,-0.003213268106676992,0.023261410869359622,0.36562493291459486,-0.09086215484735405,-0.10018697974703628
2023-12-28,2.4027046263217926,2.4393787384033203,0.23191618919372559,0.18792741000652313,4.737869739532471,0.16262324889205124,0.17726785659755817,-0.62415255179301,-0.3123950104392357,0.19982768369883885,-0.6957826772579132,-0.4132446061615802
2023-12-29,2.2278786823153496,2.3754994869232178,0.3076457381248474,0.180989071726799,4.624513149261475,0.16059502129920483,0.14358109879045522,-1.4379467675090396,-1.0787635784261376,0.15791152316203405,-1.58509819453716,-1.294923437841092
2024-01-02,2.1114150434732437,2.069204568862915,0.3317255675792694,0.190067857503891,4.679144859313965,0.1587276737652692,0.11636215153063056,-1.1622547123583402,-0.9993211816206511,0.20731660844680988,-1.2396048190499407,-1.1120337715194886
2024-01-03,2.147767663002014,1.9690461158752441,0.3358558416366577,0.1914200335741043,4.721443176269531,0.15970610685100273,0.11351119048368141,-0.9461268601361894,-0.9621498794245724,0.2190302315737398,-1.0322656592197745,-1.0848549109223384
2024-01-04,2.264973133802414,2.265254259109497,0.3141571283340454,0.18914413452148438,4.763362407684326,0.1616656856266964,0.13986022274145116,-0.7829854216847636,-0.657943843731136,0.18986213361161486,-0.8678553721359492,-0.7787936924021572
2024-01-05,2.1197432428598404,2.3828787803649902,0.29978007078170776,0.18107850849628448,4.7301716804504395,0.15977060515005184,0.1678792776106901,-1.4306028112315268,-1.0521880774956358,0.06241506004417552,-1.5238865330501135,-1.1926621701589362
2024-01-08,1.6814468391239643,1.4586602449417114,0.13336485624313354,0.18094982206821442,4.743441581726074,0.16011869068359574,0.17359469896744828,-1.8116950859513352,-1.9370251503500597,-0.10527601983931234,-1.8811793943189947,-2.0488077898097146
2024-01-09,1.6560642570257187,1.6738077402114868,0.1298208236694336,0.1778310239315033,4.7827606201171875,0.16154485708009203,0.20843638116532337,-1.7744753919233034,-1.6634444655674638,-0.10531513481565735,-1.8475308870563616,-1.7821635554227875
2024-01-10,1.8190066143870354,1.67569899559021,0.1275518238544464,0.17281456291675568,4.676722049713135,0.1597878148264534,0.19905214633766155,-1.9766030433797361,-2.0078168690105045,-0.1589836399704616,-2.0509599492052395,-2.12814488867895
2024-01-11,1.5586343966424465,1.555891752243042,0.13313493132591248,0.17711783945560455,4.755401134490967,0.15609271213464285,0.1916140869399542,-2.1385938483176403,-2.0259992491975787,-0.20441390482586197,-2.2146115268155775,-2.152466708741237
2024-01-12,1.7837718203663826,1.5995523929595947,0.14337058365345,0.18006382882595062,4.808041572570801,0.15561872094097334,0.2054961008246422,-1.6931215734542508,-1.773569694973359,-0.1810328495879716,-1.743891209242367,-1.864261864888146
2024-01-16,1.6634557321667671,1.594231367111206,0.14215858280658722,0.18151982128620148,4.827320098876953,0.15525849785077164,0.20493485725184013,-1.7017834362692845,-1.6666967013212357,-0.17400813642681268,-1.742533341591745,-1.7440013901490445
2024-01-17,1.4633930623531342,1.272284746170044,0.15641812980175018,0.18982088565826416,4.847761154174805,0.15447049117779435,0.15511216540521144,-1.5888643616172047,-1.6821435091189088,-0.11042873808592013,-1.6188729764831606,-1.7435077442581175
2024-01-18,1.2053564861416817,1.120252013206482,0.1525767296552658,0.19607624411582947,4.909038066864014,0.1528228871185436,0.11830198269154579,-1.5928523814300064,-1.5843177565190238,-0.10092022807879264,-1.6245485673380955,-1.655301240371486
2024-01-19,1.3389614261686802,1.1627132892608643,0.14776240289211273,0.19562551379203796,4.906661033630371,0.15260523326717684,0.1197957882384485,-1.4577903341834109,-1.537281199846479,-0.10855106106708945,-1.4829093011794505,-1.6011321578935203
2024-01-22,1.3134244531393051,1.1855781078338623,0.16942550241947174,0.19773082435131073,4.953499794006348,0.15238656898173467,0.12744019528646822,-1.3082125746739361,-1.3424104041419156,-0.06894442018037505,-1.3256385484285609,-1.394720592110147
2024-01-23,1.2957076728343964,1.1604937314987183,0.17248211801052094,0.1985855996608734,4.967008113861084,0.15187116796046615,0.11121242569363421,-1.273007290562024,-1.3139917149867841,-0.06387098533836788,-1.2885978286645798,-1.3727343682688904
2024-01-24,1.2400957234203815,1.064412236213684,0.232735276222229,0.19787855446338654,4.900612831115723,0.14881518754852854,0.05260081794246241,-1.6423171516652566,-1.7052175019546425,-0.06985644476367847,-1.6556788777605131,-1.783528344998908
2024-01-25,1.2833008021116257,1.1074868440628052,0.23347915709018707,0.2034224271774292,4.993141174316406,0.14786778559930278,0.07878557096311356,-1.262034494012731,-1.3378163750504655,-0.030788501655906853,-1.257683950105573,-1.3792437661575203
2024-01-26,1.145690105855465,0.9973817467689514,0.22175908088684082,0.2098163515329361,5.031510353088379,0.14738641392702864,0.047004193091521373,-1.1431209406306237,-1.1971317237377868,-0.0056060711670786745,-1.1320544262553298,-1.2291090679243855
2024-01-29,1.103285726159811,0.9635553359985352,0.21613426506519318,0.21113550662994385,5.055059909820557,0.14659199076127524,0.06060420551911827,-1.1527171460639636,-1.1839914701073937,-0.0002968840255568317,-1.137470517058306,-1.2036908106042699
2024-01-30,1.1705005429685116,1.0003032684326172,0.2078983038663864,0.2116136997938156,5.09299373626709,0.1466623881521805,0.06807478922347887,-0.9755767130831643,-1.0534391596795363,0.02059408149075459,-0.955528276270659,-1.07009339868441
2024-01-31,1.2120708003640175,1.036617398262024,0.25062286853790283,0.209062397480011,5.076646327972412,0.14598517100913747,0.07082545529751105,-1.1103754338616802,-1.1701508113718653,0.03859606521385617,-1.0637590311328857,-1.1716914149798363
2024-02-01,1.0469958521425724,0.9887609481811523,0.2747076451778412,0.19481207430362701,4.860659599304199,0.14521514343462777,0.06682393566633094,-2.162553224270015,-2.076379023041662,-0.09093872639967504,-2.080926338895109,-2.053180832978052
2024-02-02,1.05175806209445,1.0173262357711792,0.2773793935775757,0.19456174969673157,4.8506975173950195,0.14509308386223538,0.09282763658089299,-2.159750147387875,-2.050953701724019,-0.09395846254351747,-2.0783291851596033,-2.009222567571662
2024-02-05,1.2229920253157616,1.0376918315887451,0.33562952280044556,0.19189003109931946,4.798651695251465,0.1465805250351466,0.06327508118325798,-2.0430508031249097,-2.0844309434620705,-0.04138477767269855,-1.8784478870660326,-1.9766285990006693
2024-02-06,1.2468867972493172,1.1162166595458984,0.3741688132286072,0.19576656818389893,4.884406089782715,0.14641286085812974,0.08165367697901937,-1.750054282564637,-1.7475782515835405,0.04418295092173885,-1.568049650523779,-1.6142741829468896
2024-02-07,1.2934781946241856,1.0704262256622314,0.2761390209197998,0.19846393167972565,4.928367614746094,0.14588684520244616,0.0813454591035313,-1.563998889744056,-1.667236675957085,-0.03795666080248283,-1.3583371503841786,-1.4946763644798065
2024-02-08,1.0408634096384048,1.07878577709198,0.32415199279785156,0.19295106828212738,4.824160575866699,0.1442973240017891,0.0758790953415639,-2.2359303827810137,-2.0547998154450156,-0.07741356490843554,-2.0031757275129127,-1.8505393186241204
2024-02-09,1.2847123220562935,1.1362862586975098,0.3355102837085724,0.19083154201507568,4.82254695892334,0.14364165714224883,0.09300975555839475,-2.0756296021143896,-2.0844318253547627,-0.07964067140809039,-1.841128053003791,-1.877853200678402
2024-02-12,1.3845502734184265,1.1287288665771484,0.3403202295303345,0.19163799285888672,4.821091651916504,0.14332318084568718,0.08440562536054308,-1.9240120927880682,-2.037392851841396,-0.07307724911258351,-1.6758846347421237,-1.8185203039270004
2024-02-13,0.989230040460825,1.000838041305542,0.33550316095352173,0.18080316483974457,4.531955718994141,0.13537521650253864,0.055060784839220056,-3.6044123262121666,-3.3625371499827796,-0.385717807386845,-3.278595800255964,-3.0805482142278127
2024-02-14,0.9826547168195248,0.9181020855903625,0.30791038274765015,0.19296354055404663,4.758631706237793,0.13908375114793609,0.10134643978361979,-2.53836721025246,-2.432445674705537,-0.19433193866620924,-2.4193383836356936,-2.326218204415513
2024-02-15,1.113374289125204,0.9495565891265869,0.3316037058830261,0.19758597016334534,4.839628219604492,0.13733840012314139,0.10659597442096735,-2.1685511339522723,-2.175974898996678,-0.13624431652379587,-2.099470620619054,-2.1147926540905226
2024-02-16,0.9996229484677315,0.9509058594703674,0.3198918104171753,0.19990888237953186,4.879897117614746,0.13720899523076222,0.10044597745235295,-2.0935505638177467,-1.9972943416077928,-0.1144510916619812,-2.0248610331212165,-1.9343438221962135
2024-02-20,1.0983230285346508,0.9228212237358093,0.3144300580024719,0.19735540449619293,4.860070705413818,0.13708368265554036,0.12295967978275868,-2.0497091628348603,-2.0801131062948883,-0.1280842842275065,-2.044028445173903,-2.0749110348549884
2024-02-21,1.1288516260683537,0.9011603593826294,0.3245270550251007,0.1984056830406189,4.860712051391602,0.1371514984822058,0.11382951236228889,-1.9409908937916782,-2.026602288233901,-0.11098597868049476,-1.9247979847293317,-2.0113184742699177
2024-02-22,1.1125003583729267,0.8989298343658447,0.32147708535194397,0.1982254683971405,4.857048988342285,0.13712087335829476,0.11293011362102656,-1.9437082129420666,-1.9987973951390607,-0.11031776287337047,-1.9296887989248708,-1.986473925212013
2024-02-23,1.0974211730062962,0.9145931601524353,0.34224990010261536,0.19878190755844116,4.86336612701416,0.1381923244873388,0.11284348152316492,-1.8647750083794126,-1.8822416706639,-0.06419061511712876,-1.8652346152843373,-1.8826220872380723
2024-02-26,1.0834763646125793,0.9154040217399597,0.3404427468776703,0.1994561105966568,4.8782525062561035,0.13836950257113015,0.11601714837086707,-1.7893869575250285,-1.793670416463205,-0.04327767628565704,-1.8376436385478598,-1.83352213357698
2024-02-27,1.092737477272749,0.8947339653968811,0.3426135182380676,0.19704006612300873,4.852944374084473,0.13806112641953924,0.1358663398706197,-1.851651549833166,-1.8883491081588115,-0.055670165537132554,-2.001905993795138,-2.0203752905305703
2024-02-28,1.0329030081629753,0.898798406124115,0.35755881667137146,0.19533038139343262,4.848494529724121,0.13778255046923074,0.14557026913480786,-1.9137539002985893,-1.8839763007022325,-0.0341026106741813,-2.1246676198285566,-2.0696214815618514
2024-02-29,0.9871918819844723,0.8948227763175964,0.38501596450805664,0.1925780326128006,4.825108051300049,0.13639330029762023,0.16504782568267617,-2.0456566458613334,-1.9766908351106585,-0.026718605743061508,-2.399315076685284,-2.3039775443533346
2024-03-01,0.930958092212677,0.7884565591812134,0.3327014446258545,0.19107574224472046,4.72608757019043,0.1341212001282975,0.13121288281785237,-2.458160607376322,-2.4050636576270215,-0.21596630825555763,-2.5283744905603256,-2.4688312625695383
2024-03-04,0.9384867660701275,0.8043707013130188,0.34174951910972595,0.1999070942401886,4.845470905303955,0.1341702890178497,0.1390971913445792,-1.930079836466589,-1.8984739798204662,-0.10707484883026286,-2.3494404994932516,-2.2764385946726353
2024-03-05,0.961523599922657,0.847784698009491,0.36599355936050415,0.20078608393669128,4.862220764160156,0.13366336869145992,0.14157729669233943,-1.7951500041537143,-1.7424811651614398,-0.0660722071984976,-2.276950430081512,-2.180836503071234
2024-03-06,0.9481187090277672,0.8444773554801941,0.393576055765152,0.19963733851909637,4.8238959312438965,0.13255457284219802,0.13053334975732966,-1.9060329931020865,-1.8282462787574696,-0.08561513324103998,-2.2398860977639536,-2.134467309506447
2024-03-07,0.9935948327183723,0.8691748380661011,0.40003669261932373,0.20246315002441406,4.8642706871032715,0.13259787743108803,0.12022634829313228,-1.636996503035304,-1.5975788379926392,-0.04043678710165155,-1.949695410297589,-1.882404434383142
2024-03-08,1.0565844513475895,0.855002760887146,0.12483033537864685,0.20546743273735046,4.899783134460449,0.13222636855305117,0.11496581277895968,-1.3784061516115411,-1.4351806955396014,-0.28911909324249785,-1.7376312123381066,-1.7598473190075503
2024-03-11,1.1558018140494823,0.8684397339820862,0.13034319877624512,0.20490910112857819,4.885428428649902,0.13262163683412284,0.10858837991892778,-1.3040955510830532,-1.4427776733840183,-0.2948210843593597,-1.5446177748150367,-1.6598470028703156
2024-03-12,1.139946885406971,0.9044856429100037,0.12629470229148865,0.20691907405853271,4.900983810424805,0.13118191971636775,0.10184263378406555,-1.2520158458289314,-1.3374382650405696,-0.30413668159606566,-1.499854489819941,-1.5604398483285955
2024-03-13,0.9282092601060867,0.7949148416519165,0.1869291514158249,0.17522288858890533,4.448171138763428,0.12599659194584586,0.10196007974483168,-3.1376176088585677,-3.004012360885328,-0.636042250391683,-2.353395624616545,-2.297258611978691
2024-03-14,0.7688356526196003,0.760752260684967,0.30079975724220276,0.16251163184642792,4.330361843109131,0.12274693701235981,0.15891813927286702,-3.435569367583785,-3.158051082405568,-0.5449643340158454,-2.9808692808568633,-2.7460177385536904
2024-03-15,0.9629577808082104,0.8116105198860168,0.33780911564826965,0.1652335226535797,4.426150321960449,0.12322393300954423,0.18819204915235266,-2.4712546779565434,-2.3904322543717935,-0.3428997122943369,-2.501989406430331,-2.4183238420070072
2024-03-18,0.9356970936059952,0.8258442878723145,0.33650025725364685,0.1652785688638687,4.432692050933838,0.12320926879122172,0.1887928613219283,-2.2275412144692,-2.108590528110309,-0.30846344577409646,-2.2430868179160193,-2.1227818222679744
2024-03-19,0.8737927377223969,0.8609130382537842,0.38047870993614197,0.16085830330848694,4.36541223526001,0.1227806451576709,0.1895669207927575,-2.3024534339385454,-2.0818726910071224,-0.2919526225231259,-2.1495088505379893,-1.9416815453518286
2024-03-20,0.9391142874956131,0.9015423059463501,0.3697341978549957,0.15874353051185608,4.3450212478637695,0.1212066447077728,0.20849802701696274,-2.0131998484673375,-1.8341642341985605,-0.28684694716050974,-2.075297473645147,-1.8911745364762833
2024-03-21,1.1413276009261608,0.9907640218734741,0.4169580042362213,0.15828076004981995,4.391623497009277,0.12141870656753083,0.22706293412237066,-1.3122623231854327,-1.2821397310742988,-0.13111908586325605,-1.599471763279734,-1.5460810551769395
2024-03-22,0.9644737578928471,0.9417243599891663,0.4049079418182373,0.1583424061536789,4.367197036743164,0.1217413290091765,0.22411600352127659,-1.5132739539163786,-1.3507390452211947,-0.1723317368787054,-1.700090275831398,-1.5223228098473314
2024-03-25,1.0189073644578457,0.9497979879379272,0.43652617931365967,0.15253067016601562,4.316442012786865,0.12178825036673663,0.22351177079501094,-1.3580816021696478,-1.2543623256450847,-0.12394065984968083,-1.254395669235869,-1.1588704224124786
2024-03-26,0.8794211186468601,0.8865727782249451,0.37490135431289673,0.15296918153762817,4.244297981262207,0.12087249350029393,0.21339479875071232,-1.8543978541798225,-1.6562956061460898,-0.3070753600508431,-1.630467268747033,-1.4496329186479553
2024-03-27,1.0012293234467506,0.9422803521156311,0.4320777952671051,0.15065017342567444,4.240000247955322,0.12011078707637914,0.22409674227648468,-1.4749261326573873,-1.3713489065913755,-0.2009517992620462,-1.3665414606792812,-1.2711044256617292
2024-03-28,0.9211074747145176,0.9874348640441895,0.45752471685409546,0.15007002651691437,4.260599613189697,0.12094218854942032,0.244617965693951,-1.3419634455130947,-1.1347617991533738,-0.1179966184221235,-1.5487096642633418,-1.3263273963240287
2024-04-01,1.1421994604170322,1.1440505981445312,0.489316463470459,0.14555059373378754,4.222355842590332,0.12005360176785869,0.25482067565835964,-1.0005632508684545,-0.8835391711106659,-0.07402616304633725,-1.1951433699377034,-1.0641159298054923
2024-04-02,1.1091526858508587,1.0629388093948364,0.49908220767974854,0.14956243336200714,4.1955718994140625,0.11851126795200008,0.22612178719976306,-1.3053814217116688,-1.2166669182073342,-0.17109298571329967,-1.216084340721526,-1.133687921035186
2024-04-03,1.1461040303111076,1.1628482341766357,0.5636233687400818,0.14328782260417938,4.1836748123168945,0.11910172037268812,0.23941266518908244,-0.9701355304879176,-0.8560593164816908,-0.02077129316518933,-0.839432359991104,-0.7344138747456483
2024-04-04,1.1291227079927921,1.132408857345581,0.5599951148033142,0.14416420459747314,4.168522834777832,0.11920761896703747,0.23437212058170054,-1.1088507186592658,-1.0095871490610904,-0.06678187005945935,-0.9429378646086306,-0.8545908739044776
2024-04-05,0.9657446332275867,1.0279418230056763,0.5511722564697266,0.15191172063350677,4.106849670410156,0.1166912640345882,0.17624377341789932,-1.9745818114260842,-1.7565057573791663,-0.3053576116961132,-1.1799697865351426,-1.0115355558624586
2024-04-08,1.104414639994502,1.0986508131027222,0.6111851930618286,0.14961375296115875,4.042642116546631,0.11721716632517303,0.16055355126549886,-2.220470887859083,-2.078224813295421,-0.32522586514183294,-1.064708177146425,-0.9938783686781107
2024-04-09,1.126697190105915,1.1244240999221802,0.1905580312013626,0.1498214155435562,4.049252510070801,0.11695363099537821,0.1650896401294074,-2.0377450468029004,-1.9035743299176584,-0.7215877529797514,-1.0281506620058813,-0.9607517421381928
2024-04-10,1.0955212712287903,1.170136570930481,0.21065597236156464,0.1497919261455536,4.106360912322998,0.11713152011392669,0.19291351344513996,-1.542383836970636,-1.3591798691001156,-0.5620723915954775,-1.0833860357159963,-0.9308167766738649
2024-04-11,1.2322962619364262,1.1757107973098755,0.26858440041542053,0.16049709916114807,4.486804008483887,0.1219830238378253,0.2578151093191544,0.5549442125612671,0.5371558863747801,0.019471415487114285,-0.547685263937506,-0.48191186965303956
2024-04-12,1.2999092563986778,1.4333877563476562,0.3111988306045532,0.14816130697727203,4.358465671539307,0.12100039888103685,0.26786606978235195,0.32222414202572125,0.4620632471468191,0.03430923908160732,-0.3173804716876347,-0.13134726648103978
2024-04-15,1.391321487724781,1.4285470247268677,0.3428715169429779,0.14688268303871155,4.370963096618652,0.12206575330931091,0.25724081665194864,0.4262684790277085,0.4315857304726052,0.10817243478317806,0.18308983742271323,0.20833447397545513
2024-04-16,1.4319987744092941,1.3118308782577515,0.4125971496105194,0.14856934547424316,4.434633255004883,0.1235088774419685,0.2552056186940208,0.6372295207143779,0.4793379079210016,0.25671559178370806,0.49922864261957756,0.35241225808351473
2024-04-17,1.2937340773642063,1.2689006328582764,0.3931511342525482,0.14968536794185638,4.397197723388672,0.12290148805321362,0.2447312491818524,0.15957436958513505,0.12513744485331912,0.13828454901352938,0.16225389855250327,0.12757376378228003
2024-04-18,1.4352796040475368,1.3802367448806763,0.44353988766670227,0.14953739941120148,4.339556694030762,0.12450988883010425,0.2208883383195609,-0.2609599346693354,-0.31284503087854176,0.08061866245678795,0.26792987553796266,0.16360243036665167
2024-04-19,1.310139674693346,1.346596360206604,0.4257286787033081,0.1501847356557846,4.340105056762695,0.12438343643632407,0.21876582747664997,-0.405910839894176,-0.35798013063205225,0.054376005022573004,0.12758394354778346,0.12244158913756564
2024-04-22,1.6722633764147758,1.4437559843063354,0.4419960081577301,0.14893820881843567,4.315969467163086,0.1243434258105692,0.210669064082169,-0.15712414611719616,-0.3852417980027276,0.05024764247992186,0.6333176084649139,0.32057134749508975
2024-04-23,1.612456776201725,1.5930451154708862,0.5097314119338989,0.13743537664413452,4.274782180786133,0.12474847610656097,0.21947140470274173,-0.23407850948280284,-0.30672252635714337,0.2370978631832048,1.3489965242145132,1.1216519568848753
2024-04-24,1.4410321861505508,1.4946414232254028,0.5494087338447571,0.14094951748847961,4.316463470458984,0.12572338010763323,0.21422320540772255,-0.37544053720192316,-0.3340119610341219,0.2832160482738497,1.0966216602305003,1.0110841801922952
2024-04-25,1.4113141484558582,1.446468472480774,0.5351709127426147,0.14227396249771118,4.2619500160217285,0.12477533102841477,0.2019693294111522,-0.6750032752563939,-0.6199746324587228,0.13606473747811076,0.7134900125887711,0.6540180803805882
2024-04-26,1.6882514953613281,1.48630690574646,0.5768672227859497,0.1432356983423233,4.285024642944336,0.12463380882040385,0.20797217890278286,-0.2382582703008005,-0.42386171634359116,0.19976335973790782,0.9236005537048655,0.642169191810634
2024-04-29,1.5527184270322323,1.529198169708252,0.5264208912849426,0.14084577560424805,4.341014385223389,0.12261698283401859,0.23947419716217155,0.19067007587313434,0.1913712121639044,0.29015364267357,0.9342495274443046,0.8755077974542402
2024-04-30,1.4453572928905487,1.4810209274291992,0.5745834708213806,0.1426745504140854,4.186930179595947,0.12023607098654715,0.18844384357942168,-0.6416395040445142,-0.5678168881012216,0.018739702798094893,0.46235960895683803,0.44864574503684196
2024-05-01,1.3322109803557396,1.4040743112564087,0.8394569754600525,0.16491344571113586,4.4776411056518555,0.12053239385638008,0.2161101314655256,0.4265388844444349,0.594626880015845,0.44883819171692396,-0.28632019326145297,-0.06118627116329378
2024-05-02,1.5237088538706303,1.476338505744934,0.8265964388847351,0.15785817801952362,4.331047058105469,0.12074766352663545,0.20321431288002456,-0.02826018349425574,-0.0029934120220875826,0.3021772157799163,-0.1573816930256804,-0.12228556283173475
2024-05-03,1.7330847457051277,1.543532371520996,0.9325152039527893,0.15766602754592896,4.414699554443359,0.12142263035877897,0.21522065365914067,0.49556113681080305,0.37682365869027734,0.5115235965859988,0.32042575605111523,0.21491979992130084
2024-05-06,1.757626485079527,1.5859812498092651,0.9879997968673706,0.1599293202161789,4.515676975250244,0.1223744352328336,0.23364422748563474,0.7094467991873392,0.6198716212644371,0.6085777661604024,0.15320982094326396,0.10484505545760925
2024-05-07,1.6714267581701279,1.5167731046676636,0.9482075572013855,0.16594333946704865,4.571466445922852,0.12196794954706537,0.2386206142623527,0.736171682982004,0.6901686806828486,0.5239822225165554,-0.32074109180908117,-0.2882177440915452
2024-05-08,1.6118184104561806,1.5244373083114624,0.3483719825744629,0.16607977449893951,4.564741611480713,0.12179881413819284,0.24176949109325707,0.5346548551117647,0.577819454848933,-0.13553360954093674,-0.4577690784076136,-0.3514018664559977
2024-05-09,1.851939182728529,1.5732015371322632,0.35621967911720276,0.16873082518577576,4.61855411529541,0.12174764305345447,0.245007205492921,0.810608287725465,0.6829348971775193,-0.12379215587900738,-0.23540791445800302,-0.3046427268148939
2024-05-10,1.5557741522789001,1.6721785068511963,0.34815511107444763,0.1545516550540924,4.347888469696045,0.11827400653586934,0.20745710616732038,0.32414683416293055,0.5097430958153448,-0.14456680633581387,0.3942517685531488,0.5750449767658026
2024-05-13,1.4686942249536514,1.5995606184005737,0.35977596044540405,0.15788410604000092,4.292218208312988,0.11739120171953618,0.1855179689038544,0.6064472868263611,0.7660601076284843,-0.10293741489364061,0.5230884225110355,0.6883697182490014
2024-05-14,1.5502018108963966,1.6942417621612549,0.3631180226802826,0.1523265838623047,4.237494945526123,0.11601032946357161,0.1909229818995516,0.5760313881552461,0.727561125385086,-0.11822684452087184,0.6724478784421084,0.8185660193157851
2024-05-15,1.6092926785349846,1.7094393968582153,0.3519451916217804,0.15083953738212585,4.229129314422607,0.11596440488237746,0.19007512698903062,0.5615249814031396,0.6640290371261646,-0.13165471877169987,0.7530278027083517,0.8442326551032266
2024-05-16,1.4157602563500404,1.449444055557251,0.3140949606895447,0.16250845789909363,4.427474498748779,0.11703904437260346,0.2115326821062099,0.5888180528496942,0.6929525341917051,-0.15403704422461062,0.14433490422644457,0.27327861731980096
2024-05-17,1.5765338093042374,1.4450792074203491,0.3096882700920105,0.16347618401050568,4.4532318115234375,0.11694359912918809,0.2133821361645054,0.760676860182727,0.706222083123397,-0.1574874830380426,0.32708097695584826,0.2882676147930203
2024-05-20,1.3690779097378254,1.4937494993209839,0.3129359483718872,0.1622590720653534,4.460037708282471,0.115815862694701,0.2244600754349949,0.5609851534215466,0.7657755160479223,-0.16375350517668297,0.0971807972823342,0.3060878195408261
2024-05-21,1.8135800138115883,1.5267664194107056,0.3264235556125641,0.16400474309921265,4.462231636047363,0.11474282199871709,0.22524385094025423,1.1461243478706744,0.9382755582389146,-0.1415731036850132,0.5799606156013564,0.38886380509932295
2024-05-22,1.4863847717642784,1.5581294298171997,0.34915891289711,0.16550524532794952,4.479870796203613,0.11438196277128576,0.21970827941713456,0.8597637987819543,1.0225107062022736,-0.11312497417922596,0.334859183375225,0.5099708558500957
2024-05-23,1.6287622526288033,1.4587807655334473,0.35190051794052124,0.17291799187660217,4.538449764251709,0.11535736651274342,0.21432847803618638,1.1536852580644972,1.0869769957533788,-0.08098046211907284,0.4539836859638857,0.3935018756257831
2024-05-24,1.4463169500231743,1.3337675333023071,0.3221563696861267,0.18374191224575043,4.670327663421631,0.11674522782551196,0.20689463875331604,1.1825113168612937,1.2159839477111536,-0.08113984547612607,0.2881723113075809,0.3302078333340459
2024-05-28,1.505858514457941,1.3068517446517944,0.3397230803966522,0.18646728992462158,4.704774856567383,0.11697890187429408,0.19948201993404824,1.2487473069867185,1.204751413787502,-0.05546246127447452,0.4133284822286578,0.3774390912391512
2024-05-29,1.484819233417511,1.5389676094055176,0.3993077278137207,0.16990919411182404,4.583043098449707,0.11719628037431037,0.2368239115743459,0.6997653890651923,0.8721268475690171,-0.04445636298668698,0.11514655026733678,0.2844420480152623
2024-05-30,1.5383307039737701,1.3354912996292114,0.3830135762691498,0.18267619609832764,4.728354454040527,0.11812521583547389,0.22248140451947107,1.0076598756653692,0.9685539261232898,-0.027923459730979205,0.2557326563257041,0.2076260749465213
2024-05-31,1.6173257604241371,1.4770230054855347,0.41808846592903137,0.1809430867433548,4.764695167541504,0.11816053015546472,0.24211511117419904,1.0107222551524515,1.043564397574706,-0.00557634081163183,0.23892858434980724,0.26589295269850766
2024-06-03,1.7002298571169376,1.6085788011550903,0.45686644315719604,0.17478996515274048,4.741063117980957,0.11848525288192131,0.26377742106156055,0.8989855074019424,0.9668982858581894,0.014536744986307637,0.20865581344441786,0.27685122537780416
2024-06-04,1.9361553341150284,1.7073490619659424,0.47791555523872375,0.16757971048355103,4.667747497558594,0.12043949884051686,0.25942568463759363,0.8274795333789697,0.7233607418683421,0.02601895312785829,0.4434489859617239,0.3386035965365517
2024-06-05,1.8349972516298294,1.7448415756225586,0.5011938214302063,0.16710196435451508,4.6667680740356445,0.12061569966612037,0.26631554414897585,0.635994328725916,0.6764066803099626,0.044674838174990406,0.2489426387091207,0.28899612342994896
2024-06-06,1.7688658237457275,1.6562199592590332,0.4992324411869049,0.17308096587657928,4.665212154388428,0.12166058965030566,0.2579842413684782,0.6323120252079766,0.6456144012672862,0.06870930688197996,0.10361984161779247,0.1226458899928522
2024-06-07,1.6472562700510025,1.5966320037841797,0.1635882705450058,0.17563803493976593,4.711331367492676,0.12164365857022459,0.2687470825319961,0.5128860254020509,0.5992387381704164,-0.2697945791505618,-0.08901267465141771,0.011115092132376603
2024-06-10,1.2435613088309765,1.3413324356079102,0.16926904022693634,0.18442364037036896,4.777524471282959,0.12377111654678928,0.2479901713767828,0.17247435257095867,0.42237732107375825,-0.22120641031789612,-0.44194775185413615,-0.18071647532581814
2024-06-11,1.3302321918308735,1.2568925619125366,0.16985681653022766,0.1838199645280838,4.654272556304932,0.1237168581127926,0.2283698687773955,0.3242599172654166,0.36577712852120214,-0.19849264563278712,-0.28524004128803515,-0.24423938037559534
2024-06-12,1.4716007001698017,1.2433160543441772,0.17634280025959015,0.1840021014213562,4.643336296081543,0.12364641299034909,0.22554712871912208,0.4651746931517353,0.3474062942030476,-0.18469094023674093,-0.10591758057220169,-0.22348053122818357
2024-06-13,1.3588148057460785,1.242135763168335,0.16575680673122406,0.18894024193286896,4.746160984039307,0.1239536062298207,0.22986357050923656,0.3331229478665234,0.3621343450123389,-0.1819642865368165,-0.21280759427951823,-0.18603073695246675
2024-06-14,1.3590964749455452,1.2233256101608276,0.154611274600029,0.18575900793075562,4.699754238128662,0.12443976231656716,0.22366352783871823,0.27083182702804587,0.25793449310666805,-0.1918427527819757,-0.17043740900406057,-0.17434633909507502
2024-06-17,1.2326053250581026,1.203844428062439,0.1946323961019516,0.1839980185031891,4.605011940002441,0.12388578072473963,0.20875670886598852,0.18292664704383377,0.2530688956752254,-0.1422684954598381,-0.21245356887032107,-0.13192477691174975
2024-06-18,1.3028822056949139,1.2633699178695679,0.1857297718524933,0.18212926387786865,4.6037092208862305,0.12441862025327059,0.20126878447636742,0.19390723441755853,0.25058602398773244,-0.15422338731946783,-0.0733165324758005,-0.016594275194228292
2024-06-20,1.2911343462765217,1.1873998641967773,0.18535394966602325,0.18505701422691345,4.621898651123047,0.1240293352520861,0.20387643245178777,0.22667033379753532,0.22379014322916735,-0.14070276439793972,-0.08946854615968691,-0.09056677888786258
2024-06-21,1.4191994480788708,1.247621774673462,0.20173172652721405,0.1851745843887329,4.643653869628906,0.12405615495740686,0.20271637200352322,0.32575193631765176,0.258755211926037,-0.12369644430864568,0.05656231411216117,-0.0029166160332994018
2024-06-24,1.380565270781517,1.2568957805633545,0.21640117466449738,0.18478940427303314,4.641220569610596,0.12436956855526429,0.20742694042053234,0.26231493114335613,0.2442163251773466,-0.10710125385379321,-0.009074703577145904,-0.019866863757949105
2024-06-25,1.2878555618226528,1.2273445129394531,0.24532416462898254,0.17882712185382843,4.567828178405762,0.12339339779771884,0.1911876026258661,0.12866139442883906,0.15652839589160594,-0.09715859551485262,0.011936679852700305,0.03969552075527827
2024-06-26,1.2008039094507694,1.200001835823059,0.24235518276691437,0.17797249555587769,4.559185028076172,0.12327842007852237,0.18717213954908185,0.029989846699650213,0.11539911011168247,-0.10178898038593642,-0.050347383799792755,0.033272629210640225
2024-06-27,1.1584742069244385,1.046143651008606,0.22995525598526,0.18002007901668549,4.532979965209961,0.12240002740265793,0.16442206297374518,0.06576960090488404,0.033194007399544256,-0.09757871105678739,0.031613831245853596,-0.001919326431705004
2024-06-28,1.0318745411932468,1.050486445426941,0.25651445984840393,0.18671061098575592,4.592032432556152,0.12170856338278266,0.14346888570591498,0.01294993387953447,0.13145438281793265,-0.043374457490721774,0.013579274249264861,0.13210187235562332
2024-07-01,1.0301299951970577,1.0023764371871948,0.27239811420440674,0.18526849150657654,4.538793087005615,0.1219229758697172,0.13060459421208304,0.04654961933584767,0.09755670472544686,-0.021473896293585426,0.06677825177009322,0.11919137313414663
2024-07-02,1.1680439077317715,1.1050719022750854,0.3152170181274414,0.1843411773443222,4.54553747177124,0.12229368528625201,0.14274509027682503,0.15280763489506688,0.1679940815012082,0.015964768288746933,0.14565751975115449,0.16038282995317676
2024-07-03,1.2707157284021378,1.031661033630371,0.30682721734046936,0.18802876770496368,4.6221771240234375,0.12178623229176033,0.1490533541097646,0.2230965998808001,0.08489665393868728,0.009407776780272936,0.21361402927843076,0.07495944860186032
2024-07-05,1.0272817686200142,0.9734725952148438,0.300879567861557,0.1905892789363861,4.654568195343018,0.12228679993954887,0.14264584935865343,-0.016821560667350077,0.042963895405011776,0.012879852868892261,-0.018465239233355746,0.04123663058326421
2024-07-08,0.9726789221167564,0.939210832118988,0.3098337948322296,0.19285820424556732,4.667832851409912,0.12231582106675608,0.1304572249346273,-0.03549009008096693,0.04601590803946998,0.03298885492964598,-0.02391246624035137,0.058501078701739484
2024-07-09,1.0208415426313877,0.8809393644332886,0.4100330173969269,0.18748316168785095,4.4326581954956055,0.11726373356788648,0.07897711554674436,0.33043509490975964,0.24274116262612289,0.15300926037245954,0.3774926162001422,0.2935757747683905
2024-07-10,0.8569206800311804,0.7873854041099548,0.3162343204021454,0.1912291944026947,4.488828659057617,0.11662420780357698,0.08435031621510514,0.10409047256111403,0.10649071737263505,0.04819152452781705,0.13166254851878945,0.1339540537169781
2024-07-11,0.8790831472724676,0.8880469799041748,0.4229190945625305,0.19460245966911316,4.473196029663086,0.1150005230132127,0.10832735236191549,0.2138130827438749,0.2955642381897796,0.17133588899102015,0.18429230016367715,0.26430889779179
2024-07-12,1.9577375575900078,1.981310486793518,1.3103840351104736,0.17554999887943268,4.126592636108398,0.11615988000226893,0.01896054937034941,1.5009449322055977,1.4935632387469138,1.023045614578443,1.5563302559338736,1.5486276666905119
2024-07-15,1.929882012307644,1.982587456703186,1.2947148084640503,0.1733998954296112,4.113768100738525,0.11599086759898324,0.018266865117232856,1.2076391082971387,1.2274251386100574,0.8331386241833709,1.209322451417795,1.231857535734585
2024-07-16,1.8754172436892986,2.0993576049804688,1.4809911251068115,0.1687394082546234,4.067618370056152,0.11464181942036332,0.015741135501920356,0.9613081808690795,1.138095868938199,0.8919072714666718,0.9188001036542186,1.0938824197126698
2024-07-17,2.168922707438469,2.1747524738311768,1.5235636234283447,0.16758553683757782,4.0534987449646,0.11641976683595338,0.047171373443837705,1.1481137699182407,1.081608289775366,0.8244928432298277,1.1247536430534204,1.05737579283225
2024-07-18,2.378715120255947,2.1466760635375977,1.4361952543258667,0.16543729603290558,3.979506015777588,0.1178844521703716,0.04759072358450023,1.2663989474291966,0.9461129207003287,0.5896505986870662,1.3055901042564235,0.9872043184852268
2024-07-19,1.9470511674880981,1.838824987411499,1.3078925609588623,0.17891259491443634,4.21168327331543,0.11816469886836616,0.05995444694201524,0.6810762215750035,0.5783343178105815,0.5441699129272104,0.6911402285585764,0.5888159870139065
2024-07-22,2.0097406916320324,1.947557806968689,1.467649221420288,0.1848834902048111,4.281338214874268,0.1186448662070061,0.058833977916141866,0.7042725652425612,0.6712298503880383,0.6973079129022473,0.727042893404171,0.6952256358243849
2024-07-23,1.8271824903786182,1.8070437908172607,1.3210185766220093,0.18392769992351532,4.2670817375183105,0.11912347589757737,0.05640453207993967,0.47360046386997023,0.4817198865457042,0.49024276885543205,0.4987213260350227,0.508020019743828
2024-07-24,1.9722276963293552,1.9147124290466309,1.3720500469207764,0.18474805355072021,4.275234699249268,0.11894883626846425,0.03685064652074643,0.5831005558387443,0.5550520631489824,0.5126862634561729,0.5219761618532495,0.49083833156289103
2024-07-25,1.6554714366793633,1.4584800004959106,1.0572357177734375,0.19105933606624603,4.355450630187988,0.12230880423891874,0.05139351472042242,0.27080098568898103,0.12267955872712277,0.19603883128470745,0.3592579493741521,0.2155210312570066
2024-07-26,1.676877450197935,1.575317144393921,1.1052156686782837,0.1874285340309143,4.2798967361450195,0.12269919749974649,0.028734414540230402,0.27593700114494113,0.2162214139315226,0.16011572813775476,0.31605817638693523,0.2588173168588703
2024-07-29,2.169112417846918,2.1308038234710693,1.3351720571517944,0.16556917130947113,3.9853880405426025,0.12072014712249528,0.047958202621557366,0.7095260059393391,0.6504574911721235,0.2022102536953252,0.8205449503065312,0.7686182689319985
2024-07-30,2.030650496482849,2.0959999561309814,1.386047124862671,0.16792063415050507,4.000181198120117,0.11968211466656772,0.05387139274069974,0.49474639181641766,0.5490529831364128,0.23601464539359007,0.6142859490620003,0.6770591974201094
2024-07-31,2.4633452147245407,2.5263583660125732,1.6023966073989868,0.16400174796581268,3.8952982425689697,0.11904578792320673,0.03604976929919712,0.8525762223070914,0.8796015708993843,0.3206285338779109,0.9552861722846258,0.9890141522196618
2024-08-01,3.292382813990116,3.0801169872283936,2.105137825012207,0.16991080343723297,3.88615345954895,0.12205414905501977,-0.014506922912247644,1.6007341691062347,1.3531699476022794,0.6856424418804625,1.6725549730548241,1.4297524774722818
2024-08-02,2.7628384679555893,3.046544313430786,1.9844380617141724,0.16450154781341553,3.8127379417419434,0.12426972745251509,-0.024552314759728855,0.8782365805192311,1.1404486617899612,0.4138725632547011,0.9404297014887053,1.2089128708598045
2024-08-05,3.9146565198898315,4.004793167114258,1.7479946613311768,0.15101563930511475,3.4812395572662354,0.13011320732037754,-0.08291915481526635,1.7208302741565236,1.6929792007979012,-0.34292514640476224,1.8460899012448113,1.8262969424370232
2024-08-06,3.740344062447548,3.7582039833068848,1.4287927150726318,0.15999740362167358,3.5289602279663086,0.1344585613988682,-0.09042522360582228,1.1325723417620095,1.0621799738121758,-0.6544695314341418,1.2537517437938273,1.1962832888654074
2024-08-07,3.835072986781597,4.08297061920166,1.4603021144866943,0.1516897976398468,3.400360107421875,0.13531998177868035,-0.14041071479804934,0.862304115881678,1.008734786254173,-0.5933622046686997,0.8717299130937217,1.0220558641656838
2024-08-08,4.917383834719658,5.471402645111084,0.5129827857017517,0.14959272742271423,3.395336151123047,0.13624036409941412,-0.1407468969441792,1.7758236592660843,2.197732326603429,-1.3966439915863837,1.778757684787844,2.2021787986431334
2024-08-09,5.120360359549522,5.525196552276611,0.6861074566841125,0.15633724629878998,3.498504638671875,0.13846609644663901,-0.08928801056523383,1.764500854799003,1.9868202043529477,-0.9076943093708978,1.7745653175005316,2.008565509226331
2024-08-12,6.975244253873825,5.666744232177734,0.7093713283538818,0.15727019309997559,3.498553514480591,0.13838177064961613,-0.1002227406918097,3.339256758592538,1.8233426059812086,-0.756534896906651,3.29311438561714,1.7735910121650864
2024-08-13,6.885932594537735,6.567763805389404,0.7549509406089783,0.14773817360401154,3.3424839973449707,0.13811623891862404,-0.14774359071396215,2.560967145097666,2.203829492267534,-0.6842771133515482,2.5704323235730424,2.2107783299289103
2024-08-14,5.796294003725052,5.825307846069336,0.7059610486030579,0.14740681648254395,3.3584818840026855,0.1396776007930891,-0.1634102393466652,1.1079241469362229,1.1509438590611953,-0.5913992381603934,1.1663847145999497,1.1921296612845023
2024-08-15,6.819504588842392,5.800285339355469,0.7012491822242737,0.147948756814003,3.366222858428955,0.13946554058585894,-0.15759239265060887,1.9882553352821466,0.9827052884195009,-0.5243768931971533,2.0146060473372795,0.9977789299783817
2024-08-16,5.8583526611328125,6.142688274383545,0.8487672805786133,0.14796142280101776,3.369818687438965,0.1409339353826827,-0.15464711531550868,0.7258326030898621,1.1477463049113181,-0.2892524549731339,0.7340025352079369,1.1523418260046245
2024-08-19,5.861354187130928,6.0283284187316895,0.7843989729881287,0.14591766893863678,3.349156379699707,0.14169653592567136,-0.17239971043611546,0.5707840951418612,0.8328980382466931,-0.3052200341121982,0.5916823571774144,0.8413788650402925
2024-08-20,5.582172766327858,5.927494525909424,0.7313582301139832,0.14030371606349945,3.289545774459839,0.14159721200711584,-0.1900574858313473,0.13198617290912384,0.5371742176165597,-0.3234889388929525,0.15035146698477586,0.5320125657644947
2024-08-21,6.211224406957626,6.44500732421875,0.7852317690849304,0.13320454955101013,3.1884353160858154,0.1401759522620745,-0.23860282961172574,0.6258623623422634,0.8557250544889436,-0.2859985185696785,0.6432286009269257,0.8026995442470328
2024-08-22,5.812220990657806,6.523437976837158,0.7661458253860474,0.1310010701417923,3.162147045135498,0.1401156856867203,-0.23595501773394223,0.1209945058688664,0.8008185161325114,-0.2795481842792882,0.0615691895744126,0.6614517484635396
2024-08-23,6.514706417918205,6.353968620300293,0.7804173231124878,0.1356123983860016,3.227766990661621,0.13937752636187492,-0.24273396976745998,0.9871140912497376,0.7473681531494103,-0.24165496917716145,0.9064234161684652,0.529231201613106
2024-08-26,6.172915384173393,6.207518100738525,0.8149587512016296,0.1392715573310852,3.2960658073425293,0.14085809692325107,-0.23322472026167507,0.6243009266466091,0.6157003321457708,-0.12489125396698197,0.4786719986787489,0.38078457398227883
2024-08-27,5.354854166507721,6.00549840927124,0.8441445231437683,0.14028681814670563,3.3214824199676514,0.14091172064292093,-0.23527936140071337,-0.18810745031859533,0.42509578483516464,-0.06607464539600394,-0.3774825398734176,0.15070118354248319
2024-08-28,6.570056356489658,6.113279342651367,0.8562825918197632,0.14185763895511627,3.336570978164673,0.14058755602751352,-0.2502373179010804,1.0750762565518448,0.5461324623030519,-0.05499477030307243,0.882563319699651,0.222857151679559
2024-08-29,5.610585629940033,5.928416728973389,0.952329695224762,0.14948591589927673,3.439558982849121,0.13952523876209294,-0.23273392339945254,0.318381854657078,0.6159349626959987,0.04411289303913879,0.10852252098690318,0.33625082092803726
2024-08-30,6.404148161411285,5.848145484924316,0.9578317999839783,0.1499331295490265,3.44102144241333,0.13939932327078686,-0.23588213256319324,1.0923568508732107,0.5042596391876373,0.047563216640702066,0.8863787764095061,0.21889289550849167
2024-09-03,5.545597419142723,5.988210678100586,0.9937614798545837,0.14422905445098877,3.3730645179748535,0.139922434694269,-0.25335664035304406,0.008674821463169557,0.43116567783976656,0.09186159266348737,-0.28280718807377525,0.07866864979738075
2024-09-04,6.887724652886391,6.422590732574463,1.3238036632537842,0.14923596382141113,3.4885969161987305,0.1435570794298954,-0.17508144599258024,1.2781210509809178,0.8126088977486496,0.6078005001845179,1.2630505202960869,0.7930661134760006
2024-09-05,6.305175691843033,6.878223896026611,1.4609651565551758,0.14178088307380676,3.424053192138672,0.14097568405270786,-0.2141049038589562,0.7543992134635129,1.3205028210250775,0.6554631506489184,0.5384155654756952,1.042261833208305
2024-09-06,7.38397490978241,6.874229431152344,1.4081697463989258,0.14177227020263672,3.4077587127685547,0.13994641626448567,-0.2278859789155343,1.8430411385176093,1.2944086274372584,0.5263705468776823,1.5715471400605443,0.9328788953540625
2024-09-09,10.387905687093735,9.87620735168457,0.3759983777999878,0.14875461161136627,3.519637107849121,0.14131084596093738,-0.18357820846329131,4.816373369642022,4.328351877889624,-0.42178119138153125,4.6723254739797575,4.158567323612511
2024-09-10,10.505686163902283,10.559355735778809,0.34045934677124023,0.14606906473636627,3.47314715385437,0.1410987122037567,-0.20018137844972683,4.6506182838775985,4.736853889900093,-0.47072054626585214,4.395146820202389,4.451466626607932
2024-09-11,11.284539997577667,10.433374404907227,0.3679647445678711,0.14506983757019043,3.457132339477539,0.14167776484575656,-0.19119080031776114,5.1129006617729065,4.291127122245632,-0.4095720172096957,4.892564509090921,4.050205952793738
2024-09-12,10.321210458874702,10.444280624389648,0.382824569940567,0.14683063328266144,3.480733633041382,0.1417832568780194,-0.18062284657574046,3.916953298442632,4.11393370384306,-0.35949303755332807,3.7437602532013807,3.9310632912769172
2024-09-13,9.895424395799637,10.342450141906738,0.45065727829933167,0.1512494683265686,3.562234878540039,0.14262902628703045,-0.15291468620287896,3.2820375683222522,3.825006811080339,-0.1932736807857509,3.3008474998963013,3.8448202438303003
2024-09-16,11.33083225786686,10.246393203735352,0.4544851779937744,0.15116499364376068,3.575111150741577,0.1428994409890103,-0.1345804864797966,4.54162935437121,3.5322352916866286,-0.15417786764309582,4.710787945919352,3.7102527345688348
2024-09-17,10.34650605916977,10.420303344726562,0.4504549205303192,0.15322938561439514,3.5928173065185547,0.1428013790666513,-0.13239197983069317,3.3613499866994587,3.5622541730006034,-0.15519448365509447,3.5546116889562853,3.7685942915733968
2024-09-18,11.384503304958344,10.431103706359863,0.43418261408805847,0.15248091518878937,3.580500841140747,0.14281214086999042,-0.13259789052886117,4.227705533796577,3.3887523937754658,-0.17218174367842298,4.414373350440471,3.588122618012786
2024-09-19,9.937756597995758,10.277270317077637,0.4292876422405243,0.1558007150888443,3.6105260848999023,0.14292817397393942,-0.12331589741761095,2.5743405936507635,3.0778479537396812,-0.16330452526147088,2.852630168928407,3.380583935053174
2024-09-20,9.677337169647217,10.202146530151367,0.5928389430046082,0.16186244785785675,3.7437150478363037,0.14467879845577,-0.061559498249362576,1.960084871333052,2.6818805283655927,0.18044087224705319,2.5620517406340895,3.3322275999249555
2024-09-23,9.996894538402557,10.526030540466309,0.6260141134262085,0.15984152257442474,3.725971221923828,0.14423259080826173,-0.0757320064765834,2.261676770733839,2.933513054496135,0.18494863782611404,2.6095927558500804,3.2929133698469464
2024-09-24,10.240353554487228,10.617720603942871,0.6220088601112366,0.15765993297100067,3.7023367881774902,0.14408597753221233,-0.08013616208512353,2.4173618938530907,2.89447731527639,0.15929521857266815,2.663934759547118,3.139467603052431
2024-09-25,10.581530153751373,10.668620109558105,0.6839204430580139,0.15658748149871826,3.7170827388763428,0.14412020442001744,-0.06186178696815281,2.674834969521889,2.8391981257189585,0.24529555922378599,2.9082201141672783,3.062775138861028
2024-09-26,10.35570478439331,10.639220237731934,0.7622478008270264,0.16371911764144897,3.7974660396575928,0.14380784429151006,-0.06875817064734946,2.4010475015927213,2.7726055663296343,0.3263072850277018,2.535823625286614,2.8976249151749123
2024-09-27,12.218314081430435,10.768259048461914,0.7064071893692017,0.16173134744167328,3.7670304775238037,0.1445659785508526,-0.0963425658998669,3.954881800198528,2.571958593018067,0.26627093432055116,3.9950232720376952,2.606510407791024
2024-09-30,11.696681320667267,10.810199737548828,0.6952714323997498,0.1587110459804535,3.7366139888763428,0.1444242268507949,-0.1118417767453177,3.2977305384944273,2.534342926433265,0.23262260944737134,3.292959010929181,2.530034697748139
2024-10-01,10.06916156411171,10.957616806030273,0.7113314867019653,0.15673381090164185,3.7194089889526367,0.14423332223697288,-0.11776928077324911,1.596100781857146,2.6323093603131973,0.23280057470223348,1.5745045374839108,2.6130648862794104
2024-10-02,10.586023032665253,10.882941246032715,0.7053509950637817,0.15303681790828705,3.665661573410034,0.1455901194019657,-0.16050907549452442,1.6892369175627948,2.089769272478648,0.23890687858966686,1.5903768885240268,1.9983195058119598
2024-10-03,12.643987357616425,10.862170219421387,0.6953713893890381,0.15170739591121674,3.6543312072753906,0.14581986226151986,-0.15663289820118553,3.6245392934936547,1.9273599341267627,0.2272995693098463,3.51288560555928,1.8173052513735968
2024-10-04,10.910971373319626,10.33798599243164,0.63327556848526,0.14710688591003418,3.605180263519287,0.1472633520988104,-0.14731714895527603,1.3674878607688186,0.9465853838116516,0.19213699626526548,1.2725416873063367,0.8650393593887244
2024-10-07,11.7173952460289,11.622640609741211,0.9399664402008057,0.14898645877838135,3.6937825679779053,0.1454060098343084,-0.11938664630222551,2.68120259640029,2.755749700095187,0.522354051649085,2.561596112894293,2.6536411455895283
2024-10-08,7.55663038790226,8.09055233001709,0.08194784820079803,0.14711831510066986,3.6709439754486084,0.1466431393626747,-0.11298885557081473,-1.9458506685086263,-1.2374552490546407,-0.32022104452975064,-2.02488595529854,-1.306320224164896
2024-10-09,7.258408278226852,7.679065704345703,0.10450632870197296,0.14542458951473236,3.639601230621338,0.14793984762562368,-0.13271099834791555,-2.5451398288103206,-1.9749082812411345,-0.247965197752833,-2.6835851110281155,-2.09692393083089
2024-10-10,9.852170765399933,8.641986846923828,0.15707534551620483,0.14218047261238098,3.6395821571350098,0.14643045301008276,-0.14225812982321595,0.6542399609515002,-0.45332016557684085,-0.20161245726970645,0.3881559974256845,-0.6925871699742245
2024-10-11,8.253640532493591,8.451353073120117,0.18774263560771942,0.14248211681842804,3.6658949851989746,0.14625168138972264,-0.11248340474391805,-0.9101807598949421,-0.5608748764011295,-0.13983223080025553,-1.0585153878637605,-0.6818965919693873
2024-10-14,9.329807341098785,9.147051811218262,0.18457841873168945,0.13711939752101898,3.620455741882324,0.14592586756792222,-0.12190199874565022,0.35562032859973414,0.2921529372021112,-0.16240868188203095,0.15677600054369734,0.12649986646413325
2024-10-15,8.536799520254135,9.360013008117676,0.21074959635734558,0.1306244134902954,3.5580995082855225,0.14532908037273215,-0.14572368540257896,-0.22271787233278673,0.6972149489267281,-0.17611318739165505,-0.5392048820120046,0.4334209826955018
2024-10-16,9.63597285747528,9.236871719360352,0.25118306279182434,0.12846848368644714,3.5430824756622314,0.14659385617377194,-0.14704890769379708,0.5266812217047985,0.1818383920474531,-0.07299047811518022,0.24997040975065232,-0.07210914134869384
2024-10-17,8.260975152254105,9.129168510437012,0.24063436686992645,0.12902042269706726,3.5435547828674316,0.1467189702153991,-0.14365680476070386,-0.9405467850918967,0.0025311408827306536,-0.07799291478027648,-1.1734959129048015,-0.20419072357498536
2024-10-18,10.235274910926819,9.829130172729492,0.32994523644447327,0.11914503574371338,3.5043625831604004,0.1445936504023471,-0.14118112797854954,1.7784404306378505,1.343734174824057,-0.022247322813397474,1.5005733279505549,1.0788290082423266
2024-10-21,11.79965752363205,9.79829216003418,0.3337520360946655,0.12145008891820908,3.5319137573242188,0.14409750875273664,-0.12736649978709091,3.311069493259396,1.3182254031185323,-0.020451865860578344,3.071656698039046,1.0989599939401415
2024-10-22,8.722979575395584,8.974472999572754,0.36609071493148804,0.12423823028802872,3.5201833248138428,0.14473208535735066,-0.11414555384096858,-0.19751801886437192,0.17818969198567203,-0.0023268773041289492,-0.31220234990760076,0.08770373861224101
2024-10-23,8.435060054063797,8.904958724975586,0.37204164266586304,0.12408708781003952,3.5068695545196533,0.14512088619040303,-0.12105340928676278,-0.6509715393597446,-0.07228253403215135,0.01292788160449021,-0.7569919597982775,-0.15615024746636408
2024-10-24,8.248781949281693,8.858633995056152,0.3726506233215332,0.12692134082317352,3.5555126667022705,0.1455850716797346,-0.10293092686096572,-1.0006328218749232,-0.29065576996086406,0.07972546244286516,-1.0390818690663615,-0.3212888630197277
2024-10-25,7.718822047114372,9.088135719299316,0.40219414234161377,0.11896951496601105,3.4952123165130615,0.14272265290252711,-0.10847745211501625,-0.7612567974209128,0.6340644487183198,0.009028109144209928,-0.8609812368259853,0.5552449280961973
2024-10-28,7.470558851957321,8.60006332397461,0.40789732336997986,0.11963965743780136,3.4423890113830566,0.14079683082352087,-0.10518523979059635,-0.485582502126892,0.5562910199726829,-0.12684819179086126,-0.4944249373900824,0.549144526350549
2024-10-29,6.5293048620224,5.463982105255127,0.36586055159568787,0.1278579980134964,3.5328075885772705,0.13739341680929945,-0.14060658798505088,-0.4244009988999089,-1.6168662018092874,-0.2559094979539145,-0.641199194439988,-1.7882403699806275
2024-10-30,4.726756572723389,4.817666530609131,0.7773997187614441,0.11454594135284424,3.5062832832336426,0.13235887519804576,-0.14100625468315942,-0.8756640877364639,-0.975017553831961,0.1072887275623664,-1.197809310316707,-1.1775078901161855
2024-10-31,3.7621283382177353,3.9497218132019043,0.7340565323829651,0.11929543316364288,3.587106943130493,0.13119282215776054,-0.10431938325332846,-1.405502797446747,-1.3779084054954502,0.07132852301009951,-1.584960682864132,-1.4731548903441052
2024-11-01,3.6806047707796097,4.159684181213379,0.566565990447998,0.12170764058828354,3.5981783866882324,0.13299503160018544,-0.0954916596110782,-1.9046650570080672,-1.5634473946442462,-0.03805175417953688,-1.9913562979011736,-1.5939119938924833
2024-11-04,3.6278784051537514,3.957486629486084,0.7187284827232361,0.11712556332349777,3.5648322105407715,0.131476903852796,-0.11888243879971538,-1.4103078187882971,-1.2854742457335249,0.09196774762092907,-1.4971154690267099,-1.292195242085178
2024-11-05,3.347825415432453,3.7751307487487793,0.7506933212280273,0.12043897062540054,3.5792124271392822,0.1327020367646268,-0.12995108157887514,-1.9658395236831652,-1.727242923351728,0.16093638902512364,-2.005824972837054,-1.688657570824546
2024-11-06,1.4969656057655811,1.5552315711975098,0.39549675583839417,0.12635578215122223,3.683260917663574,0.1325824278142517,-0.10454985698648178,-3.6923640793749115,-3.7992724460998915,-0.12502060193143194,-3.671960852516982,-3.712557368001839
2024-11-07,4.187466621398926,4.083277702331543,1.3191767930984497,0.09288161247968674,3.0427205562591553,0.13992403839837636,-0.24265809842524755,-2.8412373061362217,-3.2711945763907124,0.6233880974222967,-2.800246086329018,-3.205553081356939
2024-11-08,4.177887111902237,4.040582656860352,1.3951836824417114,0.100032739341259,3.1839141845703125,0.1412827370905285,-0.19207659096724972,-3.042361445907048,-3.407570954430284,0.8031487197572433,-3.0407891969546554,-3.4051498195854037
2024-11-11,3.4918181002140045,3.6577892303466797,1.306193470954895,0.09825209528207779,3.1394615173339844,0.14103004414641265,-0.20431066288494004,-3.371918798647201,-3.4173294736152613,0.5939623971418735,-3.371727395193922,-3.4170217822298454
2024-11-12,3.829009845852852,3.8087258338928223,1.4599616527557373,0.10138039290904999,3.1906750202178955,0.1419208382286316,-0.16761003049216683,-3.0975935271275787,-3.3002287533228127,0.771501745853592,-3.1446441129902993,-3.3815364978546327
2024-11-13,3.655885010957718,3.627793073654175,1.3810222148895264,0.10826350003480911,3.244662046432495,0.14230861374281495,-0.1558398617259742,-3.344682851939865,-3.5048719379896838,0.6579014071266585,-3.354898928169874,-3.5545158898765337
2024-11-14,4.009451061487198,3.5733909606933594,1.3785603046417236,0.10918848216533661,3.262629985809326,0.1423834017941131,-0.16507273697148328,-2.835517643388897,-3.3909075770779395,0.6340510244402884,-2.806778048870889,-3.3852482346278947
2024-11-15,3.605789214372635,3.5458455085754395,1.3346158266067505,0.10924661159515381,3.2496166229248047,0.1425778944791708,-0.16604963727189848,-3.171497402349978,-3.326009919234572,0.5476996111215975,-3.11802036571396,-3.298227244075605
2024-11-18,3.810358166694641,3.6807777881622314,1.3747828006744385,0.11041031777858734,3.2294979095458984,0.1429804283991929,-0.1734707633339978,-3.0164474453167998,-3.2301631008084684,0.5426863771950359,-2.9361055675954972,-3.1773017487352675
2024-11-19,4.636279657483101,4.369691848754883,1.6513653993606567,0.10105392336845398,3.157100200653076,0.1416591289970377,-0.16922468804463153,-1.1963346232209204,-1.583307691836069,0.6909036841812464,-1.0305105892496655,-1.4567373413069973
2024-11-20,4.170067131519318,4.3437371253967285,1.619402527809143,0.10334638506174088,3.1577374935150146,0.14120868184606486,-0.1717416295165055,-1.513703544796826,-1.4419952978073738,0.5807780864117866,-1.3068248423547217,-1.2735656803260653
2024-11-21,4.430362239480019,4.33510684967041,1.62116277217865,0.10304413735866547,3.1537561416625977,0.1410349960205361,-0.17083200095202544,-1.0607151023716312,-1.2629155690934226,0.5342456281270795,-0.8084635447916284,-1.0499639023814495
2024-11-22,4.53102719783783,4.345027923583984,1.5504134893417358,0.10079316049814224,3.1096479892730713,0.1408938301523373,-0.18657045280661477,-0.7458711435030736,-1.041624858559885,0.3757826426185078,-0.5180165789484477,-0.8454153991425812
2024-11-25,4.3673276752233505,4.28524923324585,1.4814084768295288,0.10173405706882477,3.0829710960388184,0.14121374646044815,-0.1979759896901805,-1.0701604938909668,-1.2442849513418182,0.2662326090784566,-0.8585897293442386,-1.059979835293376
2024-11-26,3.9719013273715973,3.9445371627807617,1.5261720418930054,0.09525806456804276,2.9409706592559814,0.1438060535744794,-0.2540941450813412,-2.07703473338335,-2.195127056070909,0.25885313043133173,-1.9943530647787924,-2.122475636766559
2024-11-27,3.753401070833206,4.170705795288086,1.9090003967285156,0.0912906602025032,3.0181314945220947,0.1394066160689698,-0.24041126271031588,-0.28119197026551745,0.015643377109356038,0.5153405566318812,-0.4071018624756846,-0.09650415713743143
2024-11-29,3.66097591817379,4.220875263214111,1.929090976715088,0.09134034812450409,3.0141453742980957,0.13932085242617548,-0.24727314210091578,-0.3332237622374592,0.08704485523513483,0.49330559316972966,-0.49900288485672206,-0.061166895103852426
2024-12-02,3.773877590894699,4.068455219268799,1.8482059240341187,0.09235334396362305,3.008197784423828,0.13944058460384953,-0.2612418113120625,-0.31617923804927983,-0.1819409721374683,0.38028611822246283,-0.5602045163682163,-0.40159992834058045
2024-12-03,3.3040077462792397,4.265838623046875,2.00950288772583,0.08516068011522293,3.008951425552368,0.1378863146192294,-0.23750844484357714,0.28941962383155584,1.0448623362496292,0.448068466769886,0.1515036432592325,0.920130219499427
2024-12-04,3.4597687795758247,4.3519062995910645,2.114095687866211,0.08244191855192184,3.034230947494507,0.13805368629078402,-0.2128791729805355,0.6172478390050955,1.2363394778376247,0.5696080149294209,0.6106102175520434,1.2302891285117
2024-12-05,4.502439096570015,4.287303447723389,2.110025405883789,0.08366385847330093,3.0228865146636963,0.13732140602801282,-0.21096120126405293,1.809399268761858,1.2745910503735018,0.47263548198606653,1.8703359398198245,1.3302063988519066
2024-12-06,3.3244684636592865,3.5837275981903076,0.14296407997608185,0.08343328535556793,3.003044366836548,0.1371744932617786,-0.21121476999985656,0.5595717664259467,0.5306049109022482,-1.5584251905633568,0.6802367931093727,0.6407960461664288
2024-12-09,3.313579276204109,3.8344814777374268,0.187062069773674,0.07860170304775238,2.9871678352355957,0.1359682557783202,-0.19931338676010069,1.2554476291004661,1.4540606875042172,-1.4977832071029535,1.4750185775603981,1.6547547305819634
2024-12-10,3.4185081124305725,4.033764839172363,0.2011939436197281,0.07495056837797165,2.9701859951019287,0.1357558927247741,-0.20538379633955017,1.570628710422156,1.8280661195481471,-1.401891245837949,1.707693739502261,1.9530375544697378
2024-12-11,3.253176361322403,3.9652211666107178,0.18178576231002808,0.07305694371461868,2.9147849082946777,0.13572382269363534,-0.22372330423561304,1.3514618398818428,1.6761785067014614,-1.390795098690666,1.431020442436747,1.7481740619410502
2024-12-12,3.0348706617951393,3.924318313598633,0.19123095273971558,0.07434412837028503,2.9184341430664062,0.13653938219667178,-0.22872937683852612,0.6823296286211118,1.178392925223541,-1.2471456094616178,0.721062953638409,1.2129562247558212
2024-12-13,3.1285185143351555,3.7608706951141357,0.19455751776695251,0.07691007107496262,2.929192543029785,0.13693013006732657,-0.2187863787272042,0.4666401780874665,0.6952113773568271,-1.1525543970039376,0.5973416332172405,0.8110369416735068
2024-12-16,3.356560781598091,4.368037700653076,0.29872483015060425,0.0662926733493805,2.9283640384674072,0.13495151105947373,-0.16937256447639748,2.0130893470681244,2.5174286543238225,-0.989191720489699,2.433347521824338,2.8852204559173344
2024-12-17,3.549355208873749,4.306652545928955,0.3126984238624573,0.06708569079637527,2.9351959228515625,0.13498002935249273,-0.16469754346703902,2.0128410974456585,2.2317282140873758,-0.8987099760868436,2.368683192239885,2.5273799460896456
2024-12-18,3.4688950926065445,4.16572904586792,0.30451908707618713,0.0690755546092987,2.9434633255004883,0.1350919913934918,-0.16128265206982828,1.6588695013957704,1.8180055947834717,-0.8495554634653857,1.9508610107530444,2.046462727489704
2024-12-19,1.9958863705396652,2.2360825538635254,0.30027860403060913,0.10474719852209091,3.2566795349121094,0.14315279867058286,-0.0918515080133433,-4.383328729052678,-4.336581145647244,-0.38778504282066883,-3.973714880592219,-4.046589129586884
2024-12-20,1.8510961383581161,2.2936203479766846,0.2983863055706024,0.10274351388216019,3.238515853881836,0.14291854607470084,-0.08930094105801523,-4.273857116861372,-4.043247499499493,-0.3972108905570195,-3.657418634373073,-3.5503836675347173
2024-12-23,1.9100174605846405,2.110107183456421,0.29491090774536133,0.10934939235448837,3.2948033809661865,0.143138615673946,-0.05433311957406506,-4.544720012742815,-4.511677481725975,-0.37087497193984387,-3.5372671907537097,-3.676608378557262
2024-12-24,1.7598774209618568,2.141248941421509,0.29470834136009216,0.10883779078722,3.288100481033325,0.14294392240073944,-0.048566082108632225,-4.535718672947802,-4.327996373721405,-0.37757576941111104,-3.187126814522678,-3.1488807210994665
2024-12-26,1.7132771350443363,2.0275702476501465,0.29692450165748596,0.11302565038204193,3.318749189376831,0.14332986648093488,-0.04857342561778033,-4.866775063305198,-4.694324993288788,-0.3538513650223418,-3.317508390001393,-3.3128461825759103
2024-12-27,1.586876280605793,1.9450910091400146,0.2999771535396576,0.11498044431209564,3.3220815658569336,0.1418244992020153,-0.04054563081745255,-4.52106377106815,-4.311374209358469,-0.42561460765733905,-2.657274868502469,-2.6255555750774064
2024-12-30,1.6836029887199402,1.894874095916748,0.3112235963344574,0.11798710376024246,3.366896629333496,0.14257967004259592,-0.022382099958984325,-4.787521425815328,-4.696951679551937,-0.3449779916854876,-2.548660487661671,-2.6527221391335942
2024-12-31,1.6115158312022686,1.987502098083496,0.30893880128860474,0.11627809703350067,3.280453681945801,0.1419775658243654,-0.05786989831425249,-4.509746384338115,-4.272260150785833,-0.47708352061117854,-2.376988645216464,-2.3007836583422474
2025-01-02,1.7558307759463787,1.9515336751937866,0.3360128402709961,0.11671578884124756,3.292880058288574,0.14168360147834794,-0.057375677504554634,-4.23825779199592,-4.184446418293817,-0.44333210498388276,-2.059835974627127,-2.1657925969706326
2025-01-03,1.9766731262207031,2.016767740249634,0.3637691140174866,0.11664053052663803,3.205019235610962,0.1409958551334427,-0.12090189174449839,-3.676300875602834,-3.7826269603398615,-0.5627645477534458,-2.2826233631891455,-2.483331270220127
2025-01-06,1.9410987049341202,2.054614543914795,0.41231346130371094,0.11707890778779984,3.157381772994995,0.13988992969126132,-0.14293954714096824,-3.19017268057695,-3.2306249836241108,-0.6194494721447068,-2.002386836104982,-2.117409558348399
2025-01-07,1.7784782126545906,2.0559489727020264,0.4180049002170563,0.11586277186870575,3.1310179233551025,0.14026975530779748,-0.17011826599684676,-3.204038873025283,-3.087171840965908,-0.6026779607374682,-2.457779507644503,-2.3855685185781894
2025-01-08,1.8247002065181732,2.0963263511657715,0.3537176251411438,0.11670193076133728,3.159614324569702,0.14002397562301297,-0.15759414199693222,-3.077851665312778,-2.965580136886416,-0.6274591754769006,-2.1964882210075345,-2.135904454568852
2025-01-10,2.128632567822933,2.204584836959839,0.36429741978645325,0.11565922945737839,3.1439356803894043,0.1395222298652127,-0.16380109608455373,-2.423742961527523,-2.523231080728891,-0.6214703332407838,-1.6222996916846597,-1.7679203078592352
2025-01-13,2.0268453173339367,2.2317380905151367,0.3609887361526489,0.11196896433830261,3.26904296875,0.14260671143146317,-0.078421665411053,-3.816498026068004,-3.7782642332261744,-0.3213706037855175,-1.7306472955239585,-1.8094348172309012
2025-01-14,2.4699517004191875,2.441236972808838,0.5140737891197205,0.11312244087457657,3.263397216796875,0.1407275902801821,-0.0680890818066473,-2.697739864984378,-2.9075176009929535,-0.2573069661606482,-0.34745980998385306,-0.6831060571106633
2025-01-15,2.4795043617486954,2.441047430038452,0.5124374628067017,0.11203218251466751,3.262493371963501,0.14079675816342302,-0.07600204011663325,-2.645293935838822,-2.869803529056014,-0.2453472291598029,-0.5273934663193742,-0.8538115410078788
2025-01-16,2.212203688919544,2.006145477294922,0.5864704847335815,0.12986627221107483,3.3904638290405273,0.14358434783551308,-0.10307736788641786,-4.865663645366027,-5.093046994680698,-0.0652926272510177,-3.5780690717171453,-3.86212368305587
2025-01-17,1.9644991159439087,2.0068271160125732,0.5485374927520752,0.12866456806659698,3.3585128784179688,0.1438498161002287,-0.1139750872063594,-5.017780737266143,-4.998951662702169,-0.11299321807979901,-3.791417476196848,-3.8222859929522386
2025-01-21,2.2457593381404877,2.1411900520324707,0.6169590950012207,0.12680576741695404,3.302020788192749,0.1430405809046824,-0.15245365844568126,-4.161337539012905,-4.310377817268403,-0.11782887685351628,-3.6367866347946887,-3.8072052931066267
2025-01-22,1.9911842718720436,1.895679235458374,0.5266082286834717,0.12714311480522156,3.418328046798706,0.14465857300122076,-0.11080797937554832,-5.324461942524344,-5.440251594925705,-0.027361034428619035,-4.4210329662505,-4.572987286820791
2025-01-23,1.6969562992453575,2.0404398441314697,0.5307772755622864,0.1240774393081665,3.377528667449951,0.14442274536284974,-0.11099401672691211,-5.220934889279128,-4.920853947957752,-0.04981707015463055,-4.134853105928222,-3.876555521531863
2025-01-24,1.925953894853592,2.0773470401763916,0.5552712678909302,0.12357054650783539,3.3608946800231934,0.1444457652405695,-0.1195532282867342,-4.8445715908966065,-4.743806458389969,-0.03659896365268178,-3.881911366314526,-3.8186992475735195
2025-01-27,1.9070545732975006,2.11659836769104,0.5590615272521973,0.12321212142705917,3.340200185775757,0.14449604653032883,-0.13141676457499285,-4.714810111425422,-4.558460900957996,-0.04942480837175989,-3.9259577376941195,-3.799889601196341
2025-01-28,2.033828254789114,1.9268131256103516,0.4299706816673279,0.12157541513442993,3.2400238513946533,0.14383751034119086,-0.18606867689264384,-3.8349645467709834,-4.013321261151418,-0.2921029094025611,-3.93967938659857,-4.114079077060818
2025-01-29,1.9385731369256973,1.9335606098175049,0.42135757207870483,0.12163760513067245,3.230205774307251,0.14406479755993945,-0.19348558265093296,-3.7797447800198825,-3.8494219302832917,-0.29667542745725495,-3.9903418298994993,-4.052157673853564
2025-01-30,1.773091271519661,1.9134691953659058,0.44629165530204773,0.12272082269191742,3.237846612930298,0.14368407768608282,-0.19050542322935815,-3.7928548927850585,-3.7101707617051787,-0.28443350057621686,-3.981375277608379,-3.891406758141553
2025-01-31,2.189278170466423,2.071730136871338,0.49900516867637634,0.12318599224090576,3.197552442550659,0.14181682449909483,-0.1969847540930152,-2.5659308820244178,-2.761937960505197,-0.3493250326230166,-2.725736632397549,-2.915405558629903
2025-02-03,1.8249541670084,2.01969051361084,0.49736589193344116,0.12299393117427826,3.2120957374572754,0.14122376883008564,-0.18080218606486076,-2.7923513275131917,-2.6821210163759837,-0.35624239321411366,-2.6427724186737436,-2.538746598951537
2025-02-04,2.1497928462922573,2.1267499923706055,0.538702130317688,0.11855799704790115,3.1902012825012207,0.14009965167728478,-0.14729622804912945,-1.940288477600486,-2.0982285384945243,-0.34545219200110333,-0.8316352415331352,-1.0387385005928387
2025-02-05,2.005293592810631,2.226045608520508,0.5598852038383484,0.11458522826433182,3.1501502990722656,0.1399322935887737,-0.15182924282608967,-1.6648311888572103,-1.6060080175203737,-0.3404219274747309,-0.5793490424638428,-0.567239408230737
2025-02-06,1.2404781430959702,1.1539618968963623,0.6005863547325134,0.15191960334777832,3.948991537094116,0.13281470852733485,0.1109613875877059,-7.831509212483439,-7.988375292231627,0.24693857130481778,-2.917296656707265,-3.287655540718049
2025-02-07,1.3526330702006817,1.4418977499008179,0.6873891949653625,0.14640948176383972,3.8705432415008545,0.13123843792047618,0.10579953832081368,-5.726807429868863,-5.736517772353917,0.2638690232671629,-0.97593356371938,-1.1506437611017688
2025-02-10,1.28573077917099,1.267776608467102,0.44181135296821594,0.15120667219161987,3.9474637508392334,0.13036898028423644,0.10639177242325881,-5.347876953256595,-5.430607159302447,0.04666365482636903,-1.6454964631180822,-1.8409997008547236
2025-02-11,1.4667929038405418,1.4717609882354736,0.5240902304649353,0.15553927421569824,4.003434181213379,0.129123011306135,0.11690928991850214,-4.414594411823003,-4.420158397910345,0.12693844992876568,-1.202750633382717,-1.2900237973966604
2025-02-12,1.7033940088003874,1.6667063236236572,0.47689706087112427,0.14762406051158905,3.9055533409118652,0.1281888250269119,0.10440475233316981,-2.6452340254652427,-2.7371356130549174,-0.008508184387487017,0.33390367212464156,0.18088645555113203
2025-02-13,1.7389706932008266,1.8170520067214966,0.5584942102432251,0.15198230743408203,3.9119510650634766,0.12886823633975286,0.08504324062611746,-2.629296996343591,-2.587610549516569,0.06800691899482558,-0.33988489330491234,-0.3575226090395951
2025-02-14,1.696347825229168,1.5591589212417603,0.5803549885749817,0.1580764204263687,4.0235114097595215,0.1298428848922034,0.10173138712193874,-3.2159036632786098,-3.3477733520398516,0.168113780551995,-1.4223085975530765,-1.6020871832478818
2025-02-18,1.7659060582518578,1.6579853296279907,0.5678282380104065,0.15241502225399017,3.998964786529541,0.1288179145298759,0.12705765827125937,-2.1889159825679556,-2.3310071172490794,0.12581611484084632,0.13029797966970236,-0.0705971910390133
2025-02-19,2.4065229278057814,2.088258981704712,0.637965202331543,0.14435851573944092,3.9609718322753906,0.1277528492325015,0.15850133863921023,-0.564027790648737,-0.9758046720634255,0.1703840475491516,2.4300856268648054,1.93667633477342
2025-02-20,2.1826139837503433,2.1157455444335938,0.6376386880874634,0.14289438724517822,3.9463493824005127,0.12761910232031232,0.15726081827474103,-0.5934571564093147,-0.7269225939204063,0.1447467823392059,2.0908511858159713,1.8966393745582408
2025-02-21,2.137430004775524,2.0957229137420654,0.6305689215660095,0.14213208854198456,3.919806957244873,0.12792818964378944,0.14591716772321672,-0.5946045431145777,-0.6964905329064095,0.11004289338421058,1.7604078743605172,1.6092717398250294
2025-02-24,1.8591410219669342,1.8048127889633179,0.5179893970489502,0.14501935243606567,3.9048752784729004,0.13041408537454152,0.09071667834524155,-1.7774583101618688,-1.844319524218875,0.006846948787496032,-0.766761184862272,-0.853060154923643
2025-02-25,2.149701125919819,1.7252418994903564,0.502737283706665,0.14364269375801086,3.9299492835998535,0.12986107620501308,0.09655820920153257,-1.2180057976195542,-1.668622575374897,0.013065843469185268,-0.5830283750326828,-1.0456980231345732
2025-02-26,1.613276481628418,1.4709749221801758,0.5089305639266968,0.15280912816524506,3.9364237785339355,0.12749589638197667,0.041847791312578875,-1.1213278256810213,-1.200024879023978,-0.07210246307818924,-1.954415334860201,-2.0183952248164942
2025-02-27,1.6727139614522457,1.4922701120376587,0.5007207989692688,0.15290020406246185,3.945558786392212,0.1275284090812329,0.042102553737965454,-0.9948777907778918,-1.1080999906208788,-0.068706163725607,-1.8797132339045746,-1.977238523266987
2025-02-28,1.650678340345621,1.4948722124099731,0.5714825391769409,0.15466125309467316,4.057784557342529,0.12917246184402081,0.06671722713971551,-2.01108154471752,-2.081389874790794,0.1418980720185714,-3.2285797017839535,-3.2765517899407897
2025-03-03,1.6873775720596313,1.5293748378753662,0.5036715269088745,0.15380175411701202,4.0405378341674805,0.129960936646534,0.06722793459411558,-2.084228033896302,-2.161786336780189,0.06918685375558065,-2.948869518135119,-3.007979577278064
2025-03-04,1.7282020561397076,1.5526864528656006,0.520422637462616,0.1519651859998703,3.9338462352752686,0.13196974752999735,-0.003547836758233336,-2.3485901458374343,-2.43204997876105,0.026454658272486276,-4.0158039557043175,-4.066066691134264
2025-03-05,1.8692718334496021,1.7939943075180054,0.6006420254707336,0.1514977514743805,3.86779522895813,0.13224820061594866,-0.048345552799781366,-2.0082693488100958,-1.9731968332324001,0.04988658346083641,-4.275470430170611,-4.185667336384434
2025-03-06,2.7762559670954943,2.3902783393859863,0.9068136811256409,0.14851899445056915,3.859168767929077,0.13363084469432887,-0.0764055482220718,-1.5016772982072268,-1.810255150952095,0.3918818292059696,-4.504557474886042,-4.748333595100398
2025-03-07,2.2570397183299065,2.3003196716308594,0.9119485020637512,0.15740729868412018,3.9729695320129395,0.1352672385550931,-0.06051674702426402,-3.2308094047313958,-3.0315755125109973,0.4767132840276751,-6.152624356994025,-5.864918456206922
2025-03-10,2.1794139482080936,2.308748722076416,0.9430020451545715,0.15942665934562683,3.9854118824005127,0.13524444881593622,-0.06616691763694327,-3.2805404704874945,-2.9830669651753254,0.4969725548240542,-6.15936475866544,-5.779783783088398
2025-03-11,2.4161556623876095,2.3528709411621094,1.0249383449554443,0.1640234738588333,4.015720844268799,0.13792061124967064,-0.0789892934970784,-4.245041939133436,-4.10630439428779,0.6188436237084696,-7.025932449812089,-6.798459531345415
2025-03-12,2.632387423887849,2.8790502548217773,0.4512648582458496,0.1631666123867035,3.992483615875244,0.13826974039661646,-0.08073388778946189,-3.9447631805916075,-3.5024931684519203,0.01719808387822286,-6.283330232249902,-5.773149125384165
2025-03-13,3.2043516933918,2.849820852279663,0.46175476908683777,0.16201043128967285,3.997342586517334,0.13740336564741473,-0.08887805661866288,-2.862444228348238,-3.051424011755053,0.0170937134641993,-5.2905359186237035,-5.4220033267694845
2025-03-14,3.049866456538439,3.162316083908081,0.5461182594299316,0.15619781613349915,3.9476370811462402,0.13827722575994622,-0.11662819439304917,-3.0980013495084506,-2.8655925746086623,0.09349786456412623,-5.548684943258451,-5.240920637571435
2025-03-17,3.241408944129944,3.222101926803589,0.5992427468299866,0.160957932472229,4.016994476318359,0.13978687682653562,-0.12183699644629908,-3.8150377248346174,-3.685977315029632,0.19918066407553314,-6.084387643092242,-5.90228921333032
2025-03-18,3.2809786200523376,3.163856267929077,0.6203323006629944,0.16533157229423523,4.068643569946289,0.14017217001965027,-0.11452104810754515,-4.0298419674244315,-3.9740438355027266,0.2413475684742199,-5.88097521731234,-5.776089469670588
2025-03-19,3.2305453717708588,3.1887779235839844,0.6424577236175537,0.16356602311134338,4.0519280433654785,0.1404087353908538,-0.12230847929111333,-3.957052646775658,-3.8436512742415374,0.2504863884683157,-5.5265314717505944,-5.359773661054994
2025-03-20,4.390892654657364,4.918482780456543,1.0312597751617432,0.1350291669368744,3.6172757148742676,0.13346310221721266,-0.2849298675171197,2.1646006323328564,2.6725803497598832,0.3409388126176309,-0.7036322687769072,-0.10866496974855977
2025-03-21,5.991702862083912,5.04288911819458,1.0246220827102661,0.13297933340072632,3.616331100463867,0.13307464908976802,-0.2815025568766405,3.8877985770009715,2.889609257813163,0.32358481489661717,1.2477580829479464,0.2596369666870544
2025-03-24,5.603687711060047,5.137197494506836,1.032038927078247,0.12724219262599945,3.533388376235962,0.13251967365620748,-0.31470834127909697,4.055790509958335,3.515008375117702,0.27638138005033897,1.1386402065525303,0.7205683899342432
2025-03-25,5.32394652068615,5.399589538574219,1.181761622428894,0.12617367506027222,3.5490896701812744,0.13418182506718865,-0.31266023097499485,2.8099781934448274,2.8089892619140358,0.4630758097271612,-0.06182671455711386,0.1023970796474174
2025-03-26,6.80143740773201,5.256213665008545,1.123705506324768,0.12200567871332169,3.5144734382629395,0.13376415790218593,-0.31202573530471267,4.443357546100607,2.7864613960183746,0.3842138056123423,1.6224421849729111,0.10063852469188816
2025-03-27,5.401992276310921,5.05260705947876,1.085461974143982,0.12400096654891968,3.551116704940796,0.1343304651420833,-0.31142458189281874,2.560770152443844,2.1303321833262956,0.3697761443737284,-0.43013471158552363,-0.6063636998344961
2025-03-28,5.296154871582985,5.1341657638549805,1.1709266901016235,0.12006591260433197,3.5093159675598145,0.13369211629174352,-0.3147142140361281,2.7522220267616504,2.483905582169349,0.4241099758448108,-0.1815315576891905,-0.1916138974183994
2025-03-31,4.325068727135658,5.041850566864014,1.2589728832244873,0.11888429522514343,3.5110156536102295,0.13471481771535396,-0.293319249077332,1.1716460629288648,1.757823325047795,0.5331581148259272,-1.4554096299175612,-0.6437928785006264
2025-04-01,4.881728917360306,5.077308654785156,1.3306949138641357,0.12462729960680008,3.5209438800811768,0.13584272757821805,-0.31321337177722874,1.663316747558362,1.802316006139833,0.6044847529403632,-1.0659099649101549,-0.7336017967101611
2025-04-02,4.879604831337929,4.802209854125977,1.3913651704788208,0.12456221878528595,3.5342652797698975,0.13510032056905225,-0.30337558479264803,1.8346342189881213,1.691161268235426,0.6533533103146691,-0.746580650241988,-0.7212981995594561
2025-04-03,4.138389013707638,4.532618045806885,1.3057183027267456,0.12825092673301697,3.5505623817443848,0.13446440586440148,-0.29861143780003774,1.6039751811235092,1.9817080939987548,0.5453408125390058,-0.8744072455396577,-0.334231829840995
2025-04-04,7.0138640105724335,6.768296718597412,1.6006561517715454,0.15339155495166779,3.7498703002929688,0.15049988103068992,-0.18663700918062864,-1.1652829565183254,-1.2510545308551997,1.2675268158985666,-2.1242897066717887,-2.1533899834123673
2025-04-07,7.4585138112306595,7.006868362426758,2.245678424835205,0.1802370846271515,4.270202159881592,0.16387958294945562,0.09019744076554626,-8.19446684425678,-8.433037248241448,2.301567836632303,-6.637474562094553,-6.97554446852368
2025-04-08,6.510382145643234,6.051471710205078,2.235409736633301,0.19403265416622162,4.266202449798584,0.1683610382620625,0.07518059252807818,-5.854193699722394,-5.9133375600432885,1.5871826018733977,-4.750983417987854,-4.868853178367843
2025-04-09,8.552263170480728,7.617856025695801,3.374279022216797,0.22028762102127075,4.570425033569336,0.1684274870970588,0.1455152714696476,-1.6276681897216037,-1.961167205902754,2.369177717729554,-0.6596523048860199,-1.0421999390356262
2025-04-10,9.89008255302906,9.285042762756348,0.9323446154594421,0.24478404223918915,4.80625057220459,0.19674353952200624,0.2701599766808299,-5.805443069621049,-5.5618920760016906,-1.4144154445389603,-4.071706315466196,-3.9142906578604215
2025-04-11,10.824679300189018,12.214532852172852,1.0787715911865234,0.2532155215740204,4.91598653793335,0.20463049269268999,0.23010080596691362,-3.862762645702567,-1.6554288263632913,-0.8655196945145824,-3.6818233460916066,-1.4838388171542345
2025-04-14,11.461977273225784,11.727505683898926,0.9881160855293274,0.2497687190771103,4.875838279724121,0.20385901080291094,0.22964301397772746,-1.647349446855337,-1.3468182344588087,-0.6698416480990257,-1.4573469586265588,-1.1674437908980089
2025-04-15,11.890619188547134,11.868821144104004,1.0264790058135986,0.2517504096031189,4.908293724060059,0.2042157648232281,0.2372795767207425,-0.7424081266726184,-0.8376428869635149,-0.4818979978688027,-0.6253359668930685,-0.7265724874338328
2025-04-16,12.656596601009369,12.031309127807617,1.0300511121749878,0.25223109126091003,4.915491104125977,0.2041032433730358,0.23955828687082914,0.2882156244152796,-0.3821967431215185,-0.39126920804669885,0.3784988903632076,-0.29665301866832294
2025-04-17,12.66317594051361,12.146247863769531,1.0329947471618652,0.24707652628421783,4.853229999542236,0.2046657127787398,0.23149246053378836,0.14567511361095242,-0.3525014733280898,-0.34306429871462196,0.255808944210802,-0.248110129270664
2025-04-21,13.255577743053436,12.283576011657715,1.036104440689087,0.24723471701145172,4.875095367431641,0.20523272923694266,0.23641013159068724,0.5113752469487061,-0.3754935903955001,-0.3056329286058994,0.5716988575350648,-0.31857462413996274
2025-04-22,12.270323514938354,13.236773490905762,1.1109520196914673,0.24716487526893616,4.898388385772705,0.2076531125822855,0.23528546142243556,-1.0985824161915971,0.020117972246254112,-0.2255606167902413,-1.17454677158854,-0.051693521203091564
2025-04-23,14.60202768445015,13.872278213500977,1.1862589120864868,0.2481173872947693,4.946065902709961,0.2097835344544507,0.23467961618415423,0.779100033637512,0.021707830446700882,-0.15271631550636133,0.5336944528192102,-0.20929489187560435
2025-04-24,14.780944585800171,14.202065467834473,1.3013801574707031,0.24694277346134186,4.937884330749512,0.21044210745710454,0.2217449921203245,0.7933520292680605,0.24904076097934436,-0.03783931932238249,0.442648623160915,-0.08112822519460394
2025-04-25,14.995080053806305,14.203790664672852,1.3832484483718872,0.25390076637268066,5.002511501312256,0.21160982236452675,0.22516802560791704,1.0778491824206746,0.39958375193863915,0.03760900356301855,0.679125253961967,0.021952836951468768
2025-04-28,13.28461429476738,14.441729545593262,1.405857801437378,0.25369197130203247,5.009310245513916,0.21182696159833858,0.22674698518939596,-0.7989342780613029,0.5322127948308939,0.045945306456812496,-1.1657476610148603,0.185846671245951
2025-04-29,12.374677240848541,14.230666160583496,1.3762521743774414,0.2519117593765259,4.987771987915039,0.21186399876369746,0.22266705852218216,-1.6098933740660293,0.2788245472133184,0.0029378055717725893,-1.9373116809803541,-0.031436063061031305
2025-04-30,14.182705909013748,14.264047622680664,1.3956924676895142,0.24963249266147614,4.957274913787842,0.21255514021132066,0.21580265334967008,0.2706366745111701,0.19407974981494291,0.005315485218525318,-0.0363551875802095,-0.0983082529005177
2025-05-01,13.218584597110748,13.763422966003418,1.4366813898086548,0.25059372186660767,4.947919845581055,0.21335845076369572,0.2078586324426046,-0.6652695333452741,-0.24409273118482133,0.037914549423597066,-0.9932974552905058,-0.5560456474017315
2025-05-02,12.578527331352234,13.795491218566895,1.4234235286712646,0.24841782450675964,4.942094802856445,0.21384173113859675,0.20869875937061533,-1.4631126655142737,-0.44124402040825217,0.005642836456390521,-1.7684501760905036,-0.7324794354123494
2025-05-05,13.648140758275986,14.060620307922363,1.4485313892364502,0.2481861114501953,4.958029270172119,0.2139057324394138,0.21455451588581276,-0.41826853874986725,-0.2964658425376001,0.025448784371000288,-0.6858062702488041,-0.5534612930328908
2025-05-06,12.833285182714462,14.088639259338379,1.4541743993759155,0.24650637805461884,4.949062347412109,0.21478559511271267,0.2140257455977278,-1.4175417316388952,-0.5016485272676121,0.013721279834642885,-1.6690746411926973,-0.7433701024678978
2025-05-07,15.007355511188507,13.95053482055664,1.4799988269805908,0.2433769702911377,4.901278495788574,0.2160245407933845,0.20136461459484722,0.7006656681262484,-0.8000206577543949,0.021788580964967608,0.43980942754478036,-1.051259721743584
2025-05-08,15.05990082025528,13.919222831726074,1.4892679452896118,0.24107123911380768,4.8718414306640625,0.21594152864871266,0.19447687302845318,0.7109577673219185,-0.7818360719077546,0.025729525206512838,0.4609798281771056,-1.0213910649557647
2025-05-09,12.143314212560654,13.484353065490723,1.425808310508728,0.23851440846920013,4.864502906799316,0.21762483223155657,0.19099303445268534,-2.6746169348621684,-1.6456841986968094,-0.07006901343436445,-2.959035864732348,-1.9168895165772977
2025-05-12,10.196329325437546,11.134708404541016,0.05436960980296135,0.23776733875274658,4.857863903045654,0.21720139909325326,0.19000879512969326,-4.378931205949893,-3.825876750090277,-1.4341285675613102,-4.639754921457925,-4.074864883246208
2025-05-13,10.634027868509293,11.827169418334961,0.11755377799272537,0.23236742615699768,4.893768310546875,0.2202440006745507,0.20185813422088605,-4.676296716989391,-4.087146442327374,-1.3329974757603131,-4.984944673885904,-4.382292706710949
2025-05-14,10.982244700193405,11.682015419006348,0.1192515641450882,0.2316189706325531,4.873429298400879,0.22108705594951,0.1918813870152576,-3.924369338052987,-3.900667628505289,-1.200646969850434,-4.248214395404343,-4.211251569065649
2025-05-15,11.817548871040344,11.722169876098633,0.12419852614402771,0.23347294330596924,4.871190547943115,0.22101779633540475,0.18573781598144445,-2.6175591058171825,-3.3563751882821578,-1.0839856004591897,-2.9429043637957015,-3.6685771066800648
2025-05-16,11.905052542686462,11.46392822265625,0.13120797276496887,0.2325972020626068,4.849449157714844,0.2216975855549799,0.1773595941549846,-2.3791836798041963,-3.417826163438164,-0.9944583792812653,-2.7084015389020593,-3.732771898524753
2025-05-19,10.74811851978302,11.642891883850098,0.14100342988967896,0.23264412581920624,4.8585920333862305,0.22187999153027507,0.18058483543965065,-3.414470146453679,-3.0570648138793217,-0.9025091937179086,-3.7113143858772517,-3.3396430251499183
2025-05-20,10.930726170539856,11.504549980163574,0.1492985337972641,0.23232483863830566,4.839031219482422,0.2204945592374762,0.1684840941511594,-2.779915015107962,-2.73675392305325,-0.8377877944063354,-3.108938969865058,-3.050156052717753
2025-05-21,10.811436355113983,11.47989273071289,0.14871914684772491,0.23175054788589478,4.834736347198486,0.22078954801760342,0.1693602698406491,-2.7733305646896014,-2.6539990131309423,-0.7823171573933103,-3.066294042673327,-2.9331289540095185
2025-05-22,9.924934566020966,12.157824516296387,0.1782604604959488,0.23835735023021698,4.904205322265625,0.22142430147729517,0.17042859856450687,-3.5873677356539346,-1.8568137929883495,-0.7315149296686432,-3.972209344203055,-2.223540823051003
2025-05-23,12.169272601604462,12.198399543762207,0.17549730837345123,0.23821379244327545,4.9042205810546875,0.22154736558568358,0.17132278456739358,-1.1815139436450952,-1.7461071582694974,-0.6951142524666691,-1.5331945000583396,-2.08429024987133
2025-05-27,11.45487055182457,12.540775299072266,0.174973264336586,0.23920056223869324,4.935574054718018,0.2207811963199696,0.1853521149088999,-1.7930488323973428,-1.2722509395067991,-0.6490227602003986,-2.0717211120736145,-1.539166397512357
2025-05-28,11.931357771158218,12.563963890075684,0.1952560395002365,0.23841716349124908,4.932917594909668,0.221976830830789,0.18555780541890354,-1.3712070285362614,-1.3635686276440904,-0.582732526017963,-1.632938869476444,-1.6147161463212356
2025-05-29,11.857338011264801,12.524786949157715,0.18486112356185913,0.23943805694580078,4.9188737869262695,0.22070682626213722,0.18264671279214395,-1.1972890684078603,-1.0980138017441998,-0.5976127466890668,-1.4335782027996444,-1.3245922819625058
2025-05-30,11.332892209291458,12.12799072265625,0.17814062535762787,0.23967020213603973,4.910350322723389,0.22034499192149934,0.18307371748235302,-1.6139355394634851,-1.3719333486785708,-0.5925589160624973,-1.8172605515676672,-1.5668677737190038
2025-06-02,13.140803545713425,12.163949966430664,0.19125424325466156,0.24151752889156342,4.941267967224121,0.21918035047596446,0.1975852859900924,0.34168896818716377,-1.1653634130865225,-0.568333956874397,0.20845838055441845,-1.2931546888247887
2025-06-03,10.375758811831474,12.026854515075684,0.19537246227264404,0.2380564957857132,4.898706912994385,0.21966573015379917,0.19649900496576722,-2.4522755343222755,-1.3200142879986796,-0.5246357553533678,-2.5151384767995744,-1.3801707361244446
2025-06-04,10.952010065317154,12.037952423095703,0.20108482241630554,0.23753809928894043,4.900315761566162,0.21988043277099142,0.19511712003203907,-1.8193249271693173,-1.3073675865998116,-0.4856959006258885,-1.8968442640613183,-1.3816044831921026
2025-06-05,12.094805896282196,11.71935749053955,0.22869452834129333,0.23597218096256256,4.872446537017822,0.21833737706043502,0.19325223731750785,-0.41673484227615276,-1.3613258271161008,-0.4479471534769761,-0.4551812010911753,-1.3981246946867465
2025-06-06,12.421006739139557,11.601655006408691,0.21845217049121857,0.23642347753047943,4.872939109802246,0.21796303515196508,0.19117125999906237,-0.0331142989756934,-1.3765364328994796,-0.45235049261157245,-0.0863343336425828,-1.4274469895201953
2025-06-09,9.31941431760788,11.533729553222656,0.2371179759502411,0.23545926809310913,4.876743793487549,0.2186226049480457,0.19255027292974836,-3.2110948703775968,-1.5112315176812103,-0.3831940078738647,-3.2649615265743392,-1.5625842038749376
2025-06-10,10.078318119049072,11.369930267333984,0.2303442507982254,0.23649956285953522,4.8689961433410645,0.21741124724362726,0.18257982933879446,-2.2040455320640326,-1.4268281365847368,-0.40386021853983545,-2.314769984913184,-1.532453435641056
2025-06-11,7.521002441644669,7.333051681518555,0.053325001150369644,0.23488648235797882,4.839933395385742,0.21645442092706205,0.1784715438295068,-4.556519207189879,-5.272916443080822,-0.564800961171378,-4.644218856363864,-5.356744764119739
2025-06-12,6.839143455028534,7.189582824707031,0.06006963178515434,0.2315152883529663,4.789296627044678,0.21726922632473422,0.16062059329825396,-5.119473273236061,-5.320186448937518,-0.5046785451122497,-5.258638950607676,-5.453035813074958
2025-06-13,6.7967860996723175,7.064923286437988,0.058992017060518265,0.23180516064167023,4.777660369873047,0.21734249619067383,0.15436942580570334,-5.010989947341871,-5.27392222593558,-0.5100163899913466,-5.169217288748971,-5.424811578049397
2025-06-16,5.686459958553314,6.284124851226807,0.09076273441314697,0.22091904282569885,4.618250370025635,0.22031695991721628,0.10973731789562913,-5.966351040111769,-6.030225050273145,-0.3211634143052029,-6.196603366094358,-6.249503553996556
2025-06-17,6.358786702156067,6.311630725860596,0.09387147426605225,0.2202160805463791,4.6100358963012695,0.2207602264878744,0.10786376380327001,-5.073235731758089,-5.792981680739526,-0.2869796989926474,-5.291523036659935,-6.00056903945158
2025-06-18,6.078162312507629,6.2527008056640625,0.09460645169019699,0.21661441028118134,4.5630106925964355,0.22224534012366629,0.0788897929191602,-5.136691641110836,-5.659469217104494,-0.20608303247374726,-5.4808673264260115,-5.985371221446627
2025-06-20,6.273317128419876,6.195100784301758,0.09597959369421005,0.21654635667800903,4.542311191558838,0.22120982095961825,0.07452826569044879,-4.617436598016672,-5.3359619010755335,-0.2319281655725174,-4.930989041479336,-5.631270333873854
2025-06-23,6.2020919024944305,6.2012248039245605,0.09614765644073486,0.21666906774044037,4.544689178466797,0.22117508512440695,0.07316105930049677,-4.430311663196324,-5.034053803034414,-0.20642003079867965,-4.7345378154766,-5.320183524238015
2025-06-24,6.07711897790432,5.7732768058776855,0.1433287411928177,0.2068711668252945,4.419439792633057,0.2251410190673191,0.010595631764149016,-3.963609111301249,-4.968563347847514,0.08442174689799486,-4.477448897507568,-5.451476095216057
2025-06-25,5.733204886317253,5.554208755493164,0.15757596492767334,0.204128235578537,4.380190849304199,0.22678318012172527,-0.004036228259512997,-3.727723407290279,-4.574486539759874,0.20484423244691996,-4.22133552738509,-5.035695364271739
2025-06-26,5.726133346557617,5.5366339683532715,0.16894547641277313,0.20433112978935242,4.36819314956665,0.22608204722861294,-0.007336782874288517,-3.499495761033284,-4.285133890577747,0.17059026147772283,-3.9443357924820734,-4.696896714031043
2025-06-27,5.57413724064827,5.50374174118042,0.1749565154314041,0.2037709802389145,4.369080066680908,0.2253977627057349,-0.002323523936159644,-3.333942359508125,-3.9467123327886,0.18338751429009648,-3.691222762337084,-4.276128476797062
2025-06-30,5.686677351593971,5.472260475158691,0.1733412891626358,0.20374689996242523,4.365597248077393,0.22557435740692758,-0.005907336599664914,-3.019937072830867,-3.7413027842543176,0.17490453266233974,-3.354173011130335,-4.048430157178689
2025-07-01,5.661781340837479,5.406984806060791,0.17261838912963867,0.20372124016284943,4.359616279602051,0.22567253317581726,-0.009953842069505336,-2.873392333338874,-3.58706282605808,0.1624517551731932,-3.1879730927828973,-3.876599872398007
2025-07-02,5.026781052350998,4.617393493652344,0.247571662068367,0.1829841136932373,4.005179405212402,0.21449555451716323,-0.11197653794089568,-2.0829518898835246,-2.829909828066347,0.15231481447881823,-2.5493450474329116,-3.2595890657411424
2025-07-03,5.085043296217918,4.87069034576416,0.4528808295726776,0.16257718205451965,3.7761929035186768,0.20269318027464703,-0.134367386102211,-0.2240621065427284,-0.6921139346753797,0.44812564182131087,-0.3729758541898338,-0.8293868736323553
2025-07-07,5.322195455431938,5.103070259094238,0.5973049402236938,0.1523967683315277,3.7412800788879395,0.19900264151673142,-0.14292970016053985,1.1561797324257217,0.6872784683253315,0.787927055925409,1.1471626743988423,0.6789249391150527
2025-07-08,5.294159799814224,4.713020324707031,0.6887031197547913,0.13868039846420288,3.5604348182678223,0.19571214335958476,-0.20854795271509285,2.0816127535871836,1.312987859993303,0.9277660100718688,1.9917131633110063,1.2288666389327307
2025-07-09,8.676057279109955,8.566520690917969,1.596400499343872,0.11223415285348892,4.446946620941162,0.16672036767416892,0.13800209389878015,11.378410456202806,10.830122175721066,3.403998467958973,13.200045937119732,12.544686709416165
2025-07-10,6.512378305196762,6.1153130531311035,1.4643878936767578,0.08407700806856155,4.045639991760254,0.15434525795116874,0.013249127970393237,4.801715427499173,4.355775391583048,1.4210411652334882,5.297951305656981,4.823606657243372
2025-07-11,6.217109501361847,6.783251762390137,1.6615607738494873,0.07769276946783066,4.142908096313477,0.15296655684062765,0.0540189222425802,2.6395170485588446,3.315138398505656,1.0894678003761595,3.035715217870396,3.691099267545038
2025-07-14,5.492453053593636,5.423147201538086,0.6274711489677429,0.07573163509368896,4.170904636383057,0.15332539174903176,0.06615023055874825,0.952450009218861,0.7526000863663347,-0.3035319228769313,1.2374571864080162,1.0234522704705178
2025-07-15,5.432666748762131,5.500987529754639,0.6460554003715515,0.0766390785574913,4.2004218101501465,0.1534438473505378,0.07656659476271377,0.503283644673794,0.4754597966928422,-0.2157197694162265,0.7139828599189348,0.67748049983153
2025-07-16,5.1803304851055145,5.0457377433776855,0.6180055737495422,0.08622248470783234,4.1225905418396,0.15112717595641578,0.08271310690434786,0.42882795678502994,0.22802054600821897,-0.1911799422763254,0.7848366054071994,0.571206963002699
2025-07-17,5.58025349676609,5.001466274261475,0.591112494468689,0.0870571881532669,4.132819175720215,0.15049406261950862,0.09355924574459151,0.750680063653868,0.13357577529520803,-0.2047623820789597,1.1289517775821327,0.5024884359851063
2025-07-18,4.210943706333637,4.022631645202637,0.5765125155448914,0.07782123237848282,3.8948004245758057,0.14541784142351322,0.0348181673798692,0.4802368365395209,0.3807022337210757,-0.14033971899711073,0.9386642038466508,0.8321214723590615
2025-07-21,4.0452218651771545,3.7368156909942627,0.5657931566238403,0.07411903142929077,3.805079936981201,0.14293628473161596,0.018191284870896607,0.7557283989552781,0.5690585537074888,-0.12364993914558164,1.298262356516584,1.106168232715702
2025-07-22,2.8422084152698517,3.287537097930908,0.49085259437561035,0.07508005946874619,3.6502482891082764,0.14136546302273595,-0.016173650648398263,0.19563202265911794,0.8046770038208084,-0.14945303005907484,0.8566883549275581,1.459832681387089
2025-07-23,3.5785001665353775,3.861154556274414,0.556518018245697,0.06061912328004837,3.657829761505127,0.1395642358519015,-0.015044594303969427,1.0012419086189022,1.4189362250136588,-0.06976416166058952,1.5573055830131923,1.9679934010456184
2025-07-24,4.17881765961647,3.793398857116699,0.5411239862442017,0.06018137186765671,3.655869245529175,0.1395451757927784,-0.010582462181087049,1.5384798892777205,1.256707245397462,-0.07834574875537004,2.1012952364123243,1.8108101153883625
2025-07-25,3.6270138174295425,3.6965396404266357,0.5426034331321716,0.060637567192316055,3.6527159214019775,0.13926497267851037,-0.011676037379631632,0.8987654831295515,1.0940067065241799,-0.0743837438610182,1.42289067256521,1.611819140292993
2025-07-28,4.124060228466988,3.6052093505859375,0.5412487983703613,0.060682512819767,3.6032066345214844,0.13872616667621998,-0.027666037576678626,1.5722907692756207,1.1842183594078186,-0.05977724043381083,2.089435544505266,1.6987337311121373
2025-07-29,3.3036662116646767,3.79175066947937,0.6056892275810242,0.05237731710076332,3.601560354232788,0.13874782597412913,0.0073683774057269336,0.6636010400721615,1.3098013348293636,0.025181497165511324,1.4216032617233871,2.071298102343837
2025-07-30,3.2948243618011475,3.599414348602295,0.5059363842010498,0.053983066231012344,3.5736942291259766,0.13949316030293846,-0.028048802317412358,0.715580665800938,1.1469991911913953,-0.06322849930583785,1.2418628626317947,1.6749748482055304
2025-07-31,3.4291801676154137,3.5085039138793945,0.4881972074508667,0.05750839784741402,3.5497217178344727,0.1395069795170913,-0.0021188375512353197,0.9326288018437685,1.1251759179162528,-0.07780602371855339,1.7779370885717407,1.9716275600931725
2025-08-01,3.289280116558075,3.3757431507110596,0.5208487510681152,0.05888182297348976,3.5522642135620117,0.13877948174112525,0.003764199374179489,0.7723545235864595,0.9676367820751368,-0.0534749690739631,1.62822736005502,1.8256208316532372
2025-08-04,3.8529627099633217,3.7548439502716064,0.6177449226379395,0.056231774389743805,3.3617727756500244,0.14058537761075696,-0.039139637189818055,2.1447702208980353,2.216227877496449,0.12474902852102043,3.3001940611378924,3.3790091804490316
2025-08-05,4.078350760042667,3.722245693206787,0.6334241628646851,0.05777166411280632,3.3738532066345215,0.14113970101165574,-0.019840939800945145,2.2340353682212486,2.0463927871167495,0.12981584768443954,3.4721305198724903,3.2954098949830457
2025-08-06,3.206886701285839,3.436464786529541,0.561876118183136,0.06006614491343498,3.39673113822937,0.13964396351269878,-0.036042598715102514,1.2398823843101061,1.6585552472442364,0.023700098526283186,2.196424919461544,2.639348245059187
2025-08-07,3.10205390304327,3.4084091186523438,0.554962694644928,0.059484872967004776,3.376753568649292,0.14001076463985584,-0.04726470677758754,1.212793549317503,1.708942166831406,0.023706205777242584,2.1927362628197864,2.7155211744019567
2025-08-08,2.690654270350933,2.5479331016540527,0.4922952950000763,0.06374327093362808,3.440176486968994,0.13319006536299824,-0.03566836021363251,0.7449563218290809,0.7784643780425444,-0.12979548553348086,1.6054706323640784,1.6711404887722265
2025-08-11,2.997724138200283,2.7036705017089844,0.5461190342903137,0.06280525028705597,3.4662554264068604,0.13201657779855575,0.013471486253767373,0.9043006289120274,0.7705299349573371,-0.08955375895568851,1.9886915464804835,1.8982698723822438
2025-08-12,1.686367440968752,2.1089274883270264,0.17811986804008484,0.05827333778142929,3.4894392490386963,0.13129919570006002,0.006520152703986204,-0.587624803000864,-0.021530536390091726,-0.45860003058131915,0.19260118021807848,0.8000038879234601
2025-08-13,1.825064979493618,2.0555949211120605,0.1784982979297638,0.056772638112306595,3.4873838424682617,0.13150189149461783,-0.018339670981658784,-0.4510415982791849,-0.0986911919938529,-0.4394682973825592,0.07530122051503874,0.4527429741427673
2025-08-14,1.5371460244059563,2.0155913829803467,0.179148867726326,0.058204956352710724,3.502213478088379,0.13157873570587045,-0.001647268393826673,-0.8063004149159179,-0.22178823598273611,-0.4336651772264559,-0.22766442300407164,0.3847594972530961
2025-08-15,1.9234175756573677,1.9977664947509766,0.17628036439418793,0.06009974703192711,3.5473086833953857,0.13186530478996478,0.02991050930881145,-0.6410734497997415,-0.4988485089155401,-0.44105179242965753,0.005648454218275534,0.17628522665205115
2025-08-18,1.67966852709651,1.9814679622650146,0.20530588924884796,0.06175632029771805,3.519083261489868,0.1314775233299926,0.008826790721998212,-0.711125620218608,-0.32258997233177533,-0.40398220236736027,-0.13608639722418703,0.2811756565703474
2025-08-19,1.4189856201410294,2.0829615592956543,0.32833459973335266,0.04115649312734604,3.4574451446533203,0.1274471146646931,-0.020253210323003756,-0.624529756199661,0.0917100010010854,-0.22441650578704153,-0.35400353582387156,0.3742468005867312
2025-08-20,1.5823945328593254,2.019775390625,0.3138263523578644,0.040148910135030746,3.4022669792175293,0.12823255633794187,-0.05947502279307182,-0.17823134428823506,0.31066382048771946,-0.2049742896174589,-0.017523118371546298,0.4779009739902953
2025-08-21,1.511636607348919,1.9562660455703735,0.3308471441268921,0.04139464348554611,3.432366371154785,0.12752744291428667,-0.05204417727304422,-0.39382913899741334,0.07162330184878796,-0.2042688026094026,-0.27038585156593276,0.19869711544788826
2025-08-22,1.4560213312506676,2.041935682296753,0.5737240314483643,0.034653592854738235,3.338115930557251,0.12439818761027496,-0.073939667113323,0.09812333692447561,0.7259155776468917,0.058028992328532425,0.262405925441479,0.8953549330384885
2025-08-25,1.4068419709801674,1.7450933456420898,0.4830939769744873,0.050352782011032104,3.464398145675659,0.1275360707307567,-0.004807349133125749,-0.6745798091750475,-0.33596681148198027,-0.100689774466997,-0.3121568536331021,0.03859170165520909
2025-08-26,1.211754433810711,1.725730538368225,0.47522708773612976,0.05106622353196144,3.497626781463623,0.1278401302134597,0.0027652928953578737,-1.0521219377887983,-0.5646125715931483,-0.11849755545517393,-0.7596730846266346,-0.2628864681312708
2025-08-27,1.2952267490327358,1.7970647811889648,0.492265522480011,0.05075783655047417,3.5369749069213867,0.12815488635631925,0.008673270132476874,-1.1746840095101767,-0.7418634142127281,-0.1085218080999788,-0.9681480383705248,-0.5363783106446407
2025-08-28,2.073037341237068,2.2020227909088135,0.7297152876853943,0.0494890995323658,3.5944700241088867,0.12586361321774728,0.06466541469090947,-0.6590148432409069,-0.6478082098337072,0.08584175100717184,-0.38896962987142025,-0.38337993175296425
2025-08-29,1.8068810887634754,2.1106081008911133,0.7040120959281921,0.05075471103191376,3.6203885078430176,0.12550115873477008,0.07113238550540457,-1.068303832026503,-0.8932098906832993,0.03187447586484771,-0.8594450716175444,-0.6911785079918058
2025-09-02,1.7922930978238583,2.0653250217437744,0.667448878288269,0.05146215111017227,3.5955986976623535,0.125460962354243,0.04789241052608084,-0.968957415469089,-0.8131004618150159,-0.012178325740733964,-0.8299825518822477,-0.683057490259209
2025-09-03,1.7480121552944183,2.06412672996521,0.5403922200202942,0.048285651952028275,3.714745044708252,0.12734475044307858,0.08824797967247311,-1.6595814008746208,-1.5596032184764779,-0.13679145320952335,-1.6057578243693174,-1.5128005649922813
2025-09-04,1.7719887346029282,2.011641502380371,0.48558783531188965,0.05131765455007553,3.832242965698242,0.12679167778617384,0.1233645216735515,-2.2424189995017523,-2.284871721324241,-0.25476281280544644,-2.221891221318882,-2.2689668421312765
2025-09-05,1.7000122256577015,2.020219087600708,0.43327587842941284,0.05205332115292549,3.875441789627075,0.1274018339861556,0.13509263174465835,-2.438387525578822,-2.423495568453088,-0.30247822396195345,-2.4313267180906752,-2.4190628306656574
2025-09-08,1.9243197068572044,2.153550386428833,0.48002347350120544,0.050792720168828964,3.902109146118164,0.12840178679713285,0.15358501620824327,-2.200920659080067,-2.3022240814119685,-0.2209398432121339,-2.1951069455703474,-2.299761097021369
2025-09-09,1.843183971941471,2.196565628051758,0.5499786138534546,0.05035986006259918,3.8673903942108154,0.12745701211751131,0.15444967877680416,-2.015646882074318,-1.9653291879911006,-0.1468751797530965,-2.0071063769932516,-1.964001124015951
2025-09-10,2.093383274972439,2.232149600982666,0.5439778566360474,0.04965972900390625,3.880976676940918,0.12697945347504896,0.15680613160735002,-1.7441512684602953,-1.9205836999540846,-0.15473626974862809,-1.7387431484984623,-1.920530491910637
2025-09-11,1.7474449090659618,1.948367714881897,0.29118189215660095,0.055113524198532104,3.668917179107666,0.12208794478931703,0.08807787469633899,-1.281280604758881,-1.2228284787390158,-0.4922938096110996,-1.2594335422756586,-1.217410181173892
2025-09-12,1.6779108010232449,1.9955532550811768,0.26129963994026184,0.05802556499838829,3.8015308380126953,0.12216048494041382,0.12630992604430802,-2.019799442669357,-1.9119028650712373,-0.569245589332182,-1.998323155453928,-1.9020060225385893
2025-09-15,1.8174312859773636,1.9282379150390625,0.20343220233917236,0.059397317469120026,3.7449653148651123,0.11963050847376897,0.1396295290002535,-1.7217030232604689,-1.7821941845536236,-0.6785447223821703,-1.6567515327020126,-1.7395337541642437
2025-09-16,1.4318499453365803,1.8226722478866577,0.19213302433490753,0.06200719624757767,3.735426425933838,0.12003461317029215,0.1313186598225491,-2.1468100678430244,-1.904947902316187,-0.699859836865083,-2.0303416893567476,-1.810154745980947
2025-09-17,1.749380573630333,1.7361905574798584,0.17182624340057373,0.062071461230516434,3.7171545028686523,0.12045620894231844,0.11685213875422884,-1.7663329535817813,-1.9235383182006243,-0.7078331011262127,-1.5819306699000015,-1.7631388012744722
2025-09-18,1.7287216484546661,1.6912676095962524,0.25775545835494995,0.07768663763999939,3.915262222290039,0.11391308491089659,0.15085208624134594,-3.4083150920569487,-3.629686305217435,-0.9564640148487062,-3.2334193457404385,-3.4680938701958386
2025-09-19,1.5155171789228916,1.7436414957046509,0.416347861289978,0.08069724589586258,3.785543203353882,0.11127887629247822,0.09127683073477777,-3.358002695662357,-3.200605768297204,-0.8792964797227161,-3.085810392267118,-2.9420881612957075
2025-09-22,1.8199410736560822,1.7736855745315552,0.43379977345466614,0.08117493987083435,3.814500570297241,0.11089874203901351,0.09228929995548896,-3.0584270124873507,-3.1716646564936095,-0.8437030682807403,-2.8396078844033426,-2.9708491839976183
2025-09-23,1.5197485387325287,1.7574825286865234,0.4061913788318634,0.07859915494918823,3.782921552658081,0.11082098446313693,0.07923208388005176,-2.9725356821989646,-2.8123751392188225,-0.8148903842539386,-2.79443929122489,-2.6422780216153585
2025-09-24,1.9273630380630493,1.7963484525680542,0.4292328357696533,0.07799683511257172,3.799128770828247,0.11090990250062616,0.07188214102618795,-2.4267282331540905,-2.663110588105086,-0.7519530586006975,-2.3674424817850888,-2.605888222462389
2025-09-25,2.2125645577907562,1.9527534246444702,0.47057434916496277,0.07654929161071777,3.876636266708374,0.11133280270208243,0.09516201358327869,-2.2185149975917273,-2.6203281631476987,-0.6411341808739701,-2.2753059821003667,-2.674007379223929
2025-09-26,1.8606605231761932,2.0330026149749756,0.4799823462963104,0.07726333290338516,3.9565787315368652,0.11147866313088697,0.11755807654250194,-2.7203550417848827,-2.7380391451118467,-0.5943228583360736,-2.8445298965903145,-2.8671515206624516
2025-09-29,2.2965890765190125,2.152689218521118,0.5174190402030945,0.0753697007894516,4.012816905975342,0.11074647706305048,0.1450473446549303,-2.28409389101114,-2.6531508158493375,-0.5088035516640372,-2.4089992290977014,-2.787130755697505
2025-09-30,2.284933462738991,2.4533259868621826,0.6245870590209961,0.07658666372299194,4.106954097747803,0.11147910456156745,0.16846745572855804,-2.531667873683247,-2.60982446952507,-0.3509747703857298,-2.6880022064889095,-2.7804260883246528
2025-10-01,2.442727565765381,2.4052581787109375,0.6029373407363892,0.07114777714014053,3.9795126914978027,0.11040104811193073,0.12591453906769556,-1.618005100734603,-1.846599616620603,-0.3420519551557928,-1.740266348967868,-1.9624948814279142
2025-10-02,2.3398590832948685,2.364227771759033,0.574414074420929,0.07131579518318176,3.9845902919769287,0.11015361079064413,0.12654113420378565,-1.6589150495869838,-1.812785128787314,-0.3587094011209444,-1.7516930208952797,-1.8824803417383773
2025-10-03,2.314908366650343,2.2906622886657715,0.546006977558136,0.0698624849319458,3.962928295135498,0.11022564997683461,0.11783310169241068,-1.4774894969949628,-1.665495150340662,-0.3569476074114739,-1.5175546369394364,-1.6657645801946082
2025-10-06,2.273469351232052,2.296050548553467,0.5378484129905701,0.06902314722537994,3.952516555786133,0.11005903518142077,0.11645376693325304,-1.389520540534476,-1.5103821599759981,-0.34544741320066996,-1.3767835864959714,-1.385365994361761
2025-10-07,2.211950421333313,2.140155792236328,0.5253016948699951,0.07006518542766571,3.8563072681427,0.10954298118621031,0.08164926063272249,-0.9762602200493706,-1.1074617577282044,-0.37623963601570987,-0.7173842938656789,-0.664289208552689
2025-10-08,2.018532447516918,2.253384590148926,0.5580880045890808,0.06891609728336334,3.8712379932403564,0.1094638854286363,0.09323391162231287,-1.1689499222442308,-1.0165141803987559,-0.2855220192717324,-0.9279515223842028,-0.6249109384684983
2025-10-09,1.7689849846065044,2.2326059341430664,0.5023672580718994,0.06138072535395622,3.777212619781494,0.10876727595610966,0.05018197391753043,-0.870754406582952,-0.4814391734251924,-0.2525473891585488,-0.5278904509339584,0.059073929011958626
2025-10-10,1.480319406837225,1.6214245557785034,0.06159183382987976,0.06749463081359863,3.749070882797241,0.10977856997664046,0.029156669534877278,-1.153990401875233,-1.1005885215587394,-0.5977712764676023,-0.7289667002220019,-0.49445693657047984
2025-10-13,1.1953709553927183,1.5576974153518677,0.14091038703918457,0.07248120754957199,3.218311071395874,0.11663407859175062,-0.08220818661824625,0.6257183582742578,1.1438320829177822,-0.28644061350095196,0.7605625858667597,1.3341708360107623
2025-10-14,1.0771333649754524,1.3278204202651978,0.1308961808681488,0.08633951842784882,3.1745717525482178,0.11926137218390921,-0.10985680288498934,0.2875495273176836,0.713757273583246,-0.22767839809453716,0.47115744695638906,0.9693277702255525
2025-10-15,1.279154047369957,1.3765194416046143,0.14811968803405762,0.08486224710941315,3.195444107055664,0.11949513254136974,-0.09239280071113032,0.3974352273621875,0.58970791273725,-0.16815906536351433,0.46387854802162387,0.6817131963446554
2025-10-16,1.124800892546773,1.334971308708191,0.13759350776672363,0.08685960620641708,3.1846094131469727,0.11952707268686033,-0.10251496068541477,0.2063633355572203,0.481433233933767,-0.1391528238140508,0.3040122013272759,0.61783533389029
2025-10-17,1.3236841633915901,1.4384467601776123,0.14666251838207245,0.08655101805925369,3.172538995742798,0.12030039479840869,-0.08930556668966916,0.46653378971718507,0.5864647151848028,-0.09269252101369008,0.4297910761769943,0.5337762987819623
2025-10-20,1.203558187931776,1.4475356340408325,0.16152441501617432,0.08447498828172684,3.1148693561553955,0.12066015918146161,-0.10540398380358806,0.6000803977357596,0.8282630554038266,-0.02806958595929221,0.5576978526380443,0.7643419430449816
2025-10-21,1.2599254623055458,1.418110966682434,0.18024984002113342,0.09274626523256302,3.1092565059661865,0.12206879535841031,-0.10919509028291197,0.49320055626955694,0.5716181902431683,0.022422521772864246,0.4465683315655138,0.49502455458241057
2025-10-22,1.016589866951108,1.2938038110733032,0.42679521441459656,0.08679474145174026,2.8553273677825928,0.1246993702039319,-0.21123618609997785,1.2616029021972128,1.531770021623112,0.40089266563477105,1.344297352476258,1.6681956512185225
2025-10-23,0.9901626147329807,1.3311642408370972,0.43025460839271545,0.08194031566381454,2.9061474800109863,0.12431356260577239,-0.18365349563182964,1.0009033136707943,1.2916850821041161,0.3225623458666445,1.0109457097218284,1.3099553285401315
2025-10-24,1.0849167592823505,1.3063724040985107,0.44499340653419495,0.08235517889261246,2.878685235977173,0.12446631482082056,-0.2554186996372849,1.0935072932923111,1.234846115507286,0.3197086209306153,1.3466678707040685,1.7279803829749172
2025-10-27,1.0723163448274136,1.3170640468597412,0.45472168922424316,0.08014313131570816,2.8570444583892822,0.1239799950578247,-0.2474153600148783,1.102445740721866,1.2583886389817316,0.3045438155630654,1.2460055375117491,1.5628572900173916
2025-10-28,0.9383107721805573,1.1252374649047852,0.5694778561592102,0.08190356940031052,2.950140953063965,0.12120067357633013,-0.29171432553339405,0.5780365152797797,0.6271605849829038,0.36045429230997733,0.8913554825507131,1.34129968699032
2025-10-29,0.7785590346902609,1.1648000478744507,0.6362816095352173,0.08264952898025513,2.8512887954711914,0.12108474348297321,-0.3534749205265919,0.6825101488768079,0.9432131328033257,0.4372785215139038,0.9411958724947396,1.6174783519093712
2025-10-30,0.8833071403205395,1.1070396900177002,0.568973958492279,0.08339118957519531,2.8889925479888916,0.12230700676400642,-0.2815893268206642,0.5977568285120309,0.672354908952622,0.3295158761552769,0.6522942144017776,0.8862423438012463
2025-10-31,0.8572956845164299,1.0785402059555054,0.5688843727111816,0.08439813554286957,2.9257895946502686,0.1227254300366654,-0.2780939553555595,0.4070436355329914,0.46900502463359395,0.3042668772155088,0.43787576659646277,0.6576520248804365
2025-11-03,0.8808832336217165,1.0913183689117432,0.5472386479377747,0.08418910205364227,2.929964303970337,0.12299266924920152,-0.2752450249116085,0.3985822599225002,0.45046650539316246,0.2658880254645268,0.4078072457960511,0.5946328271354537
2025-11-04,0.8499814178794622,1.0879865884780884,0.541231095790863,0.08471587300300598,2.9487175941467285,0.12286389797640918,-0.26115041324256993,0.29296475525917165,0.36528221040175257,0.2454652462282002,0.28233737607284093,0.4610526301468183
2025-11-05,0.7553382311016321,0.9943654537200928,0.4930150508880615,0.08857191354036331,2.973299264907837,0.12418165039433386,-0.2789047101184088,0.039518532096306735,0.10345746594728356,0.19331874009415628,0.004550073077423278,0.20451935154337342
2025-11-06,0.7441340368241072,1.003509521484375,0.52545166015625,0.0893319770693779,2.91430401802063,0.12337866750714856,-0.30059579181815343,0.22063512224821213,0.29476833191743745,0.23312463128652638,0.14927301136381788,0.36325064482511227
2025-11-07,0.7549785692244768,1.0167723894119263,0.5169269442558289,0.08687983453273773,2.8618483543395996,0.12410764022485678,-0.36600350250498814,0.38758330848590017,0.4736231594238163,0.21002931324377622,0.19289036733682385,0.5212461418798622
2025-11-10,0.9073920678347349,1.1838880777359009,0.08062085509300232,0.08537261933088303,2.826510429382324,0.12368225876797402,-0.4292965702417788,0.6404032117980467,0.7433423370559953,-0.2392607875970203,0.3014583121259351,0.6999664396029943
2025-11-11,0.9586170129477978,1.1755727529525757,0.09796726703643799,0.08917076140642166,2.880779504776001,0.12474720925391083,-0.38608005639460274,0.4491384785068808,0.47414600751086855,-0.20098747830924923,0.1546713056947926,0.36364061027783245
2025-11-12,1.0040067210793495,1.1579676866531372,0.09759943932294846,0.08987435698509216,2.879669427871704,0.12496551744599672,-0.40373724150714296,0.4595778230722347,0.41575983109003634,-0.18843975325483353,0.1168279614239669,0.24752172624355273
2025-11-13,0.921679861843586,1.1451642513275146,0.09556823968887329,0.09334097057580948,2.9235057830810547,0.12546098112180026,-0.40133991270162594,0.19196952697881642,0.20598662386018063,-0.1721137193719074,-0.18286069855473785,-0.003546082563609332
2025-11-14,0.7391343787312508,0.9229716658592224,0.09582169353961945,0.10571736842393875,3.0422611236572266,0.12756551831812152,-0.38865751102138324,-0.4704343584910138,-0.5381468577526274,-0.1282246808779779,-0.8779900897520179,-0.7783853905846208
2025-11-17,0.8779933881014585,0.9826269149780273,0.10431326180696487,0.10530120879411697,3.041334390640259,0.12790606926772174,-0.38892905277433365,-0.3095515355261762,-0.4514472065113875,-0.1171934995571357,-0.6580746125267236,-0.6404818047425005
2025-11-18,1.3003646116703749,1.2856799364089966,0.12143756449222565,0.09473957866430283,2.937566041946411,0.12513815555716662,-0.49187192066627583,0.5484685289666302,0.325376074930404,-0.12183208461585046,0.0595398133249474,0.07291110433598869
2025-11-19,0.9633397944271564,1.327470302581787,0.1290508359670639,0.0931154191493988,2.9067294597625732,0.12483266160700925,-0.5577314318243043,0.28730650007672764,0.45838507504586223,-0.11164641681556978,-0.3360871417325617,0.12093425323577911
2025-11-20,0.9123182520270348,1.3046976327896118,0.1414545327425003,0.09367375075817108,2.9060826301574707,0.12501098581946252,-0.5804459078387727,0.2158788729918273,0.40707567304728975,-0.09257890658216525,-0.39228245786019045,0.01670828910383504
2025-11-21,1.0346185769885778,1.2882945537567139,0.1552256941795349,0.09633282572031021,2.978025436401367,0.12641515172751544,-0.564132430125043,0.0918121792620914,0.13090454854493405,-0.07836468976069272,-0.44977044853226333,-0.25287816866054014
2025-11-24,1.1866862252354622,1.225339651107788,0.15360800921916962,0.09473493695259094,2.9669456481933594,0.1276150551742223,-0.5334330470335196,0.2437292696894362,0.0774292833850394,-0.08812578318258543,-0.15992192194028343,-0.21513179844672825
2025-11-25,1.0150456931442022,1.1222411394119263,0.14848102629184723,0.10263736546039581,3.0415148735046387,0.12875901606188445,-0.5074373476439431,-0.19312127814493785,-0.30510859995354345,-0.06682556759785835,-0.5548875165607785,-0.5593109170263917
2025-11-26,1.0874151438474655,1.167314052581787,0.14945949614048004,0.10630909353494644,3.085906505584717,0.12763926185403102,-0.4893316637364946,-0.19657887353471892,-0.3467635267855762,-0.04798735486449207,-0.5037822451606209,-0.5521747572464366
2025-11-28,1.045044381171465,1.16215980052948,0.13460160791873932,0.11033092439174652,3.1224164962768555,0.12726973045477563,-0.49910540011468685,-0.3012615084791417,-0.41812906294260976,-0.04520263561809296,-0.6019414844084512,-0.6089014458427395
2025-12-01,1.0191624984145164,1.2894195318222046,0.13489152491092682,0.11053205281496048,3.1603026390075684,0.12714466603365873,-0.4693934149700658,-0.37738199404739703,-0.3330456338925458,-0.047913900875607596,-0.6241317982814789,-0.4825664148550479
2025-12-02,1.0370965860784054,1.176056146621704,0.13842515647411346,0.11485491693019867,3.1753365993499756,0.12653312767999975,-0.5401608765491688,-0.30493053449419083,-0.42041918003886547,-0.020173241546818377,-0.6257696566379538,-0.6126098116646439
2025-12-03,1.2156780920922756,1.17257821559906,0.13529661297798157,0.11349040269851685,3.179515838623047,0.12613178617153245,-0.5223226415293427,-0.08573710505934873,-0.35973176086349046,-0.02838450738479692,-0.35659514206413423,-0.5286608496636647
2025-12-04,0.9183755908161402,1.1772091388702393,0.1404806673526764,0.11374582350254059,3.183321714401245,0.12635487580856314,-0.5318665125908748,-0.3607877157613908,-0.3111978819519816,-0.021998463504404597,-0.6422815714924637,-0.4890760759093209
2025-12-05,1.1044113095849752,1.2082276344299316,0.14584018290042877,0.11260216683149338,3.18213152885437,0.1261992284315341,-0.5113540079242851,-0.10261751190544022,-0.2145323144499196,-0.02021856361494828,-0.36915244265065983,-0.3917377693693407
2025-12-08,1.2265593856573105,1.3541038036346436,0.15434619784355164,0.11394789069890976,3.2160303592681885,0.12480508547435894,-0.5135000991313594,0.10243174439476466,-0.004058480966817157,-0.0026935285413356436,-0.21903790515265653,-0.22056992227057126
2025-12-09,1.2322614192962646,1.2955251932144165,0.14832575619220734,0.117680624127388,3.254112482070923,0.12525473381284905,-0.5063835850393397,0.0902292487262022,-0.042672644166968254,0.004958975322414738,-0.23838929998236225,-0.2964350091470038
2025-12-10,1.2828386202454567,1.4726296663284302,0.03475990146398544,0.11554897576570511,3.238839864730835,0.12482184674934675,-0.5077321517519835,0.22967694307692899,0.25504749324482745,-0.11408816775362485,-0.12092534814499567,-0.038574284897410216
2025-12-11,1.2617863528430462,1.3541810512542725,0.034088242799043655,0.11996694654226303,3.27506947517395,0.12468913244987388,-0.4470717191547293,0.22650698697908211,0.15639215771535842,-0.09384641624491519,-0.013737463075021772,-0.04743796428782243
2025-12-12,1.543748490512371,1.3887051343917847,0.03376226872205734,0.11775238066911697,3.2565536499023438,0.12482782659954807,-0.44142557613350797,0.5059655757887196,0.20047163618826058,-0.10266234018457332,0.2852021660472803,0.008236476012208449
2025-12-15,1.2205608673393726,1.1002535820007324,0.056564703583717346,0.12608230113983154,3.3104519844055176,0.12511931790007455,-0.4468068766425146,0.184049432161685,-0.04871858019199671,-0.04376415722123744,-0.03711876560759109,-0.24406639004686603
2025-12-16,0.9311302304267883,1.086158275604248,0.05000228062272072,0.1269189566373825,3.332491159439087,0.124850291809866,-0.4292642789362864,-0.14255812368581822,-0.06577507342691824,-0.04930563934784932,-0.3225157883314691,-0.2291615842368966
2025-12-17,1.0267593935132027,1.0866472721099854,0.05725466087460518,0.1275593787431717,3.3446810245513916,0.1251867435193384,-0.41267148481558236,-0.07050082277312697,-0.08263838116053623,-0.043322512737364094,-0.21066811167330624,-0.21207687449412393
2025-12-18,0.9625704772770405,1.0811634063720703,0.06715641915798187,0.12372373789548874,3.297074794769287,0.12586037517849166,-0.4628415198005562,-0.14220308267878234,-0.09912884634938557,-0.05022547222279816,-0.3560976987473392,-0.3012022461063606
2025-12-19,1.1774510405957699,1.1381911039352417,0.0795099139213562,0.12303492426872253,3.2822282314300537,0.1253795666071648,-0.5147271827815172,0.11197468017462864,-0.0021913862581266486,-0.03867746143037215,-0.17548864971870248,-0.2788644917564955
2025-12-22,1.02323685772717,1.1832412481307983,0.08185075223445892,0.12365830689668655,3.3028528690338135,0.12529052611378746,-0.500933182235928,-0.07481786816588176,0.02882686904353715,-0.03959271718605101,-0.3281796791873508,-0.2195235207606876
2025-12-23,1.0873172283172607,1.1816428899765015,0.08922763168811798,0.12614595890045166,3.343926429748535,0.12622330113808264,-0.47691513547812847,-0.10015094471305197,-0.0499553041335794,-0.03383046758002001,-0.3047377884852387,-0.25270327766521294
2025-12-24,1.2143531441688538,1.2095359563827515,0.07523231208324432,0.12780170142650604,3.3551807403564453,0.1255510144767655,-0.47479069382872474,0.04362856106436741,0.0029897491569679246,-0.04171713651657388,-0.13014227641307397,-0.17156356632115477
2025-12-26,1.1569548808038235,1.1475427150726318,0.07122892886400223,0.12854453921318054,3.358534574508667,0.12561828354188653,-0.46233882447093455,-0.04101791241719255,-0.07680188136111088,-0.04699133982428405,-0.1715376746398194,-0.20970189069933243
2025-12-29,1.3091917596757412,1.167402982711792,0.06551311165094376,0.12827607989311218,3.3545000553131104,0.1259583538222386,-0.45182551326974507,0.06214326407499815,-0.0954886183039294,-0.06058662369412715,-0.030106271369195525,-0.19305418247948802
2025-12-30,1.2006088383495808,1.2381377220153809,0.061659637838602066,0.12630173563957214,3.3415329456329346,0.12746292528550562,-0.41608195351908916,-0.17229146948064855,-0.14183620881501469,-0.08771442028160426,-0.20649116570292403,-0.17991604977270548
2025-12-31,1.2362173348665237,1.2338058948516846,0.06090667098760605,0.12628298997879028,3.339204788208008,0.12747111029927105,-0.42781373848349435,-0.21248640276839392,-0.20805910332884814,-0.10281637653134057,-0.2345406679010278,-0.23737680216481838
2026-01-02,0.9750635661184788,1.1020336151123047,0.07904884964227676,0.1340688318014145,3.382826805114746,0.12730240760173128,-0.4253157945976773,-0.5937877857006617,-0.41367999928325005,-0.07801228268524352,-0.5935659291843614,-0.4129549316356602
2026-01-05,1.0137670636177063,1.08782958984375,0.08598775416612625,0.13475582003593445,3.383671760559082,0.12693636442732426,-0.4018670337676906,-0.5816165051128488,-0.4502307614324863,-0.07402660393732874,-0.5987338871343706,-0.45277777350945403
2026-01-06,1.0331064127385616,0.982427179813385,0.09099830687046051,0.14236439764499664,3.456814765930176,0.12794986280751658,-0.3524116685009444,-0.8139528536546061,-0.7502868308733,-0.07484679417848328,-0.9433035410453314,-0.8235048260871478
2026-01-07,1.068950280547142,1.0779160261154175,0.09639982879161835,0.13764911890029907,3.402043104171753,0.12775292165008786,-0.406926458684848,-0.7160426644529547,-0.6396396608393546,-0.07321874148915175,-0.8364687134827076,-0.7325592788824089
2026-01-08,0.851563235744834,0.7467314600944519,0.19119319319725037,0.14159688353538513,3.3009274005889893,0.12175043268737887,-0.5161932183112785,-0.15046909735888203,-0.21048193876768462,0.14578989968915546,-0.1527483693172922,-0.21195661897389861
2026-01-09,0.7185296639800072,0.8595137000083923,0.22497248649597168,0.12915034592151642,3.148015260696411,0.1209645808444916,-0.5707384903361374,0.006814516505698087,0.10430084278808938,0.15616576828139495,0.10318235329401482,0.16580947233013354
2026-01-12,0.8776135332882404,0.8868414759635925,0.19742801785469055,0.13428613543510437,3.2010867595672607,0.1203754378539783,-0.5657564996117272,0.1364781867059932,0.1289625588996275,0.13804934792644197,0.21101393623497344,0.17590800900096415
2026-01-13,0.9887663889676332,0.8983463644981384,0.20188041031360626,0.13325852155685425,3.178611993789673,0.12015650745375757,-0.5791646078052559,0.2881737409101399,0.16936505350678832,0.13540400376754175,0.3754888007594044,0.22435241252367
2026-01-14,1.0645357817411423,0.9211631417274475,0.23832248151302338,0.13756754994392395,3.224160671234131,0.11913895982364614,-0.5485514240459783,0.36589226960960985,0.22314038668954517,0.18342214428792908,0.40013350744408704,0.24477967557132185
2026-01-15,1.0653201378881931,0.9045550227165222,0.22567196190357208,0.1368149071931839,3.2122600078582764,0.11919594962770773,-0.5475293571163313,0.36540518731534277,0.20438482346414322,0.16164483196658747,0.394678336222686,0.2219006721376946
2026-01-16,1.072313815355301,0.9737958908081055,0.25644347071647644,0.12821894884109497,3.117865800857544,0.11802640788979532,-0.6306745698520502,0.5192750514730307,0.35720449425026946,0.1546332129447936,0.6545962428245886,0.43535691072223504
2026-01-20,0.8734775446355343,0.861534595489502,0.2826823890209198,0.13778460025787354,3.250608205795288,0.11412610269110847,-0.5916291156890074,0.37918189830103,0.37145044538510463,0.2084877898408366,0.4575110591450411,0.4146234313855608
2026-01-21,1.055940069258213,0.9495358467102051,0.42899656295776367,0.13044023513793945,3.1752443313598633,0.11713287947694816,-0.493264393447838,0.4348272081904172,0.29746755580902295,0.31658245159765885,0.4298871966252271,0.2948799566667377
2026-01-22,0.9964557401835918,0.9423509836196899,0.412673681974411,0.14069518446922302,3.2815537452697754,0.11716076170023294,-0.455567143301838,0.2734806578619926,0.2609468758864235,0.3311825996798681,0.21871163323771814,0.2351826046652441
2026-01-23,1.0928870849311352,0.9476848244667053,0.45318782329559326,0.13829439878463745,3.2532355785369873,0.11775662675802592,-0.469935516048716,0.3471049431504607,0.22666535656146358,0.34946559223028895,0.306629016990251,0.20687083401636164
2026-01-26,1.238547682762146,1.032073736190796,0.4029269218444824,0.13947348296642303,3.241255283355713,0.11819381884331635,-0.4890889754741321,0.46937585233084,0.3006410972590232,0.2924823111024445,0.434732780206577,0.2835321254646699
2026-01-27,1.155149046331644,1.0125137567520142,0.41408443450927734,0.13920602202415466,3.2589333057403564,0.11728409560066237,-0.482773178791279,0.377783681073514,0.28005650578569696,0.28754089688965667,0.34747024942957516,0.26497124978736997
2026-01-28,1.5280665308237076,1.416551113128662,0.6359077095985413,0.13978725671768188,3.2874789237976074,0.11762998772622428,-0.455792503918121,0.6728603104550879,0.62717758630416,0.5007057381478317,0.6233557631899842,0.6022936487555461
2026-01-29,1.4355913735926151,1.2706559896469116,0.5890710353851318,0.13633501529693604,3.23964524269104,0.11838135527517307,-0.512514224781556,0.5609731721083553,0.43410466212069654,0.4264943420044014,0.5643435128458396,0.43591653028284316
2026-01-30,1.3901444729417562,1.3425260782241821,0.6189777851104736,0.13693633675575256,3.2391035556793213,0.11914318874428281,-0.5025758997514713,0.46560839968604517,0.46225678173814755,0.44885596097804314,0.4524909780259003,0.45497936686742335
2026-02-02,2.7039623260498047,2.6136107444763184,0.9545605778694153,0.10356929153203964,2.7273812294006348,0.13027031111637222,-0.6487417879818616,1.8497111238851764,1.5475012092504183,0.7383521490167446,1.9555111327127803,1.605175448992732
2026-02-03,2.6336159333586693,2.5520286560058594,0.766717255115509,0.10330703854560852,2.6641242504119873,0.13385998033245763,-0.6980811090320931,1.6767634890591547,1.3821760402662164,0.5450988937473167,1.7489341979963196,1.4092109097212149
2026-02-04,2.763723559677601,2.5017871856689453,0.7484309077262878,0.10339925438165665,2.651597261428833,0.1364692969001947,-0.7225012742487111,1.7241082172868905,1.2499880115680457,0.5276410692971212,1.7438768189543659,1.2349016532722805
2026-02-05,2.476647987961769,2.603133201599121,0.8504301309585571,0.1036980077624321,2.6583824157714844,0.1358874957008104,-0.6765209263733583,1.4304458628391576,1.3487141159992344,0.6111851913253914,1.402853059092885,1.3128994486605836
2026-02-06,2.1721652820706367,2.4581358432769775,0.7748470306396484,0.10665985196828842,2.741893768310547,0.13776465989438447,-0.680981272461749,1.0175435345833526,1.1192178068949674,0.5475579107442379,0.9700560050264049,1.0646916266842699
2026-02-09,2.3027529194951057,2.370534896850586,0.746664822101593,0.11199027299880981,2.8461601734161377,0.13941499903026114,-0.6054578102261918,1.0807524219108904,0.9950247615991141,0.5455501859245877,1.0993029179808456,1.015749746751539
2026-02-10,2.438256360590458,2.41333270072937,0.7764745354652405,0.11299660801887512,2.889723539352417,0.1398879810250937,-0.5814861202210868,1.151489446427215,0.9727046812373528,0.5593882564769648,1.1912142742503353,1.0151941437339977
2026-02-11,3.078587718307972,2.6925926208496094,0.2494174838066101,0.1115814819931984,2.8799781799316406,0.13914933077396408,-0.5997805613785427,1.7741481711500688,1.2210537569550726,-0.005261661814697449,1.7882384700373064,1.2350939366924547
2026-02-12,3.4067207500338554,2.9103333950042725,0.2855006456375122,0.1011086255311966,2.7817840576171875,0.1368961729303583,-0.6822307104111753,2.0797413241119713,1.3905837719333805,-0.028778611651001595,1.9565313177509618,1.2655630933800515
2026-02-13,2.621853604912758,2.862844705581665,0.2931191623210907,0.1062975749373436,2.953864097595215,0.14011103064235877,-0.623241273632481,1.0318189749435513,1.1512066816690107,0.023327730575643413,0.9575544283672641,1.081669703795205
2026-02-17,2.900460973381996,2.8478095531463623,0.28438663482666016,0.10584904253482819,2.9135425090789795,0.13981943634095984,-0.6502353845825659,1.2719312788359631,1.0906065025022704,-0.0009360655845858101,1.1764197101108909,0.9993589047093963
2026-02-18,3.1399553045630455,2.8773036003112793,0.29824209213256836,0.10759416222572327,2.9542324542999268,0.14026518003409333,-0.6205996767430075,1.404035538757471,1.0292713042387378,0.01660188395584128,1.3575060590169368,0.9858822222741741
2026-02-19,2.8161925338208675,2.5845894813537598,0.3003419041633606,0.10642920434474945,2.9317076206207275,0.1420401983583987,-0.6945621817776959,0.932906524225444,0.6042734596257606,0.008683006813846816,0.7989475038336087,0.4799099147340624
2026-02-20,2.578112840652466,2.6227521896362305,0.29559972882270813,0.10379345715045929,2.861267328262329,0.14060305421841823,-0.7177687501397039,0.7319844361785113,0.6812038400463116,-0.018027589787876663,0.5461433647123402,0.5146339314961059
2026-02-23,2.753930985927582,2.766472339630127,0.32391440868377686,0.1040509045124054,2.8914051055908203,0.13948923825453013,-0.7484039022129201,0.8923001241291457,0.8170009350440122,0.00898205002593222,0.6076118879258603,0.5623468241177325
2026-02-24,2.6105458065867424,2.8177757263183594,0.3448163866996765,0.09656242281198502,2.8156912326812744,0.1388125500671036,-0.8124174922525618,0.7616383419812571,0.8396725180605769,-0.009027980773040678,0.2722335676380263,0.4029897475480433
2026-02-25,2.9623545557260513,2.940690279006958,0.36415407061576843,0.09647209942340851,2.8235929012298584,0.13816964007519025,-0.8322429978696935,1.1022135635776964,0.9512998028602353,0.01051859198350047,0.5119820999604765,0.4209823346509074
2026-02-26,3.152825303375721,2.966905117034912,0.37057217955589294,0.0930146872997284,2.782886505126953,0.1382476313864184,-0.8654271884079283,1.2490081076915045,0.9203199435988214,0.0005252391081712604,0.5457652894457068,0.2918843883080591
2026-02-27,2.882625535130501,2.9817252159118652,0.37293362617492676,0.0917317196726799,2.7515804767608643,0.13814255422804542,-0.8951177918978226,0.933910443021114,0.8982880267598663,-0.004730264109258253,0.14258758975290098,0.20877244726178645
2026-03-02,2.9806815683841705,3.1295571327209473,0.39325156807899475,0.08616867661476135,2.718022108078003,0.13816451675650637,-0.9786541935157971,0.9637008321592093,0.9582866079055927,-0.006815443827343337,-0.07713304408601562,0.04026353412120809
2026-03-03,2.8005218654870987,2.7933201789855957,0.38377463817596436,0.08359354734420776,2.6835575103759766,0.14133439667430214,-1.0151714857978158,0.5595361686528317,0.393774949988531,-0.01719932203784469,-0.438959669863328,-0.49968475519863675
2026-03-04,2.726137176156044,2.6173360347747803,0.3522129952907562,0.08441618084907532,2.6956605911254883,0.14334065820728134,-0.9342680656761193,0.32109033856514735,0.07805462290146092,-0.0336631612452607,-0.3170509326791575,-0.4853652527702419
2026-03-05,2.586298581212759,2.5917038917541504,0.3489343822002411,0.08582019060850143,2.7279248237609863,0.1438131309387358,-0.9147769548933142,0.10956129931482117,0.008266533079924976,-0.020175893947112833,-0.4223174751091143,-0.453008356052115
2026-03-06,2.450939502567053,2.3682327270507812,0.30611172318458557,0.08432331681251526,2.69815731048584,0.14594760434938017,-0.8633472587884095,-0.1802531583772522,-0.3584136551101684,-0.06027444700724105,-0.4742627611137187,-0.6118587696186717
2026-03-09,2.295300357043743,2.511280059814453,0.3014965355396271,0.06721173971891403,2.4655911922454834,0.15394840061026924,-0.8763383226387933,-0.8262869015790653,-0.7401967359129253,-0.11296190505017212,-0.9023849267582165,-0.8051677250538356
2026-03-10,2.0537353083491325,2.3735008239746094,0.2765713334083557,0.06639748066663742,2.5002832412719727,0.15595575720476834,-0.7783580481742802,-1.1904791812847018,-0.9855436182759405,-0.11287801294963784,-1.0117065273506425,-0.832719624004266
2026-03-11,2.1748164668679237,2.4047129154205322,0.2857879102230072,0.06446785479784012,2.4815804958343506,0.15601033216365132,-0.7634175371441472,-0.9855072179458828,-0.8971763093209759,-0.09134913474868978,-0.7884649887517075,-0.7289846174713719
2026-03-12,1.8260919116437435,2.2548255920410156,0.2668057978153229,0.06526695936918259,2.497926712036133,0.1566045185074431,-0.7059772578039385,-1.3260472815266375,-1.026034461279913,-0.08177824211902829,-1.0000757569980658,-0.7460682152975897
2026-03-13,1.737245935946703,1.901086688041687,0.11935413628816605,0.05819229409098625,2.6731460094451904,0.1603150437600699,-0.5287191477594941,-1.7950204662884088,-1.75970439626383,-0.17083575649307092,-1.1766497965638614,-1.2331800354465066
2026-03-16,1.7351436242461205,1.9083753824234009,0.11244131624698639,0.05931622534990311,2.6924736499786377,0.16063338436915178,-0.4957642362946628,-1.6018152083134094,-1.550743517438582,-0.14847446592223235,-0.9295206333014794,-0.9678097479814922
2026-03-17,1.540383730083704,1.7783839702606201,0.12702591717243195,0.05852194130420685,2.8150877952575684,0.162054064753679,-0.4048941763084477,-1.8185418727854579,-1.6696020469191333,-0.08520914930300405,-1.0325959239814106,-0.9787620656180396
2026-03-18,1.6115393303334713,1.7368042469024658,0.11626047641038895,0.06208265200257301,2.789771556854248,0.16184731542716782,-0.3986366799597021,-1.4563419179122477,-1.4344988312612932,-0.08749679865490378,-0.6380972863318295,-0.7122521758236271
2026-03-19,1.4344659186899662,1.5036391019821167,0.13583128154277802,0.06765953451395035,2.910482406616211,0.16332390149853626,-0.26857565925582394,-1.5975608143869144,-1.5739418152039564,-0.013505251480166347,-0.48265809537466864,-0.5775284832907377
2026-03-20,1.3009925782680511,1.4559863805770874,0.15386557579040527,0.06842553615570068,2.960635185241699,0.16551735995162487,-0.25050548364811576,-1.63940391757638,-1.5143414124275245,0.028658151627667827,-0.5708566440813119,-0.5504652657879601
2026-03-23,1.2066188268363476,1.232576608657837,0.2072458118200302,0.08341793715953827,3.209557056427002,0.16953621911682398,-0.05093730531363039,-1.6611905235023876,-1.5677761554264764,0.19216420455224448,-0.1010143863270796,-0.15813761241720625
2026-03-24,1.0838807597756386,1.217307209968567,0.2730555534362793,0.0779019370675087,3.373669385910034,0.1761683899279334,-0.008463805392132207,-1.711036208664738,-1.4904001359724326,0.28130027944453007,-0.5354382823396451,-0.4226263683484428
2026-03-25,1.2107670828700066,1.2094677686691284,0.2766202390193939,0.07732556015253067,3.381174325942993,0.17652923583131108,-0.003897121205767906,-1.2147447602120058,-1.1790101509507815,0.22574719792309694,-0.2791128032793402,-0.3318191460417861
2026-03-26,1.0919859185814857,1.2020560503005981,0.292672723531723,0.07828619331121445,3.4113011360168457,0.17709952828072037,-0.0009509705607610996,-1.1108005425485414,-0.959792134248278,0.2094513275879013,-0.3632314223487405,-0.28101597612381535
2026-03-27,1.289783351123333,1.1951168775558472,0.3426172137260437,0.083481565117836,3.528855562210083,0.17865410406150128,0.04685948155790087,-0.694405905525598,-0.7374075940044005,0.2572026416848958,-0.03522483778418173,-0.1391155955172565
2026-03-30,1.3622636161744595,1.2274961471557617,0.36812907457351685,0.08171436190605164,3.625476360321045,0.18121097055583993,0.0548979098426291,-0.505020717183374,-0.5763733126458792,0.25608996503283,-0.1364936077762624,-0.23988299363939647
2026-03-31,1.0844742581248283,1.1946520805358887,0.34463709592819214,0.07745420932769775,3.6034886837005615,0.18165990925600237,0.04444300122882827,-0.7238583717034899,-0.5551121774260281,0.18485493120572905,-0.4823848677947462,-0.33452888210868315
2026-04-01,1.2645492888987064,1.1593279838562012,0.4507811367511749,0.08319897204637527,3.8134331703186035,0.18688086072898116,0.12216427910520389,-0.3294264145061043,-0.350565912717816,0.31020927214885596,-0.197055730324724,-0.22930659681207866
2026-04-02,1.235795896500349,1.141493558883667,0.4749024212360382,0.07984670996665955,3.85512638092041,0.1869840208498019,0.12824673011423704,-0.256600850741064,-0.2719161754608841,0.29237962764861336,-0.28685615473796044,-0.2995543943897123
2026-04-06,1.1120526269078255,1.0409752130508423,0.40874817967414856,0.08492745459079742,3.759268045425415,0.18989960077597634,0.10914098161511243,-0.35007121071419545,-0.3233155460343,0.19785805620390462,-0.1722751443962549,-0.16039509137361563
2026-04-07,1.2224347852170467,1.0318049192428589,0.40070825815200806,0.084446020424366,3.762101650238037,0.189520847577532,0.11123932176791385,-0.16691499807168153,-0.2697836033582681,0.1691867814204401,-0.03432153476318911,-0.1479891632983259
2026-04-08,1.1115692853927612,1.0348694324493408,0.40130969882011414,0.0844607800245285,3.7801027297973633,0.18916484889742066,0.11383351777544504,-0.2131315330747119,-0.19614298961052556,0.15751148306780216,-0.1398410140379298,-0.12836733050501814
2026-04-09,1.2528747394680977,1.1076759099960327,0.4954198896884918,0.07890718430280685,3.9985103607177734,0.19649109554785443,0.15792634373675296,0.14654169769625458,0.09385972502523132,0.2583299634650411,-0.1831891198304625,-0.2132094175981034
2026-04-10,1.111063651740551,1.0994817018508911,0.4958704710006714,0.07927343249320984,4.001091003417969,0.19648674537739536,0.15769413183913883,0.047702528743252426,0.12405125529302286,0.23684813550514217,-0.24479863543271518,-0.15238809364426742
2026-04-13,1.2334431372582912,1.0946998596191406,0.49131259322166443,0.07989967614412308,4.0028157234191895,0.19672573385859657,0.1575099004721826,0.22982598628810713,0.16925041871508784,0.21934257817214436,-0.025775993949000986,-0.07382587634185822
2026-04-14,1.2322078496217728,1.0515530109405518,0.27199798822402954,0.08319995552301407,4.0074567794799805,0.1969802594943596,0.15277098222877028,0.23740456298339208,0.16153269883872312,-0.013054431522767862,0.04854662843171642,-0.015485726499668395
2026-04-15,1.356401264667511,1.1222890615463257,0.2929268777370453,0.08472184836864471,4.080469608306885,0.19807058446373857,0.17760531431024995,0.5001702085468738,0.37905295736647737,0.020470129374012935,0.3119191226971103,0.19606504040184536
2026-04-16,1.4803816378116608,1.1242636442184448,0.29176726937294006,0.08475901186466217,4.087635517120361,0.19822268342755334,0.17971865157285705,0.5966854511732658,0.36525771345855507,0.018329725939594366,0.42735295567905673,0.20148569204045597
2026-04-17,1.5447563380002975,1.1962738037109375,0.29278597235679626,0.08455949276685715,4.132321834564209,0.19558495203895457,0.19875839513540905,0.8059107410044923,0.5797576447532498,0.03702435559832373,0.5885821694490119,0.37151407904041944
2026-04-20,1.4806040972471237,1.3343487977981567,0.36253803968429565,0.08070268481969833,4.287900924682617,0.1987461948289133,0.23071207121556114,1.024780208581646,0.9976216211103495,0.13041573134170903,0.6161180509613322,0.6098182592342378
2026-04-21,1.6742941290140152,1.3192707300186157,0.3636079728603363,0.08160857856273651,4.28616189956665,0.19848287525791003,0.23380139511612197,1.1213846084097128,0.8909000706759755,0.1164501515858456,0.7518408770533132,0.5395205000948948
2026-04-22,1.769610419869423,1.4541642665863037,0.3981359302997589,0.08302855491638184,4.405641078948975,0.19945034186591853,0.2643120778605311,1.3375345459625532,1.1700090249984028,0.15612849060982104,0.8824463883763798,0.7434805179155979
2026-04-23,1.7660144865512848,1.4320701360702515,0.39188089966773987,0.0828867107629776,4.379329204559326,0.19966042739803277,0.25384048080772914,1.1627122729469335,0.9939822138809022,0.1284047471694721,0.7408851540239718,0.6010691457064921
