,price,ret_asset,score,zscore,pos,lev,turnover,fees,ret_strategy,equity_strategy,ret_buyhold,equity_buyhold,ret_voltarget,equity_voltarget
2011-04-29,104.53645324707031,0.0,-0.5194409303138912,,0.0,0.0,0.0,0.0,0.0,1.0,0.0,1.0,0.0,1.0
2011-05-02,104.37556457519531,-0.0015390676350454102,-7.718443215484431,,0.0,0.0,0.0,0.0,-0.0,1.0,-0.0015390676350454102,0.9984609323649546,-0.0,1.0
2011-05-03,104.00011444091797,-0.003597107577864689,-4.888482370178558,,0.0,2.0,0.0,0.0,-0.0,1.0,-0.003597107577864689,0.9948693609789427,-0.007194215155729378,0.9928057848442706
2011-05-04,103.31047821044922,-0.0066311103038307895,-3.4177816173155193,,0.0,2.0,0.0,0.0,-0.0,1.0,-0.0066311103038307895,0.9882722725083897,-0.013262220607661579,0.9796389755051033
2011-05-05,102.3757095336914,-0.009048149741922917,-1.3990889645239637,,0.0,2.0,0.0,0.0,-0.0,1.0,-0.009048149741922917,0.9793302370009433,-0.018096299483845835,0.961911135218315
2011-05-06,102.82777404785156,0.00441573998577649,-2.469992971751598,,0.0,1.7798413982632966,0.0,0.0,0.0,1.0,0.00441573998577649,0.9836547046877484,0.007859316830651577,0.9694710995929274
2011-05-09,103.22621154785156,0.003874804289885514,-0.6358092657087759,,0.0,1.6988656165248448,0.0,0.0,0.0,1.0,0.003874804289885514,0.9874661741572386,0.006582771778849467,0.9758529065877378
2011-05-10,104.10736846923828,0.008536174176829503,0.5358688823616902,,0.0,1.7082028827632503,0.0,0.0,0.0,1.0,0.008536174176829503,0.9958953574135723,0.014581517336629372,0.990082322663147
2011-05-11,103.01167297363281,-0.010524668058718878,-0.34937172557549445,,0.0,1.4603437476146628,0.0,0.0,-0.0,1.0,-0.010524668058718878,0.9854138893555753,-0.015369633195269863,0.9748651205306936
2011-05-12,103.5020523071289,0.004760424904676652,1.367249678737771,,0.0,1.263193407784498,0.0,0.0,0.0,1.0,0.004760424904676652,0.9901048781758779,0.006013337357840694,0.9807273133788367
2011-05-13,102.70516204833984,-0.007699270120986479,0.6512846363123117,,0.0,1.288276731178928,0.0,0.0,-0.0,1.0,-0.007699270120986479,0.9824817932706954,-0.00991879054392805,0.9709996845767227
2011-05-16,102.0539321899414,-0.006340770467719303,0.2958390535530384,,0.0,1.264164791549197,0.0,0.0,-0.0,1.0,-0.006340770467719303,0.9762521017308526,-0.008015778776585677,0.9632163659130213
2011-05-17,102.03854370117188,-0.0001507878083608638,-0.08033883447762946,,0.0,1.2902278263818496,0.0,0.0,-0.0,1.0,-0.0001507878083608638,0.9761048948160249,-0.0001945506262263202,0.9630289715658414
2011-05-18,102.95039367675781,0.008936328788230918,0.08417964093461805,,0.0,1.3673015610073942,0.0,0.0,0.0,1.0,0.008936328788230918,0.9848276890879025,0.01221865630182345,0.9747958915781029
2011-05-19,103.19557189941406,0.0023815180680712977,2.6638550950009545,,0.0,1.2319202314715545,0.0,0.0,0.0,1.0,0.0023815180680712977,0.9871730740234023,0.0029338402896720824,0.9776557870390216
2011-05-20,102.3757095336914,-0.007944743661305376,2.6870094951734416,,0.0,1.2899725145993113,0.0,0.0,-0.0,1.0,-0.007944743661305376,0.9793302370009435,-0.010248500958621034,0.9676362807683507
2011-05-23,101.18804931640625,-0.011600996200122116,1.5404648904310392,,0.0,1.2512829510351742,0.0,0.0,-0.0,1.0,-0.011600996200122116,0.9679690306428308,-0.014516128760236642,0.9535899479236408
2011-05-24,101.10376739501953,-0.0008329236699007314,-1.4442683925567295,,0.0,1.1456414093541463,0.0,0.0,-0.0,1.0,-0.0008329236699007314,0.9671627863254775,-0.0009542318470695016,0.9526800020262867
2011-05-25,101.44087982177734,0.003334321118229955,-1.1376048557819587,,0.0,1.2073427538667894,0.0,0.0,0.0,1.0,0.003334321118229955,0.9703876176286886,0.004025668441159946,0.956515175844968
2011-05-26,101.90827941894531,0.004607605907885892,0.618557529833943,,0.0,1.2308111800278845,0.0,0.0,0.0,1.0,0.004607605907885892,0.9748587813486139,0.005671092864588487,0.961939662233573
2011-05-27,102.29907989501953,0.0038348255735694003,0.9178656788731985,,0.0,1.2390456070782656,0.0,0.0,0.0,1.0,0.0038348255735694003,0.9785971947339482,0.004751523780842556,0.9665103414144115
2011-05-31,103.3641128540039,0.010410973002663582,2.5173214666986112,,0.0,1.268938693710084,0.0,0.0,0.0,1.0,0.010410973002663582,0.9887853437088057,0.013210886482250876,0.9792787998187589
2011-06-01,101.04246520996094,-0.02246086750942433,2.230076308410311,,0.0,1.1580683144717092,0.0,0.0,-0.0,1.0,-0.02246086750942433,0.9665763671085016,-0.026011218978211414,0.953806564515953
2011-06-02,100.9351577758789,-0.0010620033256221184,0.010238972176736638,,0.0,0.8071928174350894,0.0,0.0,-0.0,1.0,-0.0010620033256221184,0.9655498597921646,-0.0008572414565343524,0.9529889219873354
2011-06-03,99.93144226074219,-0.009944161551373565,1.7643908829123731,,0.0,0.8494696759181682,0.0,0.0,-0.0,1.0,-0.009944161551373565,0.9559482760004852,-0.008447263690323212,0.9449387732693515
2011-06-06,98.8740463256836,-0.010581213591410288,1.3430309656200166,,0.0,0.8554095717315441,0.0,0.0,-0.0,1.0,-0.010581213591410288,0.9458331831097836,-0.009051271386628267,0.936385875988743
2011-06-07,98.8127212524414,-0.0006202342831220786,4.0813808646326635,,0.0,0.8622690936135665,0.0,0.0,-0.0,1.0,-0.0006202342831220786,0.9452465449435045,-0.0005348088531357349,0.935885088532313
2011-06-08,98.39896392822266,-0.004187288022983404,4.070156304369412,,0.0,0.9035391210965487,0.0,0.0,-0.0,1.0,-0.004187288022983404,0.9412885254070961,-0.00378337854006453,0.9323442809723935
2011-06-09,99.14987182617188,0.007631258175614164,3.2493517588635044,,0.0,0.9491219981306672,0.0,0.0,0.0,1.0,0.007631258175614164,0.9484717411622208,0.007242995007889905,0.9390972459451112
2011-06-10,97.77068328857422,-0.013910139389949339,2.337961400396132,,0.0,0.9197049921600781,0.0,0.0,-0.0,1.0,-0.013910139389949339,0.9352783670352264,-0.012793224638578949,0.9270831639202647
2011-06-13,97.84729766845703,0.0007836130147180764,4.143336446322259,,0.0,0.8781953824180423,0.0,0.0,0.0,1.0,0.0007836130147180764,0.9360112633360195,0.0006881653311280961,0.9277211504127472
2011-06-14,99.08857727050781,0.012685885370658845,4.440201265585969,,0.0,0.9142524013564154,0.0,0.0,0.0,1.0,0.012685885370658845,0.9478853949283458,0.011598101163457069,0.9384809541667131
2011-06-15,97.32624816894531,-0.01778539111275579,2.958842541540001,,0.0,0.8277512686147482,0.0,0.0,-0.0,1.0,-0.01778539111275579,0.9310268824494762,-0.014721880056393072,0.9246647501242614
2011-06-16,97.54081726074219,0.002204637452215552,0.7985858406874868,,0.0,0.7549515638466541,0.0,0.0,0.0,1.0,0.002204637452215552,0.9330794591835437,0.001664394492265034,0.9262037570415598
2011-06-17,97.83186340332031,0.002983839491524032,0.384489911436674,,0.0,0.7839301808266442,0.0,0.0,0.0,1.0,0.002983839491524032,0.9358636185225855,0.0023391218321481165,0.9283702604706732
2011-06-20,98.33238983154297,0.005116190275955335,0.08213284714784663,,0.0,0.8118904762549775,0.0,0.0,0.0,1.0,0.005116190275955335,0.9406516748672911,0.004153786159756461,0.9322265120097458
2011-06-21,99.67991638183594,0.013703791320453629,0.9085209941994137,,0.0,0.8306824478995225,0.0,0.0,0.0,1.0,0.013703791320453629,0.9535421691249076,0.01138349891957865,0.9428385115020114
2011-06-22,99.07935333251953,-0.006024915259919328,0.6328177392550174,,0.0,0.7755013617703226,0.0,0.0,-0.0,1.0,-0.006024915259919328,0.9477971583591704,-0.004672329988618236,0.9384332588502964
2011-06-23,98.79439544677734,-0.002876057182022995,0.3861432744860096,,0.0,0.7989685074556541,0.0,0.0,-0.0,1.0,-0.002876057182022995,0.9450712395347706,-0.002297879114078027,0.9362768526648282
2011-06-24,97.64707946777344,-0.011613168680423724,-0.04050253640822632,,0.0,0.8370442579732309,0.0,0.0,-0.0,1.0,-0.011613168680423724,0.9340959678150361,-0.00972073616082324,0.9271755524065874
2011-06-27,98.5172119140625,0.008910993047940963,-0.06643552927467766,,0.0,0.8209117782203074,0.0,0.0,0.0,1.0,0.008910993047940963,0.9424196904903456,0.007315139148694012,0.9339579705877089
2011-06-28,99.80315399169922,0.013052968640225648,-0.4183293757308917,,0.0,0.8112499306798616,0.0,0.0,0.0,1.0,0.013052968640225648,0.9547210651562472,0.010589219904549465,0.9438478569198688
2011-06-29,100.6578598022461,0.008563915831938163,-1.4240088392194679,,0.0,0.7732652082200018,0.0,0.0,0.0,1.0,0.008563915831938163,0.9628972160012237,0.006622178158962233,0.9500981855833468
2011-06-30,101.62039947509766,0.009562488957569615,-1.7368775175166036,,0.0,0.7875814538771881,0.0,0.0,0.0,1.0,0.009562488957569615,0.9721049099965099,0.007531238955887235,0.9572536020505299
2011-07-01,103.1219482421875,0.014776056528470916,-1.6730357442615116,,0.0,0.7996327380382688,0.0,0.0,0.0,1.0,0.014776056528470916,0.9864687870982225,0.011815418539269436,0.9685639540069801
2011-07-05,103.03726196289062,-0.0008212245864283041,-1.537295345402299,,0.0,0.7746674534450664,0.0,0.0,-0.0,1.0,-0.0008212245864283041,0.9856586746765134,-0.0006361759590748922,0.9679477769046143
2011-07-06,103.16046142578125,0.0011956787335343222,-0.6505132438055767,,0.0,0.8069309228041802,0.0,0.0,0.0,1.0,0.0011956787335343222,0.9868372057923477,0.0009648301438281841,0.9688816820974233
2011-07-07,104.23076629638672,0.010375146212151298,0.06456402988531806,,0.0,0.8467937997125268,0.0,0.0,0.0,1.0,0.010375146212151298,0.9970757860900341,0.008785609483560627,0.9773938981921065
2011-07-08,103.4915542602539,-0.00709207139503143,0.22365158330282497,,0.0,0.8598995475696056,0.0,0.0,-0.0,1.0,-0.00709207139503143,0.9900044534288265,-0.006098468983918868,0.9714332918189105
2011-07-11,101.62039947509766,-0.0180802655688288,-0.07298068521041046,,0.0,0.8442649207523428,0.0,0.0,-0.0,1.0,-0.0180802655688288,0.9721049099965101,-0.015264533977648561,0.9566048153289217
2011-07-12,101.18146514892578,-0.004319352496537254,-1.4903927677926845,,0.0,0.7173439571995143,0.0,0.0,-0.0,1.0,-0.004319352496537254,0.9679060462266206,-0.003098461412405635,0.9536408122217036
2011-07-13,101.5202865600586,0.003348650967191613,-1.2685884189640433,,0.0,0.746171575819434,0.0,0.0,0.0,1.0,0.003348650967191613,0.971147225744468,0.002498668169058638,0.9560236441639172
2011-07-14,100.81957244873047,-0.006902207776113722,-2.207189728955015,,0.0,0.780447176020994,0.0,0.0,-0.0,1.0,-0.006902207776113722,0.9644441658111833,-0.0053868085671780995,0.9508737278071101
2011-07-15,101.40477752685547,0.005804478871625829,0.389090428337866,,0.0,0.7980305536580402,0.0,0.0,0.0,1.0,0.005804478871625829,0.9700422615944971,0.004632151487619957,0.9552783189599106
2011-07-18,100.57316589355469,-0.008200911767500707,0.5908440263542971,,0.0,0.8221064272969952,0.0,0.0,-0.0,1.0,-0.008200911767500707,0.9620870305964139,-0.0067420222737578925,0.9488378112558449
2011-07-19,102.20562744140625,0.01623158158886384,1.1155841091786272,,0.0,0.8295497811462424,0.0,0.0,0.0,1.0,0.01623158158886384,0.9777032247291273,0.013464904954699378,0.9616138222018298
2011-07-20,102.14403533935547,-0.0006026292640891606,3.8420320875190868,,0.0,0.7537704508045121,0.0,0.0,-0.0,1.0,-0.0006026292640891606,0.9771140321543111,-0.000454244132060478,0.9611770147657863
2011-07-21,103.56084442138672,0.013870698150157734,3.584383282054901,,0.0,0.7913380714302284,0.0,0.0,0.0,1.0,0.013870698150157734,0.9906672859526071,0.010976411523536659,0.9717272892268201
2011-07-22,103.63013458251953,0.0006690768264776548,2.2527605673156117,,0.0,0.7644701629455951,0.0,0.0,0.0,1.0,0.0006690768264776548,0.9913301184763875,0.0005114892705604944,0.9722243173091704
2011-07-25,103.05264282226562,-0.00557262385676105,2.8874971166369647,,0.0,0.8027957354385666,0.0,0.0,-0.0,1.0,-0.00557262385676105,0.9858058086082403,-0.0044736786674109885,0.9678748981208861
2011-07-26,102.66761779785156,-0.0037361974799434705,3.3995747752909296,,0.0,0.8178245641610992,0.0,0.0,-0.0,1.0,-0.0037361974799434705,0.9821226434304046,-0.0030555540756545658,0.964917504031209
2011-07-27,100.56546783447266,-0.02047529696771533,3.2009204836800507,,0.0,0.8473335041472612,0.0,0.0,-0.0,1.0,-0.02047529696771533,0.9620133906474494,-0.01734940512811002,0.9481767593385668
2011-07-28,100.27285766601562,-0.0029096485578793407,5.007720309710798,,0.0,0.7107967107490614,0.0,0.0,-0.0,1.0,-0.0029096485578793407,0.9592142697726914,-0.0020681686243763852,0.9462157699145399
2011-07-29,99.5875244140625,-0.006834683561485866,4.536657202164513,,0.0,0.7463250236464403,0.0,0.0,-0.0,1.0,-0.006834683561485866,0.9526583437711333,-0.005100895370641875,0.9413892222741546
2011-08-01,99.16400146484375,-0.0042527711348445685,4.039575060067833,,0.0,0.7734537874989774,0.0,0.0,-0.0,1.0,-0.0042527711348445685,0.9486069058653747,-0.0032893219416118558,0.9382926900497313
2011-08-02,96.6306381225586,-0.025547207705039043,4.830262494186513,,0.0,0.8107884791380772,0.0,0.0,-0.0,1.0,-0.025547207705039043,0.9243726482107976,-0.020713381681393174,0.91885747543187
2011-08-03,97.15421295166016,0.005418310789146341,0.8920868860694284,,0.0,0.6670669542428097,0.0,0.0,0.0,1.0,0.005418310789146341,0.9293811865037899,0.0036143760752568046,0.9221785719076417
2011-08-04,92.6033935546875,-0.046841194619495874,-0.10695364930045059,,0.0,0.676535263687827,0.0,0.0,-0.0,1.0,-0.046841194619495874,0.8858478614710679,-0.031689719953353464,0.8929549912169051
2011-08-05,92.46479034423828,-0.0014967400775368622,-0.11400954753917603,,0.0,0.44860293170375537,0.0,0.0,-0.0,1.0,-0.0014967400775368622,0.8845219774742038,-0.0006714419867815425,0.892355423743496
2011-08-08,86.44318389892578,-0.06512323688719335,0.9522572759449872,,0.0,0.46859388654338735,0.0,0.0,-0.0,1.0,-0.06512323688719335,0.8269190432032225,-0.030516350677255617,0.8651239927037884
2011-08-09,90.46272277832031,0.046499199799193036,3.0527760474592824,,0.0,0.3246753871417828,0.0,0.0,0.0,1.0,0.046499199799193036,0.8653701170108867,0.015097145696586108,0.8781848956672497
2011-08-10,86.46627807617188,-0.044177806939790676,5.238676760833549,,0.0,0.26620278597448016,0.0,0.0,-0.0,1.0,-0.044177806939790676,0.8271399630501157,-0.011760255285615001,0.8678572171062316
2011-08-11,90.34719848632812,0.04488362973987825,0.33045021612667824,,0.0,0.2584256976711954,0.0,0.0,0.0,1.0,0.04488362973987825,0.8642650068947136,0.01159908332954365,0.8779235652855927
2011-08-12,90.9555435180664,0.0067334133424219456,-4.4400808548782855,,0.0,0.2330802508005814,0.0,0.0,0.0,1.0,0.0067334133424219456,0.8700844604235269,0.001569425670595688,0.8793014010657727
2011-08-15,92.880615234375,0.0211649740285067,-2.484712945367864,,0.0,0.2434005313369531,0.0,0.0,0.0,1.0,0.0211649740285067,0.8884997754309981,0.005151565924271344,0.8838311802006672
2011-08-16,92.08745574951172,-0.008539558904318456,-1.2671232747191965,,0.0,0.24783674312029536,0.0,0.0,-0.0,1.0,-0.008539558904318456,0.8809123792622314,-0.002116416466530204,0.8819606253372577
2011-08-17,92.14908599853516,0.0006692578106519687,-0.9494345218879694,,0.0,0.2598893109879485,0.0,0.0,0.0,1.0,0.0006692578106519687,0.8815019367525527,0.00017393295128364302,0.8821140273517385
2011-08-18,88.17575073242188,-0.04311855319081992,-0.6693173674127628,,0.0,0.2730829454194922,0.0,0.0,-0.0,1.0,-0.04311855319081992,0.843492848604877,-0.011774941507576147,0.8717271862766593
2011-08-19,86.73580932617188,-0.016330356070566876,-1.1169860503177986,,0.0,0.2598160990663682,0.0,0.0,-0.0,1.0,-0.016330356070566876,0.8297183100441826,-0.004242889410619471,0.8680285442290571
2011-08-22,86.80513000488281,0.0007992163703720578,-1.1743551756703674,,0.0,0.27141611970967716,0.0,0.0,0.0,1.0,0.0007992163703720578,0.8303814345003674,0.00021692020605483612,0.8682168371597327
2011-08-23,89.6618881225586,0.03291001485183065,-0.8905741232702553,,0.0,0.284250930051786,0.0,0.0,0.0,1.0,0.03291001485183065,0.8577092998424589,0.009354702329650952,0.8763387472289531
2011-08-24,90.92469024658203,0.014084045634833453,-2.6265930771247135,,0.0,0.2709242509479897,0.0,0.0,0.0,1.0,0.014084045634833453,0.8697893167628612,0.0038157095139345577,0.8796826013241842
2011-08-25,89.53868103027344,-0.015243485708335336,-1.7750596804845138,,0.0,0.2799344720576168,0.0,0.0,-0.0,1.0,-0.015243485708335336,0.8565306957435238,-0.004267177124080679,0.8759288398513618
2011-08-26,90.84004974365234,0.014534151032880471,-1.698248155352175,,0.0,0.29021632060864455,0.0,0.0,0.0,1.0,0.014534151032880471,0.8689796422397583,0.004218047835932901,0.879623549598728
2011-08-29,93.45040893554688,0.028735774575871398,-0.1648704624120647,,0.0,0.2989470137835542,0.0,0.0,0.0,1.0,0.028735774575871398,0.8939504453501814,0.008590473998214134,0.8871799328297727
2011-08-30,93.69679260253906,0.002636517804455174,0.36648381709478883,,0.0,0.29494759742653603,0.0,0.0,0.0,1.0,0.002636517804455174,0.8963073616156478,0.0007776345919963393,0.8878698346348661
2011-08-31,94.11263275146484,0.004438147105950252,0.9124183436618019,,0.0,0.31007707843332183,0.0,0.0,0.0,1.0,0.004438147105950252,0.9002853055386443,0.0013761676882703565,0.8890916924126806
2011-09-01,93.12702178955078,-0.010472674423176453,0.745794389924086,,0.0,0.3258498847670178,0.0,0.0,-0.0,1.0,-0.010472674423176453,0.8908569106457681,-0.0034125197539945423,0.8860576494492098
2011-09-02,90.74761962890625,-0.025550072523757072,0.7606891542971255,,0.0,0.33739939629472365,0.0,0.0,-0.0,1.0,-0.025550072523757072,0.8680954519704785,-0.008620579044802042,0.8784193194438814
2011-09-06,90.08538055419922,-0.007297591687970728,0.09206321626473724,,0.0,0.3318296121899681,0.0,0.0,-0.0,1.0,-0.007297591687970728,0.8617604458158136,-0.0024215570197400615,0.8762921769746067
2011-09-07,92.6264877319336,0.02820776425765925,-0.41643866889278414,,0.0,0.3476784125317876,0.0,0.0,0.0,1.0,0.02820776425765925,0.8860687813179614,0.009807230698173866,0.8848861765132016
2011-09-08,91.66394805908203,-0.010391624430769797,-1.2106023737583769,,0.0,0.3346991543917234,0.0,0.0,-0.0,1.0,-0.010391624430769797,0.8768610873226752,-0.0034780679097350248,0.8818084822989029
2011-09-09,89.261474609375,-0.026209578581085302,-1.2683560889566436,,0.0,0.34751781773900253,0.0,0.0,-0.0,1.0,-0.026209578581085302,0.8538789277497957,-0.009108295552357667,0.8737767100215484
2011-09-12,89.83898162841797,0.006469835072412167,-0.2634298972867839,,0.0,0.34158535407003476,0.0,0.0,0.0,1.0,0.006469835072412167,0.859403383584145,0.002210000903984639,0.8757077573405768
2011-09-13,90.66293334960938,0.009171427661539333,-0.22597445871175026,,0.0,0.3561126110939004,0.0,0.0,0.0,1.0,0.009171427661539333,0.8672853395487692,0.003266061052009597,0.8785678723397696
2011-09-14,91.9180679321289,0.013843966173910927,-0.046122733587750986,,0.0,0.3695091628011382,0.0,0.0,0.0,1.0,0.013843966173910927,0.8792920084526112,0.005115472350769103,0.8830621619989978
2011-09-15,93.50434112548828,0.01725746884204149,-0.15105734043715913,,0.0,0.37896690393231297,0.0,0.0,0.0,1.0,0.01725746884204149,0.8944663628915382,0.006540009536776822,0.888837396960038
2011-09-16,94.0577392578125,0.005918421815106267,-0.3873295405468049,,0.0,0.3852827969362894,0.0,0.0,0.0,1.0,0.005918421815106267,0.8997601921265543,0.0022802661103728935,0.8908641827539581
2011-09-19,93.12117767333984,-0.009957304862554084,-0.36719459951796907,,0.0,0.4043456139568472,0.0,0.0,-0.0,1.0,-0.009957304862554084,0.89080100559036,-0.004026192548004931,0.8872773920200695
2011-09-20,93.0128402709961,-0.0011634024080299232,-0.1769105060248073,,0.0,0.4157964484280914,0.0,0.0,-0.0,1.0,-0.0011634024080299232,0.8897646455553807,-0.0004837385893515313,0.8868481817060901
2011-09-21,90.27281951904297,-0.02945852146832606,-0.4577121215355078,,0.0,0.4366969012505291,0.0,0.0,-0.0,1.0,-0.02945852146832606,0.86355349464253,-0.012864445040640177,0.8754393720131405
2011-09-22,87.35482788085938,-0.032324144230014284,-0.43639276001769645,,0.0,0.4005674045101978,0.0,0.0,-0.0,1.0,-0.032324144230014284,0.8356398669313719,-0.012947998557230108,0.8641041842873719
2011-09-23,87.88115692138672,0.00602518547967601,0.22098516104138355,,0.0,0.3747171526403145,0.0,0.0,0.0,1.0,0.00602518547967601,0.8406747521238452,0.002257740347073962,0.866055107168313
2011-09-26,89.97096252441406,0.023779905456829065,0.7322069057208829,,0.0,0.3885119220436013,0.0,0.0,0.0,1.0,0.023779905456829065,0.8606659182492935,0.009238776775047784,0.874056396978331
2011-09-27,90.97716522216797,0.011183638248627892,0.5890733878207577,,0.0,0.3729789827574641,0.0,0.0,0.0,1.0,0.011183638248627892,0.8702912945319168,0.004171262017500698,0.8777023152282003
2011-09-28,89.11954498291016,-0.020418532878238915,0.512868487035913,,0.0,0.38516146353976605,0.0,0.0,-0.0,1.0,-0.020418532878238915,0.8525212231208718,-0.007864432006717333,0.8707996850479497
2011-09-29,89.82389068603516,0.007903380826956186,3.373788474338916,,0.0,0.38436362074265706,0.0,0.0,0.0,1.0,0.007903380826956186,0.8592590230102585,0.0030377720707569747,0.8734449760104124
2011-09-30,87.57928466796875,-0.02498896452740018,3.069906272211661,,0.0,0.3992154662008488,0.0,0.0,-0.0,1.0,-0.02498896452740018,0.8377870297644066,-0.009975981123682537,0.8647315054171572
2011-10-03,85.08697509765625,-0.028457752078717702,2.641997440837134,,0.0,0.3893130348075829,0.0,0.0,-0.0,1.0,-0.028457752078717702,0.8139454941766058,-0.01107897382556739,0.855151167702497
2011-10-04,86.95231628417969,0.021922758264499853,2.1837218092217476,,0.0,0.37844209401044526,0.0,0.0,0.0,1.0,0.021922758264499853,0.8317894244859184,0.008296494544102119,0.8622459246997234
2011-10-05,88.56224822998047,0.018515112818146884,1.1663852811867486,,0.0,0.36466277522334456,0.0,0.0,0.0,1.0,0.018515112818146884,0.8471900995212167,0.006751772423838762,0.8680676129566784
2011-10-06,90.1644515991211,0.018091268019528872,1.4520039186167608,,0.0,0.3642440787979553,0.0,0.0,0.0,1.0,0.018091268019528872,0.8625168426751464,0.006589637254060203,0.8737878636380608
2011-10-07,89.56072235107422,-0.006695867798665378,1.3469963929132085,,0.0,0.36775659396308125,0.0,0.0,-0.0,1.0,-0.006695867798665378,0.8567415439224714,-0.002462449535264254,0.8716362051193258
2011-10-10,92.55616760253906,0.03344597020692652,1.0669927992668313,,0.0,0.384023503390399,0.0,0.0,0.0,1.0,0.03344597020692652,0.8853960960755386,0.012844038653154831,0.8828315342293676
2011-10-11,92.64901733398438,0.001003171737231412,2.0772570259355945,,0.0,0.35591740384506637,0.0,0.0,0.0,1.0,0.001003171737231412,0.8862843004153766,0.00035704628032614925,0.8831467459448188
2011-10-12,93.46175384521484,0.00877220864956052,1.6236059119995403,,0.0,0.3739569619348524,0.0,0.0,0.0,1.0,0.00877220864956052,0.8940589712214501,0.0032804284960482864,0.8860438456964086
2011-10-13,93.27599334716797,-0.001987556304095417,0.9653425035285217,,0.0,0.39160708159974145,0.0,0.0,-0.0,1.0,-0.001987556304095417,0.8922819786769658,-0.0007783411237619745,0.8853542013338469
2011-10-14,94.87046813964844,0.017094160407876036,0.9393751957878997,,0.0,0.40995626519299194,0.0,0.0,0.0,1.0,0.017094160407876036,0.9075347899495269,0.0070078581574227715,0.8915586379958728
2011-10-17,93.05924224853516,-0.019091566918876923,1.0849239019709955,,0.0,0.4190785966492,0.0,0.0,-0.0,1.0,-0.019091566918876923,0.8902085287759965,-0.008000867072197233,0.8844253958461985
2011-10-18,94.878173828125,0.019545953047113596,1.0544919342462364,,0.0,0.40721058907817437,0.0,0.0,0.0,1.0,0.019545953047113596,0.9076085028815922,0.007959319054409464,0.8914648197515607
2011-10-19,93.7558822631836,-0.011828764400276914,1.0376724894911895,,0.0,0.41051632869330884,0.0,0.0,-0.0,1.0,-0.011828764400276914,0.8968726157333178,-0.004855900934579788,0.887135954900184
2011-10-20,94.16609954833984,0.004375376512427476,1.164082267227517,,0.0,0.4167016778991461,0.0,0.0,0.0,1.0,0.004375376512427476,0.9007967711108368,0.001823226734169043,0.8887534048900008
2011-10-21,95.9540786743164,0.01898750330057708,0.8552187048815405,,0.0,0.43781347254667985,0.0,0.0,0.0,1.0,0.01898750330057708,0.917900652775453,0.008312984755017197,0.896141598395821
2011-10-24,97.13055419921875,0.012260818311804034,1.043444252468543,,0.0,0.44069510201117285,0.0,0.0,0.0,1.0,0.012260818311804034,0.9291548659074191,0.005403282576660935,0.9009837046806543
2011-10-25,95.2419662475586,-0.019443809079752405,1.307975975926678,,0.0,0.45816019898526816,0.0,0.0,-0.0,1.0,-0.019443809079752405,0.9110885560891924,-0.008908379437010927,0.8929573999727952
2011-10-26,96.20948791503906,0.010158564607597675,1.0712225151208754,,0.0,0.4364259529318836,0.0,0.0,0.0,1.0,0.010158564607597675,0.9203439080494673,0.004433461239290922,0.8969162919939125
2011-10-27,99.56092834472656,0.03483482245168057,0.9364846970391429,0.17983426042152542,0.0,0.4544737654820758,0.0,0.0,0.0,1.0,0.03483482245168057,0.9524039246808563,0.015831512929514825,0.9111158338673067
2011-10-28,99.53773498535156,-0.00023295643944476474,-0.020996278012266778,-0.29845494824628643,0.0,0.4096403699274036,0.0,0.0,-0.0,1.0,-0.00023295643944476474,0.9521820560536495,-9.542836203112423e-05,0.91102888757566
2011-10-31,97.13831329345703,-0.024105648900365706,-0.31635263458159635,-0.5097150883194411,0.0,0.4279808005158693,0.0,0.0,-0.0,1.0,-0.024105648900365706,0.9292290897211919,-0.010316754913332999,0.9016300258235755
2011-11-01,94.42926788330078,-0.027888536647451945,-0.11284852750523555,-0.4357924958150816,0.0,0.3969145592302095,0.0,0.0,-0.0,1.0,-0.027888536647451945,0.903314250198624,-0.011069366230998934,0.8916495528628693
2011-11-02,95.96953582763672,0.01631134052886507,0.8191587052237166,0.06278534203910667,0.0,0.37159737471878856,0.0,0.0,0.0,1.0,0.01631134052886507,0.9180485165381902,0.0060612513186704365,0.8970540648909512
2011-11-03,97.7187728881836,0.0182270034491836,1.1794454096361688,0.2561414335713747,0.0,0.37853322908378395,0.0,0.0,0.0,1.0,0.0182270034491836,0.9347817900156496,0.006899526472140735,0.9032433131586077
2011-11-04,97.122802734375,-0.006098829694582308,1.3820010517601071,0.3585008640587883,0.0,0.3846240073227125,0.0,0.0,-0.0,1.0,-0.006098829694582308,0.9290807150767474,-0.0023457563171090023,0.9011245244508794
2011-11-07,97.72654724121094,0.00621630029033593,1.6435921283153583,0.4996205686106432,0.0,0.4000191981098618,0.0,0.0,0.0,1.0,0.00621630029033593,0.9348561597956245,0.0024866394573502797,0.9033652962493649
2011-11-08,98.98041534423828,0.012830373510818172,1.4007842930558594,0.3554638757889712,0.0,0.41959632181461337,0.0,0.0,0.0,1.0,0.012830373510818172,0.9468507135046915,0.005383577532646952,0.908228633362026
2011-11-09,95.3271255493164,-0.03690921867943586,1.0099537322737895,0.12444904110689253,0.0,0.43414044910913474,0.0,0.0,-0.0,1.0,-0.03690921867943586,0.911903193463167,-0.01602378477375755,0.8936753732156689
2011-11-10,96.22496795654297,0.009418540652021079,1.421483551242095,0.36153147141925485,0.0,0.36761762238816603,0.0,0.0,0.0,1.0,0.009418540652021079,0.9204919907615077,0.0034624215208622763,0.8967696540605555
2011-11-11,98.03617095947266,0.018822588787430483,1.2834033047944873,0.2789103385046826,0.0,0.3822285524971706,0.0,0.0,0.0,1.0,0.018822588787430483,0.9378180329857347,0.007194530866469027,0.9032214910168068
2011-11-14,97.10734558105469,-0.009474313096152431,1.5726853218764338,0.4398423162877297,0.0,0.38580830723857484,0.0,0.0,-0.0,1.0,-0.009474313096152431,0.92893285131401,-0.0036552686978748306,0.8999199737734452
2011-11-15,97.58720397949219,0.004941525232372568,1.7638477271963113,0.5417926401758054,0.0,0.3983851526676465,0.0,0.0,0.0,1.0,0.004941525232372568,0.933523196437958,0.001968630284109773,0.9016915834870909
2011-11-16,96.0391845703125,-0.015862934340295287,1.4652835514078815,0.3632481145362928,0.0,0.4180290320083271,0.0,0.0,-0.0,1.0,-0.015862934340295287,0.91871477926772,-0.00663116708708529,0.8957123159359694
2011-11-17,94.51439666748047,-0.015876726876160596,1.5259322843218541,0.4049217486178943,0.0,0.42029975185637863,0.0,0.0,-0.0,1.0,-0.015876726876160596,0.9041285956401943,-0.006672984366341796,0.889735241654989
2011-11-18,94.41378784179688,-0.0010644814888630671,1.4725430007587104,0.38106561662829774,0.0,0.4257027071597165,0.0,0.0,-0.0,1.0,-0.0010644814888630671,0.9031661674865836,-0.0004531526515304133,0.8893320557710729
2011-11-21,92.61808013916016,-0.019019549407822467,1.1605157311280294,0.20162204948210558,0.0,0.4475287348008602,0.0,0.0,-0.0,1.0,-0.019019549407822467,0.8859883539405989,-0.008511794882965239,0.8817622437295036
2011-11-22,92.25428771972656,-0.003927876920866713,0.932393393836338,0.05864594670426297,0.0,0.4470825800971913,0.0,0.0,-0.0,1.0,-0.003927876920866713,0.882508300732999,-0.0017560853480853014,0.8802137939727954
2011-11-23,90.21867370605469,-0.022065250992519436,0.6134533757513276,-0.1366092209513534,0.0,0.469980509974656,0.0,0.0,-0.0,1.0,-0.022065250992519436,0.8630355335743436,-0.010370237914183069,0.8710857675139517
2011-11-25,90.0483627319336,-0.0018877574577962353,0.6713190514089931,-0.10284213952552701,0.0,0.4633847982170231,0.0,0.0,-0.0,1.0,-0.0018877574577962353,0.8614063318094954,-0.000874758108663589,0.8703237781754775
2011-11-28,92.65677642822266,0.028966808692059143,0.5029547141558162,-0.19987194319396334,0.0,0.48624467742718047,0.0,0.0,0.0,1.0,0.028966808692059143,0.8863585242291495,0.014084956548565146,0.8825822507742622
2011-11-29,92.91995239257812,0.0028403315386149597,-0.8584103841637072,-0.9879884689328332,0.0,0.4213869449688617,0.0,0.0,0.0,1.0,0.0028403315386149597,0.8888760763000377,0.0011968786297556642,0.8836385946092156
2011-11-30,96.74356842041016,0.04114956938072467,-0.767284859656689,-0.9192962428680047,0.0,0.4416904793024035,0.0,0.0,0.0,1.0,0.04114956938072467,0.9254529440726125,0.01817537302285979,0.8996990556836336
2011-12-01,96.72810363769531,-0.00015985334185353306,-0.48386363586790626,-0.7481391112825223,0.0,0.3657716405422765,0.0,0.0,-0.0,1.0,-0.00015985334185353306,0.9253050073267742,-5.846981909593214e-05,0.8996464504426069
2011-12-02,96.64289855957031,-0.0008808720001804993,-0.49008575437472324,-0.7406889035661381,0.0,0.38411919585318544,0.0,0.0,-0.0,1.0,-0.0008808720001804993,0.9244899320541933,-0.0003383598443589204,0.8993420462096571
2011-12-05,97.69559478759766,0.010892639228721634,-0.4145005752904698,-0.6869969838979403,0.0,0.4031951429802971,0.0,0.0,0.0,1.0,0.010892639228721634,0.934560067354645,0.004391859231257213,0.9032918298773608
2011-12-06,97.72654724121094,0.0003168254789847058,-0.42433452886062284,-0.6809373375895212,0.0,0.4194679225328106,0.0,0.0,0.0,1.0,0.0003168254789847058,0.9348561597956246,0.0001328981254751772,0.9034118756683085
2011-12-07,98.09031677246094,0.0037223205108447566,-0.38360957996976186,-0.6448396390320841,0.0,0.4404676256025899,0.0,0.0,0.0,1.0,0.0037223205108447566,0.9383359940539214,0.0016395616771436093,0.9048930751583307
2011-12-08,95.93859100341797,-0.021936169031182784,-0.3692884445494471,-0.6238985785703723,0.0,0.46300782162103826,0.0,0.0,-0.0,1.0,-0.021936169031182784,0.9177524970803117,-0.010156617837838822,0.8957024220098407
2011-12-09,97.5639877319336,0.016942053364716658,-0.2732976779001479,-0.5545583571543602,0.0,0.4384909203913631,0.0,0.0,0.0,1.0,0.016942053364716658,0.9333011088614483,0.007428936573214198,0.9023565384914263
2011-12-12,96.13981628417969,-0.014597306658548526,-0.24986693946500615,-0.5281431835551987,0.0,0.4414216118209722,0.0,0.0,-0.0,1.0,-0.014597306658548526,0.9196774263706344,-0.006443566633461501,0.8965421440085172
2011-12-13,95.2419662475586,-0.009339003040812366,-0.1537665387470799,-0.4559830488330979,0.0,0.4433969746349608,0.0,0.0,-0.0,1.0,-0.009339003040812366,0.9110885560891926,-0.004140885694402903,0.892829665469963
2011-12-14,94.22803497314453,-0.010645845674569498,-0.10780735717911494,-0.41504701777251796,0.0,0.45852692373997345,0.0,0.0,-0.0,1.0,-0.010645845674569498,0.9013892479252007,-0.004881406867770855,0.8884714006091884
2011-12-15,94.5685806274414,0.003614058750073035,-0.17386754100617452,-0.45204252661636657,0.0,0.4730183305826234,0.0,0.0,0.0,1.0,0.003614058750073035,0.9046469216238865,0.0017095160365870694,0.8899902567165787
2011-12-16,94.70878601074219,0.001482578911204513,-0.1392786722487287,-0.4270341721008764,0.0,0.494862318188058,0.0,0.0,0.0,1.0,0.001482578911204513,0.9059881320719722,0.0007336724368953923,0.8906432180370372
2011-12-19,93.6961898803711,-0.010691681025836841,-0.09671544654566411,-0.39886495048476944,0.0,0.5196143680872213,0.0,0.0,-0.0,1.0,-0.010691681025836841,0.8963015959506648,-0.005555551080030344,0.8856952041451498
2011-12-20,96.53144836425781,0.030260125705289687,0.012405256223485317,-0.3247567434666155,0.0,0.5337725732300121,0.0,0.0,0.0,1.0,0.030260125705289687,0.9234237949139837,0.01615202516397611,0.9000009753701153
2011-12-21,96.7184066772461,0.0019367606739184584,0.09182933423980266,-0.27138214764000823,0.0,0.45686998757815134,0.0,0.0,0.0,1.0,0.0019367606739184584,0.9252122458053337,0.0008848478250349781,0.9007973392757008
2011-12-22,97.57518005371094,0.008858431459938476,0.07967659847470365,-0.277506517438552,0.0,0.48028870987788064,0.0,0.0,0.0,1.0,0.008858431459938476,0.933408175070696,0.004254604617435482,0.9046298757947567
2011-12-23,98.44762420654297,0.008941250760201358,0.04110393312311533,-0.30250924139407137,0.0,0.4994173940400101,0.0,0.0,0.0,1.0,0.008941250760201358,0.941754011625625,0.004465416154118022,0.9086694246556284
2011-12-27,98.5254898071289,0.000790934278135369,0.05884711887154559,-0.29190105281520606,0.0,0.5198329762428012,0.0,0.0,0.0,1.0,0.000790934278135369,0.9424988771549913,0.0004111537198155604,0.9090430274696581
2011-12-28,97.23250579833984,-0.01312334514976965,0.1274047388347075,-0.2512758058258732,0.0,0.5459854816558889,0.0,0.0,-0.0,1.0,-0.01312334514976965,0.930130139086816,-0.007165155922533455,0.9025295924375463
2011-12-29,98.2373046875,0.01033398122274165,-0.7803481821250182,-0.8376370148351597,0.0,0.5401072036200567,0.0,0.0,0.0,1.0,0.01033398122274165,0.9397420864788452,0.005581457700477167,0.9075670231811653
2011-12-30,97.75436401367188,-0.004916061931507509,-0.43565849209547913,-0.6268122803550138,0.0,0.5558531396611489,0.0,0.0,-0.0,1.0,-0.004916061931507509,0.9351222561820711,-0.002732608459397101,0.9050869978561507
2012-01-03,99.31219482421875,0.015936176622549425,-0.5470031256668078,-0.7088443288901286,0.0,0.5769670336742306,0.0,0.0,0.0,1.0,0.015936176622549425,0.9500245296202655,0.00919464855402096,0.9134089547122518
2012-01-04,99.46798706054688,0.001568712045926235,-0.36579194548775185,-0.6004452755240702,0.0,0.5719949322943714,0.0,0.0,0.0,1.0,0.001568712045926235,0.9515148445438062,0.0008972953404989415,0.9142285523112851
2012-01-05,99.73280334472656,0.0026623267646754822,-0.40594271427339557,-0.6285125345661131,0.0,0.6011170867855898,0.0,0.0,0.0,1.0,0.0026623267646754822,0.9540480879814212,0.0016003701088530304,0.9156916563590639
2012-01-06,99.47574615478516,-0.002577458783073472,-0.5231594878469776,-0.7011802440707461,0.0,0.6319629002602358,0.0,0.0,-0.0,1.0,-0.002577458783073472,0.951589068357579,-0.0016288583278523292,0.9142001243788586
2012-01-09,99.71722412109375,0.0024275059564051737,-0.4869129022536809,-0.6727275070604328,0.0,0.6581979450235437,0.0,0.0,0.0,1.0,0.0024275059564051737,0.953899056489067,0.0015977794320382974,0.915660814534358
2012-01-10,100.58185577392578,0.008670835559783097,-0.5114306046970443,-0.6856524175262732,0.0,0.691948942996689,0.0,0.0,0.0,1.0,0.008670835559783097,0.9621701583485159,0.005999775500490017,0.9211545738561598
2012-01-11,100.63633728027344,0.0005416633639183654,-0.4457935982987742,-0.6516233375238508,0.0,0.7148098516413768,0.0,0.0,0.0,1.0,0.0005416633639183654,0.9626913306731488,0.0003871863088020559,0.9215112322954474
2012-01-12,100.87783813476562,0.0023997381166567244,-0.3684351713176719,-0.6080932951315329,0.0,0.7498193284064151,0.0,0.0,0.0,1.0,0.0023997381166567244,0.9650015377539402,0.0017993700229828205,0.9231693719826818
2012-01-13,100.35596466064453,-0.005173321353535654,-0.44607698248864036,-0.6759215413774133,0.0,0.7882862675593947,0.0,0.0,-0.0,1.0,-0.005173321353535654,0.960009274692483,-0.004078058180663936,0.9194046335731294
2012-01-17,100.74542999267578,0.003880838905273132,-0.5140968719991497,-0.7150887919161532,0.0,0.8030703870579186,0.0,0.0,0.0,1.0,0.003880838905273132,0.9637349160351326,0.003116586801767123,0.9222700379196069
2012-01-18,101.85929870605469,0.01105627037831769,-0.3827028627399294,-0.6217375207825401,0.0,0.8422388493125416,0.0,0.0,0.0,1.0,0.01105627037831769,0.9743902298398424,0.009312020441122629,0.9308582353649492
2012-01-19,102.39671325683594,0.005276048015332657,-0.39562496934878677,-0.6218002165001953,0.0,0.8435197554420171,0.0,0.0,0.0,1.0,0.005276048015332657,0.9795311594781484,0.004450450731593743,0.9350009740795391
2012-01-20,102.77839660644531,0.0037274961028488374,-0.4706358438970666,-0.6603171416612685,0.0,0.8836151743306895,0.0,0.0,0.0,1.0,0.0037274961028488374,0.9831823580577222,0.003293672118735741,0.9380805607188556
2012-01-23,102.51355743408203,-0.0025767980539469493,-0.5766239728208058,-0.7204546908465878,0.0,0.9287059874811457,0.0,0.0,-0.0,1.0,-0.0025767980539469493,0.9806488956708042,-0.002393087781230296,0.9358356515911896
2012-01-24,102.39671325683594,-0.001139792434978415,-0.28930186775490174,-0.5126685827259252,0.0,0.9529382776473466,0.0,0.0,-0.0,1.0,-0.001139792434978415,0.9795311594781486,-0.0010861518398638061,0.9348191919764037
2012-01-25,103.2535400390625,0.00836771762466082,-0.2851191242167159,-0.4976229805375642,0.0,0.9907910070186035,0.0,0.0,0.0,1.0,0.00836771762466082,0.9877275996252184,0.00829065937178501,0.9425694594712875
2012-01-26,102.72386932373047,-0.005129806834047956,-0.008958311956179354,-0.2926347546566224,0.0,1.0096498531205214,0.0,0.0,-0.0,1.0,-0.005129806834047956,0.9826607478344832,-0.005179308716533166,0.9376876012539098
2012-01-27,102.67713928222656,-0.0004549092806914734,0.02560808605250431,-0.2545781602592401,0.0,1.005906181409472,0.0,0.0,-0.0,1.0,-0.0004549092806914734,0.9822137263405221,-0.0004575960574280897,0.9372585191044768
2012-01-30,102.32660675048828,-0.0034139296652468953,0.1598398075659726,-0.13757660832023913,0.0,1.0515527262052002,0.0,0.0,-0.0,1.0,-0.0034139296652468953,0.9788605177625554,-0.0035899270465631792,0.933893829397122
2012-01-31,102.28767395019531,-0.00038047582666256297,1.4809681060773219,0.9011150234889582,0.0,1.077084077230726,0.0,0.0,-0.0,1.0,-0.00038047582666256297,0.9784880849978724,-0.0004098044546694443,0.9335111155456467
2012-02-01,103.18344116210938,0.008757332895752645,1.3155851275428714,0.8138554301266172,0.0,1.128971626182203,0.0,0.0,0.0,1.0,0.008757332895752645,0.9870570308927263,0.009886780360336763,0.9427405349089796
2012-02-02,103.34701538085938,0.0015852758631398345,1.4676671272092192,1.0076156735128436,0.0,1.1172299035663096,0.0,0.0,0.0,1.0,0.0015852758631398345,0.988621788579343,0.0017711175997017154,0.944410239262309
2012-02-03,104.7957763671875,0.014018411475058778,1.4333017088736923,0.9722184854308471,0.0,1.1744367444775985,0.0,0.0,0.0,1.0,0.014018411475058778,1.0024806956048569,0.01646373753551544,0.959958761567377
2012-02-06,104.72563934326172,-0.0006692733844543275,1.2918496192344264,0.8412917447127249,0.0,1.0597766567286468,0.0,0.0,-0.0,1.0,-0.0006692733844543275,1.0018097619568593,-0.0007092803098144735,0.9592778817195634
2012-02-07,104.99051666259766,0.0025292499620626074,1.553310964236326,1.046874659362614,0.0,1.0994867824454335,0.0,0.0,0.0,1.0,0.0025292499620626074,1.0043435892592827,0.002780876902788451,0.9619455154241932
2012-02-08,105.30211639404297,0.002967884541864807,1.6340812765012163,1.1064151598861327,0.0,1.1558820445006142,0.0,0.0,0.0,1.0,0.002967884541864807,1.0073243650725663,0.003430524452092462,0.9652454930364366
2012-02-09,105.43448638916016,0.0012570497122950108,1.6706463865093264,1.1644894163309871,0.0,1.2150594522850031,0.0,0.0,0.0,1.0,0.0012570497122950108,1.0085906218758685,0.0015273901349161967,0.9667197994802728
2012-02-10,104.65560913085938,-0.007387310214856391,1.9289383366933457,1.504183917238185,0.0,1.2740379809667848,0.0,0.0,-0.0,1.0,-0.007387310214856391,1.0011398500722766,-0.009411713790910941,0.9576213094115575
2012-02-13,105.43448638916016,0.007442288710267642,1.8700213616938712,1.4271656592522424,0.0,1.1832928894859331,0.0,0.0,0.0,1.0,0.007442288710267642,1.0085906218758685,0.008806407312361136,0.9660545127132323
2012-02-14,105.30211639404297,-0.0012554715221793078,1.8032201821650933,1.4148240197292468,0.0,1.1950039376347035,0.0,0.0,-0.0,1.0,-0.0012554715221793078,1.0073243650725663,-0.0015002934125925077,0.9646051474916033
2012-02-15,104.81132507324219,-0.004660792561511529,1.446393037929492,1.0648152255334107,0.0,1.2383518486874945,0.0,0.0,-0.0,1.0,-0.004660792561511529,1.0026294351648068,-0.005771701084896724,0.9590377349153291
2012-02-16,105.97195434570312,0.011073510154078203,0.8340248823172773,0.4501439436200513,0.0,1.2337431540682684,0.0,0.0,0.0,1.0,0.011073510154078203,1.013732062395882,0.01366186734409944,0.9721399812277278
2012-02-17,106.25238800048828,0.0026463006794261723,0.6078726136102182,0.21614365988362247,0.0,1.1557611489412947,0.0,0.0,0.0,1.0,0.0026463006794261723,1.0164147022413563,0.0030584915136977215,0.9751132631104391
2012-02-21,106.29914855957031,0.0004400894884528661,0.28452397950789443,-0.11281691159621283,0.0,1.2147261433912535,0.0,0.0,0.0,1.0,0.0004400894884528661,1.0168620156677217,0.0005345882070553797,0.9756345471614412
2012-02-22,105.95639038085938,-0.0032244677719017734,0.1988747686820007,-0.2104268162979592,0.0,1.2719578868630328,0.0,0.0,-0.0,1.0,-0.0032244677719017734,1.01358317686973,-0.004101387213406131,0.9716330921047559
2012-02-23,106.42372131347656,0.004410596953495327,-0.08398163062993125,-0.508636175794178,0.0,1.287644697671304,0.0,0.0,0.0,1.0,0.004410596953495327,1.0180536837417458,0.005679281780733465,0.9771512702223041
2012-02-24,106.65742492675781,0.002195972950362002,-0.2773603409202978,-0.7142675306928056,0.0,1.337711606554954,0.0,0.0,0.0,1.0,0.002195972950362002,1.020289302093259,0.0029375785033799754,0.9800217287882597
2012-02-27,106.83655548095703,0.001679494459220443,-0.09170382734213378,-0.5657751041586839,0.0,1.4060233013418286,0.0,0.0,0.0,1.0,0.001679494459220443,1.0220028723229266,0.0023614083441384367,0.9823359602760572
2012-02-28,107.14810943603516,0.002916173716716708,-0.20581063443595649,-0.7148088355658254,0.0,1.4781035096677777,0.0,0.0,0.0,1.0,0.002916173716716708,1.0249832102376037,0.004310406605479894,0.9865702276880316
2012-02-29,106.72750854492188,-0.003925415887663153,-0.28457575160516724,-0.8284656880822249,0.0,1.5504431820898015,0.0,0.0,-0.0,1.0,-0.003925415887663153,1.020959724859549,-0.006086134299894321,0.9805658287860449
2012-03-01,107.28053283691406,0.005181647164183678,-0.7126231695748404,-1.2958287026350555,0.0,1.5234930261271693,0.0,0.0,0.0,1.0,0.005181647164183678,1.0262499779226133,0.007894203318485457,0.9883066148056412
2012-03-02,106.95341491699219,-0.00304918246835284,-0.7563847498941245,-1.3257189951562895,0.0,1.5563994497861153,0.0,0.0,-0.0,1.0,-0.00304918246835284,1.0231207544817842,-0.004745745916041829,0.9836163627246302
2012-03-05,106.51720428466797,-0.004078510561469795,-0.8577957665666545,-1.413371704543709,0.0,1.5619970190775068,0.0,0.0,-0.0,1.0,-0.004078510561469795,1.0189479456789712,-0.006370621339291948,0.9773501153345799
2012-03-06,104.95934295654297,-0.014625443266062521,-0.7177528276073815,-1.2388689440911786,0.0,1.54963783368218,0.0,0.0,-0.0,1.0,-0.014625443266062521,1.0040453803083724,-0.022664140219462753,0.955199315277129
2012-03-07,105.69155883789062,0.006976185832745063,-0.9145798253709905,-1.4298467354736895,0.0,1.1523761700898627,0.0,0.0,0.0,1.0,0.006976185832745063,1.0110497874659128,0.008039190311773916,0.9628783443583181
2012-03-08,106.74308776855469,0.009949034172888727,-0.6546840575594595,-1.1350484005861696,0.0,1.1361200465207717,0.0,0.0,0.0,1.0,0.009949034172888727,1.021108756351903,0.011303297167339087,0.9737620444205956
2012-03-09,107.15592956542969,0.003867620897103352,-0.34855247268581824,-0.8067713661722259,0.0,1.0802406204116504,0.0,0.0,0.0,1.0,0.003867620897103352,1.0250580179161848,0.004177961197403989,0.9778303844576895
2012-03-12,107.16371154785156,7.262297526078321e-05,0.06959279282443998,-0.37492935924299897,0.0,1.1260977058008181,0.0,0.0,0.0,1.0,7.262297526078321e-05,1.0251324606792607,8.178056582959754e-05,0.9779103519798158
2012-03-13,109.09541320800781,0.018025706951122933,0.1158166154623057,-0.34116142350236756,0.0,1.1820484965550513,0.0,0.0,0.0,1.0,0.018025706951122933,1.0436111980015486,0.0213072598009168,0.9987469419114556
2012-03-14,108.9786148071289,-0.0010706078050798373,0.12198653963648365,-0.33834733306701487,0.0,0.9534539497137141,0.0,0.0,-0.0,1.0,-0.0010706078050798373,1.0424938997074993,-0.001020775240347701,0.9977274457617794
2012-03-15,109.60950469970703,0.005789116458258192,0.1886179546425013,-0.269562573234454,0.0,0.9909134088388807,0.0,0.0,0.0,1.0,0.005789116458258192,1.0485290182999298,0.005736513123817893,1.0034509223483852
2012-03-16,109.76134490966797,0.0013852832414207317,0.1519958721034964,-0.3115831570552245,0.0,1.031523138830497,0.0,0.0,0.0,1.0,0.0013852832414207317,1.049981527977124,0.0014289517173595983,1.0048848052671608
2012-03-19,110.19161987304688,0.003920095583130889,0.384545934961944,-0.061671460773892836,0.0,1.0826835666320596,0.0,0.0,0.0,1.0,0.003920095583130889,1.0540975559273162,0.004244223067482735,1.0091497605378388
2012-03-20,109.87081146240234,-0.0029113684962081,1.193027609642494,0.8135868387136374,0.0,1.1361575627971234,0.0,0.0,-0.0,1.0,-0.0029113684962081,1.0510286895110594,-0.0033077733350561213,1.0058117218688534
2012-03-21,109.69087982177734,-0.0016376655294529918,0.8598083955126601,0.43675887936636204,0.0,1.1538692664043557,0.0,0.0,-0.0,1.0,-0.0016376655294529918,1.0493074560557811,-0.0018896519230856244,1.0039110878143618
2012-03-22,108.90074157714844,-0.00720331759497872,0.7213083971361476,0.2768991766513768,0.0,1.192988323307866,0.0,0.0,-0.0,1.0,-0.00720331759497872,1.0417489611950321,-0.008593473779887712,0.9952840042038905
2012-03-23,109.25273895263672,0.0032322771212620616,0.6576953842005322,0.19789255005192224,0.0,1.1435195242703218,0.0,0.0,0.0,1.0,0.0032322771212620616,1.0451161825284014,0.003696171996015438,0.998962745068311
2012-03-26,110.78618621826172,0.014035778693747725,0.6010325339817841,0.12668276926432318,0.0,1.1951039512124304,0.0,0.0,0.0,1.0,0.014035778693747725,1.0597852019756244,0.016774214575241152,1.0157195605067588
2012-03-27,110.44187927246094,-0.003107850875220586,0.961847610992955,0.5209615699402298,0.0,1.056340305250664,0.0,0.0,-0.0,1.0,-0.003107850875220586,1.0564915476081187,-0.0032829481422040566,1.0123850058625927
2012-03-28,109.894287109375,-0.004958193093898999,0.7950485603934032,0.334900107142365,0.0,1.0790126110310063,0.0,0.0,-0.0,1.0,-0.004958193093898999,1.0512532585130054,-0.005349952876243863,1.006968793788612
2012-03-29,109.70649719238281,-0.0017088232876499854,0.7514643647478509,0.2850014841078404,0.0,1.0839156835058221,0.0,0.0,-0.0,1.0,-0.0017088232876499854,1.0494568524636405,-0.0018522203618238,1.0051036656850356
2012-03-30,110.1602783203125,0.004136319539342681,1.0936364654023394,0.6592855832335324,0.0,1.129584974088466,0.0,0.0,0.0,1.0,0.004136319539342681,1.053797741348183,0.004672324399670018,1.0097998360664135
2012-04-02,110.96607208251953,0.007314739709208373,0.9898198151858759,0.5879412714871508,0.0,1.174217864080904,0.0,0.0,0.0,1.0,0.007314739709208373,1.0615059975322967,0.008589098037654428,1.0184731058567953
2012-04-03,110.5123291015625,-0.004089024441809586,0.6638282182409361,0.24192716319553634,0.0,1.1829139301314242,0.0,0.0,-0.0,1.0,-0.004089024441809586,1.0571654735632596,-0.00483696397286443,1.0135467881364346
2012-04-04,109.41704559326172,-0.009910962127078093,0.8330191207950683,0.47388424058814343,0.0,1.1934437673195835,0.0,0.0,-0.0,1.0,-0.009910962127078093,1.0466879465927197,-0.011828175978701791,1.001558378363709
2012-04-05,109.36234283447266,-0.0004999473207529803,0.2503519607792555,-0.22689236691537248,0.0,1.0954314864372137,0.0,0.0,-0.0,1.0,-0.0004999473207529803,1.0461646577581563,-0.0005476580367127396,1.0010098668685612
2012-04-09,108.13406372070312,-0.011231280182325776,0.30936426004828776,-0.14517330705424186,0.0,1.1510547298381018,0.0,0.0,-0.0,1.0,-0.011231280182325776,1.0344148893700273,-0.012927818176003022,0.9880689933172995
2012-04-10,106.31902313232422,-0.016785095518715876,0.17196644312141363,-0.3067450427552413,0.0,1.061313918748003,0.0,0.0,-0.0,1.0,-0.016785095518715876,1.0170521366459695,-0.01781425550152789,0.9704672798172076
2012-04-11,107.17960357666016,0.008094322342153681,-0.16088106655770495,-0.7153296578675348,0.0,0.9124166439496872,0.0,0.0,0.0,1.0,0.008094322342153681,1.025284484478758,0.007385394426474834,0.9776345634566458
2012-04-12,108.57994079589844,0.013065333071853535,-0.12622074683934015,-0.6599755255290226,0.0,0.8896058458007984,0.0,0.0,0.0,1.0,0.013065333071853535,1.0386801677618767,0.011622996678055407,0.9889976067400545
2012-04-13,107.28912353515625,-0.011888174291498133,-0.33428545337017823,-0.9149162183504165,0.0,0.8225866326848118,0.0,0.0,-0.0,1.0,-0.011888174291498133,1.026332156894401,-0.009779053259213598,0.9793261464705088
2012-04-16,107.21871185302734,-0.0006562797775659934,-0.494424452372185,-1.1077060099201503,0.0,0.800956843879185,0.0,0.0,-0.0,1.0,-0.0006562797775659934,1.0256585958547655,-0.0005256517793409916,0.9788113619390614
2012-04-17,108.80686950683594,0.01481231798406224,-0.3362035676134618,-0.886718614303915,0.0,0.8419195314383475,0.0,0.0,0.0,1.0,0.01481231798406224,1.040850977119653,0.01247077981665749,0.991017902915846
2012-04-18,108.43917083740234,-0.0033793699892311624,-0.4365574149579863,-1.0019655567385146,0.0,0.7713751750256655,0.0,0.0,-0.0,1.0,-0.0033793699892311624,1.037333556564313,-0.0026067621169196696,0.9884345549893359
2012-04-19,107.74285888671875,-0.006421221642571084,-0.4317209173223575,-0.9799811202764176,0.0,0.8050586609921703,0.0,0.0,-0.0,1.0,-0.006421221642571084,1.030672607880337,-0.005169460097502221,0.9833248819983261
2012-04-20,107.9228286743164,0.0016703639522586133,-0.4214247735833143,-0.9513457453547405,0.0,0.8271033729109961,0.0,0.0,0.0,1.0,0.0016703639522586133,1.0323942062511207,0.0013815636589020412,0.9846834079201892
2012-04-23,107.01531219482422,-0.008408938967221169,-0.3307921730620236,-0.8199939211334196,0.0,0.8668778677066302,0.0,0.0,-0.0,1.0,-0.008408938967221169,1.0237128663806423,-0.00728952308157988,0.9775055354901061
2012-04-24,107.422119140625,0.003801390076404898,-0.4416175677386591,-0.9492059234102596,0.0,0.8749427782355906,0.0,0.0,0.0,1.0,0.003801390076404898,1.0276043983119896,0.0033259987946069056,0.9807567177228677
2012-04-25,108.89286041259766,0.013691233088106713,-0.4753628404614294,-0.9779911248368404,0.0,0.9050905187793066,0.0,0.0,0.0,1.0,0.013691233088106713,1.0416735696516426,0.012391805258442913,0.9929100639747991
2012-04-26,109.65174865722656,0.006969127652202811,-0.5090411350876676,-1.005871117656454,0.0,0.8356548800451029,0.0,0.0,0.0,1.0,0.006969127652202811,1.0489331257304706,0.0058237855322205495,0.9986925592401716
2012-04-27,109.8316879272461,0.001641006844150139,-0.4689994165689235,-0.9388532270531535,0.0,0.8580839962170197,0.0,0.0,0.0,1.0,0.001641006844150139,1.05065443216885,0.0014081217106478314,1.0000988399151003
2012-04-30,109.42486572265625,-0.0037040512830808225,-0.48782603825764737,-0.9482935674221106,0.0,0.9020455208561183,0.0,0.0,-0.0,1.0,-0.0037040512830808225,1.0467627542713005,-0.003341222868924414,0.9967572867999911
2012-05-01,110.10552978515625,0.006220378320821451,-0.48353426959938783,-0.9278690542262206,1.0,0.9316640719115502,1.0,0.0002,0.005595302995206845,1.005595302995207,0.006220378320821451,1.053274014615013,0.0057953029952068445,1.0025337972896775
2012-05-02,109.77696990966797,-0.002984045180377315,-0.3676955616430382,-0.7713862784528591,1.0,0.9586180580322269,0.0,0.0,-0.002860559595893728,1.0027187377016384,-0.002984045180377315,1.0501309973680844,-0.002860559595893728,0.9996659896156328
2012-05-03,108.93984985351562,-0.007625643674089244,-0.33443732388490766,-0.7277966483620624,1.0,0.9928339998183631,0.0,0.0,-0.007570998310135622,0.995127155832958,-0.007625643674089244,1.0421230725710393,-0.007570998310135622,0.9920975200975528
2012-05-04,107.17960357666016,-0.01615796496160371,-0.3513784301713887,-0.746334691399045,1.0,0.9832070894154447,0.0,0.0,-0.01588662570077512,0.9793179431835628,-0.01615796496160371,1.0252844844787576,-0.01588662570077512,0.9763364381370957
2012-05-07,107.2578125,0.0007296996884664786,-0.5056880611384713,-0.9326972966150862,1.0,0.8584564711173535,0.0,0.0,0.0006264154195363653,0.9799314030438016,0.0007296996884664786,1.0260326342476713,0.0006264154195363653,0.9769480303365999
2012-05-08,106.82756042480469,-0.004011382156384302,-0.4787185857433709,-0.8832820127322951,1.0,0.8998170133609668,0.0,0.0,-0.0036095099114071974,0.9763943309320158,-0.004011382156384302,1.0219168252467823,-0.0036095099114071974,0.9734217267381703
2012-05-09,106.1938705444336,-0.005931895082609717,-0.46914701421959215,-0.8572416685209757,1.0,0.940790966951818,0.0,0.0,-0.00558067331062513,0.9709453931487377,-0.005931895082609717,1.0158549218562647,-0.00558067331062513,0.96798937808778
2012-05-10,106.41290283203125,0.0020625699626044547,-0.3809903697043051,-0.7296009869511603,1.0,0.97421605982946,0.0,0.0,0.0020093887820911084,0.9728963999297539,0.0020625699626044547,1.0179501937044493,0.0020093887820911084,0.9699344450852929
2012-05-11,106.0921630859375,-0.0030141057856492015,-0.3470562178960783,-0.6721793428876143,1.0,1.011027103411937,0.0,0.0,-0.0030473426418420727,0.9699316512441533,-0.0030141057856492015,1.0148819841361019,-0.0030473426418420727,0.9669787224909931
2012-05-14,104.91864776611328,-0.011061281867480122,-0.28303736140626334,-0.5752178089402326,0.5,1.0608132594810546,0.5,0.0001,-0.005966977235940138,0.9641440911607616,-0.011061281867480122,1.0036560884473449,-0.011733954471880276,0.9556322381860068
2012-05-15,104.3162612915039,-0.005741462432419353,-0.2535197534591358,-0.5234519812491761,0.5,1.0292495830800077,0.0,0.0,-0.002954698907418573,0.9612953356680148,-0.005741462432419353,0.9978936347204554,-0.005909397814837146,0.9499850271258825
2012-05-16,103.91725158691406,-0.0038250000493675884,-0.23715276621516423,-0.48930872786076396,0.5,1.072061188112177,0.0,0.0,-0.0020503170487270765,0.9593243754524329,-0.0038250000493675884,0.9940766915183861,-0.004100634097454153,0.9460894861315792
2012-05-17,102.3760757446289,-0.014830798724465466,-0.1181892191212981,-0.31369861548746153,0.5,1.1260339572096156,0.0,0.0,-0.008349991488144585,0.9513140250830354,-0.014830798724465466,0.9793337401897944,-0.01669998297628917,0.9302898078191356
2012-05-18,101.4998550415039,-0.008558842451733328,-0.32627895524967876,-0.5906223670517384,0.5,1.0329156340689294,0.0,0.0,-0.004420281088964101,0.9471089496882946,-0.008558842451733328,0.9709517769998431,-0.008840562177928201,0.9220655229296177
2012-05-21,103.24443817138672,0.01718803567915872,-0.369499655724578,-0.6398534350181913,0.5,1.0661709286309695,0.0,0.0,0.009162691980695444,0.9557870172664485,0.01718803567915872,0.987640530785659,0.018325383961390888,0.9389627276748637
2012-05-22,103.42438507080078,0.0017429209999220152,-0.6182784665742247,-0.9867108169778872,0.5,0.8048818827732568,0.0,0.0,0.0007014227679711394,0.9564574280416904,0.0017429209999220152,0.9893619102071395,0.0014028455359422788,0.9402799473457986
2012-05-23,103.47914123535156,0.0005294318599360359,-0.6532133134469174,-1.026281049418542,1.0,0.8378622561116572,0.5,0.0001,0.00034359097262339795,0.9567860581796642,0.0005294318599360359,0.9898857099234103,0.00044359097262339795,0.94069704704218
2012-05-24,103.68255615234375,0.001965757683759062,-0.6882298151575394,-1.0632932320563409,1.0,0.8772728270004999,0.0,0.0,0.0017245058004292668,0.958436041286765,0.001965757683759062,0.9918315853637355,0.0017245058004292668,0.942319284556251
2012-05-25,103.34619140625,-0.0032441787565452573,-0.41926193599549677,-0.6508559940778751,1.0,0.9135696240313307,0.0,0.0,-0.0029637831669074807,0.9555954446810419,-0.0032441787565452573,0.9886139064044279,-0.0029637831669074807,0.9395264545228309
2012-05-29,104.5979232788086,0.012112027115136481,-0.3610549504829912,-0.5538050251370471,0.5,0.9581800052332787,0.5,0.0001,0.0057027511022835434,0.9610449676565338,0.012112027115136481,1.0005880248451993,0.011605502204567087,0.9504301308620448
2012-05-30,103.08014678955078,-0.01451057957634716,-0.3980329601037429,-0.5978172028702128,0.5,0.8823002340355401,0.0,0.0,-0.0064013438781012144,0.9548929883362457,-0.01451057957634716,0.9860689126875429,-0.012802687756202429,0.9382620706625314
2012-05-31,102.85330963134766,-0.0022005901744226453,-0.3892280401320889,-0.5746657904202155,0.5,0.821325254803249,0.0,0.0,-0.0009037001428626026,0.9540300514062677,-0.0022005901744226453,0.9838989791269791,-0.0018074002857252052,0.9365662555279308
2012-06-01,100.2637710571289,-0.02517700775502818,-0.2544836621651747,-0.3826753011646209,0.5,0.863322826982524,0.0,0.0,-0.01086794275501593,0.9436617074210195,-0.02517700775502818,0.9591273468993349,-0.02173588551003186,0.9162091586252166
2012-06-04,100.21684265136719,-0.0004680494785597178,0.09032234213110968,0.12487804471405169,0.5,0.6920687234413198,0.0,0.0,-0.0001619612025670996,0.9435088708360692,-0.0004680494785597178,0.9586784278447463,-0.0003239224051341992,0.9159123779509487
2012-06-05,100.9757080078125,0.007572233732060729,0.16247945860848034,0.2264039051381458,0.0,0.7239101320305769,0.5,0.0001,-0.0001,0.9434145199489855,0.007572233732060729,0.9659377649742713,0.00548161672074247,0.9209330585566597
2012-06-06,103.24443817138672,0.022468078791769264,0.25187146742848476,0.3532832973263456,0.0,0.7207163250820522,0.0,0.0,0.0,0.9434145199489855,0.022468078791769264,0.9876405307856587,0.01619311117845794,0.935845829961785
2012-06-07,103.3070297241211,0.0006062462428289006,0.17067799864669553,0.2237347772917718,0.0,0.6046353525629117,0.0,0.0,0.0,0.9434145199489855,0.0006062462428289006,0.988239284146713,0.0003665579107727929,0.9361888716540212
2012-06-08,104.1285400390625,0.007952124043593356,-0.04295299570783584,-0.10459267720508594,0.0,0.6355401649749802,0.0,0.0,0.0,0.9434145199489855,0.007952124043593356,0.9960978855189996,0.005053894226566828,0.9409202711874495
2012-06-11,102.80634307861328,-0.012697738390965774,0.38674667174340094,0.5389641040732501,0.0,0.6533351994794172,0.0,0.0,-0.0,0.9434145199489855,-0.012697738390965774,0.9834496951568852,-0.008295879444599077,0.9331145100506989
2012-06-12,103.98766326904297,0.011490732527334124,0.23858633929499717,0.30665983114461143,0.0,0.6450421340419056,0.0,0.0,0.0,0.9434145199489855,0.011490732527334124,0.9947502525580212,0.0074120066311363425,0.9400307609868042
2012-06-13,103.32271575927734,-0.006394484584630322,0.31212566261456764,0.41163985788006346,0.0,0.6446154163785793,0.0,0.0,-0.0,0.9434145199489855,-0.006394484584630322,0.9883893374024818,-0.004121983343047882,0.9361559698480639
2012-06-14,104.41793060302734,0.010599942478299207,0.35538091661659443,0.47022262720596103,0.0,0.6660842071715014,0.0,0.0,0.0,0.9434145199489855,0.010599942478299207,0.9988662075251123,0.007060454281721447,0.9427656562737368
2012-06-15,105.48585510253906,0.010227405325352823,0.32715983005477334,0.4213280364004382,0.0,0.6709488867823126,0.0,0.0,0.0,0.9434145199489855,0.010227405325352823,1.0090820170952697,0.006862066217716972,0.9492349766348765
2012-06-18,105.69035339355469,0.0019386323485441892,0.23632174430575326,0.2789900397476231,0.0,0.6823699905142404,0.0,0.0,0.0,0.9434145199489855,0.0019386323485441892,1.0110382561359448,0.001322864537286698,0.950490685923019
2012-06-19,106.71260070800781,0.009672096663795093,0.25827881320191715,0.3072312452767162,0.0,0.7173798820340226,0.0,0.0,0.0,0.9434145199489855,0.009672096663795093,1.0208171158800865,0.006938567563694988,0.9570857297659587
2012-06-20,106.53960418701172,-0.0016211442683273791,0.4718549113605004,0.6244687443172696,0.0,0.7339900032210692,0.0,0.0,-0.0,0.9434145199489855,-0.0016211442683273791,1.019162224063667,-0.0011899036867314308,0.9559468899275921
2012-06-21,104.1490478515625,-0.022438194262980438,0.5676133198531943,0.7610416000187319,0.0,0.7653605094437583,0.0,0.0,-0.0,0.9434145199489855,-0.022438194262980438,0.9962940640946353,-0.017173307792112725,0.9395301197539527
2012-06-22,104.9511489868164,0.007701473530483893,0.10960198727278758,0.0646342512133819,0.0,0.6318177736280137,0.0,0.0,0.0,0.9434145199489855,0.007701473530483893,1.0039669964578384,0.004865927859685412,0.9441018055386771
2012-06-25,103.26829528808594,-0.016034638162387926,0.19561401556802416,0.1936375133598134,0.5,0.6502395639891237,0.5,0.0001,-0.005313178063717245,0.9384019906166002,-0.016034638162387926,0.9878687489426575,-0.01042635612743449,0.9342582638935769
2012-06-26,103.78724670410156,0.005025273386840778,0.06837364584349181,0.0011018260997995226,0.0,0.6228802022408078,0.5,0.0001,-0.0001,0.9383081504175386,0.005025273386840778,0.9928330594764108,0.003130143303510733,0.9371826261420529
2012-06-27,104.72308349609375,0.009016876559605258,0.16531972763681324,0.1463984538064098,0.5,0.6468672372109351,0.5,0.0001,0.0028163610141919474,0.9409507649116732,0.009016876559605258,1.0017853126180047,0.0058327220283838944,0.9426489518901703
2012-06-28,104.42427825927734,-0.002853289139710613,0.22073618500294856,0.2283505771393138,0.5,0.6587909823291367,0.0,0.0,-0.0009398605776095061,0.9400664023822611,-0.002853289139710613,0.9989269294651902,-0.0018797211552190121,0.9408770347133573
2012-06-29,107.02719116210938,0.02492631930257838,0.6433528658384198,0.8618419933220737,0.0,0.6897149964528794,0.5,0.0001,-0.0001,0.939972395742023,0.02492631930257838,1.0238265010689838,0.017192056229361187,0.957052645599064
2012-07-02,107.3496322631836,0.0030127026372750443,-0.6774289256988855,-1.1427338589210094,0.0,0.589609604890191,0.0,0.0,0.0,0.939972395742023,0.0030127026372750443,1.0269109858688663,0.0017763184116153753,0.9587526758343268
2012-07-03,108.05735778808594,0.006592714944446687,-0.6849351363388223,-1.1479755243287557,1.0,0.6198170876419963,1.0,0.0002,0.003886277376520811,0.9436253891981493,0.006592714944446687,1.0336811172720204,0.004086277376520811,0.9626704052032674
2012-07-05,107.5698013305664,-0.004512015354620202,-0.8249918941720704,-1.3545204767980987,1.0,0.6480726154549301,0.0,0.0,-0.0029241135918415184,0.9408661213719882,-0.004512015354620202,1.0290171321991082,-0.0029241135918415184,0.959855447586949
2012-07-06,106.54750061035156,-0.009503603312171927,-0.854023743909293,-1.3850059512824295,1.0,0.6678034378963545,0.0,0.0,-0.0063465389642715945,0.9348948778725378,-0.009503603312171927,1.019237761573259,-0.0063465389642715945,0.9537636875887701
2012-07-09,106.41382598876953,-0.0012546011949251534,-0.8526774875459662,-1.370091082423427,1.0,0.6670628100484732,0.0,0.0,-0.0008368977985769452,0.9341124664073454,-0.0012546011949251534,1.0179590246596764,-0.0008368977985769452,0.9529654848582644
2012-07-10,105.48585510253906,-0.008720397726592388,-0.9195032796669143,-1.4590343601571254,1.0,0.6997642349550306,0.0,0.0,-0.006102222443652511,0.9284123043499388,-0.008720397726592388,1.00908201709527,-0.006102222443652511,0.9471502774885361
2012-07-11,105.50162506103516,0.0001494983235501568,-1.0225627165498654,-1.5970602435963455,1.0,0.7081320190556702,0.0,0.0,0.00010586454970101039,0.9285105903004757,0.0001494983235501568,1.0092328731651503,0.00010586454970101039,0.9472505471261615
2012-07-12,104.9904556274414,-0.0048451332697294625,-1.0404761777868377,-1.6057979889251988,1.0,0.7444594888009135,0.0,0.0,-0.003607005437155094,0.9251614475528058,-0.0048451332697294625,1.0043430053944733,-0.003607005437155094,0.9438338092523293
2012-07-13,106.75194549560547,0.016777619047722903,-0.973731653629514,-1.4896218724524095,1.0,0.773918228825414,0.0,0.0,0.012984505217321238,0.9371742111954197,0.016777619047722903,1.0211934897322268,0.012984505217321238,0.9560890242728503
2012-07-16,106.50029754638672,-0.002357314876562211,-0.957316271488331,-1.4484012224506368,1.0,0.7101586309248974,0.0,0.0,-0.0016740675053983133,0.9356053183015601,-0.002357314876562211,1.0187862151270326,-0.0016740675053983133,0.9544884667050471
2012-07-17,107.23162078857422,0.006866865718088366,-0.9738729125827579,-1.4572272868049019,1.0,0.7425213783914404,0.0,0.0,0.005098794598223902,0.9403757776445857,0.006866865718088366,1.0257820832617495,0.005098794598223902,0.9593552073431498
2012-07-18,108.02588653564453,0.007407010555555704,-0.9534450300682185,-1.4145770739804604,1.0,0.7672415543581013,0.0,0.0,0.005682966291791422,0.9457199014905571,0.007407010555555704,1.0333800619801692,0.005682966291791422,0.9648071906483355
2012-07-19,108.3089599609375,0.002620422144830714,-0.9919283736452815,-1.4533961230971648,1.0,0.7920367676774116,0.0,0.0,0.002075470685542029,0.9476827154228343,0.002620422144830714,1.0360879539786085,0.002075470685542029,0.9668096196897262
2012-07-20,107.31816101074219,-0.009147894602188567,-1.0292208480345266,-1.4891161987343884,1.0,0.8324927838006995,0.0,0.0,-0.007615556243291352,0.9404655844027366,-0.009147894602188567,1.026609930577015,-0.007615556243291352,0.959446826654424
2012-07-23,106.2329330444336,-0.010112248999495699,-0.9494296045008426,-1.3619187560294983,1.0,0.8153462924642697,0.0,0.0,-0.008244984730214339,0.932711460020044,-0.010112248999495699,1.0162285953336654,-0.008244984730214339,0.9515362022192058
2012-07-24,105.32072448730469,-0.00858687161303695,-1.03113484734045,-1.4648527041399466,1.0,0.8016337999680235,0.0,0.0,-0.006883526520996362,0.9262911159485588,-0.00858687161303695,1.0075023708560382,-0.006883526520996362,0.9449862775355418
2012-07-25,105.34432983398438,0.0002241282216257634,-1.0096402021343334,-1.4160355348235651,1.0,0.8103597887278167,0.0,0.0,0.0001816244983245949,0.9264593531077955,0.0002241282216257634,1.007728180570702,0.0001816244983245949,0.9451579101941228
2012-07-26,107.082275390625,0.01649776081332055,-0.9864639803709636,-1.366441981162436,1.0,0.8513347750117767,0.0,0.0,0.014045117490206356,0.939471583572095,0.01649776081332055,1.0243534390586,0.014045117490206356,0.9584327640895971
2012-07-27,109.0560531616211,0.01843234805943328,-1.0060221068081479,-1.3724943727948886,1.0,0.7619608925969645,0.0,0.0,0.014044728380023708,0.952666206784116,0.01843234805943328,1.0432346781832056,0.014044728380023708,0.9718936919317509
2012-07-30,109.0560531616211,0.0,-0.9208951766389255,-1.236951340989099,1.0,0.69870365184468,0.0,0.0,0.0,0.952666206784116,0.0,1.0432346781832056,0.0,0.9718936919317509
2012-07-31,108.29328155517578,-0.00699430782915722,-0.7422940956361082,-0.979562720472608,1.0,0.7325440091232805,0.0,0.0,-0.00512363829821318,0.9477850897216235,-0.00699430782915722,1.0359379737059404,-0.00512363829821318,0.9669140601899776
2012-08-01,108.19888305664062,-0.0008716930282240964,-0.6799528336722851,-0.88349598907268,1.0,0.740644875233374,0.0,0.0,-0.0006456149741308378,0.9471731854754413,-0.0008716930282240964,1.0350349537965884,-0.0006456149741308378,0.9662898059940213
2012-08-02,107.45181274414062,-0.0069046028146974026,-0.7629457576897778,-0.9845373904101473,0.5,0.7767090011635008,0.5,0.0001,-0.0027814335778171577,0.9445386861733519,-0.0069046028146974026,1.0278884485412942,-0.005362867155634316,0.9611077221306317
2012-08-03,109.58297729492188,0.01983367703489458,-0.7354908468989976,-0.9353832289595638,1.0,0.7896318917541338,0.5,0.0001,0.015561303917504328,0.9592369397307358,0.01983367703489458,1.0482752560575612,0.015661303917504327,0.9761599222643799
2012-08-06,109.79530334472656,0.001937582415134198,-0.45786787943876917,-0.5340649347055508,0.5,0.698559435778986,0.5,0.0001,0.0005767582393457153,0.9597901875392102,0.001937582415134198,1.0503063757599187,0.0013535164786914306,0.977481170805003
2012-08-07,110.34577178955078,0.005013588268852454,-0.4210992156444018,-0.46935620349605217,0.5,0.7343713074478605,0.0,0.0,0.001840917686001216,0.9615570822703016,0.005013588268852454,1.0555721794841295,0.003681835372002432,0.9810800955551392
2012-08-08,110.47942352294922,0.001211208469802827,-0.4210627575263217,-0.45675526082678797,0.5,0.7692573043261376,0.0,0.0,0.0004658654812287543,0.9620050385231624,0.001211208469802827,1.0568506974484089,0.0009317309624575086,0.9819941982568187
2012-08-09,110.57378387451172,0.0008540988769993874,-0.37665756716316245,-0.3778617873655458,0.5,0.8080326997957213,0.0,0.0,0.00034506991073715435,0.9623369975159344,0.0008540988769993874,1.0577533524422555,0.0006901398214743087,0.9826719115574923
2012-08-10,110.754638671875,0.0016356028619635143,-0.29318347903803854,-0.23554741757044312,0.5,0.8483670842777391,0.0,0.0,0.000693795815520156,0.9630046628979312,0.0016356028619635143,1.0594834168527616,0.001387591631040312,0.984035458878028
2012-08-13,110.69966125488281,-0.0004963892948544046,-0.2354847385563552,-0.12474767169052295,0.5,0.8916993193962464,0.0,0.0,-0.00022131499818862764,0.9627915355227062,-0.0004963892948544046,1.0589575006265601,-0.00044262999637725527,0.9835998952664298
2012-08-14,110.71534729003906,0.00014169903483374213,-0.017684031778456344,0.26308917851389224,0.5,0.9328177327407575,0.0,0.0,6.608968620258248e-05,0.9628551661131675,0.00014169903483374213,1.059107553882329,0.00013217937240516496,0.9837299068832839
2012-08-15,110.84114074707031,0.0011361880724785056,0.0010411904355507318,0.3336761139185342,0.0,0.9783198467427141,0.5,0.0001,-0.0001,0.9627588805965561,0.0011361880724785056,1.0603108992525219,0.0011115553409380714,0.9848233771153204
2012-08-16,111.65902709960938,0.007378905946172187,0.11654175753799834,0.5757158551256719,0.0,1.0281939734523664,0.0,0.0,0.0,0.9627588805965561,0.007378905946172187,1.0681348336518075,0.007586946624526075,0.9922951795120798
2012-08-17,111.80843353271484,0.0013380595997150024,0.33829267522262274,1.0017090107409177,0.0,1.049948590982247,0.0,0.0,0.0,0.9627588805965561,0.0013380595997150024,1.0695640617197653,0.0014048937913710364,0.9936892488489838
2012-08-20,111.8163070678711,7.041986822886592e-05,0.2711226372254347,0.8864285821269922,0.0,1.102967762675377,0.0,0.0,0.0,0.9627588805965561,7.041986822886592e-05,1.069639380280054,7.767084450828712e-05,0.9937664295321207
2012-08-21,111.47807312011719,-0.003024907159101642,0.2506304244162756,0.8488814930834766,0.0,1.1542512089537136,0.0,0.0,-0.0,0.9627588805965561,-0.003024907159101642,1.0664038204609878,-0.0034915027453658134,0.990296691315157
2012-08-22,111.52532196044922,0.0004238397651628034,0.19856313669879788,0.7513659143536195,0.0,1.1798084315734845,0.0,0.0,0.0,0.9627588805965561,0.0004238397651628034,1.0668558048058208,0.0005000497285752011,0.990791888906858
2012-08-23,110.61312866210938,-0.008179248284648222,0.183632397858986,0.7181716100925549,0.0,1.2386705006703764,0.0,0.0,-0.0,0.9627588805965561,-0.008179248284648222,1.0581297262943958,-0.01013139356785253,0.9807537863365066
2012-08-24,111.28153228759766,0.006042715124079612,0.18972533032856143,0.7212536149792048,0.0,1.1666903276138378,0.0,0.0,0.0,0.9627588805965561,0.006042715124079612,1.0645237027947132,0.007049977287789535,0.9876680782550924
2012-08-27,111.30512237548828,0.0002119856494215977,0.0840893272838279,0.5216728146581114,0.0,1.18342405254274,0.0,0.0,0.0,0.9627588805965561,0.0002119856494215977,1.0647493665431749,0.0002508689163194117,0.9879158534755675
2012-08-28,111.1950454711914,-0.0009889653049887093,0.10323075866275833,0.5520283544823933,0.0,1.2432070967849833,0.0,0.0,-0.0,0.9627588805965561,-0.0009889653049887093,1.063696366361155,-0.0012294886856360889,0.9867012221113588
2012-08-29,111.28153228759766,0.0007777937950361746,0.0679186309815547,0.48103381443023685,0.0,1.3005686232024904,0.0,0.0,0.0,0.9627588805965561,0.0007777937950361746,1.0645237027947132,0.0010115742051456378,0.9876993436158324
2012-08-30,110.47942352294922,-0.007207923436706953,0.04335161897175266,0.42579184936583736,0.0,1.3673045715277854,0.0,0.0,-0.0,0.9627588805965561,-0.007207923436706953,1.056850697448409,-0.009855426666231683,0.9779651451665414
2012-08-31,111.00627136230469,0.004768741748965022,0.048076013129886075,0.4243724390560109,0.0,1.3081726589938414,0.0,0.0,0.0,0.9627588805965561,0.004768741748965022,1.0618905454917542,0.006238337573798514,0.9840660218774991
2012-09-04,110.90409851074219,-0.0009204241373806932,-0.0252387914570833,0.27734870896560493,0.0,1.3304032658831466,0.0,0.0,-0.0,0.9627588805965561,-0.0009204241373806932,1.0609131558024272,-0.0012245352783689521,0.982860998317466
2012-09-05,110.8096923828125,-0.0008512411100888295,0.001140835063150769,0.3173045424493098,0.0,1.39465445969747,0.0,0.0,-0.0,0.9627588805965561,-0.0008512411100888295,1.060010062909974,-0.001187187210463211,0.9816941583106004
2012-09-06,113.05876159667969,0.020296683128560256,0.08657475128779102,0.4663516556620719,0.0,1.462841980945189,0.0,0.0,0.0,0.9627588805965561,0.020296683128560256,1.081524751269943,0.029690840154399878,1.0108414826455085
2012-09-07,113.49913787841797,0.003895109724527668,0.07840309971041681,0.44112046969073476,0.0,0.9695751983311123,0.0,0.0,0.0,0.9627588805965561,0.003895109724527668,1.085737408845932,0.0037766017836803577,1.0146590283918857
2012-09-10,112.85431671142578,-0.00568128691587888,0.09541461075099211,0.46664472204906104,0.0,1.0166783448227121,0.0,0.0,-0.0,0.9627588805965561,-0.00568128691587888,1.0795690231109754,-0.005776041378098671,1.0087983158592329
2012-09-11,113.16883850097656,0.0027869717235100566,0.09077280422051293,0.45744953528022053,0.0,1.012188313920864,0.0,0.0,0.0,0.9627588805965561,0.0027869717235100566,1.082577751451963,0.0028209402097647686,1.011644075591983
2012-09-12,113.54634094238281,0.003335745479114305,0.11140153278822496,0.49671085870759324,0.0,1.0626128018440644,0.0,0.0,0.0,0.9627588805965561,0.003335745479114305,1.0861889552921586,0.0035446058498003223,1.0152299551002424
2012-09-13,115.2763900756836,0.0152365027260426,0.10024559502822483,0.4759213388858517,0.0,1.113997120328378,0.0,0.0,0.0,0.9627588805965561,0.0152365027260426,1.102738676270465,0.01697342016068694,1.0324618796878742
2012-09-14,115.78753662109375,0.004434095698820695,0.06684171166895214,0.41470542027952034,0.0,0.9924290980014947,0.0,0.0,0.0,0.9627588805965561,0.004434095698820695,1.107628325091839,0.004400525594832929,1.03700525461513
2012-09-17,115.3943862915039,-0.0033954460131265796,0.0805499952410198,0.4420646257270561,0.0,1.0417223193314573,0.0,0.0,-0.0,0.9627588805965561,-0.0033954460131265796,1.10386743291138,-0.00353711189595897,1.033337250992859
2012-09-18,115.29995727539062,-0.0008183155103813622,0.12721301573154342,0.5362998833010137,0.0,1.0522834151014029,0.0,0.0,-0.0,0.9627588805965561,-0.0008183155103813622,1.1029641210696237,-0.0008610998398945473,1.0324474444514717
2012-09-19,115.3628921508789,0.0005458360694614584,0.13134090442778557,0.5745240494171434,0.0,1.0940396234119953,0.0,0.0,0.0,0.9627588805965561,0.0005458360694614584,1.1035661586702254,0.0005971662878782976,1.0330639872593044
2012-09-20,115.37071990966797,6.785335078829391e-05,0.11714866196526774,0.5664441496368168,0.0,1.146643623751568,0.0,0.0,0.0,0.9627588805965561,6.785335078829391e-05,1.1036410393319078,7.780361203157565e-05,1.0331443633689728
2012-09-21,115.32256317138672,-0.0004174086658985665,0.12123446101288726,0.5904441107861331,0.0,1.199795355297472,0.0,0.0,-0.0,0.9627588805965561,-0.0004174086658985665,1.1031803699980494,-0.0005008049786060145,1.0326269595281787
2012-09-24,115.14862823486328,-0.0015082472305523176,0.1348633737205105,0.6320979509736142,0.0,1.2528630875254816,0.0,0.0,-0.0,0.9627588805965561,-0.0015082472305523176,1.1015165012602002,-0.0018896272820215334,1.0306756794533034
2012-09-25,113.92321014404297,-0.010642055486070445,0.07658150203000202,0.5267986168940559,0.0,1.2990603254013133,0.0,0.0,-0.0,0.9627588805965561,-0.010642055486070445,1.089794101534967,-0.013824672062673505,1.0164269261818883
2012-09-26,113.28282165527344,-0.005621229317185117,0.05087709217352776,0.49923496841227616,0.0,1.1429324162929082,0.0,0.0,-0.0,0.9627588805965561,-0.005621229317185117,1.0836681189817232,-0.00642468520602692,1.0098967031462402
2012-09-27,114.35009002685547,0.009421272846025897,0.05058889276678724,0.5189968208162383,0.0,1.1569828260913104,0.0,0.0,0.0,0.9627588805965561,0.009421272846025897,1.0938776520051896,0.010900250882772366,1.020904830576219
2012-09-28,113.8204116821289,-0.004632076324576295,0.19081969103173635,0.8377308744146478,0.0,1.0998844725950716,0.0,0.0,-0.0,0.9627588805965561,-0.004632076324576295,1.0888107272313532,-0.005094748825276716,1.0157035768899214
2012-10-01,114.12081146240234,0.0026392434874720205,0.14646438485288993,0.780284163140961,0.0,1.1240738867438866,0.0,0.0,0.0,0.9627588805965561,0.0026392434874720205,1.0916843638522882,0.0029667046850261644,1.0187168694500786
2012-10-02,114.23947143554688,0.0010397750561352836,0.15413753524127038,0.8330280865009956,0.0,1.1734391677158533,0.0,0.0,0.0,0.9627588805965561,0.0010397750561352836,1.0928194700229947,0.001220112776483092,1.0199598189181134
2012-10-03,114.70587158203125,0.004082653225050192,0.09608569944811851,0.7207625618518083,0.0,1.2329402856917522,0.0,0.0,0.0,0.9627588805965561,0.004082653225050192,1.0972810729566818,0.005033667633673738,1.0250939576462492
2012-10-04,115.52803039550781,0.007167539046931903,0.33716220740155034,1.3117020906621033,0.0,1.2735447273914966,0.0,0.0,0.0,0.9627588805965561,0.007167539046931903,1.105145877892558,0.009128181561592797,1.034451201409336
2012-10-05,115.53597259521484,6.874694980818497e-05,0.1858357888609654,0.9556283590876231,0.0,1.266991858403044,0.0,0.0,0.0,0.9627588805965561,6.874694980818497e-05,1.1052218533007563,8.710182569701306e-05,1.0345413039975733
2012-10-08,115.14070129394531,-0.0034211968133456283,0.13827360892202067,0.8494295776102044,0.0,1.3288297129300806,0.0,0.0,-0.0,0.9627588805965561,-0.0034211968133456283,1.1014406718182037,-0.004546187979355377,1.0298380847571929
2012-10-09,114.00225067138672,-0.009887473410920222,0.21865363147139538,1.0380345913581268,0.0,1.3520956567496234,0.0,0.0,-0.0,0.9627588805965561,-0.009887473410920222,1.090550206461895,-0.013368809855132616,1.0160703752205
2012-10-10,113.27491760253906,-0.006379988680611293,0.33860328794238104,1.3054080680550375,0.0,1.2159586688378239,0.0,0.0,-0.0,0.9627588805965561,-0.006379988680611293,1.0835925084890299,-0.007757802543276492,1.0081879018794666
2012-10-11,113.338134765625,0.0005580861537923809,0.35866211725136576,1.334758203818849,0.0,1.219636627875599,0.0,0.0,0.0,0.9627588805965561,0.0005580861537923809,1.0841972464643708,0.0006806623146754024,1.0088741373903876
2012-10-12,112.9665756225586,-0.0032783241389561235,0.38295796760033207,1.368985739539935,0.0,1.2791401656352563,0.0,0.0,-0.0,0.9627588805965561,-0.0032783241389561235,1.0806428964598969,-0.004193436082110395,1.0046434881803468
2012-10-15,113.90736389160156,0.008328023256952699,0.3219904531155784,1.2064116803618714,0.0,1.3318580100674464,0.0,0.0,0.0,0.9627588805965561,0.008328023256952699,1.0896425156340757,0.011091744482800436,1.0157867370475526
2012-10-16,115.0616226196289,0.010133310864131495,0.3204589655764183,1.184676060214058,0.0,1.2443529471930337,0.0,0.0,0.0,0.9627588805965561,0.010133310864131495,1.10068420197577,0.012609415238605213,1.028595213808853
2012-10-17,115.58340454101562,0.004534804129363135,0.5667553564219818,1.7221194424472634,0.0,1.1557951707165748,0.0,0.0,0.0,0.9627588805965561,0.004534804129363135,1.1056755892400145,0.005241304712863493,1.033986394750618
2012-10-18,115.28299713134766,-0.0025990531327649835,0.6064724851528194,1.7753908111081171,0.0,1.1970074385955254,0.0,0.0,-0.0,0.9627588805965561,-0.0025990531327649835,1.1028018796359784,-0.003111085933224689,1.0307695742227636
2012-10-19,113.36187744140625,-0.016664380157921932,0.5968993013693638,1.716543353404042,0.0,1.2353716032287156,0.0,0.0,-0.0,0.9627588805965561,-0.016664380157921932,1.0844243698748537,-0.020586702032504813,1.0095494281340678
2012-10-22,113.37769317626953,0.0001395154634014073,0.37311309318937536,1.1925349374606105,0.0,0.961024741244792,0.0,0.0,0.0,0.9627588805965561,0.0001395154634014073,1.0845756638433406,0.0001340778121149847,1.009684786312614
2012-10-23,111.80445098876953,-0.013876117456844583,0.39192526216180656,1.2144662729105615,0.0,1.0096644228316933,0.0,0.0,-0.0,0.9627588805965561,-0.013876117456844583,1.0695259645410151,-0.01401022212320977,0.9955388781819486
2012-10-24,111.48820495605469,-0.002828563889165858,0.24294476828763223,0.8717685550634379,0.0,0.9269513934934613,0.0,0.0,-0.0,0.9627588805965561,-0.002828563889165858,1.0665007420191892,-0.002621941238647577,0.9929286337425665
2012-10-25,111.81234741210938,0.002907414790492391,0.18219683716442248,0.7266459803393329,0.0,0.9739374128225314,0.0,0.0,0.0,0.9627588805965561,0.002907414790492391,1.069601502050607,0.0028316400390541213,0.9957402502177953
2012-10-26,111.74909210205078,-0.0005657274131403156,0.1218671897574195,0.5846255650766428,0.0,1.0038053731050383,0.0,0.0,-0.0,0.9627588805965561,-0.0005657274131403156,1.0689963991597609,-0.0005678802170230626,0.9951747890284031
2012-10-31,111.74909210205078,0.0,0.01990080286203888,0.35354429813317656,0.0,1.0544053045926605,0.0,0.0,0.0,0.9627588805965561,0.0,1.0689963991597609,0.0,0.9951747890284031
2012-11-01,112.91915893554688,0.01047048178635368,0.2088786773931992,0.7559173459705676,0.5,1.1062145147116744,0.5,0.0001,0.005691299464044331,0.9682382296976992,0.01047048178635368,1.0801893064868409,0.011582598928088663,1.0067014994730643
2012-11-02,111.91509246826172,-0.008891905295347335,0.18617711912242285,0.6958097562975916,0.0,1.0205898532680857,0.5,0.0001,-0.0001,0.9681414058747295,-0.008891905295347335,1.070584365472513,-0.009074988320652252,0.9975656951229631
2012-11-05,112.14439392089844,0.002048887666350696,0.10763314463714035,0.5158803203984466,0.0,1.0057505608276138,0.0,0.0,0.0,0.9681414058747295,0.002048887666350696,1.0727778725747175,0.0020606699195049936,0.9996213487436331
2012-11-06,113.02194213867188,0.007825163497628074,0.14685688832776966,0.5929077696174693,0.5,1.0485998421269023,0.5,0.0001,0.004002732604114998,0.972016617045418,0.007825163497628074,1.0811725348242522,0.008205465208229996,1.007823706942153
2012-11-07,110.46043395996094,-0.022663813152034695,0.1494690603923572,0.5881364720054745,0.0,1.0319147686814718,0.5,0.0001,-0.0001,0.9719194153837134,-0.022663813152034695,1.0566690425098837,-0.02338712350622198,0.9842536094353984
2012-11-08,109.13226318359375,-0.012023950375286585,-0.0495035161058488,0.14581534554276185,0.0,0.773619202923826,0.0,0.0,-0.0,0.9719194153837134,-0.012023950375286585,1.0439637063796432,-0.009301958905324847,0.9750981228080127
2012-11-09,109.22711944580078,0.000869186246485576,-0.13403723111474397,-0.04510775151258487,0.5,0.7741552960034953,0.5,0.0001,0.00023644256796510405,0.9721492185061419,0.000869186246485576,1.0448711052750586,0.0006728851359302081,0.9757542518409236
2012-11-12,109.3140869140625,0.0007962076515701799,-0.11068078862920139,0.0014681817583115007,0.5,0.8074496046319186,0.0,0.0,0.0003214487767326251,0.9724617146832323,0.0007962076515701799,1.0457030396439833,0.0006428975534652502,0.9763815618622155
2012-11-13,108.93457794189453,-0.003471729791479805,-0.16749453183569507,-0.12658860772437025,0.5,0.8431448394718406,0.0,0.0,-0.0014635855288634234,0.9710384337902482,-0.003471729791479805,1.0420726412482102,-0.002927171057726847,0.9735235260130343
2012-11-14,107.46411895751953,-0.013498551260366032,-0.18605140039217005,-0.16916559259299016,0.5,0.8856916530617175,0.0,0.0,-0.00597777708986596,0.9652337824873576,-0.013498551260366032,1.028006170283296,-0.01195555417973192,0.9618845127525417
2012-11-15,107.28226470947266,-0.0016922322521321087,-0.1607258652441237,-0.11508005660831125,0.5,0.8614558786927984,0.0,0.0,-0.0007288917108563795,0.9645302315842641,-0.0016922322521321087,1.0262665450865518,-0.001457783421712759,0.9604822934562488
2012-11-16,107.81195068359375,0.004937311638186559,-0.1656770947939714,-0.12725009656581057,0.5,0.9037569587320187,0.0,0.0,0.002231064875219843,0.9666821611050394,0.004937311638186559,1.031333542843489,0.004462129750439686,0.9647680900726505
2012-11-19,109.99401092529297,0.020239502465762005,-0.18017787336707602,-0.1580905955069949,0.5,0.9068546878502765,0.0,0.0,0.009177143845416751,0.9755535423502986,0.020239502465762005,1.0522072206268929,0.018354287690833502,0.98247572115278
2012-11-20,110.04139709472656,0.0004308068142526711,-0.2907459069441245,-0.4024428079907975,0.5,0.7210447213171447,0.0,0.0,0.00015531548966217208,0.9757050609264203,0.0004308068142526711,1.0526605186675448,0.00031063097932434417,0.9827809085482041
2012-11-21,110.24696350097656,0.0018680824823864572,-0.21316358942394364,-0.23437920449491778,1.0,0.7578259814877865,0.5,0.0001,0.0013156814407146574,0.9769887779666926,0.0018680824823864572,1.0546269753423676,0.0014156814407146575,0.9841722132407246
2012-11-23,111.74909210205078,0.01362512447847064,-0.20147614334869468,-0.21688858289817692,1.0,0.7948516523343875,0.0,0.0,0.010829952704974099,0.9875695202253623,0.01362512447847064,1.0689963991597604,0.010829952704974099,0.9948307517636712
2012-11-26,111.51188659667969,-0.0021226615886460465,-0.1309054951051607,-0.07005802965409674,1.0,0.7602007049573488,0.0,0.0,-0.0016136488360746104,0.9859759298185078,-0.0021226615886460465,1.066727281564863,-0.0016136488360746104,0.9932254442789965
2012-11-27,110.94265747070312,-0.005104649767386449,-0.12132294656999454,-0.05905392440089512,0.5,0.7947176686550932,0.5,0.0001,-0.002128377681219061,0.9838774006552629,-0.005104649767386449,1.061282012395158,-0.0040567553624381225,0.9891961716318077
2012-11-28,111.83605194091797,0.008052758880872979,-0.10387274724603479,-0.025533511674506633,0.5,0.8192774293620583,0.0,0.0,0.0032987217975970497,0.9871229384829675,0.008052758880872979,1.069828260545584,0.0065974435951940994,0.9957223375787305
2012-11-29,112.35783386230469,0.004665596758211432,-0.14338069024439726,-0.11836333207710326,0.5,0.8325839790435219,0.0,0.0,0.0019422505567821154,0.9890401785598484,0.004665596758211432,1.0748196478098284,0.0038845011135642308,0.9995902221078559
2012-11-30,112.38154602050781,0.00021104143243078077,-0.15239860905259928,-0.14327924473988948,0.5,0.8684930448853924,0.0,0.0,9.164400812439179e-05,0.9891308181660077,0.00021104143243078077,1.0750464792879069,0.00018328801624878358,0.9997734350167276
2012-12-03,111.82815551757812,-0.004924211514483856,-0.16310969199883463,-0.17174667796227863,1.0,0.9121939122604574,0.5,0.0001,-0.004591835766195021,0.9845888918977073,-0.004924211514483856,1.069752723035992,-0.004491835766195021,0.9952826169432277
2012-12-04,111.6700439453125,-0.0014138798188508828,-0.1716959215321463,-0.19270254059693928,1.0,0.9330241273329547,0.0,0.0,-0.001319183984137021,0.9832900380005566,-0.0014138798188508828,1.0682402212497306,-0.001319183984137021,0.9939696560552662
2012-12-05,111.86769104003906,0.001769920452644902,-0.2954709919462326,-0.4658058945577667,1.0,0.9775638531113007,0.0,0.0,0.0017302102573880478,0.9849913365102926,0.001769920452644902,1.0701309214656585,0.0017302102573880478,0.9956894325497054
2012-12-06,112.24717712402344,0.003392276004414496,-0.20677362641865216,-0.25877925582942873,1.0,1.0263433038028986,0.0,0.0,0.0034816397617820705,0.9884207215124977,0.003392276004414496,1.0737611009121284,0.0034816397617820705,0.9991560644684567
2012-12-07,112.5871353149414,0.003028656930430751,-0.25592958535913457,-0.3617014560351491,1.0,1.071438489198391,0.0,0.0,0.0032450196058409603,0.9916281661326252,0.003028656930430751,1.077013154912033,0.0032450196058409603,1.0023983454869516
2012-12-10,112.63456726074219,0.0004212909909120377,-0.21247098776205364,-0.25658098210249036,1.0,1.1212464548489025,0.0,0.0,0.00047237103001990347,0.992096582550858,0.0004212909909120377,1.0774668908512912,0.00047237103001990347,1.0028718494258995
2012-12-11,113.40143585205078,0.006808465730891777,-0.2112458073763248,-0.25074531213316564,1.0,1.1782025627470103,0.0,0.0,0.008021751772511888,1.0000549350704382,0.006808465730891777,1.0848027872538228,0.008021751772511888,1.010916638461634
2012-12-12,113.45674133300781,0.00048769647880986255,0.03736549808726464,0.3209737718110726,1.0,1.1911167942275662,0.0,0.0,0.0005809034663960756,1.0006358704488072,0.00048769647880986255,1.0853318417533697,0.0005809034663960756,1.0115038834411538
2012-12-13,112.76103973388672,-0.0061318665682379425,-0.0363608055071003,0.15819510090645839,0.5,1.2503942124584828,0.5,0.0001,-0.003933625234246191,0.9966997439385178,-0.0061318665682379425,1.0786767317174781,-0.007667250468492382,1.0037484298169579
2012-12-14,112.342041015625,-0.0037158110571748892,-0.12773128097652808,-0.04269947340249468,0.5,1.2212516468552528,0.0,0.0,-0.002268970186488896,0.9944382619346402,-0.0037158110571748892,1.074668572790645,-0.004537940372977792,0.9991934792929784
2012-12-17,113.66229248046875,0.011752069420388533,-0.13937512889122683,-0.06072621171282858,0.5,1.2516927018376074,0.0,0.0,0.007354989762494624,1.0017523451706025,0.011752069420388533,1.0872981524619907,0.014709979524989248,1.0138915949148808
2012-12-18,114.92723083496094,0.011128918191664505,-0.18685390665806834,-0.1613514244736042,0.5,1.1288104328394954,0.0,0.0,0.006281219480484073,1.0080445715157087,0.011128918191664505,1.099398604650688,0.012562438960968146,1.0266285461890376
2012-12-19,114.07337951660156,-0.007429495274149045,-0.27942357857898603,-0.3668405377634501,0.5,1.078375391344445,0.0,0.0,-0.0040058924368760905,1.0040064533906399,-0.007429495274149045,1.0912306279130297,-0.008011784873752181,1.0184034191317182
2012-12-20,114.72956085205078,0.005752274003188562,-0.24248817387170796,-0.272808773940483,1.0,1.037261081109251,0.5,0.0001,0.005866609951384007,1.0098965676413552,0.005752274003188562,1.097507685485457,0.0059666099513840075,1.024479835106833
2012-12-21,113.68820190429688,-0.009076640231341804,-0.21256259889456786,-0.19217937705362553,1.0,1.0715626560589226,0.0,0.0,-0.009726188714387898,1.0000741230424628,-0.009076640231341804,1.087546003073173,-0.009726188714387898,1.014515550896499
2012-12-24,113.33786010742188,-0.0030816020572645986,-0.22345576978613613,-0.20523087075622554,0.5,1.0119819052941887,0.5,0.0001,-0.0016592627606345602,0.9984147372922242,-0.0030816020572645986,1.0841946190727327,-0.0031185255212691203,1.0113517582593037
2012-12-26,112.86015319824219,-0.004214892611585586,-0.20268680665808692,-0.15048169522427932,0.5,1.0499168124130147,0.0,0.0,-0.0022126433077095525,0.9962056016054359,-0.004214892611585586,1.0796248551832823,-0.004425286615419105,1.0068762368599982
2012-12-27,112.70883178710938,-0.0013407868662645983,-0.01724362139807578,0.2932019956357123,0.5,1.081600675423967,0.0,0.0,-0.0007250979900756869,0.9954832549260096,-0.0013407868662645983,1.0781773083569597,-0.0014501959801513737,1.0054160689887939
2012-12-28,111.49071502685547,-0.010807642497393188,-0.06439195087907201,0.18391354965988777,0.5,1.1350905995386775,0.0,0.0,-0.006133826700982862,0.9893771331565632,-0.010807642497393188,1.066524753459436,-0.012267653401965724,0.9930819731296725
2012-12-31,113.3856430053711,0.016996285099249553,-0.07791611749824812,0.15665510397509508,0.5,1.0645053566585136,0.0,0.0,0.009046318265723214,0.9983273535879262,0.016996285099249553,1.0846517122346393,0.018092636531446427,1.0110494443154394
2013-01-02,116.29174041748047,0.025630206215540907,-0.025113758186594115,0.28771471696305595,0.5,0.8697191215027651,0.0,0.0,0.011145540216857474,1.0094542512569293,0.025630206215540907,1.1124515592912527,0.022291080433714947,1.0335868288011376
2013-01-03,116.02894592285156,-0.002259786410328757,0.08961157120787933,0.5798178318164622,0.5,0.6752031428938904,0.0,0.0,-0.0007629074432614395,1.0086841310950134,-0.002259786410328757,1.1099376563754173,-0.001525814886522879,1.032009766631239
2013-01-04,116.53852081298828,0.004391791083541596,0.2915478494527024,1.0552773439481051,0.0,0.7022663941696775,0.5,0.0001,-0.0001,1.008583262681904,0.004391791083541596,1.114812270677974,0.003084207288185298,1.0351926986749613
2013-01-07,116.22002410888672,-0.002732973628631008,0.193126857157921,0.8011172649764846,0.0,0.7371076963624048,0.0,0.0,-0.0,1.008583262681904,-0.002732973628631008,1.1117655181413368,-0.002014495895619405,1.0331073072323054
2013-01-08,115.88568115234375,-0.002876810249408668,0.29969484569791494,1.0483584876701455,0.0,0.764488008881884,0.0,0.0,-0.0,1.008583262681904,-0.002876810249408668,1.1085671797038088,-0.0021992869395014284,1.0308352078244059
2013-01-09,116.18026733398438,0.002542041248852378,0.2843671130444654,0.9969036473722093,0.0,0.7935929885115319,0.0,0.0,0.0,1.008583262681904,0.002542041248852378,1.1113852032017397,0.0020173461115963456,1.0329147592226071
2013-01-10,117.1038589477539,0.007949642697193005,0.2746090705785109,0.9595324119042299,0.0,0.8339504861499686,0.0,0.0,0.0,1.008583262681904,0.007949642697193005,1.1202203184661408,0.006629608392042654,1.039762579578614
2013-01-11,117.09587097167969,-6.821274846102732e-05,-0.10342844508094462,-0.0026323015234923147,0.0,0.8567949108528772,0.0,0.0,-0.0,1.008583262681904,-6.821274846102732e-05,1.1201439051593363,-5.844433573669564e-05,1.0397018113453267
2013-01-14,117.01627349853516,-0.000679763278448875,-0.05523244377649128,0.10243834937207227,0.5,0.8974501170151403,0.5,0.0001,-0.00040502681689326913,1.0081747594134483,-0.000679763278448875,1.1193824724660306,-0.0006100536337865383,1.039067537477261
2013-01-15,117.09587097167969,0.0006802256708808851,-0.07350663537702795,0.036234954496605014,0.5,0.9383956424801965,0.0,0.0,0.00031916040272889545,1.0084965288756838,0.0006802256708808851,1.120143905159336,0.0006383208054577909,1.0397307959047088
2013-01-16,117.07994079589844,-0.00013604387284593678,0.13962852349029786,0.5916830767951989,0.5,0.9855351191612092,0.0,0.0,-6.703800721818634e-05,1.0084289212781015,-0.00013604387284593678,1.1199915164443335,-0.00013407601443637268,1.0395913929435072
2013-01-17,117.83631134033203,0.00646029148368088,0.1851261994505844,0.7057405323591606,0.0,1.033064403613713,0.5,0.0001,-0.0001,1.0083280783859736,0.00646029148368088,1.1272269880998136,0.006673897168759538,1.0465295189975397
2013-01-18,118.09907531738281,0.002229906673604898,0.11452423881916385,0.4976934319348767,0.0,1.062339040786019,0.0,0.0,0.0,1.0083280783859736,0.002229906673604898,1.129740599083245,0.0023689169166797694,1.0490086604788977
2013-01-22,118.73603820800781,0.005393462132647686,0.35262423142559607,1.173152399039428,0.5,1.1168020986280105,0.5,0.0001,0.002911714914305821,1.0112640422903234,0.005393462132647686,1.1358338122241152,0.006023429828611641,1.0553272905348983
2013-01-23,118.92707824707031,0.001608947392432114,0.3252217522175065,1.0898529350994268,0.0,1.1598920778213306,0.5,0.0001,-0.0001,1.0111629158860944,0.001608947392432114,1.1376613090745293,0.0018662053341132966,1.0572967479537296
2013-01-24,118.95894622802734,0.00026796236338055834,0.7543572769215245,2.4000298676235405,0.0,1.2186102789859266,0.0,0.0,0.0,1.0111629158860944,0.00026796236338055834,1.1379661594876356,0.00032654169039691045,1.0576419994210575
2013-01-25,119.62776184082031,0.005622238881562991,0.7355718534756033,2.322600729083017,0.0,1.2744099954556105,0.0,0.0,0.0,1.0111629158860944,0.005622238881562991,1.1443640770754098,0.007165037427503048,1.0652200439318085
2013-01-28,119.48446655273438,-0.0011978430916111948,0.6754142406403312,2.133126002543297,0.0,1.3166396872347859,0.0,0.0,-0.0,1.0111629158860944,-0.0011978430916111948,1.142993308471397,-0.0015771277534953126,1.063540055836944
2013-01-29,119.95423126220703,0.003931596491375977,0.5948824014521268,1.880922970977552,0.0,1.3573241867101418,0.0,0.0,0.0,1.0111629158860944,0.003931596491375977,1.1474870969526494,0.005336451010129345,1.069215585242228
2013-01-30,119.48446655273438,-0.003916199574867885,0.5277774862927536,1.6714945896357858,0.0,1.4191616028633194,0.0,0.0,-0.0,1.0111629158860944,-0.003916199574867885,1.142993308471397,-0.0055577200658021575,1.063273184329459
2013-01-31,119.18981170654297,-0.002466051485122245,0.4766814615298509,1.5172841890704023,0.0,1.4006004491935593,0.0,0.0,-0.0,1.0111629158860944,-0.002466051485122245,1.1401746281255563,-0.00345395281779666,1.0596006889183565
2013-02-01,120.41596221923828,0.01028737687508241,2.6042636249936795,9.073365546348434,0.0,1.430929039666463,0.0,0.0,0.0,1.0111629158860944,0.01028737687508241,1.1519040342284907,0.014720506312548651,1.07519854754836
2013-02-04,119.06249237060547,-0.01123995377098419,2.1685597283904823,5.90962285190467,0.0,1.3236762319839002,0.0,0.0,-0.0,1.0111629158860944,-0.01123995377098419,1.1389566861351523,-0.014878059655249583,1.0592016794166978
2013-02-05,120.26467895507812,0.01009710581843537,1.6833046178776345,4.025992336599853,0.0,1.1177935520901832,0.0,0.0,0.0,1.0111629158860944,0.01009710581843537,1.1504568523176735,0.011286479778619329,1.071156337752914
2013-02-06,120.3522720336914,0.0007283358619865066,1.7252200536424014,3.9127932153701486,0.0,1.078632526345555,0.0,0.0,0.0,1.0111629158860944,0.0007283358619865066,1.1512947713008845,0.000785606750842573,1.0719978454030605
2013-02-07,120.19306945800781,-0.001322804904248298,1.6316792569987224,3.4919775072885146,0.0,1.1327975233130048,0.0,0.0,-0.0,1.0111629158860944,-0.001322804904248298,1.1497718329311724,-0.0014984701193587685,1.0703914886637071
2013-02-08,120.86187744140625,0.005564447155017582,1.2972983702942678,2.573189244261269,0.0,1.1792955847231743,0.0,0.0,0.0,1.0111629158860944,0.005564447155017582,1.1561696775358457,0.006562127961337663,1.0774155345810452
2013-02-11,120.8379898071289,-0.0001976440775456334,1.2955982377118724,2.4911233696789177,0.0,1.2139324432972007,0.0,0.0,-0.0,1.0111629158860944,-0.0001976440775456334,1.1559411674464428,-0.00023992655795819216,1.0771570339803425
2013-02-12,121.03707885742188,0.0016475700283555827,1.3575460908282402,2.5527531743287164,0.0,1.2699355537875288,0.0,0.0,0.0,1.0111629158860944,0.0016475700283555827,1.15784566146847,0.0020923077563634812,1.079410777997361
2013-02-13,121.14053344726562,0.0008547346880836137,0.9928670801644692,1.7015881509077215,0.0,1.3350924566561189,0.0,0.0,0.0,1.0111629158860944,0.0008547346880836137,1.1588353123187742,0.0011411498345027533,1.0806425474280332
2013-02-14,121.25203704833984,0.0009204483247777784,0.8834390046519602,1.4378347273218466,0.0,1.4024420373720898,0.0,0.0,0.0,1.0111629158860944,0.0009204483247777784,1.1599019603406915,0.0012908754238970745,1.0820375223345258
2013-02-15,121.10869598388672,-0.001182174485002463,0.7113263101941878,1.051947138935279,0.0,1.4735156164849097,0.0,0.0,-0.0,1.0111629158860944,-0.001182174485002463,1.1585307538380725,-0.0017419525650611348,1.0801526642970027
2013-02-19,122.01631927490234,0.007494286711966502,1.6452851013446157,2.9863277759790736,0.0,1.5289833693048398,0.0,0.0,0.0,1.0111629158860944,0.007494286711966502,1.1672131154719656,0.011458639747399033,1.0925297445493753
2013-02-20,120.49565124511719,-0.012462824963266561,1.6321283938514597,2.836146647667481,0.0,1.4910518384293503,0.0,0.0,-0.0,1.0111629158860944,-0.012462824963266561,1.1526663427190094,-0.018582718073501807,1.0722275723194994
2013-02-21,119.76307678222656,-0.006079675534516937,0.4821820887818884,0.474348989759982,0.0,1.170368546610274,0.0,0.0,-0.0,1.0111629158860944,-0.006079675534516937,1.1456585053557196,-0.0071154610191946285,1.0645981788249543
2013-02-22,120.93350982666016,0.009772903935675314,1.3294656124844297,2.1306195928751515,0.5,1.1719303140985455,0.5,0.0001,0.005626581189495441,1.0168523061281345,0.009772903935675314,1.1568549158716503,0.011453162378990883,1.0767911946354145
2013-02-25,118.6325454711914,-0.019026689614539682,1.2690066486082685,1.9610769755592004,0.0,1.1071032427375829,0.5,0.0001,-0.0001,1.0167506208975217,-0.019026689614539682,1.134843796458306,-0.021064509770818373,1.0541091159948857
2013-02-26,119.44467163085938,0.0068457281805960335,1.7553022689755218,2.8384042048830316,0.0,0.8573826679041202,0.0,0.0,0.0,1.0167506208975217,0.0068457281805960335,1.1426126286162952,0.005869408691225846,1.0602961132018065
2013-02-27,120.94940948486328,0.012597781328030022,1.7142839901376123,2.654527961034639,0.0,0.8666672971134345,0.0,0.0,0.0,1.0167506208975217,0.012597781328030022,1.1570070126542489,0.010918085093189872,1.0718725163897223
2013-02-28,120.71056365966797,-0.0019747580927644837,1.9569578446726155,2.9966085264561606,0.0,0.8245312505123331,0.0,0.0,-0.0,1.0167506208975217,-0.0019747580927644837,1.1547222036926246,-0.0016282497596864496,1.0701272402224962
2013-03-01,121.10869598388672,0.0032982392936318217,1.5295791330456585,2.132983984630639,0.0,0.8626659953968843,0.0,0.0,0.0,1.0167506208975217,0.0032982392936318217,1.1585307538380727,0.0028452788832980117,1.0731720506615432
2013-03-04,121.75359344482422,0.00532494760758806,1.4867117562883716,2.004577772560679,0.0,0.9026729930325629,0.0,0.0,0.0,1.0167506208975217,0.00532494760758806,1.16469986940404,0.004806686394683099,1.0783304521566124
2013-03-05,122.84435272216797,0.008958744021284826,0.9798085237275633,1.1072534011562198,0.0,0.9357681432497217,0.0,0.0,0.0,1.0167506208975217,0.008958744021284826,1.1751341173956547,0.008383307258647247,1.0873704276633973
2013-03-06,123.01158142089844,0.001361305546610625,0.8428204132172779,0.8621827019290861,0.0,0.9421220023677291,0.0,0.0,0.0,1.0167506208975217,0.001361305546610625,1.1767338339876767,0.001282515907407098,1.0887649975341196
2013-03-07,123.23454284667969,0.001812523855118764,0.6210714988139188,0.4807557548174845,0.5,0.990134468647732,0.5,0.0001,0.000797321172099678,1.017561297694309,0.001812523855118764,1.1788666921329047,0.001794642344199356,1.0907189413015765
2013-03-08,123.75997161865234,0.004263648485525406,0.6574827823665963,0.5337975538710271,0.5,1.0409248750994027,0.0,0.0,0.0022190688836316455,1.0198193363072101,0.004263648485525406,1.1838929653194536,0.004438137767263291,1.0955597022284365
2013-03-11,124.22972869873047,0.0037957109551189916,0.7455213859181864,0.6715674679428685,0.5,1.088775907737975,0.0,0.0,0.002066339320335328,1.02192662910146,0.0037957109551189916,1.188386680817605,0.004132678640670656,1.1000872984094154
2013-03-12,123.95108795166016,-0.0022429474006664396,0.6699865660047415,0.5356992580085727,0.5,1.141486744196792,0.0,0.0,-0.0012801473628956958,1.0206184124221427,-0.0022429474006664396,1.1857211920008783,-0.0025602947257913917,1.0972707507013877
2013-03-13,124.12623596191406,0.0014130413306434608,0.6911376749462788,0.5629968345755489,0.5,1.1725015943949746,0.0,0.0,0.0008283966065627271,1.0214638892515886,0.0014130413306434608,1.1873966650517953,0.0016567932131254543,1.0990887014341109
2013-03-14,124.7870864868164,0.005324019694797677,0.6213418635258225,0.4385992712951871,0.5,1.2323387480277617,0.0,0.0,0.0032804978825810576,1.0248147993774115,0.005324019694797677,1.193718388282068,0.006560995765162115,1.1062998177497576
2013-03-15,124.62232208251953,-0.0013203642214555389,0.11525918689245529,-0.4100736215136968,0.5,1.2751125128103376,0.0,0.0,-0.0008418064701225186,1.0239521036486183,-0.0013203642214555389,1.192142245231687,-0.0016836129402450371,1.1044372370608035
2013-03-18,123.93456268310547,-0.005518749674385481,0.001430898718512097,-0.5998041764489818,1.0,1.3178281689343747,0.5,0.0001,-0.007372763778202596,1.0164027466682235,-0.005518749674385481,1.1855631106039934,-0.007272763778202596,1.0964049259278095
2013-03-19,123.64665985107422,-0.002323022938866548,-0.04271384729616301,-0.6712913416566368,1.0,1.2836384021610245,0.0,0.0,-0.0029819214534300633,1.0133719135126082,-0.002323022938866548,1.1828090203025863,-0.0029819214534300633,1.093135532557539
2013-03-20,124.51036834716797,0.006985295819021964,-0.10421808725801185,-0.770839240436216,1.0,1.3267343637976248,0.0,0.0,0.009267632004388314,1.022763471490626,0.006985295819021964,1.1910712912068073,0.009267632004388314,1.1032663104042033
2013-03-21,123.44670104980469,-0.008542800985035237,-0.09253344673156416,-0.7481244229694065,1.0,1.3192566766097087,0.0,0.0,-0.011270147236455733,1.0112367765788581,-0.008542800985035237,1.1808962062070387,-0.011270147236455733,1.0908323366449266
2013-03-22,124.4383773803711,0.008033234765555397,0.0390941752046885,-0.5268610473311435,1.0,1.215668539507965,0.0,0.0,0.009765750774967339,1.0211122629134086,0.008033234765555397,1.1903826226652536,0.009765750774967339,1.1014851333818763
2013-03-25,123.91857147216797,-0.004177215414937763,0.13756654975123794,-0.36245215965351735,1.0,1.19225659628028,0.0,0.0,-0.004980312632543215,1.0160268046111762,-0.004177215414937763,1.1854101380241824,-0.004980312632543215,1.095999393057536
2013-03-26,124.9102783203125,0.00800289122415565,0.07085011878171166,-0.47296606797784396,1.0,1.2109722807055483,0.0,0.0,0.009691279437954186,1.0258734042911148,0.00800289122415565,1.1948968464148013,0.009691279437954186,1.106621029439485
2013-03-27,124.9102783203125,0.0,0.010472010949861499,-0.5721375806736306,1.0,1.1931054956845801,0.0,0.0,0.0,1.0258734042911148,0.0,1.1948968464148013,0.0,1.106621029439485
2013-03-28,125.29413604736328,0.00307306758268866,-0.10003565045305862,-0.7530087921140062,1.0,1.2514351564760897,0.0,0.0,0.003845744811203582,1.029818651612619,0.00307306758268866,1.1985688451781755,0.003845744811203582,1.1108768115214205
2013-04-01,124.79826354980469,-0.0039576672396794965,-0.33546696135486265,-1.1372582176531059,1.0,1.3095693311818153,0.0,0.0,-0.00518283964010726,1.0244812666829195,-0.0039576672396794965,1.1938253085251134,-0.00518283964010726,1.1051193151473913
2013-04-02,125.4140625,0.00493435511584317,-0.24128146754821955,-0.9722313619139444,1.0,1.3207656999388302,0.0,0.0,0.006517126988323352,1.0311579411950504,0.00493435511584317,1.1997160665436573,0.006517126988323352,1.1123215180614556
2013-04-03,124.14248657226562,-0.010139021911792168,0.28386596655908747,-0.10498274934168814,1.0,1.355142557143798,0.0,0.0,-0.013739820080483038,1.016990016608469,-0.010139021911792168,1.187552119057042,-0.013739820080483038,1.0970384205316415
2013-04-04,124.64632415771484,0.004058542722647385,-0.7239408223361927,-1.7614755392436103,1.0,1.195492470515332,0.0,0.0,0.004851957266189744,1.021924408709195,0.004058542722647385,1.1923718500676055,0.004851957266189744,1.1023612040674293
2013-04-05,124.08651733398438,-0.004491161913624864,-0.8137986934730765,-1.874671062407542,1.0,1.23394080016949,0.0,0.0,-0.0055418279253890024,1.0162610794833737,-0.004491161913624864,1.1870167150277033,-0.0055418279253890024,1.0962521079628629
2013-04-08,124.92626190185547,0.006767411850321148,-0.6951496498613761,-1.647906669282058,1.0,1.2551678540052364,0.0,0.0,0.008494237809337201,1.0248934427688792,0.006767411850321148,1.195049746011511,0.008494237809337201,1.1055639340668866
2013-04-09,125.3580551147461,0.003456384640964094,-0.6682101604713289,-1.5777215082293397,1.0,1.2448857054072264,0.0,0.0,0.004302803831925289,1.0293033582017401,0.003456384640964094,1.1991802975988133,0.004302803831925289,1.1103209587988279
2013-04-10,126.89359283447266,0.012249214606281367,-0.5600989796223175,-1.3841159174589701,1.0,1.2956181840433407,0.0,0.0,0.015870305184147428,1.0456387166234695,0.012249214606281367,1.2138693144157255,0.015870305184147428,1.1279420912673204
2013-04-11,127.30943298339844,0.003277077586322452,-0.3795547848783709,-1.0815521076455294,1.0,1.1619747917967047,0.0,0.0,0.003807881546068679,1.049620384996355,0.003277077586322452,1.2178472583387219,0.003807881546068679,1.1322371611416913
2013-04-12,126.99757385253906,-0.0024496152684934103,-0.3813314696775105,-1.0725612168903034,1.0,1.2194340361294642,0.0,0.0,-0.0029871442338232804,1.0464850175156097,-0.0024496152684934103,1.2148640011000025,-0.0029871442338232804,1.1288550054344664
2013-04-15,124.05448913574219,-0.023174338119357984,0.05658802872560287,-0.3855842330781608,1.0,1.2477715506286293,0.0,0.0,-0.028916279809983465,1.016224563932173,-0.023174338119357984,1.186710331969475,-0.028916279809983465,1.096212718232423
2013-04-16,125.88594055175781,0.014763282076891482,5.1582543978621835,7.488594248676351,1.0,0.7992385552112587,0.0,0.0,0.01179938423731102,1.0282153880334024,0.014763282076891482,1.2042300713439018,0.01179938423731102,1.1091473533006746
2013-04-17,124.04651641845703,-0.014611831354943927,2.664078999013345,2.982543150875294,0.0,0.7467782272628716,1.0,0.0002,-0.0002,1.0280097449557957,-0.014611831354943927,1.1866340646288727,-0.01091179751630907,1.0970445619657074
2013-04-18,123.270751953125,-0.006253819032814079,1.3633562897278093,1.2445501343499177,0.0,0.707005453762263,0.0,0.0,-0.0,1.0280097449557957,-0.006253819032814079,1.179213069930511,-0.004421484163041794,1.092193996808825
2013-04-19,124.34243774414062,0.00869375560735719,0.8244961605957375,0.5619978609311517,0.0,0.7332437926544559,0.0,0.0,0.0,1.0280097449557957,0.00869375560735719,1.1894648601694884,0.006374642333949529,1.099156342897768
2013-04-22,124.89424896240234,0.004437834968276766,0.6608095597415629,0.3545056939310908,0.5,0.7376967981914724,0.5,0.0001,0.0015368883234999622,1.0295896811292622,0.004437834968276766,1.1947435089194849,0.0032737766469999245,1.1027547352645486
2013-04-23,126.18183135986328,0.010309381001590845,0.4769502142232067,0.12434995737942439,0.5,0.7675760043810699,0.0,0.0,0.0039566167384216065,1.0336633728953244,0.010309381001590845,1.2070605749521135,0.007913233476843213,1.1114810909523913
2013-04-24,126.26172637939453,0.000633173719783775,0.30339342237528566,-0.08874178008626343,0.5,0.7674876370428811,0.0,0.0,0.00024297650101725042,1.0339145288049,0.000633173719783775,1.2078248539863603,0.00048595300203450084,1.1120212185252443
2013-04-25,126.77359008789062,0.004053989464376739,0.1344730429766008,-0.29413654902065567,0.5,0.8067520236780101,0.0,0.0,0.0016352821021776334,1.0356052707290362,0.004053989464376739,1.2127213632192333,0.0032705642043552668,1.1156581553170366
2013-04-26,126.54969024658203,-0.0017661394707948475,-0.06134176037461536,-0.5310990166344309,1.0,0.8440043081617054,0.5,0.0001,-0.0015906293221652856,1.0339580066192258,-0.0017661394707948475,1.2105795281525757,-0.0014906293221652856,1.1139951225572082
2013-04-29,127.39734649658203,0.00669820880911165,0.073659816787778,-0.35995021922588927,1.0,0.8818191880093481,0.0,0.0,0.005906609053167897,1.0400651923417183,0.00669820880911165,1.2186882426121775,0.005906609053167897,1.1205750562332895
2013-04-30,127.7012710571289,0.0023856427853858886,0.04850567005063944,-0.38763081634686963,1.0,0.907835369519551,0.0,0.0,0.0021657708996124492,1.0423177352689919,0.0023856427853858886,1.2215955974257997,0.0021657708996124492,1.1230019650809109
2013-05-01,126.5816421508789,-0.008767562742183821,-0.035125597060832625,-0.4884587802269497,1.0,0.9540262419356992,0.0,0.0,-0.008364484933861084,1.0335992842760382,-0.008767562742183821,1.2108851813797934,-0.008364484933861084,1.1136086320632952
2013-05-02,127.75729370117188,0.009287693936626651,0.3491638913696029,-0.01338742598896072,1.0,0.9252829875743299,0.0,0.0,0.008593745193357897,1.0424817731571436,0.009287693936626651,1.2221315123368455,0.008593745193357897,1.123178700892371
2013-05-03,129.05284118652344,0.010140692932819162,0.026303002880656123,-0.4127886674349471,0.5,0.9230303342124333,0.5,0.0001,0.004580083593462865,1.0472564268228648,0.010140692932819162,1.2345247727269753,0.009360167186925731,1.1336918413135175
2013-05-06,129.38072204589844,0.0025406713743023612,-0.03267084992826774,-0.485412360409117,1.0,0.9206277243309022,0.5,0.0001,0.002239012505596649,1.0496012470590876,0.0025406713743023612,1.2376612944779097,0.002339012505596649,1.1363435607078427
2013-05-07,130.0364990234375,0.0050685833806556335,0.024475883809953913,-0.4124249348785457,1.0,0.9678414424686661,0.0,0.0,0.004905585050406456,1.0547501552455487,0.0050685833806556335,1.2439344839459812,0.004905585050406456,1.1419179906913768
2013-05-08,130.62832641601562,0.00455124059031653,-0.023702642560891718,-0.46983902852718373,1.0,1.0114334231291855,0.0,0.0,0.004603276849748343,1.059605462217459,0.00455124059031653,1.2495959290610106,0.004603276849748343,1.1471745553422377
2013-05-09,130.26040649414062,-0.0028165401178246174,-0.056429203267398975,-0.5085144325035212,1.0,1.0597910388732987,0.0,0.0,-0.0029849439774976747,1.0564425992744895,-0.0028165401178246174,1.2460763919957398,-0.0029849439774976747,1.1437503035621301
2013-05-10,130.68431091308594,0.0032542844779497315,-0.13754347935838362,-0.6056844301234906,1.0,1.0810452512850968,0.0,0.0,0.0035180287812183577,1.0601591947444424,0.0032542844779497315,1.2501314790565512,0.0035180287812183577,1.1477740500485891
2013-05-13,130.78823852539062,0.000795256994344129,-0.1338544777059445,-0.5976476264711227,1.0,1.135387356158181,0.0,0.0,0.0009029247362746822,1.061116438705766,0.000795256994344129,1.2511256548591208,0.0009029247362746822,1.1488104036300322
2013-05-14,132.1398162841797,0.010334092530244421,-0.085138831804346,-0.5368795645697221,1.0,1.1903505375768695,0.0,0.0,0.012301192598745557,1.0741694363879806,0.010334092530244421,1.2640549031433976,0.012301192598745557,1.1629421416645278
2013-05-15,132.85159301757812,0.005386542477610945,-0.16835761603742405,-0.6394771378832493,1.0,1.1599490622641404,0.0,0.0,0.006248114895750775,1.0808809704440365,0.005386542477610945,1.270863788573212,0.006248114895750775,1.1702083377827581
2013-05-16,132.22776794433594,-0.004695653692008417,-0.23276886874095215,-0.717603428354471,1.0,1.211262677714115,0.0,0.0,-0.005687670064600286,1.0747332761050459,-0.004695653692008417,1.2648962523323584,-0.005687670064600286,1.1635525788506056
2013-05-17,133.50733947753906,0.009677025885680646,-0.03471117850855787,-0.47414516776845594,1.0,1.1817968037114346,0.0,0.0,0.011436278261130202,1.0870242249070792,0.009677025885680646,1.277136686108879,0.011436278261130202,1.1768592899137966
2013-05-20,133.49932861328125,-6.00031750251917e-05,0.09773727139022803,-0.31369870588942195,1.0,1.1700471810791389,0.0,0.0,-7.020654579402373e-05,1.086947908691054,-6.00031750251917e-05,1.2770600538527714,-7.020654579402373e-05,1.176776666688166
2013-05-21,133.69125366210938,0.0014376480452877871,-0.05821741826347093,-0.5079387130577063,0.5,1.2151564366710594,0.5,0.0001,0.0007734836379495105,1.0877886451137302,0.0014376480452877871,1.278896016742908,0.0017469672758990212,1.1788324570159117
2013-05-22,132.6995849609375,-0.007417603425862174,0.6863589136311994,0.40481918389505706,1.0,1.2742564132074152,0.5,0.0001,-0.009551928736034169,1.0773981654957367,-0.007417603425862174,1.2694096732677942,-0.00945192873603417,1.1676902166404732
2013-05-23,132.31578063964844,-0.002892279741508186,0.955178804794425,0.7272108376698287,0.5,1.17851716187718,0.5,0.0001,-0.0018043006561585455,1.0754542152787887,-0.002892279741508186,1.2657381853861271,-0.003408601312317091,1.1637100262356526
2013-05-24,132.2037811279297,-0.0008464561912215895,0.9104782162614473,0.6604755318296109,0.5,1.2077576826709233,0.0,0.0,-0.0005111569839961215,1.0749044893456807,-0.0008464561912215895,1.2646667934626414,-0.001022313967992243,1.1625203492211393
2013-05-28,132.99549865722656,0.005988614868214448,0.9864460434842215,0.7432209651802857,0.5,1.2622926326633976,0.0,0.0,0.003779692214002791,1.0789672974748572,0.005988614868214448,1.272240395825309,0.007559384428005582,1.1713082874462812
2013-05-29,132.1318359375,-0.006493924444409216,1.2164224360294842,1.0144617125611834,0.5,1.284816616344176,0.0,0.0,-0.004171751015730292,1.0744661145556766,-0.006493924444409216,1.2639785628196942,-0.008343502031460583,1.1615354743705066
2013-05-30,132.6196746826172,0.0036920605973260745,1.249770899406414,1.039881995538797,0.0,1.2392448844064872,0.5,0.0001,-0.0001,1.0743586679442212,0.0036920605973260745,1.2686452482673456,0.004575367208155097,1.1668499256910503
2013-05-31,130.71630859375,-0.014352064227440509,1.1105032939994306,0.8534316122027953,0.0,1.2883681035418715,0.0,0.0,-0.0,1.0743586679442212,-0.014352064227440509,1.2504375701823753,-0.018490741770618664,1.1452740050300314
2013-06-03,131.43606567382812,0.0055062531050737995,1.0471231139065882,0.763112832121356,0.5,1.041036564936298,0.5,0.0001,0.0027661054090879268,1.0773304572669222,0.0055062531050737995,1.257322795935893,0.005732210818175853,1.1518389570714402
2013-06-04,130.8042755126953,-0.0048068249600582424,0.6563547290631453,0.2737205151962914,0.5,1.0599115724953985,0.0,0.0,-0.0025474047010627314,1.0745860605954825,-0.0048068249600582424,1.251279065337538,-0.005094809402125463,1.1459705571232182
2013-06-05,128.97286987304688,-0.01400111450845265,0.590620844068205,0.1858655731839385,0.5,1.0881041954429234,0.0,0.0,-0.007617335718762056,1.0664005778132246,-0.01400111450845265,1.2337597638617177,-0.015234671437524112,1.1285120722083695
2013-06-06,130.14051818847656,0.009053441367777859,0.19384224622031265,-0.30787399740304894,0.5,0.9704626247246986,0.0,0.0,0.004393013236282433,1.0710852896667373,0.009053441367777859,1.2449295355457632,0.008786026472564866,1.1384272091494012
2013-06-07,131.7959442138672,0.012720296863987901,0.22483447566150616,-0.2739318239183584,0.5,0.9360785926794354,0.0,0.0,0.005953598793453215,1.0774621017549826,0.012720296863987901,1.2607654088126519,0.01190719758690643,1.1519826868670537
2013-06-10,131.7959442138672,0.0,-0.037021030697661494,-0.6027000466142874,0.5,0.8723646709959152,0.0,0.0,0.0,1.0774621017549826,0.0,1.2607654088126519,0.0,1.1519826868670537
2013-06-11,130.4363555908203,-0.010315860864736903,-0.044702471536621324,-0.6145549260283151,1.0,0.9168537258627271,0.5,0.0001,-0.009558135469315523,1.067163573023355,-0.010315860864736903,1.2477595282722673,-0.009458135469315523,1.1410870785563592
2013-06-12,129.35678100585938,-0.008276638672331305,0.2098850547233111,-0.3028387022078007,1.0,0.8888575376559409,0.0,0.0,-0.007356752670356339,1.0593127145578085,-0.008276638672331305,1.2374322735067993,-0.007356752670356339,1.1326923831440805
2013-06-13,131.3240966796875,0.015208446426469235,0.4593871304752968,0.001473276573711099,0.5,0.896999986531009,0.5,0.0001,0.006720988119850238,1.066432342727558,0.015208446426469235,1.2562516959448116,0.013641976239700477,1.1481445457218218
2013-06-14,130.50033569335938,-0.006272732934438974,1.544673049589118,1.3434479412482383,0.5,0.8030208267063644,0.0,0.0,-0.002518567593360712,1.0637464607886526,-0.006272732934438974,1.2483715645577138,-0.005037135186721424,1.142361186431124
2013-06-17,131.5079803466797,0.007721395105741324,1.449871308268083,1.2036543415873713,0.0,0.8238469411681462,0.5,0.0001,-0.0001,1.0636400861425739,0.007721395105741324,1.2580107346464364,0.0063612477394156845,1.1496280289459053
2013-06-18,132.5476837158203,0.007906009706785566,1.4738947520630958,1.2138453304859287,0.0,0.8350871301622687,0.0,0.0,0.0,1.0636400861425739,0.007906009706785566,1.2679565797257917,0.006602206957074598,1.15721811111666
2013-06-19,130.71630859375,-0.01381672671094536,1.4629877035546999,1.1807177299359122,0.0,0.8499368964666851,0.0,0.0,-0.0,1.0636400861425739,-0.01381672671094536,1.2504375701823753,-0.01174334582002925,1.143628498648616
2013-06-20,127.47732543945312,-0.0247787226333267,2.4812180967074697,2.4064222789920633,0.0,0.7878788254495412,0.0,0.0,-0.0,1.0636400861425739,-0.0247787226333267,1.2194533244605352,-0.019522630884485404,1.121301861600521
2013-06-21,127.88663482666016,0.003210840718504304,6.231307985351286,6.831304127583313,0.0,0.6435024519916498,0.0,0.0,0.0,1.0636400861425739,0.003210840718504304,1.2233687948490286,0.0020661838753121505,1.1236186774263175
2013-06-24,126.27066040039062,-0.012635991465878016,5.114869083010445,4.658542666002801,0.0,0.6684893425001165,0.0,0.0,-0.0,1.0636400861425739,-0.012635991465878016,1.2079103171976948,-0.008447025626861879,1.1141274416632767
2013-06-25,127.48463439941406,0.009614062325911998,4.3668096696690055,3.563360807844061,0.0,0.6736056763392904,0.0,0.0,0.0,1.0636400861425739,0.009614062325911998,1.2195232422713456,0.006476086955414043,1.1213426278549012
2013-06-26,128.74685668945312,0.0099009758782731,3.920311082857543,2.9662060479753816,0.0,0.6670518874971442,0.0,0.0,0.0,1.0636400861425739,0.0099009758782731,1.2315977124760675,0.006604464647665766,1.1287484955984894
2013-06-27,129.50259399414062,0.005869947617520355,3.5047992761207283,2.4798916813066523,0.0,0.6664668868299103,0.0,0.0,0.0,1.0636400861425739,0.005869947617520355,1.23882712653416,0.00391212571450344,1.1331643016133273
2013-06-28,128.97190856933594,-0.004097874864411599,3.6405556626660616,2.5200602542492767,0.0,0.6891658948473145,0.0,0.0,-0.0,1.0636400861425739,-0.004097874864411599,1.2337505679909844,-0.0028241155979045374,1.1299641146341526
2013-07-01,129.7277069091797,0.005860177989359894,2.984638604808434,1.8843735571125975,0.0,0.7196963079827818,0.0,0.0,0.0,1.0636400861425739,0.005860177989359894,1.2409805659138855,0.004217548463064278,1.1347297930491456
2013-07-02,129.60707092285156,-0.0009299168944115754,3.052818215803944,1.8989538536823067,0.0,0.7432627321972926,0.0,0.0,-0.0,1.0636400861425739,-0.0009299168944115754,1.2398265571200058,-0.0006911725716567688,1.1339454989399482
2013-07-03,129.66336059570312,0.0004343101996731047,1.535388762310956,0.6031675361768587,0.0,0.7809677921066233,0.0,0.0,0.0,1.0636400861425739,0.0004343101996731047,1.2403650264395887,0.0003391822777280913,1.1343301131570982
2013-07-05,131.06231689453125,0.01078914114520102,1.3434443424495583,0.43467881156178967,0.5,0.820975085310887,0.5,0.0001,0.004328808036056304,1.0682443798949395,0.01078914114520102,1.2537474997814164,0.008857616072112608,1.1443775737984798
2013-07-08,131.80995178222656,0.005704422944826648,1.545546796215648,0.5938193662889067,0.5,0.8099147953344707,0.0,0.0,0.002310048270930267,1.0707120759776467,0.005704422944826648,1.2608994057861886,0.004620096541860534,1.1496647086697689
2013-07-09,132.75865173339844,0.007197483485460232,1.6367429484442333,0.6605857202331694,0.5,0.8412672279791429,0.0,0.0,0.0030275034901193947,1.073953660524582,0.007197483485460232,1.2699747084361614,0.006055006980238789,1.1566259365056986
2013-07-10,132.80690002441406,0.00036342860058957704,1.695991487586312,0.6996714358977656,0.5,0.8673518622235518,0.0,0.0,0.00015761023675333452,1.0741229266152794,0.00036342860058957704,1.2704362535672327,0.00031522047350666905,1.156990528681074
2013-07-11,134.61581420898438,0.013620634050171887,2.8731352917757143,1.6606039391478389,0.5,0.9101001050434251,0.0,0.0,0.006198070239909743,1.0807804159607384,0.013620634050171887,1.2877404008611433,0.012396140479819486,1.171332745808425
2013-07-12,134.6720428466797,0.0004176971184679523,4.221953475959084,2.72917252891477,0.0,0.8737352978318246,0.5,0.0001,-0.0001,1.0806723379191423,0.0004176971184679523,1.2882782863159177,0.00036495671620809125,1.1717602315609223
2013-07-15,135.18658447265625,0.0038207011277191505,4.847232710669975,3.127088183980799,0.0,0.9144082439778026,0.0,0.0,0.0,1.0806723379191423,0.0038207011277191505,1.293200412617261,0.0034936806089616787,1.1758539875602791
2013-07-16,134.68011474609375,-0.0037464496091691446,4.818154734550596,2.968512860278532,0.0,0.960567404561061,0.0,0.0,-0.0,1.0806723379191423,-0.0037464496091691446,1.2883555024368336,-0.0035987173773984068,1.1716224213819628
2013-07-17,135.0258026123047,0.002566732786519088,4.527717791891959,2.6325432677771348,0.0,0.9757896466794611,0.0,0.0,0.0,1.0806723379191423,0.002566732786519088,1.2916623667456304,0.0025045912788780496,1.174556856680694
2013-07-18,135.7654266357422,0.005477649524225914,4.195521898219594,2.302145987029882,0.0,1.025775003381924,0.0,0.0,0.0,1.0806723379191423,0.005477649524225914,1.2987376404942952,0.005618835959237831,1.1811564989831809
2013-07-19,136.006591796875,0.0017763370771843867,3.802859851903632,1.9565159714338378,0.0,1.0683644048768726,0.0,0.0,0.0,1.0806723379191423,0.0017763370771843867,1.30104463631864,0.0018977753043268205,1.1833980686174963
2013-07-22,136.27194213867188,0.001951010890657301,3.3575931815284665,1.5973132248422564,0.0,1.1224569456506985,0.0,0.0,0.0,1.0806723379191423,0.001951010890657301,1.303582988573329,0.002189925725258443,1.185989622491183
2013-07-23,135.9825439453125,-0.002123681433004565,3.2905635694693807,1.519788762973331,0.5,1.1796543994918949,0.5,0.0001,-0.0013526050727815436,1.0792106150328582,-0.002123681433004565,1.300814593584115,-0.002505210145563087,1.1830184692563857
2013-07-24,135.4840850830078,-0.003665609186611074,3.226837155529463,1.447632534249712,0.5,1.2096441194390648,0.0,0.0,-0.0022170412983729495,1.076817960529688,-0.003665609186611074,1.2960463156597954,-0.004434082596745899,1.1777728676502268
2013-07-25,135.8136444091797,0.0024324578489787196,3.42468836807695,1.557899029604304,0.5,1.2220694217030434,0.0,0.0,0.0014863161784092265,1.0784184524856248,0.0024324578489787196,1.2991988936929622,0.002972632356818453,1.1812739533855867
2013-07-26,135.95838928222656,0.0010657609084605557,3.102774537354705,1.3099592920995347,0.5,1.2832428066896815,0.0,0.0,0.0006838150097165342,1.07915589121019,0.0010657609084605557,1.3005835290861754,0.0013676300194330683,1.182889499105411
2013-07-29,135.5403289794922,-0.003074913618361208,3.325554147013685,1.4398156348835907,0.5,1.3486029004568156,0.0,0.0,-0.0020734187121880434,1.0769183491919867,-0.003074913618361208,1.296584347080772,-0.004146837424376087,1.1779842486616192
2013-07-30,135.5403289794922,0.0,2.9012408676692196,1.1297099408795328,0.5,1.3723473957082666,0.0,0.0,0.0,1.0769183491919867,0.0,1.296584347080772,0.0,1.1779842486616192
2013-07-31,135.63681030273438,0.0007118274241224576,3.8678162872969626,1.7593685656797518,0.5,1.4399881165460076,0.0,0.0,0.0005125115158839469,1.0774702822476143,0.0007118274241224576,1.297507291376712,0.0010250230317678938,1.1791917096475573
2013-08-01,137.2045135498047,0.01155809579693945,3.5987044489212376,1.544328817366651,0.0,1.5136849053016121,0.5,0.0001,-0.0001,1.0773625352193896,0.01155809579693945,1.3125040049476715,0.017495315141857253,1.1998220402205069
2013-08-02,137.4376678466797,0.0016993194381347276,1.7082877041677804,0.27479671721914917,0.5,1.3206133797573165,0.5,0.0001,0.0010220719932412033,1.0784636772932048,0.0016993194381347276,1.3147343685159087,0.0022441439864824067,1.2025146136369167
2013-08-05,137.23675537109375,-0.001461844330842843,1.7805421225067413,0.3277591552963894,0.5,1.3882326130086047,0.0,0.0,-0.0010146899876088875,1.0773693709978556,-0.001461844330842843,1.3128124315327294,-0.002029379975217775,1.200074254560095
2013-08-06,136.45687866210938,-0.0056827101957894754,1.619939451156565,0.2243072830472863,0.5,1.4317577929840994,0.0,0.0,-0.0040681323040458895,1.0729864898563095,-0.0056827101957894754,1.3053520989428993,-0.008136264608091779,1.1903101328756356
2013-08-07,136.01467895507812,-0.0032405820165812838,1.4831090917873908,0.13452368499571127,0.5,1.3789738452965934,0.0,0.0,-0.002234338922202041,1.0705890743790265,-0.0032405820165812838,1.3011219984057583,-0.004468677844404082,1.1849910203568845
2013-08-08,136.51315307617188,0.003664855329757355,1.2910555280144873,0.009282142949425868,0.5,1.4096165165701853,0.0,0.0,0.0025830203018331202,1.0733544276930682,0.003664855329757355,1.3058904222962802,0.0051660406036662405,1.1911127320830281
2013-08-09,136.11920166015625,-0.002885812884241279,1.3950277491528809,0.0795881176469155,0.5,1.4570960488990699,0.0,0.0,-0.0021024532757449982,1.0710977501605294,-0.002885812884241279,1.3021218668902104,-0.0042049065514899965,1.186104214352329
2013-08-12,135.95838928222656,-0.001181408471166212,1.2053280633129955,-0.045942473208629105,0.5,1.4940817549252976,0.0,0.0,-0.0008825604209418135,1.070152441679278,-0.001181408471166212,1.3005835290861756,-0.001765120841883627,1.1840105970829298
2013-08-13,136.36038208007812,0.0029567340417449017,1.258402225495331,-0.010492857524702104,0.5,1.5624365900352468,0.0,0.0,0.0023098547269125185,1.0726243383552079,0.0029567340417449017,1.3044290086807575,0.004619709453825037,1.1894803820317028
2013-08-14,135.66098022460938,-0.005129069344041781,1.2264629387596067,-0.031023405336583345,0.5,1.6185494324975067,0.0,0.0,-0.004150826138019592,1.068172061215287,-0.005129069344041781,1.2977385018408543,-0.008301652276039184,1.1796057295109055
2013-08-15,133.76356506347656,-0.013986447377804079,0.9249228891553791,-0.23100018165419958,0.5,1.5874759209723268,0.0,0.0,-0.011101574216105258,1.0563136698021354,-0.013986447377804079,1.2795877505747069,-0.022203148432210516,1.153414768407089
2013-08-16,133.32139587402344,-0.0033056026074311795,1.5178282032162969,0.15958628820875606,0.5,1.221242724110617,0.0,0.0,-0.002018471566563206,1.0541815306942677,-0.0033056026074311795,1.27535794196997,-0.004036943133126412,1.1487584985781214
2013-08-19,132.4691619873047,-0.006392326461418296,0.7151343571546178,-0.37390241497288534,0.5,1.2772889808031305,0.0,0.0,-0.004082424075432928,1.0498779146334847,-0.006392326461418296,1.2672054376497355,-0.008164848150865857,1.1393790598752145
2013-08-20,133.12039184570312,0.004916086496122407,0.6428092218164068,-0.416598064276556,1.0,1.2991100501776072,0.5,0.0001,0.006286537374655037,1.0564780113826528,0.004916086496122407,1.2734351291895782,0.006386537374655037,1.146655746825007
2013-08-21,132.30038452148438,-0.006159892656935728,1.4205185359694177,0.10123494396851265,1.0,1.2789881001085515,0.0,0.0,-0.007878429406166844,1.048154623950807,-0.006159892656935728,1.2655909054881993,-0.007878429406166844,1.1376219004704706
2013-08-22,133.50633239746094,0.00911522578213475,1.6951614827155552,0.27758972048567127,0.5,1.3014513492871995,0.5,0.0001,0.005831511446608369,1.0542669496381916,0.00911522578213475,1.2771270523395406,0.01186302289321674,1.1511175351195766
2013-08-23,133.95655822753906,0.0033723181664353508,1.8421221889385002,0.372503532780649,0.5,1.1765658158381007,0.0,0.0,0.001983877137378828,1.056358485736273,0.0033723181664353508,1.2814339310989913,0.003967754274757656,1.1556848866402958
2013-08-26,133.45803833007812,-0.0037215042253784247,1.9529698665901698,0.44235911891597857,0.5,1.2123326409814734,0.0,0.0,-0.002255850522988369,1.0539754988937615,-0.0037215042253784247,1.2766650693098631,-0.004511701045976738,1.1504707819284212
2013-08-27,131.31143188476562,-0.0160845047040431,1.3246578875751887,0.027211598926657827,0.5,1.2562187521013233,0.0,0.0,-0.010102828213740445,1.0433273654869464,-0.0160845047040431,1.2561305439970611,-0.02020565642748089,1.1272247645789204
2013-08-28,131.77777099609375,0.003551397655440658,1.0763650016399886,-0.13437328001234647,0.5,1.0256408130823729,0.0,0.0,0.0018212291894524944,1.0452275037391259,0.003551397655440658,1.2605915630659397,0.003642458378904989,1.1313306338675702
2013-08-29,131.98681640625,0.0015863480507836147,0.6470673275242369,-0.41298658811705485,0.5,1.0474663873821832,0.0,0.0,0.0008308231309425405,1.0460959029263297,0.0015863480507836147,1.2625913000348437,0.001661646261885081,1.1332105051862922
2013-08-30,131.56874084472656,-0.003167555464301919,1.0011563403082704,-0.1747468519001599,1.0,1.0906523065318936,0.5,0.0001,-0.003554701673208591,1.042377344069861,-0.003167555464301919,1.2585919720632381,-0.003454701673208591,1.1292956009579276
2013-09-03,132.1636962890625,0.004522012147536447,-6.502855925168781,-5.118242166383981,0.5,1.1424287161098472,0.5,0.0001,0.0024830382659715984,1.0449656069027682,0.004522012147536447,1.2642833402497,0.0051660765319431964,1.135129628459663
2013-09-04,133.25711059570312,0.008273181950428699,-6.247746625126741,-4.471713311304864,1.0,1.1545370846756253,0.5,0.0001,0.009451695370038954,1.054842303491381,0.008273181950428699,1.2747429863604816,0.009551695370038953,1.1459720408762153
2013-09-05,133.42588806152344,0.0012665550458494934,-5.491697211505738,-3.703712050722813,1.0,1.1095353597103954,0.0,0.0,0.001405287608389634,1.0563246603092826,0.0012665550458494934,1.2763575185220177,0.001405287608389634,1.1475824611848195
2013-09-06,133.49020385742188,0.00048203386039125107,-4.387782276892011,-2.9084744162218668,1.0,1.1643739766646442,0.0,0.0,0.000561267682910771,1.056917541203776,0.00048203386039125107,1.2769727660639103,0.000561267682910771,1.1482265621337577
2013-09-09,134.76858520507812,0.00957659296873703,-4.393828108564961,-2.799210487299325,1.0,1.2239086542932007,0.0,0.0,0.011720875013080667,1.069305539603358,0.00957659296873703,1.2892018144766666,0.011720875013080667,1.1616847821552267
2013-09-10,135.7654266357422,0.007396689882491314,-3.895349978189035,-2.448128069232897,1.0,1.1581636248288916,0.0,0.0,0.008566577166041329,1.0784658280224455,0.007396689882491314,1.2987376404942956,0.008566577166041329,1.1716364444841754
2013-09-11,136.19151306152344,0.0031384015528816978,-3.4884049751489137,-2.1767157031316478,1.0,1.1634276738458953,0.0,0.0,0.003651303218263499,1.082403633771091,0.0031384015528816978,1.3028136007220088,0.003651303218263499,1.1759144444045553
2013-09-12,135.8297882080078,-0.0026560014305165858,-3.215640351234409,-1.9910429045852989,1.0,1.2198790331659497,0.0,0.0,-0.003240000457145952,1.0788966455028561,-0.0026560014305165858,1.2993533259347947,-0.003240000457145952,1.17210448106712
2013-09-13,136.1352996826172,0.002249222932907191,-2.7702014593169295,-1.736711284439596,1.0,1.2507206694734316,0.0,0.0,0.0028131496124406776,1.081931743183016,0.002249222932907191,1.3022758612334364,0.0028131496124406776,1.1754017863337738
2013-09-16,136.9231414794922,0.005787196992343313,-2.8977073443720833,-1.766051956964686,1.0,1.3134755351782719,0.0,0.0,0.007601341666700219,1.0901558760229986,0.005787196992343313,1.309812388180768,0.007601341666700219,1.1843364169073467
2013-09-17,137.5341796875,0.004462636493768546,2.9487457882184636,0.9562186684494725,1.0,1.3430729312104857,0.0,0.0,0.005993646276612605,1.096689884730251,0.004462636493768546,1.3156576047442536,0.005993646276612605,1.1914349104628001
2013-09-18,139.12600708007812,0.01157404941953355,2.865844800608677,0.9045361136723957,0.0,1.3970739337793692,1.0,0.0002,-0.0002,1.0964705467533051,0.01157404941953355,1.3308850908807488,0.01616980275230456,1.2107001779571933
2013-09-19,138.89288330078125,-0.0016756304891485385,0.2278074825352867,-0.31652812046480594,0.0,1.2847549325214034,0.0,0.0,-0.0,1.0964705467533051,-0.0016756304891485385,1.3286550192449158,-0.002152774536016837,1.208093813443336
2013-09-20,137.92176818847656,-0.006991827725267075,0.21679385837772713,-0.32288322751758725,0.5,1.3097290191416453,0.5,0.0001,-0.0046786998343107036,1.0913404901878838,-0.006991827725267075,1.319365292244044,-0.009157399668621407,1.1970308155564466
2013-09-23,137.28358459472656,-0.004627141909012478,-0.9305698452486268,-0.8494291692166018,0.5,1.2195943365314348,0.0,0.0,-0.0028216180332794345,1.0882611441803216,-0.004627141909012478,1.313260401807005,-0.005643236066558869,1.190275688085316
2013-09-24,136.96043395996094,-0.0023538912953037228,-1.1423543972128272,-0.9404030688755981,1.0,1.220911608607889,0.5,0.0001,-0.002973893207837376,1.0850247717552903,-0.0023538912953037228,1.3101691295787246,-0.002873893207837376,1.1868549628698737
2013-09-25,136.56459045410156,-0.0028902033559202733,-1.2077116672882724,-0.9630854195584806,1.0,1.2645060298841615,0.0,0.0,-0.003654679571152625,1.0810593538877618,-0.0028902033559202733,1.306382474363593,-0.003654679571152625,1.1825173882831521
2013-09-26,137.08970642089844,0.0038451839166417923,-0.6365628259791443,-0.6962006893323991,1.0,1.3056198923758118,0.0,0.0,0.005020348611411059,1.086486648713905,0.0038451839166417923,1.3114057552429985,0.005020348611411059,1.1884540378113888
2013-09-27,136.45950317382812,-0.004597013616291723,-0.819145447638796,-0.7763931658386682,1.0,1.348678464519978,0.0,0.0,-0.006199893265397753,1.0797505474575992,-0.004597013616291723,1.305377205129663,-0.006199893265397753,1.1810857496261273
2013-09-30,135.7323760986328,-0.005328519145120003,-0.9166729663331665,-0.8179816574859885,1.0,1.3580784819061942,0.0,0.0,-0.0072365471914126655,1.0719368816659687,-0.005328519145120003,1.2984214777005263,-0.0072365471914126655,1.172538766861853
2013-10-01,136.8069305419922,0.007916714303877859,-3.595426006184301,-2.0270944005029197,1.0,1.361820925901596,0.0,0.0,0.010781147203405355,1.0834935909799688,0.007916714303877859,1.3087007095855003,0.010781147203405355,1.1851800799090901
2013-10-02,136.67767333984375,-0.0009448147227363313,-5.1255447812110475,-2.663873124016292,1.0,1.2958402053526759,0.0,0.0,-0.001224328904330879,1.0821670384588746,-0.0009448147227363313,1.3074642298874284,-0.001224328904330879,1.1837290296804202
2013-10-03,135.4173583984375,-0.009221074010182573,-4.180508427439825,-2.171161190713558,1.0,1.3583632066641196,0.0,0.0,-0.012525567661358771,1.0686122819977657,-0.009221074010182573,1.29540800545797,-0.012525567661358771,1.1689021516264435
2013-10-04,136.44337463378906,0.007576696573364794,-4.221640208888594,-2.1420537925193464,1.0,1.2547377202388654,0.0,0.0,0.009506766985405365,1.0787713299604609,0.007576696573364794,1.3052229188540327,0.009506766985405365,1.1800146320106952
2013-10-07,135.2638397216797,-0.00864486762567418,-4.749683889363684,-2.3177968213714824,1.0,1.2124510546690603,0.0,0.0,-0.010481478870223075,1.067464211059678,-0.00864486762567418,1.2939394394985435,-0.010481478870223075,1.167646333578721
2013-10-08,133.6885223388672,-0.011646256575695957,-4.0346169859142655,-1.964918755701135,1.0,1.1627982822695517,0.0,0.0,-0.01354224714108973,1.0530083468992393,-0.011646256575695957,1.2788698887927312,-0.01354224714108973,1.1518337783560106
2013-10-09,133.78543090820312,0.0007248832408386363,-3.1969321195584506,-1.5857439327008302,1.0,1.077519886890178,0.0,0.0,0.0007810761076770331,1.0538308265601868,0.0007248832408386363,1.2797969201423303,0.0007810761076770331,1.1527334482002998
2013-10-10,136.66952514648438,0.021557610710692288,-3.1499231824211833,-1.5434364180473383,1.0,1.126133159879322,0.0,0.0,0.024276740269080225,1.0794144038241387,0.021557610710692288,1.3073862839355015,0.024276740269080225,1.1807180587217396
2013-10-11,137.5500946044922,0.00644305639508147,-4.657019375706007,-2.1237270367163203,1.0,0.802046614410747,0.0,0.0,0.005167631568132605,1.0849924197724372,0.00644305639508147,1.315809847493054,0.005167631568132605,1.1868195746350543
2013-10-14,138.0995330810547,0.003994460913620879,-3.852222454451155,-1.7565645582415261,1.0,0.828092860521245,0.0,0.0,0.003307784564200619,1.0885813409508351,0.003994460913620879,1.3210657984986225,0.003307784564200619,1.1907453181045233
2013-10-15,137.0977783203125,-0.007253860591651895,-3.9022691938139253,-1.7494698290857233,1.0,0.866738029304569,0.0,0.0,-0.006287196834058439,1.081737215790394,-0.007253860591651895,1.3114829713639142,-0.006287196834058439,1.1832588679103666
2013-10-16,139.01251220703125,0.013966191941091832,-4.159349887459456,-1.81345580132256,1.0,0.8681100901577112,0.0,0.0,0.01212419214514113,1.0948524056451867,0.013966191941091832,1.3297993942694561,0.01212419214514113,1.197604925782354
2013-10-17,139.94154357910156,0.006683077352682476,-5.2892463878031055,-2.2091940764384415,1.0,0.8219802278131418,0.0,0.0,0.005493357444850791,1.1008668212587505,0.006683077352682476,1.3386865464849091,0.005493357444850791,1.2041837977173906
2013-10-18,140.88673400878906,0.006754180392138043,-3.4762317262032063,-1.4651587186013375,1.0,0.8529588482064917,0.0,0.0,0.0057610379278569355,1.1072089567695416,0.006754180392138043,1.3477282769083965,0.0057610379278569355,1.2111211462481513
2013-10-21,140.894775390625,5.707692702583422e-05,-3.4750822468176565,-1.4402713645460632,1.0,0.8861207418612022,0.0,0.0,5.057704891928992e-05,1.1072649561311119,5.707692702583422e-05,1.3478052010969082,5.057704891928992e-05,1.2111824011816121
2013-10-22,141.71075439453125,0.00579140710962478,-3.5053099641493954,-1.428243118562066,1.0,0.9267182046697083,0.0,0.0,0.00536700239914286,1.1132076498071544,0.00579140710962478,1.35561088972093,0.00536700239914286,1.2176828200345533
2013-10-23,141.0321807861328,-0.004788441154644163,-2.913783903157089,-1.1877691096757668,1.0,0.9667000348433044,0.0,0.0,-0.004628986231039625,1.108054626923909,-0.004788441154644163,1.3491196267469066,-0.004628986231039625,1.2120461830268399
2013-10-24,141.50076293945312,0.0033225193761337035,-3.138082485593616,-1.2545818791539527,1.0,0.9707268159922648,0.0,0.0,0.003225258655066876,1.1116283896996824,0.0033225193761337035,1.3536021028474954,0.003225258655066876,1.215955345468988
2013-10-25,142.14703369140625,0.004567259840356108,-3.259388548539679,-1.2822409270135964,1.0,1.019359982691532,0.0,0.0,0.004655681911813132,1.1168037778862652,0.004567259840356108,1.3597843553716524,0.004655681911813132,1.2216164467764603
2013-10-28,142.37319946289062,0.0015910692302969487,-4.349510571381611,-1.65903433874737,1.0,1.0664688820173323,0.0,0.0,0.0016968258232469642,1.1186987993760824,0.0015910692302969487,1.3619478664193234,0.0016968258232469642,1.2236893171094538
2013-10-29,143.1326446533203,0.005334186443057609,-4.289866040858394,-1.607504776059593,1.0,1.1203272281148045,0.0,0.0,0.0059760343119982995,1.1253841817859451,0.005334186443057609,1.3692127502645286,0.0059760343119982995,1.2310021264557258
2013-10-30,142.4216766357422,-0.004967196821522801,-3.829995581507575,-1.416425863766211,1.0,1.1667217622459454,0.0,0.0,-0.005795336629029541,1.1188622016155105,-0.004967196821522801,1.3624116010434262,-0.005795336629029541,1.2238680547418637
2013-10-31,142.0177459716797,-0.002836160011622346,-5.698083677865501,-2.0508439661452473,1.0,1.149186542787561,0.0,0.0,-0.003259276918548613,1.1152155198667486,-0.002836160011622346,1.3585475837411765,-0.003259276918548613,1.2198791298396945
2013-11-01,142.35707092285156,0.0023893137357604566,-5.3949987132700645,-1.8970967544145942,1.0,1.1774224680385867,0.0,0.0,0.0028132316756775723,1.1183528794924449,0.0023893137357604566,1.3617935801436933,0.0028132316756775723,1.2233109324482574
2013-11-04,142.85794067382812,0.003518404444047718,-5.183828827026211,-1.7841895570131283,1.0,1.236616967552529,0.0,0.0,0.004350918634221631,1.123218741875464,0.003518404444047718,1.3665849207279466,0.004350918634221631,1.2286334587796937
2013-11-05,142.40553283691406,-0.003166837172509651,-5.099180800859518,-1.719775074627426,1.0,1.2935206484464874,0.0,0.0,-0.004096369272909125,1.1186176231344898,-0.003166837172509651,1.362257168801594,-0.004096369272909125,1.2236005224314805
2013-11-06,143.1326446533203,0.005105923919676236,-5.101674064294421,-1.6875012865614534,1.0,1.3139307488875667,0.0,0.0,0.006708830439543137,1.1261222390947838,0.005105923919676236,1.3692127502645286,0.006708830439543137,1.2318094508622097
2013-11-07,141.32298278808594,-0.012643250389298255,-4.962025145214067,-1.609679460764233,1.0,1.3518487784073594,0.0,0.0,-0.017091762593871216,1.1068748251324971,-0.012643250389298255,1.3519014506267144,-0.017091762593871216,1.210755656167186
2013-11-08,143.22958374023438,0.013491089096296482,-5.205993673713381,-1.6606051188030957,1.0,1.1046707945069818,0.0,0.0,0.014903212110770314,1.1233708154315187,0.013491089096296482,1.370140073546532,0.014903212110770314,1.2287998045253605
2013-11-11,143.2538604736328,0.00016949524507769986,-4.843908232273696,-1.5130116373332452,1.0,0.9911163859269507,0.0,0.0,0.00016798951473321268,1.1235595299496686,0.00016949524507769986,1.3703723057740884,0.00016798951473321268,1.2290062300082272
2013-11-12,142.9629364013672,-0.0020308288468021685,-4.650598772968568,-1.4256479029503486,1.0,1.0402733730751006,0.0,0.0,-0.0021126171746011085,1.1211858787900102,-0.0020308288468021685,1.3675893141646636,-0.0021126171746011085,1.22640981033902
2013-11-13,144.1101837158203,0.008024788405522454,-4.287396323051004,-1.2878266474043158,1.0,1.0815203088992336,0.0,0.0,0.008678971635191633,1.1309166192298061,0.008024788405522454,1.3785639290364886,0.008678971635191633,1.237053786296073
2013-11-14,144.82925415039062,0.004989726721799759,-4.505704430127869,-1.3381852027039558,0.5,1.0847299135359028,0.5,0.0001,0.002606252917752818,1.133864073968409,0.004989726721799759,1.3854425863109112,0.005412505835505636,1.243749347133235
2013-11-15,145.4593505859375,0.0043506157595245565,-4.249742824798867,-1.237631711704959,0.5,1.1282287573133043,0.0,0.0,0.002454244905958034,1.1366468540959949,0.0043506157595245565,1.391470114660832,0.004908489811916068,1.2498542781322157
2013-11-18,144.9503936767578,-0.0034989631613885352,-3.608226583345399,-1.0199067975134488,0.5,1.1792213112954295,0.0,0.0,-0.002063025963673495,1.134301922124467,-0.0034989631613885352,1.3866014119894605,-0.00412605192734699,1.2446973144790254
2013-11-19,144.63536071777344,-0.0021733846386571276,-3.5334559959665803,-0.9838774412238932,0.5,1.1921822399636979,0.0,0.0,-0.0012955352834084733,1.1328323939623168,-0.0021733846386571276,1.3835877937807024,-0.0025910705668169467,1.2414722159028828
2013-11-20,144.18289184570312,-0.003128341989295458,-3.4522704198369283,-0.9451479721412845,0.5,1.230253421902775,0.0,0.0,-0.0019243267186064357,1.1306524543189123,-0.003128341989295458,1.3792594579895416,-0.0038486534372128714,1.236694219591944
2013-11-21,145.3462371826172,0.00806853935319185,-3.77462860341301,-1.0310555432536719,0.5,1.260195876726976,0.0,0.0,0.005083970012050856,1.1364006574907213,0.00806853935319185,1.3903880672045923,0.010167940024101712,1.249268852244908
2013-11-22,146.07334899902344,0.0050026187846383685,-3.821614561821285,-1.030497868776673,0.5,1.2397234478164572,0.0,0.0,0.003100931903901626,1.1399245585451492,0.0050026187846383685,1.397343648667527,0.006201863807803252,1.2570166475258615
2013-11-25,145.9279327392578,-0.0009955016487408486,-3.2934190131317713,-0.853747304250234,0.5,1.28354930793176,0.0,0.0,-0.0006388877261431211,1.1391962747359656,-0.0009955016487408486,1.395952590761421,-0.0012777754522862422,1.2554104625105378
2013-11-26,145.96826171875,0.00027636230250882576,-2.9620791403474414,-0.7401205268960906,0.5,1.3330154027754444,0.0,0.0,0.00018419760299537578,1.1394061119591135,0.00027636230250882576,1.396338379433597,0.00036839520599075157,1.2558729497064773
2013-11-27,146.32379150390625,0.0024356649929919705,-2.4197624075449653,-0.5637157298490992,0.5,1.3973012207498094,0.0,0.0,0.0017016788340226282,1.1413450152231903,0.0024356649929919705,1.3997393919427545,0.0034033576680452563,1.2601471345399515
2013-11-29,146.22679138183594,-0.0006629142197133175,-2.2328244002142483,-0.49802450182471303,0.5,1.4669048800388895,0.0,0.0,-0.00048621605197231906,1.1407900749559503,-0.0006629142197133175,1.3988114847959428,-0.0009724321039446381,1.258921727010631
2013-12-02,145.84710693359375,-0.0025965450288157887,-2.9327051956263546,-0.7036773666542763,0.5,1.5273775366082598,0.0,0.0,-0.0019829522749025413,1.1385279426816302,-0.0025965450288157887,1.3951794077888453,-0.003965904549805083,1.253928963605631
2013-12-03,145.2169952392578,-0.0043203578568262735,-2.8956573085007378,-0.6827800182015656,0.5,1.5558989520630533,0.0,0.0,-0.0033610201309866887,1.1347013273465862,-0.0043203578568262735,1.3891517334727226,-0.006722040261973377,1.2455000026266194
2013-12-04,145.2008514404297,-0.00011117017537465301,-2.929527222115496,-0.6838207588183801,0.5,1.5450970031460982,0.0,0.0,-8.588435240530126e-05,1.1346038742579136,-0.00011117017537465301,1.3889973012308905,-0.00017176870481060253,1.2452860647043267
2013-12-05,144.56260681152344,-0.004395598390606548,-2.750670607829605,-0.6208781598509102,0.5,1.6230963025277092,0.0,0.0,-0.0035672397475951185,1.1305564702198854,-0.004395598390606548,1.382891826929043,-0.007134479495190237,1.2364015968100475
2013-12-06,146.17832946777344,0.011176629225817303,-2.899020590180868,-0.658006271300203,0.5,1.62084989407857,0.0,0.0,0.009057819148410712,1.1407968462642026,0.011176629225817303,1.3983478961380422,0.018115638296821425,1.2587998009274708
2013-12-09,146.5499725341797,0.0025423950852316857,-2.426573986075354,-0.506933368370104,0.5,1.3567955960961517,0.0,0.0,0.0017247552275894257,1.1427644415884144,0.0025423950852316857,1.4019030489566275,0.0034495104551788515,1.2631420440017471
2013-12-10,146.02488708496094,-0.0035829788306257493,-2.2996691944691747,-0.4623619112139487,0.5,1.421320592248709,0.0,0.0,-0.0025462807967797886,1.1398546424355551,-0.0035829788306257493,1.3968800600096263,-0.005092561593559577,1.2567094153412535
2013-12-11,144.38487243652344,-0.011231062602933606,-1.8447144045767843,-0.3184005015416801,0.5,1.4372964181357306,0.0,0.0,-0.008071183025527314,1.1306546669939608,-0.011231062602933606,1.3811916126068686,-0.016142366051054628,1.236423151939008
2013-12-12,143.90818786621094,-0.0033014855522490727,-1.8084418260006885,-0.30194115805790284,0.5,1.225951699092271,0.0,0.0,-0.002023730911154168,1.1283665261945244,-0.0033014855522490727,1.3766316284529594,-0.004047461822308336,1.2314187764353168
2013-12-13,143.8920135498047,-0.00011239330191059604,-1.167017638917521,-0.0998632410378729,0.5,1.2748099463185092,0.0,0.0,-7.164004958760347e-05,1.1282856899606348,-0.00011239330191059604,1.376476904278723,-0.00014328009917520694,1.231242338630903
2013-12-16,144.78880310058594,0.006232378911501302,-1.0696817995002377,-0.06416807223746297,0.5,1.3396155292929182,0.0,0.0,0.004174495787142418,1.1329957138200686,0.006232378911501302,1.3850556299091183,0.008348991574284837,1.2415219705420353
2013-12-17,144.32823181152344,-0.0031809869216373743,-0.523781527933032,0.10804528358226119,0.5,1.3144334163959248,0.0,0.0,-0.002090597753459285,1.1306270755260772,-0.0031809869216373743,1.3806497860646372,-0.00418119550691857,1.2363309244570644
2013-12-18,146.79238891601562,0.017073285479656475,-0.48264511834590706,0.12561870243263026,0.5,1.3608001463450394,0.0,0.0,0.011616664689653583,1.1437611911515073,0.017073285479656475,1.4042220140095454,0.023233329379307166,1.2650550080467988
2013-12-19,146.62271118164062,-0.001155902806868836,-0.7772859539243981,0.04309452169603582,0.5,1.0172252438684142,0.0,0.0,-0.0005879067573026681,1.1430887662184888,-0.001155902806868836,1.4025988698420848,-0.0011758135146053362,1.2635675392716181
2013-12-20,147.4755401611328,0.0058164862224903136,-0.7738103981874218,0.06240643134308759,0.5,1.0632580879493472,0.0,0.0,0.003092213009754386,1.1466234401726936,0.0058164862224903136,1.4107570668442018,0.006184426019508772,1.271381979238896
2013-12-23,148.26345825195312,0.005342703542291938,-0.7665404260225586,0.08044705143824708,0.5,1.0942824248337493,0.0,0.0,0.002923213293713542,1.14997526505589,0.005342703542291938,1.4182943236225436,0.005846426587427084,1.2788150206450941
2013-12-24,148.58836364746094,0.0021914057539091925,-0.6052359620996057,0.14620343308205277,0.5,1.1337015145985907,0.0,0.0,0.001242200011153459,1.1514037643429686,0.0021914057539091925,1.4214023819640669,0.002484400022306918,1.2819921087109114
2013-12-26,149.34376525878906,0.005083854433718615,-0.5380165562165402,0.1811242812596791,0.0,1.191791489118809,0.5,0.0001,-0.0001,1.1512886239665343,0.005083854433718615,1.4286285847657132,0.006058894446024768,1.2897595635782275
2013-12-27,149.33572387695312,-5.3844777664457943e-05,0.04485976068733066,0.3837645748067684,0.0,1.2380117452849009,0.0,0.0,-0.0,1.1512886239665343,-5.3844777664457943e-05,1.4285516605772013,-6.666046717085303e-05,1.2896735876031813
2013-12-30,149.31130981445312,-0.00016348440859415003,0.5012178536059011,0.5472866231541027,0.0,1.2922723293625575,0.0,0.0,-0.0,1.1512886239665343,-0.00016348440859415003,1.4283181146538257,-0.00021126637750842238,1.28940112293616
2013-12-31,150.01800537109375,0.004733034339587716,0.45756582888534325,0.5427872490422415,0.0,1.349027912610083,0.0,0.0,0.0,1.1512886239665343,0.004733034339587716,1.4350783933383375,0.00638499543544586,1.297633943220566
2014-01-02,148.5802764892578,-0.009583708824014048,0.3665621101200145,0.5229175124710354,0.0,1.3995459558637557,0.0,0.0,-0.0,1.1512886239665343,-0.009583708824014048,1.421325019876949,-0.01341284092682465,1.2802289855589004
2014-01-03,148.55589294433594,-0.00016411024059193036,0.345374919799184,0.5200984590957032,0.0,1.213726482683023,0.0,0.0,-0.0,1.1512886239665343,-0.00016411024059193036,1.4210917658859776,-0.0001991849450859083,1.2799739832187145
2014-01-06,148.12542724609375,-0.0028976682762997807,0.6824421232558251,0.6368318733730075,0.0,1.2738071204978716,0.0,0.0,-0.0,1.1512886239665343,-0.0028976682762997807,1.416973913358259,-0.0036910704831914546,1.275249509030003
2014-01-07,149.03515625,0.006141612691485054,0.7810121779004113,0.6734245815493386,0.0,1.3127360014415428,0.0,0.0,0.0,1.1512886239665343,0.006141612691485054,1.4256764183280435,0.008062316087022722,1.2855309736616234
2014-01-08,149.06761169433594,0.00021777039158132894,2.015220421200919,1.0927080806980012,0.0,1.3186014003358602,0.0,0.0,0.0,1.1512886239665343,0.00021777039158132894,1.4259868884399312,0.00028715234329082897,1.2859001168930833
2014-01-09,149.16510009765625,0.0006539878261431209,2.4586812434397842,1.2401325081673926,0.0,1.3847757323787824,0.0,0.0,0.0,1.1512886239665343,0.0006539878261431209,1.4269194665052105,0.000905626470914148,1.2870646620778934
2014-01-10,149.57125854492188,0.0027228785218507134,2.478845438518725,1.2498400468156678,0.0,1.4555787099897775,0.0,0.0,0.0,1.1512886239665343,0.0027228785218507134,1.4308047948729683,0.003963364006294334,1.2921657678333462
2014-01-13,147.5811767578125,-0.013305241972752957,2.383272647372621,1.2311980320380524,0.0,1.521380217941164,0.0,0.0,-0.0,1.1512886239665343,-0.013305241972752957,1.4117675908614082,-0.020242331932266815,1.2660093194493514
2014-01-14,149.18948364257812,0.010897777888063231,2.3231253872561375,1.230999350997636,0.0,1.1776826134819802,0.0,0.0,0.0,1.1512886239665343,0.010897777888063231,1.427152720496182,0.012834123544360442,1.282257439463476
2014-01-15,149.99363708496094,0.005390148305019826,3.046740628378629,1.5032842930338859,0.0,1.08473876301581,0.0,0.0,0.0,1.1512886239665343,0.005390148305019826,1.434845285313569,0.005846902804858971,1.2897546740828263
2014-01-16,149.79867553710938,-0.0012997987890721596,2.881135155471707,1.4604058878326547,0.0,1.1164336544586142,0.0,0.0,-0.0,1.1512886239665343,-0.0012997987890721596,1.4329802751492124,-0.0014511391121447125,1.2878830606301932
2014-01-17,149.16510009765625,-0.004229512959186166,2.8060817646795186,1.4467638356568089,0.0,1.1655209805124207,0.0,0.0,-0.0,1.1512886239665343,-0.004229512959186166,1.4269194665052107,-0.00492958609128065,1.2815343302073146
2014-01-21,149.60369873046875,0.0029403569100638904,2.8891979351682444,1.4855287950844496,0.0,1.1872547700285154,0.0,0.0,0.0,1.1512886239665343,0.0029403569100638904,1.431115119018654,0.0034909527670596604,1.2860081060234339
2014-01-22,149.70123291015625,0.0006519503228541446,2.8378168447158956,1.4717160742763689,0.0,1.2391001003505322,0.0,0.0,0.0,1.1512886239665343,0.0006519503228541446,1.4320481349825396,0.0008078317104721324,1.2870469841514036
2014-01-23,148.47467041015625,-0.008193402794058002,2.6697953019980822,1.4162673202364766,0.0,1.3026726936290438,0.0,0.0,-0.0,1.1512886239665343,-0.008193402794058002,1.420314787792148,-0.010673322087723272,1.2733099171475228
2014-01-24,145.30677795410156,-0.02133624844765436,2.1957323014221046,1.25254503582394,0.0,1.2314286078873278,0.0,0.0,-0.0,1.1512886239665343,-0.02133624844765436,1.3900105986059372,-0.026274066723433166,1.2398548874247797
2014-01-27,144.59202575683594,-0.0049189184931992536,0.8512605878882518,0.781644263192772,0.0,0.8734012584805104,0.0,0.0,-0.0,1.1512886239665343,-0.0049189184931992536,1.3831732497667115,-0.004296189602323284,1.2345282357490357
2014-01-28,145.4530029296875,0.0059545273561592005,0.6866282097228691,0.7347525965643424,0.0,0.9135236947745465,0.0,0.0,0.0,1.1512886239665343,0.0059545273561592005,1.391409392720755,0.005439601831034665,1.2412435778006803
2014-01-29,144.055908203125,-0.00960512810614067,0.7717528764633279,0.780160566972162,0.0,0.9147155384062114,0.0,0.0,-0.0,1.1512886239665343,-0.00960512810614067,1.3780447272555847,-0.008785959927069098,1.2303380614663917
2014-01-30,145.58302307128906,0.010600848567840604,0.7388858002741401,0.7799858672688714,0.0,0.9194981154443505,0.0,0.0,0.0,1.1512886239665343,0.010600848567840604,1.3926531707289322,0.009747460280240377,1.2423307328518032
2014-01-31,144.7301025390625,-0.005858653806144032,0.37851585915937846,0.6653208704371617,0.0,0.864743635628654,0.0,0.0,-0.0,1.1512886239665343,-0.005858653806144032,1.3844940979296025,-0.005066233592214642,1.2360367951603888
2014-02-03,141.472900390625,-0.022505353698332287,0.12077431977091635,0.5862696464677983,0.0,0.8961092059700874,0.0,0.0,-0.0,1.1512886239665343,-0.022505353698332287,1.3533355685624433,-0.020167254632688515,1.211109326377017
2014-02-04,142.46388244628906,0.007004748279902495,-1.1041229143872044,0.13156269091263528,0.0,0.7409877510396619,0.0,0.0,0.0,1.1512886239665343,0.007004748279902495,1.362815343558462,0.00519043267452389,1.2173955077970646
2014-02-05,142.28518676757812,-0.0012543226791416062,-1.173305631768205,0.11478202685139537,0.0,0.7401041555261341,0.0,0.0,-0.0,1.1512886239665343,-0.0012543226791416062,1.3611059333655544,-0.0009283294272033765,1.2162653637226315
2014-02-06,144.16146850585938,0.013186767933517585,-0.3174959472970009,0.45030992177485973,0.0,0.7774351098691883,0.0,0.0,0.0,1.1512886239665343,0.013186767933517585,1.3790545214417798,0.010251856377213733,1.2287343415480956
2014-02-07,145.94851684570312,0.012396157991211965,0.6056007424012257,0.8113976235761431,0.0,0.7283874924877696,0.0,0.0,0.0,1.1512886239665343,0.012396157991211965,1.3961494991680672,0.00902920643570111,1.2398288375725686
2014-02-10,146.21652221679688,0.0018363007510182605,0.14191920607586894,0.6370963221929501,0.0,0.7091740304425619,0.0,0.0,0.0,1.1512886239665343,0.0018363007510182605,1.3987132495419232,0.001302256804704323,1.2414434131129661
2014-02-11,147.81674194335938,0.010944178553158546,0.33883475950066355,0.7189205338809534,0.0,0.7448050053951734,0.0,0.0,0.0,1.1512886239665343,0.010944178553158546,1.4140210170895786,0.00815127896633099,1.251562764694164
2014-02-12,147.88983154296875,0.0004944609023880275,0.13481866634269934,0.6445068961516819,0.0,0.744227135639422,0.0,0.0,0.0,1.1512886239665343,0.0004944609023880275,1.4147201951976844,0.00036799122106992557,1.2520233288041895
2014-02-13,148.6533966064453,0.005163066693024909,0.09698716134693086,0.6352344699975755,0.0,0.7820642726389075,0.0,0.0,0.0,1.1512886239665343,0.005163066693024909,1.4220244899174592,0.004037849997866695,1.2570788111997304
2014-02-14,149.47373962402344,0.005518494943979935,-0.09373687035671807,0.5665386971671148,0.0,0.8159102461153136,0.0,0.0,0.0,1.1512886239665343,0.005518494943979935,1.4298719248752845,0.004502596567928782,1.2627389299406544
2014-02-18,149.65245056152344,0.0011956008991915734,0.08808785685324594,0.6418399855959815,0.0,0.8506711397692793,0.0,0.0,0.0,1.1512886239665343,0.0011956008991915734,1.431581481034394,0.001017063179624471,1.2640232152117754
2014-02-19,148.66152954101562,-0.006621482085924391,-0.12904025000039,0.5640299590434807,0.0,0.8938705129845255,0.0,0.0,-0.0,1.1512886239665343,-0.006621482085924391,1.4221022899031837,-0.005918747588863081,1.2565417808544737
2014-02-20,149.53875732421875,0.005900839214499687,0.08382007094919075,0.6511042784288222,0.0,0.8942650958478465,0.0,0.0,0.0,1.1512886239665343,0.005900839214499687,1.4304938868624741,0.005276914545737294,1.263172444455191
2014-02-21,149.36817932128906,-0.0011406942653660046,-0.036232881958952134,0.6066253227539353,0.0,0.9258066360137658,0.0,0.0,-0.0,1.1512886239665343,-0.0011406942653660046,1.428862130689089,-0.0010560623205386945,1.2618384556322593
2014-02-24,150.19664001464844,0.005546433632141801,0.034769881242421974,0.6416127946015814,0.0,0.9677374368183425,0.0,0.0,0.0,1.1512886239665343,0.005546433632141801,1.4367872196664366,0.005367491466651955,1.2686113627751587
2014-02-25,150.13983154296875,-0.0003782273137011849,-0.024062269623794208,0.6268017101453318,0.0,1.0031095955164935,0.0,0.0,-0.0,1.1512886239665343,-0.0003782273137011849,1.436243787495982,-0.0003794034476600855,1.2681300472503811
2014-02-26,150.14796447753906,5.416906684074796e-05,-0.06449911371754524,0.6203028815122953,0.0,1.0503312775743205,0.0,0.0,0.0,1.1512886239665343,5.416906684074796e-05,1.4363215874817064,5.6895465179851565e-05,1.2682021980993279
2014-02-27,150.93580627441406,0.005247102747056198,-0.008913110873912444,0.6530885276854839,0.0,1.1018089083569438,0.0,0.0,0.0,1.1512886239665343,0.005247102747056198,1.4438581144290377,0.005781304549770711,1.2755340612372288
2014-02-28,151.31759643554688,0.0025294870087928523,0.001729955593781085,0.6641987500559136,0.0,1.1406751176444594,0.0,0.0,0.0,1.1512886239665343,0.0025294870087928523,1.447510334772026,0.0028853228913349183,1.279214388862794
2014-03-03,150.25350952148438,-0.007032142587037105,-0.09149313042117235,0.6320405519758369,0.0,1.1984461817977512,0.0,0.0,-0.0,1.1512886239665343,-0.007032142587037105,1.4373312357016992,-0.008427644433291978,1.2684336248395074
2014-03-04,152.365478515625,0.014056037698331636,-0.6646281860159604,0.4038696196559508,0.0,1.1506645532256345,0.0,0.0,0.0,1.1512886239665343,0.014056037698331636,1.457534417735712,0.016173784338273448,1.288948996735076
2014-03-05,152.50357055664062,0.0009063210535675825,-1.2966772348334814,0.1542968982080579,0.5,1.0240399225365895,0.5,0.0001,0.0003640544707443137,1.1517077557372064,0.0009063210535675825,1.4588554118648052,0.0009281089414886274,1.2901452818240686
2014-03-06,152.85279846191406,0.0022899654348993437,-1.2425730538495685,0.16197979875284613,0.5,1.0748043008244474,0.0,0.0,0.0012306323490845704,1.153125084558108,0.0022899654348993437,1.4621961403324915,0.002461264698169141,1.2933206708617317
2014-03-07,152.91773986816406,0.00042486239639361045,-1.6702620555920067,-0.031163524741202826,0.5,1.1299256381798521,0.0,0.0,0.0002400314571918358,1.153401870852479,0.00042486239639361045,1.4628173724886706,0.0004800629143836716,1.2939415461522183
2014-03-10,152.83656311035156,-0.0005308524562452899,-1.5517636624779492,0.005780399764439806,0.5,1.1840214221928327,0.0,0.0,-0.0003142703401090533,1.1530393908542438,-0.0005308524562452899,1.4620408322934466,-0.0006285406802181066,1.2931282512526374
2014-03-11,152.08116149902344,-0.004942545134194787,-1.3032235504513388,0.10193428632275083,0.5,1.2352769628509592,0.0,0.0,-0.0030527060710609615,1.1495195005056105,-0.004942545134194787,1.4548146294918005,-0.006105412142121923,1.2852331703261186
2014-03-12,152.12179565429688,0.0002671873023123439,-1.365500574562354,0.0654034313734846,0.5,1.227442509145327,0.0,0.0,0.0001639785263810172,1.1497079970193496,0.0002671873023123439,1.4552033374880189,0.0003279570527620344,1.285654671608771
2014-03-13,150.41595458984375,-0.011213653225141562,-1.023176384503822,0.20409058088792245,0.5,1.2892466223393464,0.0,0.0,-0.007228582272299239,1.1413972381737747,-0.011213653225141562,1.4388851918893597,-0.014457164544598477,1.2670677504737913
2014-03-14,149.99363708496094,-0.0028076642935545015,-0.7922651718628586,0.29569107948294887,0.5,1.1308815396255714,0.0,0.0,-0.0015875678595233284,1.1395851926035014,-0.0028076642935545015,1.4348452853135676,-0.003175135719046657,1.2630446384008098
2014-03-17,151.35008239746094,0.009043352363885093,-0.8116176065271716,0.27960524209400994,0.5,1.1795627053261928,0.0,0.0,0.0053336005897811605,1.1456632848588773,0.009043352363885093,1.4478210968163174,0.010667201179562321,1.2765177896573987
2014-03-18,152.4304656982422,0.007138306657435756,-0.8963136731538057,0.23657853393166398,0.5,1.1238397979525105,0.0,0.0,0.00401115655580783,1.1502587196546874,0.007138306657435756,1.4581560877904973,0.00802231311161566,1.286758415058578
2014-03-19,151.61814880371094,-0.0053290980304380176,-0.8388706835735888,0.2548795656621627,0.5,1.1277522555472714,0.0,0.0,-0.003004951161929498,1.1468022483785416,-0.0053290980304380176,1.4503854310549817,-0.006009902323858996,1.2790251226696723
2014-03-20,152.50357055664062,0.005839813768442559,-1.1160515880495048,0.15010699386802445,0.5,1.1339649458457708,0.0,0.0,0.0033110720518406763,1.150599393252136,0.005839813768442559,1.4588554118648052,0.0066221441036813525,1.2874950113442196
2014-03-21,151.91204833984375,-0.003878743393599282,-0.8445817299420142,0.28722313423575313,0.5,1.155801461940115,0.0,0.0,-0.0022415286424063065,1.1480202917562259,-0.003878743393599282,1.453196886073818,-0.004483057284812613,1.2817230974544531
2014-03-24,151.28379821777344,-0.00413561747692881,-1.0280209054349,0.20976732000523504,0.5,1.1822572482410885,0.0,0.0,-0.002444681869025804,1.1452137473636956,-0.00413561747692881,1.4471870196343526,-0.004889363738051608,1.275456287019536
2014-03-25,152.0017852783203,0.004745961358752604,-1.1967363881045152,0.13921445432999027,0.5,1.2106577433264882,0.0,0.0,0.0028728674342510707,1.1485037946437535,0.004745961358752604,1.4540553133084255,0.0057457348685021415,1.2827847206811145
2014-03-26,150.9084930419922,-0.007192627601881552,-1.116751353592207,0.17594887816054433,0.5,1.2390169006256297,0.0,0.0,-0.004455893579318818,1.143386183959377,-0.007192627601881552,1.4435968349272608,-0.008911787158637635,1.271352816280052
2014-03-27,150.59036254882812,-0.002108101981215471,-1.3124293352931815,0.08836318361343116,0.5,1.2086244446920857,0.0,0.0,-0.0012739517932004172,1.1419295650800014,-0.002108101981215471,1.4405535855794742,-0.0025479035864008344,1.2681135318798713
2014-03-28,151.33279418945312,0.004930140468878186,-1.216360305262615,0.13169493290724094,0.5,1.2646683804189234,0.0,0.0,0.0031174963810069833,1.1454895263665033,0.004930140468878186,1.4476557171093272,0.006234992762013967,1.2760202105725542
2014-03-31,152.57284545898438,0.008194200577429589,-0.92090532632049,0.26600631585439416,0.5,1.2800982008001636,0.0,0.0,0.005244690708081639,1.1514972646416426,0.008194200577429589,1.4595180984223837,0.010489381416163278,1.2894048732559826
2014-04-01,153.58456420898438,0.006631053821906763,-0.2816201243635952,0.5524307226953151,0.5,1.2354099908241731,0.0,0.0,0.004096035070638216,1.156213837821359,0.006631053821906763,1.4691962414870694,0.008192070141276432,1.2999677684181994
2014-04-02,154.09848022460938,0.00334614365884911,-0.41222836146353714,0.49128443135401495,0.0,1.2452657622834413,0.5,0.0001,-0.0001,1.1560982164375768,0.00334614365884911,1.4741123831741263,0.00416683813404664,1.3053845236886759
2014-04-03,153.8945770263672,-0.0013232005789088896,0.03356443766574557,0.6810074617075202,0.5,1.302804067733679,0.5,0.0001,-0.0009619355483150302,1.154986124465842,-0.0013232005789088896,1.4721618368153335,-0.0017238710966300604,1.3031342090383007
2014-04-04,152.0751953125,-0.01182226007584053,-0.076615353541996,0.6188020201480334,0.0,1.3522149734656774,0.5,0.0001,-0.0001,1.1548706258533954,-0.01182226007584053,1.4547575567067756,-0.01598623709475704,1.2823019966063258
2014-04-07,150.39456176757812,-0.011051332477123088,-0.4379970448596424,0.44272585376232665,0.0,1.1394862088434834,0.0,0.0,-0.0,1.1548706258533954,-0.011051332477123088,1.4386805472740019,-0.01259284094702585,1.2661541715170086
2014-04-08,151.01458740234375,0.004122659938487816,-0.33943390893044345,0.47662473198641697,0.5,1.057630168265044,0.5,0.0001,0.0020801247622212124,1.1572729008393952,0.004122659938487816,1.44461173793053,0.0043602495244424245,1.2716749196412362
2014-04-09,152.63819885253906,0.01075135507187519,-0.16151789250352877,0.5466658227352658,0.5,1.0846704033432681,0.0,0.0,0.005830838321148777,1.1640207720176365,0.01075135507187519,1.4601432716660199,0.011661676642297555,1.286504781348212
2014-04-10,149.43190002441406,-0.021005874363222432,-0.630928191570927,0.31771030122870514,0.5,1.0156908902571584,0.0,0.0,-0.010667737616305706,1.1516033038418227,-0.021005874363222432,1.429471685549099,-0.021335475232611412,1.259056590449121
2014-04-11,148.08563232421875,-0.009009238990974167,-0.633343119328444,0.3079754245555781,0.5,0.7863716206607773,0.0,0.0,-0.0035423049331263106,1.1475239737776193,-0.009009238990974167,1.4165932335031566,-0.007084609866252621,1.250136665706255
2014-04-14,149.25238037109375,0.007878874057954066,-0.4346373345818044,0.39202426029367715,0.5,0.8023507681978108,0.0,0.0,0.003160810326466624,1.1511510794038036,0.007878874057954066,1.427754393181278,0.006321620652933248,1.2580395554711727
2014-04-15,150.2802734375,0.00688694588220673,-0.3743933263271977,0.4083102249096267,0.5,0.7990401682416236,0.0,0.0,0.002751473198194711,1.1543184407458562,0.00688694588220673,1.4375872604202002,0.005502946396389422,1.264962479709468
2014-04-16,151.85494995117188,0.010478264895670275,-0.476252600726351,0.3493335891986774,0.5,0.8106720580408318,0.0,0.0,0.004247218283835012,1.15922108313276,0.010478264895670275,1.452650680545524,0.008494436567670023,1.2757076232538427
2014-04-17,152.0670623779297,0.0013968094344374293,-0.4551226749995525,0.34856653990505576,0.5,0.7989834048054839,0.0,0.0,0.0005580137788956198,1.1598679444699345,0.0013968094344374293,1.4546797567210519,0.0011160275577912395,1.2771313481170783
2014-04-21,152.5973663330078,0.003487303212053705,-0.5604515664822056,0.28666337817170245,0.5,0.8396738775628669,0.0,0.0,0.0014640987051512877,1.1615661056255795,0.003487303212053705,1.4597526661091746,0.0029281974103025753,1.2808710408232509
2014-04-22,153.29086303710938,0.004544617779235871,-0.42951676933278193,0.33664165419332137,0.5,0.8784384067172328,0.0,0.0,0.001996083400565384,1.1638846884476781,0.004544617779235871,1.4663866840288613,0.003992166801130768,1.2859844916689551
2014-04-23,152.93185424804688,-0.0023420103582794116,-0.8136513924766025,0.1385683357532128,0.5,0.915463055076636,0.0,0.0,-0.0010720119788057984,1.1626369901197136,-0.0023420103582794116,1.4629523912256228,-0.002144023957611597,1.2832273101096998
2014-04-24,153.24188232421875,0.0020272302176433943,-0.4540087517069331,0.3057824718185647,0.5,0.9533101345529518,0.0,0.0,0.000966289555775717,1.1637604341004248,0.0020272302176433943,1.465918132520089,0.001932579111551434,1.2857072484045902
2014-04-25,151.98541259765625,-0.008199257980296415,-0.3945569978323107,0.3248564694977959,0.5,1.0012711235029625,0.0,0.0,-0.0041048401249110114,1.1589833835747456,-0.008199257980296415,1.4538986915735623,-0.008209680249822023,1.2751520030003098
2014-04-28,152.466796875,0.0031673057901819845,-0.5883550306024361,0.21981485016849542,0.5,0.981600644988798,0.0,0.0,0.0015545147032596952,1.1607850402853461,0.0031673057901819845,1.4585036333177213,0.0031090294065193903,1.27911648807542
2014-04-29,153.1766357421875,0.0046556947593610065,-0.480172230692153,0.26453771942396304,0.5,1.024153022767686,0.0,0.0,0.002384071930441625,1.163552435317167,0.0046556947593610065,1.4652939810398675,0.00476814386088325,1.2852154995053915
2014-04-30,153.63340759277344,0.0029819942732958182,-0.41575149061634953,0.2870023082898071,0.5,1.0595456259489575,0.0,0.0,0.0015797794944377122,1.1653905915951839,0.0029819942732958182,1.4696634793000232,0.0031595589888754245,1.2892762136894957
2014-05-01,153.64984130859375,0.00010696707231727665,-0.3321178823591069,0.3167360704466675,0.5,1.1089365488147906,0.0,0.0,5.9309848006171445e-05,1.1654597107340392,0.00010696707231727665,1.4698206848996955,0.00011861969601234289,1.2894291472420396
2014-05-02,153.42950439453125,-0.0014340197958289114,-0.30081442692713445,0.3202256468520204,0.5,1.1647299703916705,0.0,0.0,-0.0008351229171684386,1.1644864086205686,-0.0014340197958289114,1.4677129329412306,-0.0016702458343368773,1.287275483580186
2014-05-05,153.72325134277344,0.0019145401622808755,0.0358145340155307,0.48221982531305635,0.5,1.216243421214918,0.0,0.0,0.0011642734385129282,1.1658421892156348,0.0019145401622808755,1.4705229282980457,0.0023285468770258564,1.2902729648873486
2014-05-06,152.3851776123047,-0.00870443292592804,0.022387743003024596,0.4629091700412325,0.5,1.2763346651069574,0.0,0.0,-0.005554884741730169,1.1593660702274955,-0.00870443292592804,1.457722860102636,-0.011109769483460338,1.2759383296767093
2014-05-07,153.28265380859375,0.005889524232943533,0.33578508513908645,0.6198423011122997,0.5,1.1951503537643842,0.0,0.0,0.003519433485253188,1.1634463819967207,0.005889524232943533,1.4663081542121261,0.007038866970506376,1.2849194898418737
2014-05-08,153.11947631835938,-0.0010645528778366886,0.2123728818251731,0.540855475523638,0.0,1.204104740787726,0.5,0.0001,-0.0001,1.163330037358521,-0.0010645528778366886,1.4647471916467643,-0.0012818331670223736,1.2832724374228408
2014-05-09,153.34799194335938,0.0014924007741830003,0.17040122730674234,0.5055414280292979,0.5,1.261965387893747,0.5,0.0001,0.0008416790609423891,1.164309187891931,0.0014924007741830003,1.4669331814895603,0.0018833581218847782,1.2856892989904518
2014-05-12,154.8409423828125,0.009735702571211702,0.05035436817662564,0.4241684875092768,0.5,1.3243190815551333,0.0,0.0,0.006446588343700516,1.1718150099310585,0.009735702571211702,1.481214806636384,0.012893176687401031,1.3022659182874363
2014-05-13,154.9796600341797,0.0008958719136715754,0.2497513407485208,0.5293779011931912,0.5,1.2380325425577288,0.0,0.0,0.0005545592915444392,1.1724648508327868,0.0008958719136715754,1.482541785379764,0.0011091185830888785,1.3037102856175322
2014-05-14,154.2454071044922,-0.0047377373877679485,0.3650843444435594,0.5890231846989858,0.5,1.301210992881858,0.0,0.0,-0.0030823979851755164,1.1688508475388908,-0.0047377373877679485,1.475517891734242,-0.006164795970351033,1.295673177702252
2014-05-15,152.89108276367188,-0.008780321996251339,0.7174423645653665,0.7997369773817177,0.0,1.2994095633701566,0.5,0.0001,-0.0001,1.1687339624541369,-0.008780321996251339,1.4625623695335854,-0.011409234371398335,1.2808905387491127
2014-05-16,153.4213409423828,0.003468208669374029,0.7341496684766842,0.8029681800881449,0.0,1.213305879270159,0.0,0.0,0.0,1.1687339624541369,0.003468208669374029,1.467634841023102,0.004207997969087244,1.286280523534792
2014-05-19,153.9843292236328,0.003669556515357497,0.6628789711391239,0.7474882085662898,0.0,1.2542015114012224,0.0,0.0,0.0,1.1687339624541369,0.003669556515357497,1.473020410016144,0.0046023633277335755,1.2922004538454865
2014-05-20,153.01344299316406,-0.006305097637946844,0.6468256974132807,0.7291754293811743,0.0,1.2968051657281137,0.0,0.0,-0.0,1.1687339624541369,-0.006305097637946844,1.4637328725083036,-0.008176483187309595,1.2816347985599852
2014-05-21,154.30250549316406,0.008424504898289165,0.6560872903712065,0.7272567336509644,0.0,1.2787512316197323,0.0,0.0,0.0,1.1687339624541369,0.008424504898289165,1.4760640972625367,0.010772846014473737,1.295441652891663
2014-05-22,154.67779541015625,0.002432169949494467,0.6627974071533109,0.7214212672266725,0.0,1.2217735564943677,0.0,0.0,0.0,1.1687339624541369,0.002432169949494467,1.4796541360034263,0.0029715609291925816,1.2992911366934443
2014-05-23,155.2978057861328,0.004008399359019199,0.6976552169113961,0.7358833749031346,0.0,1.2792755752862397,0.0,0.0,0.0,1.1687339624541369,0.004008399359019199,1.4855851806937526,0.005127847395986281,1.3059537033653659
2014-05-27,156.25234985351562,0.006146539305889265,0.6493598703869683,0.6901978646675031,0.0,1.3259192009951244,0.0,0.0,0.0,1.1687339624541369,0.006146539305889265,1.4947163883991332,0.008149814485349821,1.316596983774249
2014-05-28,156.1381378173828,-0.0007309460385068745,0.6980431457138434,0.717594259729202,0.0,1.3430010953455898,0.0,0.0,-0.0,1.1687339624541369,-0.0007309460385068745,1.4936238313763417,-0.0009816613303532521,1.3153045314276182
2014-05-29,156.94580078125,0.005172746230724279,0.21360714582935536,0.3371124901756265,0.0,1.3997677074616077,0.0,0.0,0.0,1.1687339624541369,0.005172746230724279,1.5013499684202136,0.007240643132661597,1.3248281821504584
2014-05-30,157.19876098632812,0.0016117679085323466,0.14085334194145105,0.2656053659161029,0.5,1.4367372780726437,0.5,0.0001,0.0010578435188948008,1.1699703001016313,0.0016117679085323466,1.5037697961187895,0.0023156870377896016,1.3278960695991626
2014-06-02,157.37826538085938,0.001141894461540005,0.20158647998212675,0.29966918552539584,0.5,1.510409014841216,0.0,0.0,0.0008623638443536398,1.1709792401874066,0.001141894461540005,1.5054869425204087,0.0017247276887072797,1.330186328718126
2014-06-03,157.2966766357422,-0.0005184244782451275,0.2856970030640471,0.3549644623205999,0.5,1.5867825018004984,0.0,0.0,-0.0004113134452922107,1.1704976006817596,-0.0005184244782451275,1.5047064612377277,-0.0008226268905844214,1.3290920816746346
2014-06-04,157.61489868164062,0.0020230690991351885,0.44173406267749993,0.4706708016127375,0.5,1.650642265749237,0.0,0.0,0.0016696816807818876,1.1724519590830171,0.0020230690991351885,1.5077505863827267,0.003339363361563775,1.3335304030763233
2014-06-05,158.64285278320312,0.0065219348561635915,0.42819448296185403,0.4467488965566973,0.5,1.7340906491349344,0.0,0.0,0.005654813124170239,1.179081955808699,0.0065219348561635915,1.5175840374864573,0.011309626248340478,1.3486121335259154
2014-06-06,159.40158081054688,0.004782617143052725,0.1534498464211138,0.19847190531922515,0.5,1.713705766718796,0.0,0.0,0.0040979992890288145,1.1839138328253098,0.004782617143052725,1.5248420609201632,0.008195998578057629,1.3596653566546448
2014-06-09,159.56472778320312,0.0010234965790594241,0.26484914718358654,0.27969618670756163,1.0,1.7667754669516103,0.5,0.0001,0.0017082886463910898,1.1859362993842306,0.0010234965790594241,1.5264027315531208,0.0018082886463910899,1.3621240240819747
2014-06-10,159.58103942871094,0.00010222588497121876,0.6164333240671751,0.5804170595216195,0.5,1.8496348017464153,0.5,0.0001,-5.459722758953967e-06,1.185929824500826,0.00010222588497121876,1.5265587694231764,0.00018908055448209208,1.3623815752477217
2014-06-11,159.02630615234375,-0.0034761853811273724,0.6659872051097997,0.6156680449388949,0.5,1.9205833901322888,0.0,0.0,-0.0033381519520069556,1.1819710105422254,-0.0034761853811273724,1.5212521681454758,-0.006676303904013911,1.353285901818139
2014-06-12,157.90042114257812,-0.0070798664510703935,0.4146813210544069,0.3682713566184928,0.5,1.8503653050067081,0.0,0.0,-0.006550169622570814,1.1742288999342123,-0.0070798664510703935,1.5104819059566046,-0.013100339245141628,1.3355573974086539
2014-06-13,158.38174438476562,0.00304827079436909,0.2738161442650222,0.2198048713742804,0.5,1.6235837577674417,0.0,0.0,0.002474561475507256,1.1771346015334168,0.00304827079436909,1.515086263835955,0.004949122951014512,1.3421672351765663
2014-06-16,158.5122833251953,0.0008242044620532241,0.9671806734099766,0.8789979122749385,1.0,1.6841791516870537,0.5,0.0001,0.0012881079717174833,1.1786508779974365,0.0008242044620532241,1.5163350046950042,0.0013881079717174834,1.344030308215093
2014-06-17,158.95286560058594,0.0027794834958421166,0.9227499998401196,0.8229768768121702,0.0,1.7705983989921439,1.0,0.0002,-0.0002,1.178415147821837,0.0027794834958421166,1.5205496328147217,0.004921349027763139,1.3506447504657115
2014-06-18,160.11947631835938,0.0073393500228229325,0.7699941832760695,0.659247589807976,0.0,1.84273696489377,0.0,0.0,0.0,1.178415147821837,0.0073393500228229325,1.5317094787970238,0.013524491585349751,1.3689115340281819
2014-06-19,160.29901123046875,0.0011212559286193358,0.3047474843240279,0.18801180672872234,0.0,1.7420722318118025,0.0,0.0,0.0,1.178415147821837,0.0011212559286193358,1.5334269171310473,0.0019533088180021013,1.371585440998664
2014-06-20,160.62445068359375,0.002030202498611189,0.5844889791838455,0.45831112436033616,1.0,1.8301739130949843,1.0,0.0002,0.0035156236512584537,1.1825580119865204,0.002030202498611189,1.5365400842896444,0.0037156236512584538,1.3766817363029606
2014-06-23,160.57534790039062,-0.00030569930663826295,0.6553805940486317,0.5203351747589408,0.5,1.9229815944336954,0.5,0.0001,-0.000393927070048261,1.1820921703736964,-0.00030569930663826295,1.536070365051255,-0.000587854140096522,1.3758724482446796
2014-06-24,159.6079559326172,-0.006024536022637417,0.5100470560358854,0.36613676232825604,0.5,1.9975380363937731,0.0,0.0,-0.006017119928421349,1.17497938001811,-0.006024536022637417,1.526816253803698,-0.012034239856842698,1.3593148691900816
2014-06-25,160.32931518554688,0.004519569520921696,0.4860750437460526,0.333201132469845,0.5,1.7808486854805605,0.0,0.0,0.004024334720135705,1.1797078903325604,0.004519569520921696,1.533716806008437,0.00804866944027141,1.3702555452374385
2014-06-26,160.21458435058594,-0.000715594866903535,0.5557478354556782,0.3937233581784874,0.5,1.8017732877721142,0.0,0.0,-0.0006446698580268153,1.1789473682143865,-0.000715594866903535,1.5326192861347736,-0.0012893397160536307,1.3684888203418213
2014-06-27,160.52609252929688,0.0019443184899403665,0.2866553002593344,0.11647012466641225,0.5,1.8768032148379699,0.0,0.0,0.0018245515962944934,1.1810984185170093,0.0019443184899403665,1.5355991861508447,0.0036491031925889868,1.3734825772651529
2014-06-30,160.4441375732422,-0.0005105397805639234,0.2937884649167666,0.1172866354061072,1.0,1.9667703086010184,0.5,0.0001,-0.0011041144817728037,1.1797943506487256,-0.0005105397805639234,1.534815201679313,-0.0010041144817728037,1.3721034435188582
2014-07-01,161.51803588867188,0.00669328485086873,0.25244449794569057,0.0739405297993029,1.0,2.0,0.0,0.0,0.01338656970173746,1.1955877499574008,0.00669328485086873,1.5450881570175963,0.01338656970173746,1.3904712019035173
2014-07-02,161.68194580078125,0.0010148087252765947,-0.09395542329106554,-0.27081771720048253,1.0,1.9289983763387664,0.0,0.0,0.0019575643833529646,1.1979281899538905,0.0010148087252765947,1.5466561259606593,0.0019575643833529646,1.3931931388044416
2014-07-03,162.47711181640625,0.004918087864954179,0.16671231364321049,-0.005494542517716496,1.0,2.0,0.0,0.0,0.009836175729908359,1.209711222142088,0.004918087864954179,1.5542627166850034,0.009836175729908359,1.4068968313434247
2014-07-07,161.91146850585938,-0.0034813722635963495,0.590956916118337,0.42086113715655754,1.0,2.0,0.0,0.0,-0.006962744527192699,1.2012883119506346,-0.0034813722635963495,1.5488517495727943,-0.006962744527192699,1.3971009681306634
2014-07-08,160.87037658691406,-0.0064300072660241625,0.7546607929291174,0.582478245388825,0.5,1.9605094019725735,0.5,0.0001,-0.0064030448498961666,1.1935964090115585,-0.0064300072660241625,1.538892621569047,-0.012606089699792333,1.3794889880067416
2014-07-09,161.591796875,0.004484481875357327,0.7572310190089704,0.5842936516360816,0.5,1.744736473574869,0.0,0.0,0.003912119546510678,1.1982659008538974,0.004484481875357327,1.5457937576385945,0.007824239093021356,1.3902824396750966
2014-07-10,160.952392578125,-0.003956910618238996,1.2477976510307665,1.0753378474193276,0.5,1.7611080720039294,0.0,0.0,-0.003484273614989377,1.1940908145918108,-0.003956910618238996,1.5396771899053867,-0.006968547229978754,1.3805941908312105
2014-07-11,161.17364501953125,0.0013746452467231496,1.0202002580175185,0.8614405849067232,0.0,1.743849363929118,0.5,0.0001,-0.0001,1.1939714055103516,0.0013746452467231496,1.5417936998359782,0.00239717423912635,1.3839037156601586
2014-07-14,161.9852752685547,0.005035750410218087,0.9336904207369976,0.8004705286535431,0.0,1.8288796559672165,0.0,0.0,0.0,1.1939714055103516,0.005035750410218087,1.549557788092399,0.009209781477776425,1.3966491664676717
2014-07-15,161.68194580078125,-0.0018725743267130612,0.9622626211597147,0.8600225810973653,0.0,1.8166304149244592,0.0,0.0,-0.0,1.1939714055103516,-0.0018725743267130612,1.5466561259606588,-0.003401775476113638,1.3918980795844473
2014-07-16,162.28042602539062,0.003701589696024632,0.5533779117229081,0.45124041137553617,0.0,1.867545534777036,0.0,0.0,0.0,1.1939714055103516,0.003701589696024632,1.5523812123398082,0.006912887308387488,1.4015201141533755
2014-07-17,160.43592834472656,-0.011366113127996513,0.6306928150843909,0.5610434282893522,0.5,1.910486510861354,0.5,0.0001,-0.010957402905980743,1.1808885797619546,-0.011366113127996513,1.5347366718625775,-0.021714805811961488,1.3710863770329769
2014-07-18,162.075439453125,0.01021910195125142,0.10944579569219925,0.012275850655181737,0.5,1.4298991598450324,0.0,0.0,0.007306142647232568,1.1895163201761831,0.01021910195125142,1.5504203023806655,0.014612285294465135,1.3911210823375375
2014-07-21,161.77210998535156,-0.0018715325949257844,-0.15627720922239519,-0.277008534106817,1.0,1.2748932583835015,0.5,0.0001,-0.002486004288115863,1.1865591775034414,-0.0018715325949257844,1.5475186402489254,-0.0023860042881158634,1.3878018614697918
2014-07-22,162.47711181640625,0.004357993668491655,-0.13004879648083367,-0.22760604441680604,1.0,1.3270717085393537,0.0,0.0,0.005783370103448907,1.1934214883765877,0.004357993668491655,1.554262716685003,0.005783370103448907,1.3958280332649269
2014-07-23,162.83782958984375,0.0022201143866040773,-0.08778247387259164,-0.15310817405764834,1.0,1.3645905812418484,0.0,0.0,0.0030295471812394476,1.1970370150827294,0.0022201143866040773,1.5577133577028777,0.0030295471812394476,1.4000567601485996
2014-07-24,162.84597778320312,5.003870034325786e-05,-0.18257088256572018,-0.2612789589590876,1.0,1.4305038130250436,0.0,0.0,7.158055163984793e-05,1.1971226996526023,5.003870034325786e-05,1.5577913036548046,7.158055163984793e-05,1.400156976983818
2014-07-25,162.0835723876953,-0.004681757608547166,-0.1997951910284037,-0.26878811678147024,1.0,1.5013807773596077,0.0,0.0,-0.007029100877729802,1.1887080034337238,-0.004681757608547166,1.55049810236639,-0.007029100877729802,1.3903151323479417
2014-07-28,162.1492156982422,0.0004049966913972636,-0.3476195738825556,-0.47833316129065817,1.0,1.4885484670351636,0.0,0.0,0.00060285720413371,1.189424624617205,0.0004049966913972636,1.551126048967866,0.00060285720413371,1.3911532938414937
2014-07-29,161.452392578125,-0.004297418998399416,-0.29328292360501873,-0.38294006879373804,1.0,1.5649328238144173,0.0,0.0,-0.006725172048278923,1.1814255393781947,-0.004297418998399416,1.5444602104161194,-0.006725172048278923,1.3817975485948797
2014-07-30,161.47703552246094,0.0001526328841736646,-0.29194560012491344,-0.370563441047913,1.0,1.572565279284175,0.0,0.0,0.00024002517412850805,1.181709111249004,0.0001526328841736646,1.5446959458325267,0.00024002517412850805,1.3821292147920916
2014-07-31,158.28814697265625,-0.019748248037171345,-0.3281072959566851,-0.4160593775992641,1.0,1.6531099628732346,0.0,0.0,-0.03264602557953975,1.1431310053755936,-0.019748248037171345,1.514190907152213,-0.03264602557953975,1.3370081890917598
2014-08-01,157.80442810058594,-0.003055938687271831,-0.6682100011627634,-0.9386497167362449,1.0,1.0270442903633898,0.0,0.0,-0.0031385843804631265,1.1395431922572987,-0.003055938687271831,1.5095636325791313,-0.0031385843804631265,1.332811876072925
2014-08-04,158.94395446777344,0.007221130489831085,-1.5410810907006551,-2.2916062123742367,1.0,1.0784395635259758,0.0,0.0,0.007787552813617551,1.1484174450504008,0.007221130489831085,1.5204643885526887,0.007787552813617551,1.3431912189484596
2014-08-05,157.40277099609375,-0.009696395668777558,-1.557078564695713,-2.2508981977171483,1.0,1.0462826423114502,0.0,0.0,-0.010145170481225884,1.1367665542867507,-0.009696395668777558,1.505721364240996,-0.010145170481225884,1.3295643150433418
2014-08-06,157.45193481445312,0.0003123440460943705,-1.4296257443081988,-2.0284784123117987,1.0,1.029942852244997,0.0,0.0,0.00032169651771617874,1.137132248128721,0.0003123440460943705,1.5061916673441937,0.00032169651771617874,1.329992031253571
2014-08-07,156.5994110107422,-0.005414501922225257,-1.3758701043320887,-1.9327695083661716,1.0,1.0776525613066232,0.0,0.0,-0.005834951864685683,1.1304971361971081,-0.005414501922225257,1.4980363896661189,-0.005834951864685683,1.3222315917707907
2014-08-08,158.41107177734375,0.011568758496015574,-1.4257608524955332,-1.9675323698440226,1.0,1.1176739033479295,0.0,0.0,0.012930099465131248,1.145114576613183,0.011568758496015574,1.5153668108764093,0.012930099465131248,1.3393281777683261
2014-08-11,158.8701629638672,0.0028981003750085943,-1.2795636418445149,-1.7076172069325983,1.0,0.98997347786417,0.0,0.0,0.0028690425074467136,1.148399959009383,0.0028981003750085943,1.5197584959992858,0.0028690425074467136,1.3431707672417645
2014-08-12,158.64881896972656,-0.0013932382897534623,-1.2351322901072699,-1.6081358422421714,1.0,1.0288245054919403,0.0,0.0,-0.0014333976944880425,1.1467538451557888,-0.0013932382897534623,1.5176411102714815,-0.0014333976944880425,1.3412454693606966
2014-08-13,159.7227020263672,0.006768931931636635,-1.1312626198130378,-1.4267068305743,1.0,1.0807016824310824,0.0,0.0,0.007315196126781188,1.1551425744422439,0.006768931931636635,1.5279139196435627,0.007315196126781188,1.3510569430232269
2014-08-14,160.47689819335938,0.004721909643550237,-1.047032852532773,-1.2809448670828605,1.0,1.0788291678917876,0.0,0.0,0.00509413385161151,1.1610270253341477,0.004721909643550237,1.5351285911152424,0.00509413385161151,1.3579394079321363
2014-08-15,160.4441375732422,-0.00020414539716306912,-0.9528561271505511,-1.1259862200637745,1.0,1.1109004801487734,0.0,0.0,-0.00022678521972861553,1.1607637215650963,-0.00020414539716306912,1.5348152016793128,-0.00022678521972861553,1.3576314473451303
2014-08-18,161.7885284423828,0.00837918349323874,-0.8739792792637742,-0.9986793486186785,1.0,1.1670883503558864,0.0,0.0,0.009779247440453274,1.1721151172181827,0.00837918349323874,1.547675699882396,0.009779247440453274,1.3709080612016589
2014-08-19,162.63287353515625,0.005218819287760246,-0.8916205534310411,-1.0095123573130251,1.0,1.1454323282581809,0.0,0.0,0.005977804327537919,1.1791217920382624,0.005218819287760246,1.5557527396761401,0.005977804327537919,1.3791030813425669
2014-08-20,163.0673828125,0.0026717186255078573,-0.9089930378943913,-1.0214806490320203,1.0,1.1831858498202255,0.0,0.0,0.003161139672402039,1.1828491607136684,0.0026717186255078573,1.5599092732474178,0.003161139672402039,1.3834626188053307
2014-08-21,163.5427703857422,0.0029152830262124674,-1.0565628738079749,-1.2142942033130917,1.0,1.2423031199924583,0.0,0.0,0.003621665199124804,1.1871330443548391,0.0029152830262124674,1.5644568502741474,0.003621665199124804,1.388473057226148
2014-08-22,163.2886505126953,-0.0015538435141307927,-0.94814190878978,-1.0446626852614853,1.0,1.303638939567866,0.0,0.0,-0.002025650911015873,1.1847283272220446,-0.0015538435141307927,1.5620259291442113,-0.002025650911015873,1.3856604955128569
2014-08-25,164.11666870117188,0.005070886346826509,-0.877204463715044,-0.9310166939616263,1.0,1.347368107632372,0.0,0.0,0.006832350541142465,1.1928228064496469,0.005070886346826509,1.5699467851016977,0.006832350541142465,1.395127813749214
2014-08-26,164.2232208251953,0.0006492462031231216,-0.8404628926537159,-0.8677037019223147,1.0,1.3890767932995407,0.0,0.0,0.000901852833896168,1.1938985570779794,0.0006492462031231216,1.5709660670910304,0.000901852833896168,1.3963860137216912
2014-08-27,164.1576385498047,-0.00039934836901311943,-0.7718184822304295,-0.7617400700165889,1.0,1.4566931037790198,0.0,0.0,-0.0005817280151468103,1.193204032840084,-0.00039934836901311943,1.5703387043543626,-0.0005817280151468103,1.3955736968575503
2014-08-28,164.0674591064453,-0.0005493466168009498,-0.7545311637526497,-0.728024188182089,1.0,1.5184072331256195,0.0,0.0,-0.0008341318764436501,1.192208743321191,-0.0005493466168009498,1.569476044099894,-0.0008341318764436501,1.3944096043510752
2014-08-29,164.53475952148438,0.002848221198670897,-0.7005099387666096,-0.6440069986472005,1.0,1.5823104924835099,0.0,0.0,0.00450677028757092,1.1975817542621732,0.002848221198670897,1.5739462590395055,0.00450677028757092,1.4006938881246682
2014-09-02,164.45277404785156,-0.0004982866469750435,-0.6149347612616247,-0.518522773637377,1.0,1.6553464963235964,0.0,0.0,-0.0008248370552349711,1.1965939444545846,-0.0004982866469750435,1.5731619826355698,-0.0008248370552349711,1.399538543902702
2014-09-03,164.362548828125,-0.0005486390865033774,-0.5574015176775777,-0.4399454888654078,1.0,1.7239688000673041,0.0,0.0,-0.0009458366676292494,1.1954621620256562,-0.0005486390865033774,1.5722988844824948,-0.0009458366676292494,1.3982148090301183
2014-09-04,164.1248779296875,-0.0014460161401246285,-0.2993252175246006,-0.09314060464736675,1.0,1.7964717857796317,0.0,0.0,-0.0025977271975158615,1.192356677453761,-0.0014460161401246285,1.5700253149184331,-0.0025977271975158615,1.3945826283927314
2014-09-05,164.8626251220703,0.0044950357416191355,-0.3460983813275824,-0.1698239660208309,1.0,1.8542673958849476,0.0,0.0,0.008334998219021878,1.2022949682367772,0.0044950357416191355,1.5770826348242384,0.008334998219021878,1.4062064721166638
2014-09-08,164.43634033203125,-0.0025856969687545472,-0.3771847993917241,-0.23183992783349985,1.0,1.8768639255808681,0.0,0.0,-0.0048530013631392106,1.1964602291170285,-0.0025856969687545472,1.573004777035898,-0.0048530013631392106,1.3993821501906265
2014-09-09,163.39523315429688,-0.006331369182944413,-0.44213704470393234,-0.34244482001193555,1.0,1.8901933294459214,0.0,0.0,-0.011967511795861004,1.182141577211792,-0.006331369182944413,1.5630455030659485,-0.011967511795861004,1.3826350278013029
2014-09-10,164.01007080078125,0.003762886068431115,-0.21540052662776565,-0.025215860568681626,1.0,1.7267985380151596,0.0,0.0,0.006497746161684461,1.1898228331076874,0.003762886068431115,1.5689270652137592,0.006497746161684461,1.391619039246209
2014-09-11,164.19862365722656,0.0011496419428678184,-0.16104341264201727,0.041194350389176716,1.0,1.7572605764125577,0.0,0.0,0.0020202204631919554,1.1922265375427048,0.0011496419428678184,1.5707307695732295,0.0020202204631919554,1.394430416506262
2014-09-12,163.23951721191406,-0.005841135716914914,-0.1858952431339591,-0.005584247780358687,0.5,1.8454428951311421,0.5,0.0001,-0.005489741204138689,1.185681522394889,-0.005841135716914914,1.5615559179734182,-0.010779482408277377,1.3793991783619657
2014-09-15,163.11648559570312,-0.000753687699598049,0.05534150456436304,0.34637706732891715,0.5,1.7379399268143545,0.0,0.0,-0.0006549319727401563,1.1849049816563855,-0.000753687699598049,1.5603789924858071,-0.0013098639454803126,1.3775923531118042
2014-09-16,164.34613037109375,0.007538445736492871,0.7688385698744917,1.4027377871807132,0.5,1.8246128171541907,0.0,0.0,0.006877372356113128,1.1930540144218498,0.007538445736492871,1.5721418248490249,0.013754744712226256,1.396540784246372
2014-09-17,164.56753540039062,0.001347187358758939,0.5268320843668661,1.0185829874070422,0.0,1.6565376978827442,0.5,0.0001,-0.0001,1.1929347090204077,0.001347187358758939,1.5742597944416377,0.002231666645895267,1.399657397734207
2014-09-18,165.44467163085938,0.005329946932332019,0.5263160195517118,1.0017765139737504,0.0,1.7393667231901075,0.0,0.0,0.0,1.1929347090204077,0.005329946932332019,1.5826505156037156,0.00927073233046751,1.4126332468229597
2014-09-19,165.2955780029297,-0.0009011691126707966,0.35701765045097167,0.7335426858130504,0.0,1.7325024069483261,0.0,0.0,-0.0,1.1929347090204077,-0.0009011691126707966,1.581224279842901,-0.0015612776567696424,1.4104277340974851
2014-09-22,164.01898193359375,-0.007723110834297775,0.10001634052286468,0.3356538597220157,0.0,1.8018208324099256,0.0,0.0,-0.0,1.1929347090204077,-0.007723110834297775,1.5690123094757917,-0.013915661992248533,1.3908006984852914
2014-09-23,163.08013916015625,-0.0057239885430919735,0.3094739637301709,0.6407921346397222,0.5,1.5853694858185852,0.5,0.0001,-0.004637318386696597,1.1874026909601387,-0.0057239885430919735,1.560031300992382,-0.009074636773393194,1.378179687322356
2014-09-24,164.35665893554688,0.007827561234400093,0.44172046882767235,0.8300564853207765,0.0,1.5539354454005037,0.5,0.0001,-0.0001,1.1872839506910426,0.007827561234400093,1.5722425415284809,0.012163524853177225,1.3949432102012456
2014-09-25,161.70469665527344,-0.016135411229753815,0.22213845920439157,0.4798757147834508,0.0,1.4386369105658923,0.0,0.0,-0.0,1.1872839506910426,-0.016135411229753815,1.5468737615680055,-0.023212998162283234,1.3625623960263544
2014-09-26,162.989501953125,0.007945380217313947,0.31470737848932995,0.6113871079585936,0.5,1.0730863155733135,0.5,0.0001,0.004163039391613258,1.1922266605467997,0.007945380217313947,1.55916426175185,0.008526078783226516,1.3741797103619369
2014-09-29,162.6929931640625,-0.0018191894907917394,0.3551306913553707,0.6627795527843199,0.0,1.0430763048151785,0.5,0.0001,-0.0001,1.192107437880745,-0.0018191894907917394,1.556327846512453,-0.0018975534518136537,1.3715721309091273
2014-09-30,162.26475524902344,-0.002632184132276838,0.4196970835406977,0.7526079506076343,0.0,1.0943460668464253,0.0,0.0,-0.0,1.192107437880745,-0.002632184132276838,1.5522313050502423,-0.0028805203523727288,1.3676212894712962
2014-10-01,160.0657501220703,-0.013551957870200249,0.5724141253459827,0.9837041429890514,0.0,1.1449901157909772,0.0,0.0,-0.0,1.192107437880745,-0.013551957870200249,1.5311955317993955,-0.015516857810995027,1.3464001043832805
2014-10-02,160.09043884277344,0.0001542411208161898,0.10507360368628804,0.23278338485184624,0.0,1.024580147762059,0.0,0.0,0.0,1.192107437880745,0.0001542411208161898,1.531431705114409,0.00015803239035683736,1.346612879210153
2014-10-03,161.85301208496094,0.01100985952020861,0.1344713952958645,0.2781552547805403,0.5,1.0729235306026708,0.5,0.0001,0.005806368673930824,1.1990292531640159,0.01100985952020861,1.5482925530525122,0.011812737347861648,1.3625200634615102
2014-10-06,161.66351318359375,-0.001170808617807606,0.402739779543964,0.6978434667212721,0.5,0.9790811056732319,0.0,0.0,-0.0005731582980274097,1.1983420195979873,-0.001170808617807606,1.546479798788511,-0.0011463165960548193,1.3609581841003067
2014-10-07,159.1680450439453,-0.01543618649938927,0.6164522933125349,1.0235123565235356,0.0,1.0289425173954223,0.5,0.0001,-0.0001,1.1982221853960275,-0.01543618649938927,1.5226080481968736,-0.015882948595666826,1.3393421552213893
2014-10-08,161.95179748535156,0.017489392677014326,1.048940385317521,1.6869992999011783,0.0,0.9108512780120993,0.0,0.0,0.0,1.1982221853960275,0.017489392677014326,1.549237538244971,0.01593023567151395,1.3606781913988593
2014-10-09,158.73980712890625,-0.01983300220385531,0.36491182596817184,0.5921372601913691,0.0,0.7686323309331974,0.0,0.0,-0.0,1.1982221853960275,-0.01983300220385531,1.518511506734663,-0.015244286713352548,1.3399356229245691
2014-10-10,156.92784118652344,-0.011414691595986293,0.5646358310212829,0.8919118373795298,0.0,0.6823891167586669,0.0,0.0,-0.0,1.1982221853960275,-0.011414691595986293,1.5011781662003305,-0.007789261316257664,1.3294985142106472
2014-10-13,154.3500213623047,-0.01642678446812229,0.2835677662223972,0.4401748072230737,0.0,0.6928033567255596,0.0,0.0,-0.0,1.1982221853960275,-0.01642678446812229,1.4765186360159066,-0.011380531419722409,1.3143681145971988
2014-10-14,154.5888671875,0.0015474298162529987,0.16888218343330497,0.25303816074914787,0.5,0.6780209476947584,0.5,0.0001,0.000424594915253492,1.1987309444432905,0.0015474298162529987,1.478803444977531,0.001049189830506984,1.3157471362565767
2014-10-15,153.54287719726562,-0.006766269843776596,-0.4411059457937756,-0.7051616857458921,0.5,0.7035295312414286,0.0,0.0,-0.002380135325722581,1.1958778025763843,-0.006766269843776596,1.4687974618229065,-0.004760270651445162,1.3094838237791315
2014-10-16,153.4110870361328,-0.0008583280679539396,-0.6972912990350384,-1.1056771347132492,1.0,0.7365229960491407,0.5,0.0001,-0.0007321783602025061,1.1950022067278914,-0.0008583280679539396,1.4675367517352844,-0.000632178360202506,1.3086559964427031
2014-10-17,155.2229766845703,0.011810682548717866,-0.823375589915595,-1.295917203065591,1.0,0.770836301190074,0.0,0.0,0.009104102850383836,1.2058816297243777,0.011810682548717866,1.4848693624386065,0.009104102850383836,1.320570135230089
2014-10-20,156.7301788330078,0.009709916538324759,-0.5426293517696688,-0.8526649852826578,1.0,0.7250862509525857,0.0,0.0,0.007040526979836408,1.2143716718729414,0.009709916538324759,1.4992873200182009,0.007040526979836408,1.3298676448959426
2014-10-21,159.8351287841797,0.019810798241225225,-0.2913614289414679,-0.4610514927907594,1.0,0.7170048423398018,0.0,0.0,0.014204438269575315,1.2316211393223817,0.019810798241225225,1.5289893986207088,0.014204438269575315,1.3487576677645725
2014-10-22,158.6986541748047,-0.007110293075244689,0.3738639577621141,0.5664014400986255,1.0,0.6388384459186949,0.0,0.0,-0.004542328578215775,1.226026711423703,-0.007110293075244689,1.5181178358875735,-0.004542328578215775,1.3426311672651978
2014-10-23,160.54347229003906,0.011624661373639267,0.6174730195704972,0.9365406495780928,0.0,0.6565541396441688,1.0,0.0002,-0.0002,1.2257815060814181,0.011624661373639267,1.5357654416550486,0.00763221954682453,1.3528784231041753
2014-10-24,161.77880859375,0.007694715244972228,0.700199634369441,1.0511672587274488,0.0,0.6583796599670991,0.0,0.0,0.0,1.2257815060814181,0.007694715244972228,1.5475827194116532,0.005066044006528469,1.3597321647311038
2014-10-27,161.5564727783203,-0.0013743197725482048,-0.07302583084985681,-0.1683360155542557,0.0,0.6815352231512672,0.0,0.0,-0.0,1.2257815060814181,-0.0013743197725482048,1.5454558458807117,-0.0009366473328648396,1.358458575225598
2014-10-28,163.40953063964844,0.011470031682796034,-0.07566665045361054,-0.1779079849842588,0.5,0.7134406061240239,0.5,0.0001,0.00399159317801788,1.2306743271788332,0.011470031682796034,1.5631822733973257,0.00818318635603576,1.3695750949036238
2014-10-29,163.16253662109375,-0.0015115031393080347,-0.2373168990640151,-0.4350341575515096,0.5,0.7192246427533003,0.0,0.0,-0.0005435551526946567,1.230005387807006,-0.0015115031393080347,1.560819518483775,-0.0010871103053893133,1.3680862157039495
2014-10-30,164.20849609375,0.0064105369671056955,-0.4364258325578043,-0.7477607816616493,1.0,0.7506404502889599,0.5,0.0001,0.004712008355582242,1.235801183471764,0.0064105369671056955,1.5708252097059954,0.004812008355582242,1.3746694580050738
2014-10-31,166.08627319335938,0.011435322436284423,-0.4488982721979742,-0.764753382064395,1.0,0.7821014588829799,0.0,0.0,0.00894358236021532,1.2468536731369952,0.011435322436284423,1.5887881024700274,0.00894358236021532,1.3869639275208148
2014-11-03,166.17684936523438,0.0005453561581789668,-0.2931653414016191,-0.5143498837327198,1.0,0.7893731449683357,0.0,0.0,0.0004304895057095801,1.2473904305584362,0.0005453561581789668,1.589654557845751,0.0004304895057095801,1.3875610009364103
2014-11-04,165.60037231445312,-0.003469057531077846,-0.2498514546405004,-0.4424982946840897,1.0,0.8262503237901291,0.0,0.0,-0.002866309908299656,1.2438150230078084,-0.003469057531077846,1.584139954730044,-0.002866309908299656,1.3835838210910563
2014-11-05,166.64630126953125,0.006315981905475665,-0.1751885671314004,-0.31908786566564973,1.0,0.8469531437740095,0.0,0.0,0.005349340730862373,1.2504686133720428,0.006315981905475665,1.59414535401986,0.005349340730862373,1.390985082379781
2014-11-06,167.3134002685547,0.004003083140408092,-0.28716080184116466,-0.4885735988196155,1.0,0.8823087944135428,0.0,0.0,0.003531955459550643,1.2548852128180388,0.004003083140408092,1.6005268504098968,0.003531955459550643,1.3958979797356454
2014-11-07,167.4698944091797,0.0009353353668852815,-0.402794319376643,-0.6624314721415857,1.0,0.9267447673333288,0.0,0.0,0.0008668171569627339,1.2559729688505283,0.0009353353668852815,1.6020238797787347,0.0008668171569627339,1.39710796805385
2014-11-10,167.99697875976562,0.0031473379286792724,-0.4132575398675695,-0.6719587550285728,1.0,0.9713035862794659,0.0,0.0,0.0030570206173595633,1.2598125041111505,0.0031473379286792724,1.6070659902982123,0.0030570206173595633,1.401378955916868
2014-11-11,168.16168212890625,0.0009803948282673947,-0.36354131876052476,-0.5858561154713513,1.0,1.0210242750839693,0.0,0.0,0.0010010069188277893,1.2610735851441914,0.0009803948282673947,1.6086415494837851,0.0010010069188277893,1.4027817459476404
2014-11-12,167.98048400878906,-0.0010775232372990384,-0.37034588049273953,-0.5873545732510252,1.0,1.0701688055193241,0.0,0.0,-0.0011531317557796272,1.259619401146787,-0.0010775232372990384,1.6069082008337316,-0.0011531317557796272,1.4011641537699602
2014-11-13,168.1699676513672,0.0011280098619563805,-0.38708014413930725,-0.6020374084513881,1.0,1.1098604944005508,0.0,0.0,0.0012519335830796056,1.2611963609769812,0.0011280098619563805,1.6087208091315306,0.0012519335830796056,1.4029183182294722
2014-11-14,168.21112060546875,0.0002447104835441305,-0.3683043195578435,-0.5611312857204763,1.0,1.1651516714705006,0.0,0.0,0.0002851248289277981,1.261555959373649,0.0002447104835441305,1.6091144799786208,0.0002851248289277981,1.403318325074957
2014-11-17,168.3181610107422,0.0006363455928963813,-0.29398631255896435,-0.4336447938279852,1.0,1.2195825499099529,0.0,0.0,0.0007760759808085294,1.2625350226521646,0.0006363455928963813,1.610138432886421,0.0007760759808085294,1.404407406720476
2014-11-18,169.29005432128906,0.005774144065683107,-0.26773977193530607,-0.3821970655712445,0.5,1.2791354388267964,0.5,0.0001,0.0035929561516533513,1.2670712556284807,0.005774144065683107,1.6194356041636004,0.007385912303306702,1.4147802366646276
2014-11-19,169.01821899414062,-0.001605737136999963,-0.38960642849491034,-0.5646284189740653,0.5,1.3160906394642289,0.0,0.0,-0.0010566478077228705,1.2657324075639922,-0.001605737136999963,1.616835216273015,-0.002113295615445741,1.411790387793665
2014-11-20,169.3147735595703,0.0017545715911251314,-0.41985403415414124,-0.6013756454953704,1.0,1.3537061400852672,0.5,0.0001,0.0022751743361252674,1.268612169454084,0.0017545715911251314,1.6196720694110183,0.0023751743361252672,1.415143636090741
2014-11-21,170.220703125,0.005350564196992202,-0.2733356421898141,-0.3565544321285608,1.0,1.4231441026932798,0.0,0.0,0.0076146238830312575,1.278272173977913,0.005350564196992202,1.6283382287964772,0.0076146238830312575,1.4259194226200373
2014-11-24,170.69834899902344,0.0028060386618935507,-0.08225963622414145,-0.040986764566969994,0.5,1.4646900306368713,0.5,0.0001,0.001954988426828555,1.280771181284377,0.0028060386618935507,1.6329074088211193,0.00410997685365711,1.431779918442186
2014-11-25,170.57481384277344,-0.0007237044586219099,-0.21369464051981346,-0.2426218174946747,0.5,1.5387401115490231,0.0,0.0,-0.0005567965396942016,1.2800580523224978,-0.0007237044586219099,1.6317256664488387,-0.0011135930793884031,1.4301854982338014
2014-11-26,171.0113525390625,0.0025592212968290617,-0.21835154355764508,-0.2447954104603129,0.5,1.588865763409823,0.0,0.0,0.002033129549760492,1.2826605761740835,0.0025592212968290617,1.635901613524997,0.004066259099520984,1.4360010030299977
2014-11-28,170.64895629882812,-0.002119135571140518,-0.15973581665459236,-0.14592984297582506,0.5,1.669084357461422,0.0,0.0,-0.0017685080165653576,1.2803921806625873,-0.002119135571140518,1.6324349162248901,-0.003537016033130715,1.4309218444586889
2014-12-01,169.46304321289062,-0.006949430642053334,0.7095028775668522,1.2584002355696366,0.5,1.6855925194608707,0.0,0.0,-0.005856954152378627,1.2728929823633823,-0.006949430642053334,1.6210904229969192,-0.011713908304757254,1.4141601571814257
2014-12-02,170.558349609375,0.0064633938805664926,0.5186767081603652,0.9410299178821002,0.0,1.5159275632438023,0.5,0.0001,-0.0001,1.272765693065146,0.0064633938805664926,1.6315681689167625,0.009798036935652066,1.428016150634417
2014-12-03,171.21725463867188,0.003863223529108728,0.06386298438709082,0.2110446459363457,0.0,1.4999679399938315,0.0,0.0,0.0,1.272765693065146,0.003863223529108728,1.6378712814562666,0.005794711438692918,1.4362910921571364
2014-12-04,171.02786254882812,-0.0011061507220369027,-0.04619500033069768,0.039553709424688124,0.5,1.557601134843013,0.5,0.0001,-0.000961470809976049,1.2715419660033251,-0.0011061507220369027,1.6360595489556802,-0.0017229416199520979,1.4338164464560923
2014-12-05,171.30787658691406,0.001637242224237001,0.01837170722644821,0.14579099578391813,0.5,1.6128240473589115,0.0,0.0,0.0013202918153004132,1.2732207724538502,0.001637242224237001,1.6387381747305965,0.0026405836306008265,1.4376025586938908
2014-12-08,170.16307067871094,-0.006682739468913401,-0.05803101536219435,0.026282837770269168,0.5,1.6952220907274587,0.0,0.0,-0.005664363787139142,1.2660087868173293,-0.006682739468913401,1.6277869144511092,-0.011328727574278283,1.4213163509463622
2014-12-09,170.04774475097656,-0.0006777376975767302,-0.11366954864291845,-0.05481783466225656,0.5,1.547643833432546,0.0,0.0,-0.0005244482841696991,1.265344830681339,-0.0006777376975767302,1.6266837018955635,-0.0010488965683393982,1.41982553710333
2014-12-10,167.32168579101562,-0.01603113857201144,0.012392846745488129,0.1597469870677344,0.5,1.6215624583788237,0.0,0.0,-0.012997746236721227,1.248898199670196,-0.01603113857201144,1.6006061100576432,-0.025995492473442454,1.382916473039959
2014-12-11,168.1699676513672,0.0050697663984276,0.6518992139928383,1.2070975392095484,0.5,1.1348790041425212,0.0,0.0,0.0028767857207413652,1.252491012177667,0.0050697663984276,1.6087208091315313,0.0057535714414827304,1.3908731817651978
2014-12-12,165.45205688476562,-0.016161689298983872,0.5568272055321897,1.0427785347928646,0.0,1.144905925308972,0.5,0.0001,-0.0001,1.252365763076449,-0.016161689298983872,1.5827211632455376,-0.01850361384140924,1.3651370015074424
2014-12-15,164.31549072265625,-0.006869459247043186,1.216987907385279,2.134360641376265,0.0,0.9626959790351457,0.0,0.0,-0.0,1.252365763076449,-0.006869459247043186,1.5718487247151895,-0.006613200795274275,1.3561090764034152
2014-12-16,162.99774169921875,-0.008019627471774315,1.555798629721005,2.6649331083569523,0.0,0.993149238370675,0.0,0.0,-0.0,1.252365763076449,-0.008019627471774315,1.5592430835009903,-0.007964686915609203,1.345308092186446
2014-12-17,166.19326782226562,0.019604726358378732,1.6317848993031365,2.722922413689669,0.0,1.0173146172898209,0.0,0.0,0.0,1.252365763076449,0.019604726358378732,1.5898116174792218,0.019944174692345724,1.3721391517920387
2014-12-18,170.3030548095703,0.024728961895736257,3.5192582754740385,5.554878155833722,0.0,0.7703920905954263,0.0,0.0,0.0,1.252365763076449,0.024728961895736257,1.6291260083892642,0.019050996653110892,1.3982797701804313
2014-12-19,171.0276641845703,0.004254823119939077,3.5045506106744995,4.944706053116063,0.0,0.6247120633535435,0.0,0.0,0.0,1.252365763076449,0.004254823119939077,1.6360576513950529,0.0026580393304615024,1.4019964528045596
2014-12-22,171.8143768310547,0.004599914582446463,3.804308345931549,4.895855625172119,0.0,0.6551819527513582,0.0,0.0,0.0,1.252365763076449,0.004599914582446463,1.643583376843428,0.0030137810186167215,1.40622176310219
2014-12-23,172.0463104248047,0.0013499079531513747,3.445754070483109,4.044883146006493,0.0,0.6868447317764632,0.0,0.0,0.0,1.252365763076449,0.0013499079531513747,1.6458020631154964,0.0009271771660051704,1.4075255798112778
2014-12-24,172.0628662109375,9.622866129443963e-05,2.627285580517163,2.8792963072389606,0.0,0.7219181190472662,0.0,0.0,0.0,1.252365763076449,9.622866129443963e-05,1.6459604364447855,6.946921416011833e-05,1.4076233595072174
2014-12-26,172.6177520751953,0.0032249019005503587,2.278896049806508,2.401412575198232,0.0,0.7576604444559476,0.0,0.0,0.0,1.252365763076449,0.0032249019005503587,1.651268497384507,0.002443380607297815,1.4110627191262168
2014-12-29,172.8495635986328,0.0013429182146718066,2.7856497580970547,2.8647428306288276,0.0,0.7957845213663083,0.0,0.0,0.0,1.252365763076449,0.0013429182146718066,1.6534860159269584,0.0010686735286967008,1.4125706845014778
2014-12-30,171.9220733642578,-0.005365881261515271,2.6170867200219163,2.585259138562169,0.0,0.8364301284466312,0.0,0.0,-0.0,1.252365763076449,-0.005365881261515271,1.6446136062979184,-0.004488184752798589,1.406230806293048
2014-12-31,170.21607971191406,-0.009923063507553231,2.242143345978713,2.1293939551374566,0.0,0.8520209616174238,0.0,0.0,-0.0,1.252365763076449,-0.009923063507553231,1.628294001037238,-0.00845465811189627,1.394341605599424
2015-01-02,170.12498474121094,-0.0005351725339773905,1.6675392558280624,1.5143151553797496,0.0,0.8322674169559426,0.0,0.0,-0.0,1.252365763076449,-0.0005351725339773905,1.6274225828106428,-0.00044540666247912925,1.393720556558518
2015-01-05,167.0526580810547,-0.018059232539122783,1.6734538764533395,1.4950394746620608,0.0,0.8747142418191824,0.0,0.0,-0.0,1.252365763076449,-0.018059232539122783,1.5980325799482455,-0.015796667898295095,1.371704415783536
2015-01-06,165.4791259765625,-0.009419377833118414,1.189012193248331,1.010459208958275,0.0,0.7656464114735265,0.0,0.0,-0.0,1.252365763076449,-0.009419377833118414,1.58298010728808,-0.007211912836240396,1.3618118030998192
2015-01-07,167.5411834716797,0.012461133589799278,0.7900681371228284,0.623008621906184,0.0,0.780941702876649,0.0,0.0,0.0,1.252365763076449,0.012461133589799278,1.6027058338749915,0.009731418885391259,1.3750641641988535
2015-01-08,170.5142059326172,0.01774502483110396,1.5350905823497643,1.3349865624259323,0.5,0.7386589265772117,0.5,0.0001,0.0064537604969146095,1.2604482317658803,0.01774502483110396,1.6311458886940584,0.01310752099382922,1.393087846598952
2015-01-09,169.1477813720703,-0.008013552613245878,1.1771670748332959,0.9880193651520145,0.0,0.6721295988006561,0.5,0.0001,-0.0001,1.2603221869427037,-0.008013552613245878,1.6180746152951289,-0.0053861459029089015,1.3855844722016009
2015-01-12,167.82278442382812,-0.007833368770753357,0.6701513431829369,0.5027847409985896,0.0,0.6857253617780973,0.0,0.0,-0.0,1.2603221869427037,-0.007833368770753357,1.6053996401349273,-0.005371539634266095,1.3781417502925464
2015-01-13,167.35073852539062,-0.00281276407168507,0.5828895438266821,0.4221820562247426,0.5,0.7034166835148293,0.5,0.0001,-0.0010892725874071898,1.2589493525331659,-0.00281276407168507,1.6008840297064597,-0.0019785451748143795,1.3754150345822949
2015-01-14,166.3404083251953,-0.00603720192153212,0.3737801941816201,0.226000645724043,0.5,0.7381686674493128,0.0,0.0,-0.002228236648769898,1.2561441154469064,-0.00603720192153212,1.5912191695661657,-0.004456473297539796,1.369285534207644
2015-01-15,164.8166046142578,-0.009160754901830326,-0.01529103763240336,-0.1444361297681885,0.5,0.7666552644403414,0.0,0.0,-0.003511570485867941,1.2517330768451065,-0.009160754901830326,1.5766424007586761,-0.007023140971735882,1.359668848870345
2015-01-16,166.97804260253906,0.013114200437146284,-0.6504854809716027,-0.7472999424648853,0.5,0.782326616117586,0.0,0.0,0.00512979402554021,1.2581542097042775,0.013114200437146284,1.597318805219929,0.01025958805108042,1.3736184911456415
2015-01-20,167.33409118652344,0.0021323078078707702,-0.7472027460470638,-0.8322264647590725,1.0,0.7353217349640813,0.5,0.0001,0.0014679322767609916,1.260001094877845,0.0021323078078707702,1.6007247805799583,0.0015679322767609917,1.3757722319138646
2015-01-21,168.1788787841797,0.00504850859538597,-0.6129842271324932,-0.6979227828346769,1.0,0.7700862238767641,0.0,0.0,0.0038877869204301677,1.2648997106542388,0.00504850859538597,1.6088060533935635,0.0038877869204301677,1.3811209412025902
2015-01-22,170.6798858642578,0.014871112818439114,-0.43997428210791334,-0.5286330677894762,1.0,0.7971648595196514,0.0,0.0,0.011854728560811904,1.2798947533806944,0.014871112818439114,1.632730789716567,0.011854728560811904,1.3974937550702
2015-01-23,169.7440185546875,-0.0054831728110869005,0.025578925176539258,-0.08334516989188502,0.5,0.7513688190506365,0.5,0.0001,-0.0021599425398584615,1.2771302542563259,-0.0054831728110869005,1.6237782446425688,-0.004119885079716923,1.3917362413996888
2015-01-26,170.14158630371094,0.0023421605804350154,-0.24439103768727222,-0.3413982709243705,0.5,0.771598091507388,0.0,0.0,0.000903603316933747,1.2782842733902284,0.0023421605804350154,1.6275813940385386,0.001807206633867494,1.39425139636774
2015-01-27,167.89730834960938,-0.013190649052110204,-0.05634034858088022,-0.16240450555585037,0.5,0.8102126480701186,0.0,0.0,-0.005343615349136904,1.2714536139263801,-0.013190649052110204,1.606112539066032,-0.010687230698273808,1.3793507100433677
2015-01-28,165.74415588378906,-0.012824222657202178,0.4258572884105334,0.2936120763130933,0.5,0.7677927452257343,0.0,0.0,-0.00492317255967966,1.2651940283833922,-0.012824222657202178,1.5855153942525249,-0.00984634511935932,1.3657691469116473
2015-01-29,167.27618408203125,0.00924333162803248,0.04282965055073262,-0.07589573547092811,0.5,0.7494353500781095,0.0,0.0,0.003463639737271292,1.2695762046954593,0.00924333162803248,1.6001708388429516,0.006927279474542584,1.375230211490012
2015-01-30,165.1726837158203,-0.012575014056868894,-0.24238056133368602,-0.3497935337450986,0.5,0.7460968645749322,0.0,0.0,-0.0046910892799077895,1.2636205093715864,-0.012575014056868894,1.5800486680511099,-0.009382178559815579,1.3623275560849597
2015-02-02,167.21820068359375,0.012384111717242297,-1.5681419129880076,-1.6120658524287104,0.5,0.734162975405733,0.0,0.0,0.004545978153043803,1.2693649006009275,0.012384111717242297,1.5996161672749347,0.009091956306087607,1.3747137786994632
2015-02-03,169.63638305664062,0.014461239046714258,-2.1333308844943453,-2.1260887508667943,1.0,0.7083846968926847,0.5,0.0001,0.010144120438799337,1.282241491033408,0.014461239046714258,1.6227485990528865,0.010244120438799336,1.3887965122173374
2015-02-04,168.99046325683594,-0.003807672553293062,-2.21179147062335,-2.177967805797098,1.0,0.6818400556211158,0.0,0.0,-0.002596223665524338,1.2789125053294697,-0.003807672553293062,1.616569703751378,-0.002596223665524338,1.385190885845721
2015-02-05,170.6964111328125,0.010094935791635784,-2.0392426181934926,-1.9934843011462218,1.0,0.7099865356530572,0.0,0.0,0.007167268490343544,1.2880788146308237,0.010094935791635784,1.632888871113452,0.007167268490343544,1.395118920834954
2015-02-06,170.22439575195312,-0.0027652331863738944,-1.669659613957359,-1.6335469526829118,1.0,0.7183391985014992,0.0,0.0,-0.00198637539076957,1.2855202065720694,-0.0027652331863738944,1.6283735526173884,-0.00198637539076957,1.3923476909434103
2015-02-09,169.4625244140625,-0.0044756883085125265,-2.135913071064561,-2.0541987588430843,1.0,0.7490427519876018,0.0,0.0,-0.0033524818876469577,1.2812105233633324,-0.0044756883085125265,1.6210854601460478,-0.0033524818876469577,1.3876798705282154
2015-02-10,171.26780700683594,0.010652990087427483,-2.039844897210445,-1.9435584540563824,1.0,0.7757066173071436,0.0,0.0,0.008263594904924905,1.2917979281163339,0.010652990087427483,1.6383548674838564,0.008263594904924905,1.3991470948359794
2015-02-11,171.36721801757812,0.000580441896697037,-2.1100063103944997,-1.9846053679797953,1.0,0.7749670178302421,0.0,0.0,0.0004498233257070323,1.2923790089565006,0.000580441896697037,1.6393058372906015,0.0004498233257070323,1.399776463835332
2015-02-12,173.01519775390625,0.00961665688100899,-1.9963572552498974,-1.8574550638415075,1.0,0.814349163430018,0.0,0.0,0.007831316486043197,1.302500037995558,0.00961665688100899,1.6550704790508604,0.007831316486043197,1.410738556333341
2015-02-13,173.72738647460938,0.00411633619444296,-2.0698474268771747,-1.8999359315712276,1.0,0.8246495187977144,0.0,0.0,0.003394534661957002,1.3069214195217342,0.00411633619444296,1.6618833055681315,0.003394534661957002,1.4155273572617737
2015-02-17,174.000732421875,0.001573418865111309,-1.8367178314725408,-1.6691388437834906,1.0,0.8651064043391812,0.0,0.0,0.0013611747369158796,1.3087003679411213,0.001573418865111309,1.664498144112726,0.0013611747369158796,1.4174541373398917
2015-02-18,174.0172882080078,9.514779565789055e-05,-1.6380305160535862,-1.4773290725433454,1.0,0.9090938415804165,0.0,0.0,8.64982750725402e-05,1.308813568265535,9.514779565789055e-05,1.664656517442015,8.64982750725402e-05,1.417576744677766
2015-02-19,173.8930206298828,-0.0007141105312276075,-1.6485098337054787,-1.4723257337437947,1.0,0.9523349013631163,0.0,0.0,-0.0006800723823190061,1.3079234803041533,-0.0007141105312276075,1.663467768692033,-0.0006800723823190061,1.4166126898838929
2015-02-20,174.93646240234375,0.006000481035301597,-1.5592753206150736,-1.3818416369951427,1.0,0.9949223765801445,0.0,0.0,0.005970012852266351,1.31573180029135,0.006000481035301597,1.673449375490905,0.005970012852266351,1.4250698858491835
2015-02-23,174.91165161132812,-0.00014182744223190102,-1.5491357140626452,-1.3620671262470856,1.0,1.0305921581430617,0.0,0.0,-0.00014616624977368528,1.3155394847083934,-0.00014182744223190102,1.6732120344462746,-0.00014616624977368528,1.4248615887283034
2015-02-24,175.40858459472656,0.002841051346897494,-1.3523051302975588,-1.1858874512538224,1.0,1.0778185159587355,0.0,0.0,0.0030621377464756234,1.3195678478214983,0.002841051346897494,1.6779657157503833,0.0030621377464756234,1.4292247111826517
2015-02-25,175.259521484375,-0.0008498051033019038,-1.3929404334030835,-1.2144111580402561,1.0,1.1323276020952466,0.0,0.0,-0.0009622577748701481,1.3182980834004634,-0.0008498051033019038,1.676539771921973,-0.0009622577748701481,1.4278494285922796
2015-02-26,175.05247497558594,-0.0011813709579683307,-1.2107582142643096,-1.0525631355474705,1.0,1.1790432152731023,0.0,0.0,-0.0013928874127132455,1.3164618425938908,-0.0011813709579683307,1.6745591565255455,-0.0013928874127132455,1.4258605950959435
2015-02-27,174.4562225341797,-0.003406135454465331,-1.309770186403708,-1.1313700920272294,1.0,1.226253479481711,0.0,0.0,-0.0041767854526241315,1.3109632639208098,-0.003406135454465331,1.6688553812119042,-0.0041767854526241315,1.4199050813048768
2015-03-02,175.5576171875,0.006313301052385922,-1.0146035827611026,-0.875627362975465,1.0,1.2497419530239011,0.0,0.0,0.007889997187236633,1.3213067603857154,0.006313301052385922,1.6793913676463892,0.007889997187236633,1.4311081284025153
2015-03-03,174.83712768554688,-0.00410400592976623,-1.0740480423071217,-0.9227066544840005,1.0,1.2667443086845145,0.0,0.0,-0.005198726154338871,1.3144376483725932,-0.00410400592976623,1.6724991355151702,-0.005198726154338871,1.4236681891457021
2015-03-04,174.10006713867188,-0.004215698099322651,-1.0596060880660367,-0.9063472468284185,1.0,1.2754951237175698,0.0,0.0,-0.0053771023687514685,1.3073697825799528,-0.004215698099322651,1.66544838408846,-0.0053771023687514685,1.4160129795535308
2015-03-05,174.29055786132812,0.0010941450269776887,-2.6389910547976507,-2.223972390562627,1.0,1.2914521923737534,0.0,0.0,0.0014130359938651757,1.30921714314003,0.0010941450269776887,1.6672706261555983,0.0014130359938651757,1.41801385686142
2015-03-06,171.8392333984375,-0.014064585557417186,-2.44600607591146,-2.011444258590177,1.0,1.357063389157596,0.0,0.0,-0.019086534143645546,1.2842287254360416,-0.014064585557417186,1.6438211557866644,-0.019086534143645546,1.390948886966272
2015-03-09,172.55148315429688,0.004144861111012421,-2.7378144933736905,-2.203003459072299,1.0,1.0967447726298956,0.0,0.0,0.004545854756779814,1.2900666426963583,0.004144861111012421,1.650634566168744,0.004545854756779814,1.3972719385805252
2015-03-10,169.75234985351562,-0.016222018203565614,-2.4802165177856965,-1.9427955426287717,1.0,1.1241407506091383,0.0,0.0,-0.018235831719751353,1.2665412044928828,-0.016222018203565614,1.62385794218892,-0.018235831719751353,1.37179152264184
2015-03-11,169.35479736328125,-0.0023419557406859637,-2.1862477128693225,-1.671682676171924,1.0,0.9466373471497225,0.0,0.0,-0.002216982769505024,1.263733304465654,-0.0023419557406859637,1.6200549387591523,-0.002216982769505024,1.3687502844727901
2015-03-12,171.5080108642578,0.01271421615744206,-2.1380472734968654,-1.6060499284914689,1.0,0.9950325133202285,0.0,0.0,0.01265105845803623,1.2797208683758161,0.01271421615744206,1.6406526674374677,0.01265105845803623,1.386066424336109
2015-03-13,170.4562530517578,-0.006132412166638845,-1.9578649263502301,-1.4400649802052454,1.0,0.8933166649558697,0.0,0.0,-0.005478185984836612,1.2727103194501768,-0.006132412166638845,1.6305915090584457,-0.005478185984836612,1.3784732946762583
2015-03-16,172.733642578125,0.01336055137663772,-1.8471375624947823,-1.3333179782264175,1.0,0.9190659625367242,0.0,0.0,0.012279228010990902,1.2883382196546465,0.01336055137663772,1.6523771106895304,0.012279228010990902,1.39539988256865
2015-03-17,172.22023010253906,-0.0029722784046178896,-1.6535179182365383,-1.1677617189652856,1.0,0.8449437001698293,0.0,0.0,-0.002511407913132717,1.2851026768550144,-0.0029722784046178896,1.647465785887143,-0.002511407913132717,1.3918954642615826
2015-03-18,174.29055786132812,0.01202139700752003,-0.8187621022506208,-0.5236864300225584,1.0,0.8823202349422038,0.0,0.0,0.010606721832008578,1.298733403473985,0.01202139700752003,1.6672706261555985,0.010606721832008578,1.4066589122702395
2015-03-19,173.49551391601562,-0.004561600783589581,0.998479409787155,0.8529898837669184,0.5,0.8478161525384971,0.5,0.0001,-0.002033699412879756,1.2960921701138526,-0.004561600783589581,1.6596652031608712,-0.003867398825759512,1.4012188012446816
2015-03-20,175.02691650390625,0.008826756112160439,1.1600615604409352,0.9699328566267682,0.0,0.8735133176985787,0.5,0.0001,-0.0001,1.2959625608968413,0.008826756112160439,1.6743146631370114,0.007710289016049472,1.4120226031770005
2015-03-23,174.68594360351562,-0.0019481169365342943,2.073356066875487,1.6476234234851022,0.0,0.8794490284008105,0.0,0.0,-0.0,1.2959625608968413,-0.0019481169365342943,1.6710529023846665,-0.0017132695470462485,1.4096034278512364
2015-03-24,173.70437622070312,-0.005619040448041734,1.7986913944300253,1.4172923780122126,0.0,0.9176585888623927,0.0,0.0,-0.0,1.2959625608968413,-0.005619040448041734,1.6616631885353494,-0.005156360728310685,1.4023350040933722
2015-03-25,171.15895080566406,-0.01465377827789971,1.6531275668470657,1.2893066201260188,0.0,0.9343276924599988,0.0,0.0,-0.0,1.2959625608968413,-0.01465377827789971,1.6373135445980045,-0.01369143084421049,1.3831350313644122
2015-03-26,170.75132751464844,-0.0023815481988929132,1.1087201880962354,0.8754615854259976,0.0,0.8457978441957922,0.0,0.0,-0.0,1.2959625608968413,-0.0023815481988929132,1.6334142034748442,-0.0020143083324719977,1.380348970945801
2015-03-27,171.14224243164062,0.0022893814219901998,0.8412147844004609,0.6743257529472311,0.0,0.8881379815065391,0.0,0.0,0.0,1.2959625608968413,0.0022893814219901998,1.6371537116066945,0.0020332865950249464,1.3831556160048817
2015-03-30,173.2301788330078,0.01220000609844285,0.6204008775708401,0.5088413375847453,0.0,0.9262396553610226,0.0,0.0,0.0,1.2959625608968413,0.01220000609844285,1.6571269968723845,0.01130012944402408,1.3987854535069657
2015-03-31,171.7162322998047,-0.008739507996828655,0.15786192262727283,0.1700671965620683,0.5,0.8693622539719857,0.5,0.0001,-0.0038988991853645765,1.2909097335238975,-0.008739507996828655,1.6426445222314576,-0.007597798370729153,1.3881577636673108
2015-04-01,171.1090545654297,-0.0035359367384377727,0.05493783972161026,0.09632157332579525,0.5,0.8669034229295095,0.0,0.0,-0.0015326578309069554,1.288931210611818,-0.0035359367384377727,1.6368362351171057,-0.003065315661813911,1.3839026219332728
2015-04-02,171.72459411621094,0.0035973522987695628,-0.019930822143123805,0.04394340285032387,0.5,0.9056882138229408,0.0,0.0,0.0016290397889822277,1.2910309308391656,0.0035973522987695628,1.6427245117102136,0.0032580795779644555,1.388411486803685
2015-04-06,172.88088989257812,0.006733431412769608,-0.19541378790547892,-0.08052439778171759,0.5,0.939553897516578,0.0,0.0,0.003163210863764122,1.2951147339050515,0.006733431412769608,1.6537856845398897,0.006326421727528244,1.3971951634005497
2015-04-07,172.42330932617188,-0.002646796685802477,0.16507679372462292,0.1840367181557875,0.5,0.9517490756199333,0.0,0.0,-0.0012595431495332054,1.2934834810141018,-0.002646796685802477,1.649408450071022,-0.0025190862990664108,1.3936755082073056
2015-04-08,173.0055694580078,0.003376922378484748,0.15301670381822063,0.1750614940146937,0.5,0.9935288597492469,0.0,0.0,0.001677534920078833,1.2956533447220482,0.003376922378484748,1.6549783743773288,0.003355069840157666,1.3983513868718582
2015-04-09,173.7708740234375,0.00442358340154736,0.19413362968214276,0.20656270973785373,0.5,1.034721905622039,0.0,0.0,0.0022885893234635525,1.298618563133689,0.00442358340154736,1.662299309244144,0.004577178646927105,1.404751890980749
2015-04-10,174.71914672851562,0.005457029035546013,0.4803785342868654,0.4181468744219503,0.5,1.071482183294214,0.0,0.0,0.0029235546926533805,1.3024151455279054,0.005457029035546013,1.6713705248404573,0.005847109385306761,1.41296562894653
2015-04-13,173.9288787841797,-0.0045230757998371285,0.41660522080334594,0.3756643496521337,0.5,1.1022841774756396,0.0,0.0,-0.0024928574438417197,1.299168410237404,-0.0045230757998371285,1.6638107892669904,-0.004985714887683439,1.4059209851745063
2015-04-14,174.2616729736328,0.0019133923692227217,0.4512825642055205,0.4006877765711879,0.5,1.120252153529654,0.0,0.0,0.0010717409610844803,1.3005607822380025,0.0019133923692227217,1.6669943121350044,0.0021434819221689606,1.4089345513902258
2015-04-15,175.0435791015625,0.004486965576463886,1.013292610177384,0.8126477728519049,0.0,1.1757227293421355,0.5,0.0001,-0.0001,1.3004307261597787,0.004486965576463886,1.6744740582297153,0.005275427414024329,1.4163672833471959
2015-04-16,174.99368286132812,-0.0002850503885402089,1.4056429476086834,1.0929525003047678,0.0,1.2160019260644717,0.0,0.0,-0.0,1.3004307261597787,-0.0002850503885402089,1.6739967487488163,-0.00034662182149032,1.4158763395395426
2015-04-17,172.98065185546875,-0.0115034495699744,1.465336876559924,1.1242341303158476,0.0,1.2750626404478822,0.0,0.0,-0.0,1.3004307261597787,-0.0115034495699744,1.6547400115692832,-0.014667618782950613,1.395108805147377
2015-04-20,174.5611114501953,0.009136626424827599,0.9279662136732423,0.7194026232115631,0.0,1.1147573806832942,0.0,0.0,0.0,1.3004307261597787,0.009136626424827599,1.6698587528852067,0.010185121741622585,1.4093181581706127
2015-04-21,174.35316467285156,-0.001191254888423865,1.0932174569764808,0.828611764227831,0.0,1.0745023508869738,0.0,0.0,-0.0,1.3004307261597787,-0.001191254888423865,1.6678695254828548,-0.0012800061781170426,1.4075142222212218
2015-04-22,175.20999145507812,0.004914317350271702,1.039363995689107,0.7776020926278576,0.0,1.125576628636594,0.0,0.0,0.0,1.3004307261597787,0.004914317350271702,1.6760659656299246,0.005531440755169142,1.4152998037534965
2015-04-23,175.6508331298828,0.002516076116114263,0.9837910572236019,0.7271242369251822,0.0,1.1587148596857282,0.0,0.0,0.0,1.3004307261597787,0.002516076116114263,1.6802830751750781,0.0029154147838419504,1.419425989724928
2015-04-24,176.05841064453125,0.0023203847507347053,1.4350202207931462,1.0427369053178777,0.0,1.2146134844130938,0.0,0.0,0.0,1.3004307261597787,0.0023203847507347053,1.684181978399632,0.0028183706072688886,1.4234264582135623
2015-04-27,175.32640075683594,-0.004157767214957198,1.413691292015507,1.0173101198092869,0.0,1.274437189463297,0.0,0.0,-0.0,1.3004307261597787,-0.004157767214957198,1.6771795417858202,-0.005298813163872691,1.4158839873589755
2015-04-28,175.88372802734375,0.003178798333291377,1.4119671264689408,1.0082284290888708,0.0,1.2880957562541033,0.0,0.0,0.0,1.3004307261597787,0.003178798333291377,1.6825109573178794,0.0040945966431002396,1.421681461180635
2015-04-29,175.16004943847656,-0.004114528370439574,2.665770454325142,1.8930130382130659,0.0,1.3421892733625729,0.0,0.0,-0.0,1.3004307261597787,-0.004114528370439574,1.6755882182504196,-0.005522475843749983,1.4138302596537577
2015-04-30,173.4048309326172,-0.01002065546045583,2.612127565058337,1.8140152784857122,0.0,1.3575118811756053,0.0,0.0,-0.0,1.3004307261597787,-0.01002065546045583,1.658797726021733,-0.013603158844735994,1.3945977020521934
2015-05-01,175.2848663330078,0.010841885951385022,3.5338801581829413,2.414646343747068,0.0,1.2262823732349053,0.0,0.0,0.0,1.3004307261597787,0.010841885951385022,1.6767822217836774,0.013295213634806603,1.4131391764355876
2015-05-04,175.783935546875,0.002847189402643835,3.042871346231549,2.0086202127909227,0.0,1.1128004137478087,0.0,0.0,0.0,1.3004307261597787,0.002847189402643835,1.6815563383560814,0.003168353545280436,1.417616500955222
2015-05-05,173.7708740234375,-0.011451908373622088,1.3252694642986116,0.8140888922432438,0.0,1.1631842539968462,0.0,0.0,-0.0,1.3004307261597787,-0.011451908373622088,1.662299309244144,-0.013320679498411845,1.3987328858943373
2015-05-06,173.0554656982422,-0.004116963381900374,0.8723803994047667,0.5015094470084457,0.0,1.0509818085323002,0.0,0.0,-0.0,1.3004307261597787,-0.004116963381900374,1.6554556838582277,-0.00432685362077091,1.3926807734425142
2015-05-07,173.7459259033203,0.003989820271161459,0.8376388141317062,0.47189766806459355,0.5,1.0904517763060921,0.5,0.0001,0.002075353300915034,1.3031295793599258,0.003989820271161459,1.6620606545036947,0.004350706601830068,1.3987399188777723
2015-05-08,176.03347778320312,0.013166074933784078,1.1239170125918418,0.6562330114675415,0.5,1.120361735088977,0.0,0.0,0.007375383278562908,1.3127406594693376,0.013166074933784078,1.6839434696253845,0.014750766557125816,1.4193724048952714
2015-05-11,175.19334411621094,-0.004772578929712834,1.1052560148772397,0.6360056870784317,0.5,0.9955736157814766,0.0,0.0,-0.002375726830828348,1.309621946262717,-0.004772578929712834,1.675906716503423,-0.004751453661656696,1.4126283226847771
2015-05-12,174.6692352294922,-0.0029916027310438187,1.2824631006516043,0.7453970897524789,0.5,1.0178191909055248,0.0,0.0,-0.001522455335610889,1.3076281053429961,-0.0029916027310438187,1.6708930693933566,-0.003044910671221778,1.408326995630564
2015-05-13,174.7025146484375,0.00019052822268084135,1.1991550016400403,0.68018507368171,0.5,1.058848427667,0.0,0.0,0.00010087025450589847,1.3077600061227812,0.00019052822268084135,1.671211421680158,0.00020174050901179693,1.4086111122355176
2015-05-14,176.52423095703125,0.010427533411637935,1.18328501007829,0.6604106367766703,0.5,1.1131748806189545,0.0,0.0,0.005803834130325109,1.3153500282805908,0.010427533411637935,1.6886380346176386,0.011607668260650218,1.4249618027346131
2015-05-15,176.71563720703125,0.00108430581434793,1.0350508570637338,0.5536192441146638,0.5,1.0546443970993304,0.0,0.0,0.0005717785259221356,1.3161021171808325,0.00108430581434793,1.6904690346569036,0.0011435570518442712,1.4265913278527391
2015-05-18,177.2646026611328,0.0031064905334801107,1.0395891332029503,0.5489027660995137,0.5,1.1087633336736127,0.0,0.0,0.0017221813999634635,1.318368683767494,0.0031064905334801107,1.6957204607102065,0.003444362799926927,1.4315050259530935
2015-05-19,177.20635986328125,-0.0003285641745571777,0.9879803540353631,0.5070817210758022,0.5,1.160597462032933,0.0,0.0,-0.00019066537355300297,1.3181173165099227,-0.0003285641745571777,1.6951633077167536,-0.00038133074710600595,1.4309591490720608
2015-05-20,177.08154296875,-0.000704359000588628,0.7753096817841918,0.3595366597578826,0.5,1.2164174316682905,0.0,0.0,-0.0004283972832342314,1.317552638632546,-0.000704359000588628,1.6939693041834958,-0.0008567945664684628,1.4297331110482976
2015-05-21,177.59732055664062,0.00291265582648359,0.8908495767216804,0.4301224638147987,0.5,1.2732812694007178,0.0,0.0,0.0018543150540362113,1.3199957963248474,0.00291265582648359,1.6989032537472102,0.0037086301080724226,1.4350354623104393
2015-05-22,177.17311096191406,-0.0023886035746314427,0.7387847391834184,0.3236943769237773,0.5,1.331393560759062,0.0,0.0,-0.00159008570923519,1.3178968898728607,-0.0023886035746314427,1.6948452473623565,-0.00318017141847038,1.4304718035487083
2015-05-26,175.26821899414062,-0.010751586160176019,0.59657059793307,0.22410365368427482,0.5,1.3733374364854052,0.0,0.0,-0.007382777887684047,1.3081671498560599,-0.010751586160176019,1.6766229726571753,-0.014765555775368094,1.4093500923483184
2015-05-27,176.9318389892578,0.009491852000691692,0.616703124448482,0.23220082476334997,0.5,1.2023302100215962,0.0,0.0,0.005706170204742775,1.3156317742693917,0.009491852000691692,1.6925372297745969,0.01141234040948555,1.4254340753583372
2015-05-28,176.73223876953125,-0.0011281192851824162,0.8384415790309188,0.37396463670757707,0.5,1.1338125795050036,0.0,0.0,-0.000639537918361008,1.3147903778631458,-0.0011281192851824162,1.690627845884799,-0.001279075836722016,1.4236108370757061
2015-05-29,175.6342010498047,-0.006213001812071517,0.7288473395586621,0.29670768537984304,0.5,1.1878249138554446,0.0,0.0,-0.0036899791711037856,1.309938828754463,-0.006213001812071517,1.6801239720147783,-0.007379958342207571,1.413104648402572
2015-06-01,175.99192810058594,0.0020367732972452757,0.7974647055426978,0.3370753702032317,0.5,1.185000786414858,0.0,0.0,0.0012067889794922175,1.311519648496813,0.0020367732972452757,1.6835460036570395,0.002413577958984435,1.416515286635695
2015-06-02,175.81719970703125,-0.0009928204971697552,0.5894013074023619,0.19445859352503023,0.5,1.2384230706302553,0.0,0.0,-0.0006147659043448124,1.3107133709340388,-0.0009928204971697552,1.6818745446766805,-0.0012295318086896249,1.4147736360332812
2015-06-03,176.28305053710938,0.0026496317246229584,0.6942600406050747,0.25978574719339115,0.5,1.300097577497223,0.0,0.0,0.0017223898932210485,1.3129709303970454,0.0026496317246229584,1.6863308928270917,0.003444779786442097,1.4196472196570797
2015-06-04,174.7940673828125,-0.00844654746874507,-0.7842252044751454,-0.7159903780042776,0.5,1.352217422854338,0.0,0.0,-0.005710784325101644,1.3054728365884198,-0.00844654746874507,1.6720872188928164,-0.011421568650203289,1.4034326214786963
2015-06-05,174.49456787109375,-0.0017134420876128154,-0.3823069553838945,-0.44302887691453957,1.0,1.2766716391318897,0.5,0.0001,-0.0022875029185502197,1.3024865636646359,-0.0017134420876128154,1.669222194277806,-0.00218750291855022,1.400362608523223
2015-06-08,173.42149353027344,-0.006149614592088848,-0.5601057579501454,-0.5574416753666728,1.0,1.33990263955226,0.0,0.0,-0.008239884824168943,1.2917542243950118,-0.006149614592088848,1.6589571211144367,-0.008239884824168943,1.388823781916919
2015-06-09,173.3965606689453,-0.0001437703067859175,-0.4296121725524227,-0.46836381311398184,1.0,1.3476068610864536,0.0,0.0,-0.00019374585184520675,1.2915039523724317,-0.0001437703067859175,1.6587186123401894,-0.00019374585184520675,1.3885547030702285
2015-06-10,175.47613525390625,0.011993170896459349,0.10397508310437331,-0.11503322461271605,0.5,1.4140437756438649,0.5,0.0001,0.008379434328185748,1.3023260249259287,0.011993170896459349,1.6786119081271231,0.016958868656371494,1.4121030199017834
2015-06-11,176.04183959960938,0.00322382496562601,-0.14236732314228817,-0.27780045147269516,0.5,1.173494924887533,0.0,0.0,0.001891571117943924,1.3047894672208253,0.00322382496562601,1.6840234591041405,0.003783142235887848,1.4174452064777987
2015-06-12,174.69424438476562,-0.007654971215415252,0.11016251250930509,-0.11167388064405548,0.5,1.2195382445427452,0.0,0.0,-0.00466776507903638,1.2986990165102374,-0.007654971215415252,1.6711323079986142,-0.00933553015807276,1.4042126040053096
2015-06-15,173.94554138183594,-0.004285790900361075,0.6929532394918603,0.2708533198347311,0.5,1.1854804187076329,0.0,0.0,-0.002540360595526705,1.2953998527032455,-0.004285790900361075,1.6639701843596943,-0.00508072119105341,1.3970781912713954
2015-06-16,174.89385986328125,0.005451812526563238,0.0937461005531155,-0.12318931399388465,0.5,1.2232748288205761,0.0,0.0,0.0033345325175967587,1.2997194056353747,0.005451812526563238,1.6730418378546144,0.006669065035193517,1.4063953965882348
2015-06-17,175.17666625976562,0.0016170172966931684,-0.7125375829677534,-0.6507306483168509,0.5,1.2259663958090656,0.0,0.0,0.000991204433593921,1.3010076932726686,0.0016170172966931684,1.6757471754445166,0.001982408867187842,1.4091834472932034
2015-06-18,176.9984588623047,0.01039974467739646,-0.5770015176196974,-0.5515169565293396,1.0,1.2836403323643317,0.5,0.0001,0.013249531714197384,1.3182454359650997,0.01039974467739646,1.6931745182130078,0.013349531714197383,1.427995386413966
2015-06-19,176.212646484375,-0.004439656610462417,-0.39682966753702154,-0.42271337457986025,1.0,1.1785266541465809,0.0,0.0,-0.005232253650688023,1.3113480414702685,-0.004439656610462417,1.6856574047705568,-0.005232253650688023,1.4205237523402359
2015-06-22,177.11544799804688,0.005123363911068157,-0.14275330072916148,-0.24550009709942006,0.5,1.196435624084264,0.5,0.0001,0.002964887549174813,1.3152360409510584,0.005123363911068157,1.694293641084583,0.006129775098349626,1.4292312434639451
2015-06-23,177.2407989501953,0.0007077358500644504,-0.3207809761666933,-0.3504305537847219,0.5,1.2252745933003877,0.0,0.0,0.0004335853779259118,1.3158063080669358,0.0007077358500644504,1.695492753434915,0.0008671707558518236,1.4304706310016269
2015-06-24,175.9535369873047,-0.00726278582874329,-0.6227866086337919,-0.5437994806609673,0.5,1.2880627851056314,0.0,0.0,-0.0046774620710983966,1.3096516739680406,-0.00726278582874329,1.6831787526925308,-0.009354924142196793,1.4170886867609664
2015-06-25,175.4186248779297,-0.0030400759117084064,-0.2184794233326386,-0.24825353043987872,1.0,1.2390001561888604,0.5,0.0001,-0.0038666545294327075,1.304587703390913,-0.0030400759117084064,1.6780617615113709,-0.0037666545294327077,1.4117510032403704
2015-06-26,175.38514709472656,-0.00019084508971844993,-0.024379505243899757,-0.09336371083032338,0.5,1.285262202923637,0.5,0.0001,-0.00022264299021434704,1.3042972460836333,-0.00019084508971844993,1.677741511663942,-0.0002452859804286941,1.4114047205114193
2015-06-29,171.70726013183594,-0.02097034454636104,0.10673977406175972,0.01620930657066971,0.5,1.3512144131876456,0.0,0.0,-0.01416771590027699,1.2858183332516067,-0.02097034454636104,1.6425586941046166,-0.02833543180055398,1.371411958310388
2015-06-30,172.066650390625,0.0020930405535160013,-1.6698574549623952,-1.2782635896979602,0.5,0.9196951194997873,0.0,0.0,0.0009624795909918999,1.2870559071550847,0.0020930405535160013,1.645996636062908,0.0019249591819837997,1.37405187035182
2015-07-01,173.44590759277344,0.008015831069049462,-1.8156273485245222,-1.3729379888759314,1.0,0.954217600243085,0.5,0.0001,0.00754884708666234,1.2967716953901838,0.008015831069049462,1.6591906670378118,0.00764884708666234,1.3845617829972834
2015-07-02,173.2870635986328,-0.0009158128683760536,-2.2080421038623275,-1.650850110601948,1.0,0.9345532573798885,0.0,0.0,-0.0008558758992912599,1.2956618197492162,-0.0009158128683760536,1.657671158873849,-0.0008558758992912599,1.3833767699361363
2015-07-06,172.79397583007812,-0.002845496705378814,-2.840689138089365,-2.0996932147046543,1.0,0.982502550486475,0.0,0.0,-0.0027957077704355462,1.2920395279318866,-0.002845496705378814,1.652954261052672,-0.0027957077704355462,1.3795092527509858
2015-07-07,173.88055419921875,0.006288288488767391,-2.206069934000036,-1.580595956455287,1.0,1.0293739280201812,0.0,0.0,0.006473000222206578,1.3004029000832895,0.006288288488767391,1.6633485143049085,0.006473000222206578,1.388438816450579
2015-07-08,170.96334838867188,-0.01677706759091968,-1.8611410942888824,-1.2981344857954564,1.0,1.0321783436370187,0.0,0.0,-0.017316925837081783,1.277883919504221,-0.01677706759091968,1.6354424038531592,-0.017316925837081783,1.3643953244367788
2015-07-09,171.2726287841797,0.0018090450287899795,-2.334388886703083,-1.625401020392472,1.0,0.8842426826708014,0.0,0.0,0.0015996348293295286,1.2799280671297,0.0018090450287899795,1.6384009928037222,0.0015996348293295286,1.366577858718722
2015-07-10,173.42919921875,0.012591448206752398,-2.284006680709636,-1.5568152046016912,1.0,0.9210134032010803,0.0,0.0,0.011596892564131166,1.2947712554140192,0.012591448206752398,1.6590308340465019,0.011596892564131166,1.3824259153268035
2015-07-13,175.3433380126953,0.011037004164050623,-2.2868406267067023,-1.5316516293838254,1.0,0.8501826247870289,0.0,0.0,0.009383469169977926,1.3069207015713702,0.011037004164050623,1.6773415642701615,0.009383469169977926,1.395397866283051
2015-07-14,176.10398864746094,0.00433806407124826,-2.3368731499519217,-1.540080357078563,1.0,0.8299168986878377,0.0,0.0,0.003600232680319491,1.3116259201917535,0.00433806407124826,1.684617979445333,0.003600232680319491,1.4004216232832913
2015-07-15,176.04550170898438,-0.0003321159215402547,-1.8087255451059745,-1.1313786341813028,1.0,0.8662578484654023,0.0,0.0,-0.0002876980236345654,1.3112485680067665,-0.0003321159215402547,1.6840584909926464,-0.0002876980236345654,1.4000187247500175
2015-07-16,177.45811462402344,0.008024135245296993,-1.5081383060256277,-0.8982732604918875,1.0,0.9092934226563527,0.0,0.0,0.007296293401053575,1.3208158222806552,0.008024135245296993,1.6975716040853621,0.007296293401053575,1.4102336721327626
2015-07-17,177.60861206054688,0.0008480730049582608,-1.392258176077151,-0.8026386236818602,0.5,0.9240061950897814,0.5,0.0001,0.00029181235523491995,1.3212012526565864,0.0008480730049582608,1.6990112687367707,0.0007836247104698399,1.4113387660857823
2015-07-20,177.70053100585938,0.0005175365329759263,-1.0340096920530177,-0.5373712161287163,0.5,0.9708644929353692,0.0,0.0,0.00025122892183160084,1.3215331766228138,0.0005175365329759263,1.6998905691382797,0.0005024578436632017,1.412047904318868
2015-07-21,176.99842834472656,-0.003951044249325686,-0.8745859475887272,-0.4211098057625276,0.5,1.019622554801509,0.0,0.0,-0.002014286915815633,1.318871229636326,-0.003951044249325686,1.6931742262806029,-0.004028573831631266,1.4063593650825192
2015-07-22,176.6807861328125,-0.0017946047029040457,-1.114484879220715,-0.5912130689531513,0.5,1.0436992652216401,0.0,0.0,-0.0009365138048921262,1.3176360885228966,-0.0017946047029040457,1.690135647851284,-0.0018730276097842524,1.403725215162441
2015-07-23,175.6861114501953,-0.005629784111722769,-1.012126503236873,-0.5148427174803498,0.5,1.0890963777479568,0.0,0.0,-0.003065688741790133,1.3135966264005356,-0.005629784111722769,1.6806205490343544,-0.006131377483580266,1.3951184459850603
2015-07-24,173.86386108398438,-0.010372193630840965,-1.443069710191355,-0.817499977567919,0.5,1.0994573324811792,0.0,0.0,-0.005701892170671342,1.3061066400810422,-0.010372193630840965,1.6631888272797999,-0.011403784341342683,1.3792088160964175
2015-07-27,172.85238647460938,-0.005817624220863293,-1.8942575085910551,-1.1272890518380998,0.5,1.040441418965345,0.0,0.0,-0.0030264485996810823,1.3021537754691348,-0.005817624220863293,1.6535130196743477,-0.006052897199362165,1.370860606916132
2015-07-28,174.97557067871094,0.012283221813737866,-2.6090984824456416,-1.6169779868307976,1.0,1.0692031844334298,0.5,0.0001,0.013033259878350696,1.3191250840263995,0.012283221813737866,1.6738234868669113,0.013133259878350696,1.3888644755237551
2015-07-29,176.17916870117188,0.0068786632201987,-2.502695032204354,-1.5123273283888736,1.0,0.9596565347218955,0.0,0.0,0.006601154109414839,1.3278328319956525,0.0068786632201987,1.6853371549231275,0.006601154109414839,1.398032583963779
2015-07-30,176.22108459472656,0.00023791628637881423,-2.520214514819636,-1.49668060109926,1.0,0.9720252995493207,0.0,0.0,0.00023126064953502888,1.3281399074788536,0.00023791628637881423,1.685738124080323,0.00023126064953502888,1.3983558938872176
2015-07-31,175.9535369873047,-0.001518249692068263,-2.5636345354508654,-1.500018246033755,1.0,1.0217811468004514,0.0,0.0,-0.001551318911490942,1.3260795389232758,-0.001518249692068263,1.6831787526925304,-0.001551318911490942,1.3961865979440355
2015-08-03,175.36007690429688,-0.0033728226960884067,-2.524249856135727,-1.44757376863309,1.0,1.0698939575316015,0.0,0.0,-0.0036085626223704317,1.321294297864827,-0.0033728226960884067,1.6775016891938752,-0.0036085626223704317,1.3911483711728403
2015-08-04,175.0173797607422,-0.001954248364875677,-2.8012912578525455,-1.6218584382315704,1.0,1.109191310985081,0.0,0.0,-0.002167635305826903,1.3184302136953874,-0.001954248364875677,1.6742234342606919,-0.002167635305826903,1.3881328688478425
2015-08-05,175.59414672851562,0.003295483960289669,-2.080044370696891,-1.1239101693020603,1.0,1.161207181096555,0.0,0.0,0.003826739639876878,1.3234755028565468,0.003295483960289669,1.679740810734239,0.003826739639876878,1.3934448919224784
2015-08-06,174.1564483642578,-0.008187621233642917,-1.730447742209945,-0.8896265542543123,0.5,1.2038821213337132,0.5,0.0001,-0.0050284654097174945,1.3168204520698241,-0.008187621233642917,1.665987729205255,-0.009856930819434988,1.3797098020221035
2015-08-07,173.82205200195312,-0.0019200917648783955,-1.5609526300260939,-0.7781820525109321,0.5,1.16639160921596,0.0,0.0,-0.0011197894617394123,1.3153458904045934,-0.0019200917648783955,1.6627888798860195,-0.0022395789234788245,1.3766198330289776
2015-08-10,176.01210021972656,0.012599369254649107,-1.5101875124725783,-0.7448053466714127,0.5,1.2238134361634763,0.0,0.0,0.00770963869051229,1.3254867319726629,0.012599369254649107,1.6837389709762278,0.01541927738102458,1.3978463160826713
2015-08-11,174.4238739013672,-0.009023392802976038,-1.0414691090755461,-0.4325827490103997,0.5,1.0617600123912339,0.0,0.0,-0.004790338827149404,1.3191372014156229,-0.009023392802976038,1.6685459328634307,-0.009580677654298809,1.3844540011180342
2015-08-12,174.63282775878906,0.0011979659248941843,-0.767605403374036,-0.2532126098484184,0.5,1.027538695390734,0.0,0.0,0.000615478171794162,1.319949101568696,0.0011979659248941843,1.670544794035122,0.001230956343588324,1.3861582035531168
2015-08-13,174.4155731201172,-0.0012440652852049316,-0.5309060777953238,-0.09972939573962253,0.5,1.0777546497257253,0.0,0.0,-0.0006703985728459879,1.3190642095747749,-0.0012440652852049316,1.668466527249483,-0.0013407971456919758,1.3842996465903152
2015-08-14,175.05081176757812,0.0036420982146099234,-0.019365780266982213,0.24380998160717232,0.5,1.1318933329152343,0.0,0.0,0.0020612333434697253,1.321783108705728,0.0036420982146099234,1.6745432462095147,0.004122466686939451,1.390006375768126
2015-08-17,176.02877807617188,0.0055867567748970615,-0.017082822143962062,0.23541731058891738,0.5,1.1693810921327166,0.0,0.0,0.0032665238694544897,1.3261007447805568,0.0055867567748970615,1.6838985120351337,0.006533047738908979,1.399087353778407
2015-08-18,175.5188751220703,-0.0028967022305915746,0.024695748583235755,0.2553490337271222,0.5,1.1864524773806342,0.0,0.0,-0.0017183997688596914,1.3238219735672412,-0.0028967022305915746,1.6790207594592317,-0.003436799537719383,1.3942789710077124
2015-08-19,174.1313018798828,-0.007905549994110084,0.03573041781657338,0.25461117807613387,0.5,1.229201594873586,0.0,0.0,-0.004858757330556491,1.3173898438488196,-0.007905549994110084,1.665747176904178,-0.009717514661112982,1.3807300446652633
2015-08-20,170.4952392578125,-0.020881154524293954,0.04995188713142262,0.25601049013466365,0.5,1.191675656990883,0.0,0.0,-0.012441781768233075,1.300999166907966,-0.020881154524293954,1.6309644527048355,-0.02488356353646615,1.3463725608721275
2015-08-21,165.3629608154297,-0.030102180358374087,0.08513714339968281,0.27243118697547436,0.5,0.8789948463050278,0.0,0.0,-0.013229830698777627,1.2837871681905229,-0.030102180358374087,1.5818688665914176,-0.026459661397555255,1.3107479987964916
2015-08-24,158.4000244140625,-0.042106989177213006,-0.4241214764420125,-0.09381082858895862,0.5,0.6478190718752369,0.0,0.0,-0.013638855324121388,1.2662777807366088,-0.042106989177213006,1.5152611313460826,-0.027277710648242776,1.2749937941525575
2015-08-25,156.53594970703125,-0.011768146589160255,-2.465301809368004,-1.536805926474206,0.5,0.48060515960749667,0.0,0.0,-0.002827915984883891,1.2626968535591605,-0.011768146589160255,1.497429316231545,-0.005655831969767782,1.2677826434903339
2015-08-26,162.5459747314453,0.038393896326449406,-2.2761552933233773,-1.3880098793854343,1.0,0.5042605294829253,0.5,0.0001,0.01926052649048792,1.2870170597565924,0.038393896326449406,1.554921462155125,0.01936052649048792,1.2923275829438092
2015-08-27,166.56658935546875,0.024735245709198272,-2.544178584310382,-1.5602542411146332,1.0,0.3749643163062101,0.0,0.0,0.009274834496015646,1.2989539299793835,0.024735245709198272,1.5933828265800378,0.009274834496015646,1.3043137073902489
2015-08-28,166.57492065429688,5.0017826866533e-05,-3.223008851844992,-2.0100623798781045,1.0,0.3584179310572181,0.0,0.0,1.7927286021480896e-05,1.298977216698015,5.0017826866533e-05,1.5934625241263898,1.7927286021480896e-05,1.304337090195143
2015-08-31,165.22918701171875,-0.008078849068588245,-3.3043572103727765,-2.0239230146388425,1.0,0.37668847040317327,0.0,0.0,-0.0030432092982646073,1.2950241571539256,-0.008078849068588245,1.580589180897521,-0.0030432092982646073,1.3003677194341896
2015-09-01,160.29747009277344,-0.029847734580909946,-2.942747054053811,-1.7398501830166637,1.0,0.3938903046940039,0.0,0.0,-0.011756733268500375,1.2797989035620023,-0.029847734580909946,1.5334121745446339,-0.011756733268500375,1.2850796430058338
2015-09-02,163.34010314941406,0.018981167044493485,-2.9936592469489627,-1.7447609025636508,1.0,0.37654768858204857,0.0,0.0,0.007147314577193776,1.2889460289213077,0.018981167044493485,1.5625181271777255,0.007147314577193776,1.2942645114711444
2015-09-03,163.4571075439453,0.0007163237458238658,-2.757166979862893,-1.5814220883302337,1.0,0.37074851033946615,0.0,0.0,0.0002655759616849846,1.2892883420024985,0.0007163237458238658,1.5636373960155032,0.0002655759616849846,1.294608237013453
2015-09-04,160.9828338623047,-0.015137143430581146,-2.376894894348366,-1.325416231476013,1.0,0.38929074489269955,0.0,0.0,-0.005892749841638568,1.2816908883293368,-0.015137143430581146,1.539968392478596,-0.005892749841638568,1.286979434529808
2015-09-08,165.02853393554688,0.02513125142710959,-2.116356306462432,-1.158787528446853,1.0,0.40043581549486834,0.0,0.0,0.010063453159621203,1.294589124549152,0.02513125142710959,1.5786697253397775,0.010063453159621203,1.2999308917865944
2015-09-09,162.8218536376953,-0.013371507612819244,-2.0130805331839543,-1.0951336491285917,1.0,0.3796949969920125,0.0,0.0,-0.005077094542828075,1.288016373169699,-0.013371507612819244,1.5575605310892693,-0.005077094542828075,1.2933310197498509
2015-09-10,163.7078857421875,0.005441727168048027,-2.0132438111236413,-1.0973044141949178,1.0,0.391312595601525,0.0,0.0,0.0021294163826842093,1.290759096335892,0.005441727168048027,1.566036350547177,0.0021294163826842093,1.29608506001154
2015-09-11,164.45184326171875,0.004544420790473458,-1.8820024198476961,-1.0116960342551151,1.0,0.4084406007424533,0.0,0.0,0.0018561259576874737,1.2931549077997222,0.004544420790473458,1.5731530786972407,0.0018561259576874737,1.2984907571347983
2015-09-14,163.8415985107422,-0.003710780851543194,-1.7706810876241628,-0.9386153953039464,1.0,0.4273359499802988,0.0,0.0,-0.0015857500603629127,1.2911042873266203,-0.003710780851543194,1.567315452376265,-0.0015857500603629127,1.2964316753382912
2015-09-15,165.88949584960938,0.012499251456783878,-1.4670077834737842,-0.7377137283805287,1.0,0.4485961161618849,0.0,0.0,0.0056071156584440295,1.2983436583927737,0.012499251456783878,1.5869057223276188,0.0056071156584440295,1.3037009176851835
2015-09-16,167.32725524902344,0.008666970696670884,-1.2074291220184836,-0.5667565563285722,0.5,0.45724176973817854,0.5,0.0001,0.0018814505098073643,1.3007864277307617,0.008666970696670884,1.6006593877214117,0.003962901019614729,1.3088673553811507
2015-09-17,166.9511260986328,-0.002247865416968975,-1.2530964425276654,-0.5945260835734089,0.5,0.4746935268284295,0.0,0.0,-0.0005335235813083305,1.3000924274973216,-0.002247865416968975,1.597061320839406,-0.001067047162616661,1.3074707321833496
2015-09-18,164.2228546142578,-0.016341737537985623,-1.4679862772330505,-0.726725234495961,0.5,0.4979341589479482,0.0,0.0,-0.004068554668362492,1.2948029303821245,-0.016341737537985623,1.5709625639021798,-0.008137109336724985,1.2968316998810059
2015-09-21,165.0714874267578,0.00516756826870024,-1.4522691704141035,-0.7039025344295302,0.5,0.49291931209539863,0.0,0.0,0.0012735970981068662,1.2964519876368794,0.00516756826870024,1.5790806201987166,0.0025471941962137323,1.3001349820604087
2015-09-22,162.92889404296875,-0.012979790860246143,-1.1591017080048367,-0.494240367626063,0.5,0.5142865325091872,0.0,0.0,-0.0033376658171052147,1.2921248641542256,-0.012979790860246143,1.5585844839970695,-0.0066753316342104295,1.2914561498859172
2015-09-23,162.66842651367188,-0.0015986576894592153,-1.04742964550098,-0.40659630779880307,0.5,0.5214519975988783,0.0,0.0,-0.0004168116228226575,1.2915862914927079,-0.0015986576894592153,1.5560928409270558,-0.000833623245645315,1.2903795620186407
2015-09-24,162.0802459716797,-0.003615824869018125,-1.2570980459222234,-0.5383233227682567,0.5,0.5482081173813235,0.0,0.0,-0.0009911122721124985,1.2903061844687171,-0.003615824869018125,1.5504662817343307,-0.001982224544224997,1.287821739979441
2015-09-25,162.0382537841797,-0.0002590826985007233,-1.2507360405516375,-0.5230026886548779,0.5,0.5756488767920277,0.0,0.0,-7.457033219409446e-05,1.2902099659079094,-0.0002590826985007233,1.5500645827461246,-0.0001491406643881889,1.287629673389527
2015-09-28,157.97154235839844,-0.02509723062800806,-1.2017177698432793,-0.4790901499536219,0.5,0.604830782801948,0.0,0.0,-0.00758978882344957,1.2804175447287582,-0.02509723062800806,1.511162254424638,-0.01517957764689914,1.2680839987818593
2015-09-29,158.06393432617188,0.0005848646306423344,-1.2617199167956725,-0.5111687152780752,0.5,0.5460815363185576,0.0,0.0,0.00015969188801977585,1.2806220170239295,0.0005848646306423344,1.5120460797784125,0.0003193837760395517,1.2684890042377257
2015-09-30,161.01316833496094,0.018658487917320832,-1.3205618845372964,-0.5438431070786133,0.5,0.5712481048867425,0.0,0.0,0.005329312931410854,1.2874468524995046,0.018658487917320832,1.5402585732883904,0.010658625862821708,1.2820093539449988
2015-10-01,161.4333038330078,0.002609323836003652,-1.075135575928429,-0.36720698948661545,0.5,0.5312542686895785,0.0,0.0,0.0006931072131352028,1.2883391911995004,0.002609323836003652,1.5442776066972808,0.0013862144262704057,1.283786493806051
2015-10-02,163.84478759765625,0.014937957084387943,-1.1435295373679448,-0.4084971069268055,0.5,0.5564390301950344,0.0,0.0,0.004156031176565935,1.2936935690441174,0.014937957084387943,1.567345959312506,0.00831206235313187,1.2944574071906754
2015-10-05,166.76034545898438,0.017794632982085945,-1.5433659484947455,-0.678125317513155,0.5,0.5487697670594487,0.0,0.0,0.004882578298243843,1.3000101291889097,0.017794632982085945,1.5952363054144276,0.009765156596487686,1.3070979864793757
2015-10-06,166.18894958496094,-0.0034264493303294286,-1.4104836644753274,-0.5769535711866083,0.5,0.5365544448435088,0.0,0.0,-0.0009192383091096595,1.2988151100759286,-0.0034264493303294286,1.5897703090440232,-0.001838476618219319,1.3046949173935118
2015-10-07,167.55018615722656,0.00819089702212561,-1.5733439720024354,-0.680131923798854,0.5,0.5595691438258314,0.0,0.0,0.00229168661691819,1.3017915872815409,0.00819089702212561,1.6027919539342355,0.00458337323383638,1.3106748211562156
2015-10-08,169.0625762939453,0.009026490339435034,-1.4703505967460622,-0.5993502680804684,0.5,0.5815917977985413,0.0,0.0,0.002624866372161593,1.305208616242559,0.009026490339435034,1.6172595400225471,0.005249732744323186,1.3175555136819994
2015-10-09,169.16339111328125,0.0005963165920330749,-1.2935001076128954,-0.4676896780397646,0.5,0.6034321336751616,0.0,0.0,0.0001799182967382096,1.305443447153681,0.0005963165920330749,1.6182239387198865,0.0003598365934764192,1.3180296183697588
2015-10-12,169.3230438232422,0.000943778136098139,-1.2383709458308783,-0.42097698478074913,0.5,0.6332708819893813,0.0,0.0,0.0002988336063245814,1.3058335575268467,0.000943778136098139,1.6197511830925608,0.0005976672126491628,1.3188173614579588
2015-10-13,168.25595092773438,-0.006302112644642532,-1.0629701862317793,-0.2915467705042005,0.5,0.6650192579711018,0.0,0.0,-0.0020955131372952375,1.3030971661519282,-0.006302112644642532,1.6095433286804186,-0.004191026274590475,1.3132901632447025
2015-10-14,167.4493408203125,-0.004793946977651453,-0.8267568589234919,-0.11804457463310344,0.5,0.6787614491288495,0.0,0.0,-0.0016269731987987844,1.3009770619871683,-0.004793946977651453,1.601827263304492,-0.0032539463975975688,1.309016787449012
2015-10-15,170.0204315185547,0.015354439053905766,-0.7210064683075732,-0.03283743199965341,0.5,0.7016693309595086,0.0,0.0,0.005386869489106304,1.3079852556284142,0.015354439053905766,1.6264224223937855,0.010773738978212608,1.323119792635086
2015-10-16,170.79345703125,0.004546662455747086,-0.47764435507880165,0.1504784495844903,0.5,0.6803651471760045,0.0,0.0,0.00154669533543199,1.3100083103221083,0.004546662455747086,1.6338172161588687,0.00309339067086398,1.3272127190580587
2015-10-19,170.87742614746094,0.0004916412939377501,-0.47632111275464695,0.16008575318560456,0.5,0.714011216557202,0.0,0.0,0.00017551869919712497,1.3102382412766735,0.0004916412939377501,1.6346204681690788,0.00035103739839424994,1.3276786203580724
2015-10-20,170.65902709960938,-0.0012781035668403273,-0.4192789767008218,0.21062474524033958,0.5,0.7490851523023797,0.0,0.0,-0.00047870420251240066,1.309611024724282,-0.0012781035668403273,1.6325312539182817,-0.0009574084050248013,1.3264074896877698
2015-10-21,169.60031127929688,-0.006203690705997911,-0.4171287763630094,0.22175114085982786,0.0,0.7821955435880087,0.5,0.0001,-0.0001,1.3094800636218096,-0.006203690705997911,1.6224035349510977,-0.004852499224029913,1.3199710983733124
2015-10-22,172.4654998779297,0.016893769693113514,-0.35513200193003414,0.2757628964900413,0.0,0.793536062593437,0.0,0.0,0.0,1.3094800636218096,0.016893769693113514,1.6498120466198547,0.013405815484633635,1.3376663873631542
2015-10-23,174.3560333251953,0.01096180655611545,-0.2322763303001345,0.3781873127424234,0.0,0.7407156617697913,0.0,0.0,0.0,1.3094800636218096,0.01096180655611545,1.6678969671288504,0.008119581797405493,1.3485276790129894
2015-10-26,173.92752075195312,-0.002457687096167005,-0.13121994131249082,0.4656250265395517,0.0,0.7548332758617421,0.0,0.0,-0.0,1.3094800636218096,-0.002457687096167005,1.6637977982750016,-0.0018551440018428728,1.3460259659779494
2015-10-27,173.59141540527344,-0.0019324448783412107,-0.1980978991168314,0.4295098206486834,0.0,0.7795530943605146,0.0,0.0,-0.0,1.3094800636218096,-0.0019324448783412107,1.6605826007411297,-0.001506443384592019,1.343998254066013
2015-10-28,175.56597900390625,0.011374776765446182,-0.26174314894237405,0.4096547572343957,0.0,0.8091587134726627,0.0,0.0,0.0,1.3094800636218096,0.011374776765446182,1.679471357125144,0.009203999733567168,1.3563684136383511
2015-10-29,175.46511840820312,-0.0005744882708789145,0.13386177714679448,0.7480868077763241,0.0,0.8148097118794158,0.0,0.0,-0.0,1.3094800636218096,-0.0005744882708789145,1.6785065205291985,-0.0004680986224729521,1.355733499452361
2015-10-30,174.70887756347656,-0.004309921262910188,-0.0703168926183455,0.6382837261116452,0.0,0.8489758638592532,0.0,0.0,-0.0,1.3094800636218096,-0.004309921262910188,1.6712722895864363,-0.00365901912734454,1.3507728446462832
2015-11-02,176.77590942382812,0.011831292657698889,-0.39313370374154655,0.4104281348847085,0.0,0.8638984244284907,0.0,0.0,0.0,1.3094800636218096,0.011831292657698889,1.691045601155236,0.01022103508593844,1.3645791412845458
2015-11-03,177.28843688964844,0.002899306062069229,-0.2203572534057825,0.5771816287249105,0.0,0.8585618629001451,0.0,0.0,0.0,1.3094800636218096,0.002899306062069229,1.6959484599179009,0.0024892336137678412,1.3679758975516778
2015-11-04,176.7506561279297,-0.0030333662541877082,-0.10575247467684701,0.6892192914772878,0.0,0.9025646970584845,0.0,0.0,-0.0,1.3094800636218096,-0.0030333662541877082,1.6908040270907443,-0.002737809294278359,1.364230640425012
2015-11-05,176.57420349121094,-0.000998313899276515,-0.2855851338672366,0.542959160055533,0.0,0.9237764768482506,0.0,0.0,-0.0,1.3094800636218096,-0.000998313899276515,1.689116073929547,-0.0009222188966622984,1.3629725211490062
2015-11-06,176.48178100585938,-0.000523420089255322,-0.3407633989025811,0.5102230011151807,0.0,0.9619836771186562,0.0,0.0,-0.0,1.3094800636218096,-0.000523420089255322,1.6882319566433681,-0.0005035215821396099,1.3622862350687446
2015-11-09,174.83494567871094,-0.009331474998508504,-0.48652155480731984,0.3956776943356873,0.0,1.0051241700732945,0.0,0.0,-0.0,1.3094800636218096,-0.009331474998508504,1.6724782623482675,-0.009379291063435557,1.3495089559583229
2015-11-10,175.23826599121094,0.0023068632585683257,-0.5320583627378719,0.3730490582500071,0.0,0.9540578307139863,0.0,0.0,0.0,1.3094800636218096,0.0023068632585683257,1.6763364410024328,0.0022008809562234946,1.3524790645197446
2015-11-11,174.54925537109375,-0.003931850250970537,-0.4905950233923999,0.42977059536215056,0.0,1.0014384931785436,0.0,0.0,-0.0,1.3094800636218096,-0.003931850250970537,1.6697453371461664,-0.0039375061907356125,1.347153669830358
2015-11-12,172.11260986328125,-0.013959644242722002,-0.47884490095203613,0.4598627875606198,0.0,1.030689211285682,0.0,0.0,-0.0,1.3094800636218096,-0.013959644242722002,1.646436286263662,-0.014388054714359853,1.327770749120188
2015-11-13,170.1800994873047,-0.011228174260512702,-0.7125894051338317,0.25477638324105534,0.0,0.9180708257617003,0.0,0.0,-0.0,1.3094800636218096,-0.011228174260512702,1.6279498127326621,-0.010308259215145166,1.3140837440599697
2015-11-16,172.76797485351562,0.015206686175453843,-1.0637948925234868,-0.06769074725136962,0.0,0.8960808086322123,0.0,0.0,0.0,1.3094800636218096,0.015206686175453843,1.6527055346442765,0.013626419644716963,1.3319900006048317
2015-11-17,172.64202880859375,-0.0007289895307777128,-1.415034300663648,-0.3975582353466392,0.5,0.7939261766176348,0.5,0.0001,-0.00038938193548231656,1.308970175740161,-0.0007289895307777128,1.6515007296120625,-0.0005787638709646331,1.3312190929159955
2015-11-18,175.38108825683594,0.015865542516758424,-1.3328030563862887,-0.3033321982181773,0.5,0.8345328298895142,0.0,0.0,0.006620158047121406,1.3176357651825292,0.015865542516758424,1.6777026846541803,0.013240316094242812,1.3488448544968945
2015-11-19,175.2298126220703,-0.0008625538606767957,-1.1506840137827536,-0.106389720685739,0.5,0.7645073795311448,0.0,0.0,-0.0003297143958652446,1.3172013217022416,-0.0008625538606767957,1.6762555757264639,-0.0006594287917304892,1.3479553873642616
2015-11-20,175.8684539794922,0.003644593051065348,-1.8042805448914843,-0.7598976730418103,0.5,0.8018319644067851,0.0,0.0,0.001461175602799523,1.3191259841374883,0.003644593051065348,1.682364845149566,0.002922351205599046,1.3518945864156193
2015-11-23,175.66677856445312,-0.0011467401371628716,-1.6359468906989836,-0.5738819785456127,0.5,0.8398847251470826,0.0,0.0,-0.0004815647624580831,1.3184907395462848,-0.0011467401371628716,1.6804356098562814,-0.0009631295249161662,1.3505925368248681
2015-11-24,175.90199279785156,0.0013389796028628886,-1.5513836974581965,-0.47352392786850883,0.5,0.8796496884261455,0.0,0.0,0.000588916495233652,1.3192672204916165,0.0013389796028628886,1.6826856788618034,0.001177832990467304,1.3521833092714193
2015-11-25,175.87681579589844,-0.00014313085117834135,-1.5579117692569033,-0.46784643256319713,0.5,0.9247513622924343,0.0,0.0,-6.618022480662341e-05,1.3191799110903843,-0.00014313085117834135,1.6824448346283223,-0.00013236044961324682,1.3520043336806444
2015-11-27,176.07850646972656,0.0011467723754003956,-1.9485354126117862,-0.8749417491201227,0.5,0.9710475276811028,0.0,0.0,0.0005567852399727698,1.3199144109937482,0.0011467723754003956,1.6843742158878092,0.0011135704799455396,1.3535098857953898
2015-11-30,175.3475341796875,-0.004151399876649586,-1.6909936887525592,-0.5832446067355112,1.0,1.0208580305679165,0.5,0.0001,-0.004337989902176389,1.3141886356071202,-0.004151399876649586,1.677381704975741,-0.0042379899021763884,1.347773724566893
2015-12-01,177.01953125,0.00953533266455353,-1.1415764296243687,0.03589246083862927,0.5,1.0480059680416633,0.5,0.0001,0.004896542769857358,1.3206236164690308,0.00953533266455353,1.6933760975381207,0.009993085539714716,1.36124214268467
2015-12-02,175.21304321289062,-0.010205021018602323,-2.077628816041262,-0.9993402497537959,0.0,1.0244819097255193,0.5,0.0001,-0.0001,1.3204915541073838,-0.010205021018602323,1.6760951588703454,-0.010454859421926772,1.3470105474436993
2015-12-03,172.7595977783203,-0.014002641524748172,-2.0219389128312377,-0.9223654965745643,1.0,0.9644739387999559,1.0,0.0002,-0.01370518282497769,1.3023939759395031,-0.014002641524748172,1.652625399199318,-0.01350518282497769,1.3288189237332988
2015-12-04,176.12889099121094,0.019502784541175044,-2.3433866984713756,-1.2680907291928378,1.0,0.8783293899197102,0.0,0.0,0.01712986884778583,1.3247038139354932,0.019502784541175044,1.6848561962871758,0.01712986884778583,1.3515814176193062
2015-12-07,175.0618438720703,-0.006058330993487404,-2.3604975968276403,-1.2661774115644762,1.0,0.736104205328826,0.0,0.0,-0.0044595629215800426,1.3187962139247908,-0.006058330993487404,1.6746487797736398,-0.0044595629215800426,1.3455539552437945
2015-12-08,173.88548278808594,-0.006719688642397803,-2.1382046126757563,-0.9978961222125348,1.0,0.7567727198352686,0.0,0.0,-0.0050852770503535495,1.312089769804026,-0.006719688642397803,1.6633956613881895,-0.0050852770503535495,1.3387114405951808
2015-12-09,172.5327606201172,-0.007779385295880736,-1.963949838800092,-0.788260164322194,1.0,0.7770502578438517,0.0,0.0,-0.006044973350030795,1.3041582221127124,-0.007779385295880736,1.6504554656387544,-0.006044973350030795,1.3306189656134015
2015-12-10,172.97802734375,0.002580766238437393,-1.7291320983241159,-0.5114296464532847,0.5,0.7945963581207792,0.5,0.0001,0.0009253337271117074,1.3053650037011235,0.002580766238437393,1.6547149053825194,0.002050667454223415,1.3333476226201573
2015-12-11,169.62548828125,-0.01938130012222694,-1.4692735205885317,-0.20505420684030806,0.5,0.8290279377373605,0.0,0.0,-0.008033819635499326,1.2948779367028957,-0.01938130012222694,1.6226443791845784,-0.016067639270998652,1.311923873997053
2015-12-14,170.4825897216797,0.005052904779313305,-1.23271641322102,0.08402513402009741,0.5,0.7322241111460126,0.0,0.0,0.001849929355369062,1.2972733694096221,0.005052904779313305,1.630843446723286,0.003699858710738124,1.3167778069700864
2015-12-15,172.2722625732422,0.010497686916207893,-1.106860463518628,0.24425089185660281,0.0,0.7496400298781256,0.5,0.0001,-0.0001,1.2971436420726812,0.010497686916207893,1.6479635306363365,0.007869486333517294,1.3271401719263165
2015-12-16,174.79295349121094,0.014632018412697567,-0.873122143322715,0.5218914898259447,0.0,0.7349359198292001,0.0,0.0,0.0,1.2971436420726812,0.014632018412697567,1.6720765633600614,0.01075359591109368,1.3414117010525914
2015-12-17,172.12942504882812,-0.015238191180954819,-0.8729063649769948,0.5259030020157472,0.0,0.6990693544544307,0.0,0.0,-0.0,1.2971436420726812,-0.015238191180954819,1.6465971410183868,-0.010652552471923284,1.3271222425206768
2015-12-18,169.0629119873047,-0.01781515891692287,-0.7607292921933722,0.664250026057348,0.0,0.6652653846905929,0.0,0.0,-0.0,1.2971436420726812,-0.01781515891692287,1.6172627512789934,-0.011851808550190739,1.311393443779622
2015-12-21,170.4575653076172,0.008249315618183761,-0.7393132371591928,0.699397343303235,0.0,0.6314955898128414,0.0,0.0,0.0,1.2971436420726812,0.008249315618183761,1.630604062151826,0.005209406431857238,1.3182250252203431
2015-12-22,172.00433349609375,0.009074212609368137,-0.6067269255781245,0.8635224442357574,0.0,0.6392196353682406,0.0,0.0,0.0,1.2971436420726812,0.009074212609368137,1.645400510093491,0.005800414875414192,1.3258712772657746
2015-12-23,174.13433837890625,0.012383437321135116,-0.5851147711617113,0.888937841028574,0.0,0.6472949799822042,0.0,0.0,0.0,1.2971436420726812,0.012383437321135116,1.6657762241783975,0.008015736812895035,1.336499112472114
2015-12-24,173.84690856933594,-0.0016506210793696408,-0.39044515429736126,1.1280232101447933,0.0,0.6432299455892857,0.0,0.0,-0.0,1.2971436420726812,-0.0016506210793696408,1.663026658829256,-0.001061728907071462,1.335080112730127
2015-12-28,173.44969177246094,-0.0022848654609038954,-0.24403454005454073,1.312261212006445,0.0,0.6746977098650337,0.0,0.0,-0.0,1.2971436420726812,-0.0022848654609038954,1.6592268666559347,-0.001541593493821573,1.3330219619146118
2015-12-29,175.30075073242188,0.010672022192978137,-0.12744038789739998,1.4627734351820973,0.0,0.7069428915395399,0.0,0.0,0.0,1.2971436420726812,0.010672022192978137,1.6769341726000724,0.007544510227678106,1.3430789597399961
2015-12-30,174.0581817626953,-0.00708821248360314,-0.39661756010560456,1.1151862786314866,0.0,0.7107194267539833,0.0,0.0,-0.0,1.2971436420726812,-0.00708821248360314,1.6650477068636678,-0.005037730313056852,1.336312890151685
2015-12-31,172.31700134277344,-0.010003439093117406,-0.2773131304842771,1.239983513196226,0.0,0.7247963565016431,0.0,0.0,-0.0,1.2971436420726812,-0.010003439093117406,1.6483915035409222,-0.007250456207177596,1.3266240120625532
2016-01-04,169.90811157226562,-0.013979408600060528,-0.34177633059650825,1.1432625123122293,0.0,0.7258152513814543,0.0,0.0,-0.0,1.2971436420726812,-0.013979408600060528,1.6253479651800555,-0.010146467967216997,1.3131634640196197
2016-01-05,170.1956024169922,0.0016920371962598768,-0.5309347305877052,0.9022837946734777,0.0,0.7059071938921817,0.0,0.0,0.0,1.2971436420726812,0.0016920371962598768,1.6280981143940054,0.0011944212291730043,1.3147319343384192
2016-01-06,168.04864501953125,-0.01261464671807866,-0.5792066909176166,0.8299019778123307,0.0,0.738287302264948,0.0,0.0,-0.0,1.2971436420726812,-0.01261464671807866,1.6075602318585551,-0.009313233494515674,1.3024875288512292
2016-01-07,164.01681518554688,-0.023992040123356984,-0.8086353061084068,0.5416644385286148,0.0,0.7335680580825762,0.0,0.0,-0.0,1.2971436420726812,-0.023992040123356984,1.5689915822750917,-0.017599794282730234,1.2795640162876258
2016-01-08,162.21656799316406,-0.010975991640529315,-0.9034367699979318,0.415608028408153,0.0,0.6435463989933221,0.0,0.0,-0.0,1.2971436420726812,-0.010975991640529315,1.5517703437839794,-0.007063559895643446,1.270525739218268
2016-01-11,162.377197265625,0.0009902149604577026,-0.9189597271634096,0.3858081758334159,0.0,0.6666315703068483,0.0,0.0,0.0,1.2971436420726812,0.0009902149604577026,1.5533069299935889,0.0006601085540312519,1.271364424126843
2016-01-12,163.687255859375,0.00806799609680997,-0.900654006716183,0.3972239552475163,0.0,0.6907336614155127,0.0,0.0,0.0,1.2971436420726812,0.00806799609680997,1.565839004241925,0.005572836484235616,1.2784495301743761
2016-01-13,159.60479736328125,-0.02494060074903459,-0.8065872291942275,0.5016205097709946,0.0,0.6819997833236843,0.0,0.0,-0.0,1.2971436420726812,-0.02494060074903459,1.5267860387998613,-0.017009484306804108,1.256703762953834
2016-01-14,162.2250213623047,0.016416950131263652,-1.0828134631726365,0.15227943097398028,0.0,0.6104111331333106,0.0,0.0,0.0,1.2971436420726812,0.016416950131263652,1.5518512090599481,0.010021089132217699,1.2692973033751878
2016-01-15,158.74264526367188,-0.021466331576899367,-1.1585553984786454,0.054882417971014265,0.5,0.5602987219027696,0.5,0.0001,-0.00611377907323889,1.2892131924187924,-0.021466331576899367,1.518538656448255,-0.01202755814647778,1.2540307562536752
2016-01-19,158.95399475097656,0.0013313970354571492,-1.2723055801181582,-0.08755356331528542,0.5,0.5420599481154746,0.0,0.0,0.0003608485039804995,1.2896784030705888,0.0013313970354571492,1.5205604343136774,0.000721697007960999,1.2549357864983546
2016-01-20,156.91696166992188,-0.012815236787511841,-1.198398720838429,0.005844926419976969,0.5,0.5639515807678998,0.0,0.0,-0.0036135865221161223,1.2850180385753887,-0.012815236787511841,1.5010740922982257,-0.0072271730442322445,1.2458661484099312
2016-01-21,157.7960205078125,0.005602063846607885,-1.266290859870499,-0.07470475706239867,0.5,0.5816699423592891,0.0,0.0,0.0016292760773747332,1.2871116877246347,0.005602063846607885,1.5094832052017695,0.0032585521547494663,1.2499258682323617
2016-01-22,161.03330993652344,0.020515659509617645,-1.0445942772752006,0.20017688971305309,0.5,0.5911837252941415,0.0,0.0,0.00606426200788097,1.2949170702324029,0.020515659509617645,1.5404512486751754,0.01212852401576194,1.26508562414314
2016-01-25,158.59893798828125,-0.015117195002709582,-0.8967552725213568,0.38283774670402315,0.5,0.5299945556091153,0.0,0.0,-0.004006015523758702,1.2897296123470718,-0.015117195002709582,1.5171639467567852,-0.008012031047517404,1.2549497188447374
2016-01-26,160.76272583007812,0.013643142061624314,-0.9049824591318574,0.36725886024583515,0.0,0.5345420345834089,0.5,0.0001,-0.0001,1.2896006393858372,0.013643142061624314,1.5378628300131627,0.0072928329157311445,1.2641018574619158
2016-01-27,159.0131378173828,-0.01088304520629102,-0.4234043428012271,0.9536557633864632,0.0,0.5261060936950787,0.0,0.0,-0.0,1.2896006393858372,-0.01088304520629102,1.5211261993130547,-0.00572563640098872,1.2568640698522746
2016-01-28,159.84144592285156,0.0052090545274317,-0.5671226238495843,0.7612688248641797,0.0,0.5417179859316421,0.0,0.0,0.0,1.2896006393858372,0.0052090545274317,1.5290498286283813,0.0028218385272084025,1.2604107373080475
2016-01-29,163.7379913330078,0.02437756607905639,-0.5067592743142546,0.8246018883363525,0.0,0.5611681028880054,0.0,0.0,0.0,1.2896006393858372,0.02437756607905639,1.5663243418639397,0.013679912509611068,1.277653045920596
2016-02-01,163.67881774902344,-0.0003613919011870026,-0.20093910907747636,1.2001537198111802,0.0,0.5030238499907639,0.0,0.0,-0.0,1.2896006393858372,-0.0003613919011870026,1.5657582849321579,-0.00018178874549056777,1.2774207829762059
2016-02-02,160.7289581298828,-0.018022244171287838,-0.07569030840395374,1.3453677792043022,0.0,0.5286813413400816,0.0,0.0,-0.0,1.2896006393858372,-0.018022244171287838,1.5375398068078936,-0.00952802422243492,1.2652494868137667
2016-02-03,161.6925048828125,0.005994854717785492,-0.34011072542992116,0.9880455154558111,0.0,0.5135186265627408,0.0,0.0,0.0,1.2896006393858372,0.005994854717785492,1.5467571345725188,0.0030784695611203727,1.269144518846146
2016-02-04,161.9460906982422,0.0015683213987778277,-0.10021367335674913,1.2914205539975605,0.0,0.533687939665487,0.0,0.0,0.0,1.2896006393858372,0.0015683213987778277,1.5491829468853813,0.0008369942160470335,1.2702067854677481
2016-02-05,158.86094665527344,-0.019050438511154733,-0.03779360183574276,1.3527903785250144,0.0,0.5605173343770413,0.0,0.0,-0.0,1.2896006393858372,-0.019050438511154733,1.519670332413212,-0.010678101012986182,1.2566433891051432
2016-02-08,156.7225799560547,-0.013460619140454821,-0.01491741079290243,1.3594645542695987,0.0,0.5390364121092154,0.0,0.0,-0.0,1.2896006393858372,-0.013460619140454821,1.4992146288495494,-0.007255763846239397,1.2475254814348584
2016-02-09,156.7310028076172,5.3743701544872735e-05,-0.1708145927304794,1.1343510944872917,0.0,0.5487121853963569,0.0,0.0,0.0,1.2896006393858372,5.3743701544872735e-05,1.499295202193114,2.9489823925976682e-05,1.247562270741649
2016-02-10,156.59571838378906,-0.0008631631355934255,-0.1320223310258295,1.1666284078131786,0.0,0.5753438334775265,0.0,0.0,-0.0,1.2896006393858372,-0.0008631631355934255,1.498001065845209,-0.0004966155873488034,1.2469427118718104
2016-02-11,154.55877685546875,-0.013007645096196785,-0.08856893672381627,1.206915918626915,0.0,0.6041996699613802,0.0,0.0,-0.0,1.2896006393858372,-0.013007645096196785,1.4785155996269699,-0.007859214874096862,1.2371427211635206
2016-02-12,157.74530029296875,0.020616903823454713,-0.10896160262838661,1.1676567121837,0.0,0.6143658880041923,0.0,0.0,0.0,1.2896006393858372,0.020616903823454713,1.5089980135459566,0.012666322425393783,1.2528127697560067
2016-02-16,160.40774536132812,0.016878126089427736,-0.3660306618135172,0.8321364790803607,0.0,0.5480547203289328,0.0,0.0,0.0,1.2896006393858372,0.016878126089427736,1.5344670722872813,0.009250136673617782,1.2644014591027033
2016-02-17,163.0279998779297,0.016334962571160627,-0.5489192148445632,0.6053616226244617,0.0,0.5316986151249273,0.0,0.0,0.0,1.2896006393858372,0.016334962571160627,1.5595325344797724,0.008685276977203627,1.2753831359853907
2016-02-18,162.36024475097656,-0.004095953624243198,-0.5629994711425903,0.5958288831476066,0.0,0.5268783367744906,0.0,0.0,-0.0,1.2896006393858372,-0.004095953624243198,1.5531447615430447,-0.002158069233046703,1.272630770879274
2016-02-19,162.2842254638672,-0.00046821367648197665,-0.43942620316669156,0.7647822841775253,0.0,0.5490682145799393,0.0,0.0,-0.0,1.2896006393858372,-0.00046821367648197665,1.552417557924134,-0.0002570812473878682,1.272303601373232
2016-02-22,164.6339111328125,0.014478829733629794,-0.3613240289961128,0.8749934475661149,0.0,0.5767321263561341,0.0,0.0,0.0,1.2896006393858372,0.014478829733629794,1.5748947474208148,0.008350406259424731,1.2829278533300277
2016-02-23,162.5546875,-0.01262937640553996,-0.3671544865526313,0.8759166456172705,0.0,0.5773066704422833,0.0,0.0,-0.0,1.2896006393858372,-0.01262937640553996,1.5550048088565296,-0.007291023242444607,1.2735739965330188
2016-02-24,163.29844665527344,0.004575439605661646,-0.3781041811653072,0.8711179480142232,0.0,0.570186593789493,0.0,0.0,0.0,1.2896006393858372,0.004575439605661646,1.562119639445966,0.0026088543238417554,1.2768965655606066
2016-02-25,165.27626037597656,0.012111650546672514,-0.3660457317313526,0.8860851493393368,0.0,0.5972940599602391,0.0,0.0,0.0,1.2896006393858372,0.012111650546672514,1.5810394866310296,0.007234216927841676,1.286133912310288
2016-02-26,164.89598083496094,-0.002300872128583653,-0.27511169468740704,0.9942842443210788,0.0,0.6063788186881351,0.0,0.0,-0.0,1.2896006393858372,-0.002300872128583653,1.57740171694205,-0.0013952001232830106,1.2843394981172742
2016-02-29,163.60272216796875,-0.007842875614333944,-0.3496774355228398,0.8808378191828724,0.0,0.6330348456994717,0.0,0.0,-0.0,1.2896006393858372,-0.007842875614333944,1.5650303514822368,-0.004964813554360037,1.2779629919686215
2016-03-01,167.4485626220703,0.023507191097670743,-0.3609075285351171,0.8545090705310816,0.0,0.6442190470450427,0.0,0.0,0.0,1.2896006393858372,0.023507191097670743,1.6018198190281845,0.015143780247647159,1.29731618268362
2016-03-02,168.20077514648438,0.004492200545858305,-0.44778575121593445,0.7313226230283553,0.0,0.5789106285546192,0.0,0.0,0.0,1.2896006393858372,0.004492200545858305,1.6090155148935896,0.0026005826415962346,1.3006899606289688
2016-03-03,168.8600616455078,0.0039196400756731364,-1.4225267825156118,-0.6949948768174005,0.0,0.6082939931201531,0.0,0.0,0.0,1.2896006393858372,0.0039196400756731364,1.6153222765881463,0.002384293513224991,1.3037911872648134
2016-03-04,169.40948486328125,0.003253719159044488,-1.235277316815659,-0.45365258904606115,1.0,0.6394224168641987,1.0,0.0002,0.0018805009684735746,1.2920257346371464,0.003253719159044488,1.6205780816275126,0.0020805009684735747,1.3065037260926053
2016-03-07,169.54464721679688,0.0007978440736344794,-1.2043046693957997,-0.445095558476705,1.0,0.672232697624063,0.0,0.0,0.0005363368739026776,1.2927186956806636,0.0007978440736344794,1.6218710502458011,0.0005363368739026776,1.3072044522168
2016-03-08,167.69363403320312,-0.010917556018308572,-1.0877567137991822,-0.29088505514014407,1.0,0.7049406003648729,0.0,0.0,-0.007696228494063576,1.2827696372201574,-0.010917556018308572,1.6041641822002697,-0.007696228494063576,1.2971439080640823
2016-03-09,168.52194213867188,0.004939412937432941,-1.0303299119457403,-0.21914198999980317,0.5,0.6848660407536866,0.5,0.0001,0.0015914180910536176,1.2848110600274838,0.004939412937432941,1.6120878115155963,0.0033828361821072353,1.3015319334096815
2016-03-10,168.6572265625,0.0008027703817750087,-1.0163125310138827,-0.21365194696106732,0.5,0.7170224901522623,0.0,0.0,0.0002878022090803995,1.2851808314888107,0.0008027703817750087,1.6133819478635016,0.000575604418160799,1.3022811009409296
2016-03-11,171.3788604736328,0.016137072609362813,-0.8373898335115149,0.0765513626706284,0.5,0.7532820257733909,0.0,0.0,0.006077883372616559,1.2929920106953219,0.016137072609362813,1.6394172095028101,0.012155766745233118,1.3181113262406932
2016-03-14,171.1591033935547,-0.001282288139101806,-0.6512153201223612,0.38570439789054006,0.5,0.7227216522129567,0.0,0.0,-0.0004633687012523674,1.2923928786665964,-0.001282288139101806,1.6373150042600253,-0.0009267374025047348,1.3168897831740007
2016-03-15,170.88014221191406,-0.0016298354928817593,-0.5302055749887655,0.5864037843047682,0.5,0.752632746556764,0.0,0.0,-0.0006133337817216479,1.2916002104548536,-0.0016298354928817593,1.6346464501530544,-0.0012266675634432958,1.3152743971923513
2016-03-16,171.86907958984375,0.00578731598141613,-0.5264231633419554,0.5809375778928302,0.5,0.783463845134799,0.0,0.0,0.0022670764159051773,1.294528366830754,0.00578731598141613,1.6441066656779904,0.004534152831810355,1.3212380523249887
2016-03-17,172.95941162109375,0.006343968524483934,-0.4139754566020182,0.7703288962923865,0.5,0.8187063025403505,0.0,0.0,0.002596923507056302,1.2978901579771278,0.006343968524483934,1.6545368266159457,0.005193847014112604,1.3281003606379889
2016-03-18,173.63914489746094,0.0039300161234145925,-0.2949355473058475,0.9709187556355057,0.0,0.854246185532374,0.5,0.0001,-0.0001,1.2977603689613302,0.0039300161234145925,1.6610391830213296,0.003357201282507643,1.3325590608720215
2016-03-21,173.8854522705078,0.0014185014167877874,-0.2647008641133626,1.009779468308369,0.0,0.8976764656270136,0.0,0.0,0.0,1.2977603689613302,0.0014185014167877874,1.6633953694557853,0.0012733553383089723,1.334255882065795
2016-03-22,173.79200744628906,-0.0005373929963582436,-0.20199818810840586,1.105759051950204,0.0,0.9417007608433918,0.0,0.0,-0.0,1.2977603689613302,-0.0005373929963582436,1.662501472434065,-0.0005060633935424681,1.3335806640062629
2016-03-23,172.6450653076172,-0.006599510273948228,-0.23993162185679928,1.020750672352155,0.0,0.9805086577498304,0.0,0.0,-0.0,1.2977603689613302,-0.006599510273948228,1.6515297768862822,-0.006470876960515193,1.3249512276125561
2016-03-24,172.56866455078125,-0.0004425307882377494,-0.258196274472966,0.9727041500293478,0.0,0.9634283727363323,0.0,0.0,-0.0,1.2977603689613302,-0.0004425307882377494,1.6507989241123187,-0.00042634671719762136,1.3243863390062165
2016-03-28,172.670654296875,0.0005910096503281004,-0.26548101135953317,0.9458105796915011,0.0,1.0088044178130373,0.0,0.0,0.0,1.2977603689613302,0.0005910096503281004,1.6517745622072202,0.0005962131462211261,1.3251759555522078
2016-03-29,174.26779174804688,0.009249617184086789,-0.2450204232116331,0.9673432921007672,0.0,1.05966200226461,0.0,0.0,0.0,1.2977603689613302,0.009249617184086789,1.6670528445820496,0.00980146786547055,1.338164625096647
2016-03-30,175.03244018554688,0.00438777831422521,-0.06884553598133136,1.2642107629184682,0.0,1.0531488019340651,0.0,0.0,0.0,1.2977603689613302,0.00438777831422521,1.674367502902174,0.004620983474778552,1.3443482617157518
2016-03-31,174.60760498046875,-0.0024271798109412046,-0.11740856875005168,1.1576440462562765,0.0,1.1021557963190614,0.0,0.0,-0.0,1.2977603689613302,-0.0024271798109412046,1.6703035119030338,-0.0026751302973374524,1.340751954950663
2016-04-01,175.79701232910156,0.006811887424753582,-0.19093429950490215,1.0096900966451154,0.0,1.130694544462917,0.0,0.0,0.0,1.2977603689613302,0.006811887424753582,1.6816814313912878,0.0077021639486644245,1.3510786463221856
2016-04-04,175.2278289794922,-0.003237730505589176,-0.14827608691601935,1.0688416776022023,0.0,1.158558201624457,0.0,0.0,-0.0,1.2977603689613302,-0.003237730505589176,1.6762366001201894,-0.00375109923190004,1.3460106162497298
2016-04-05,173.4777069091797,-0.009987694765751676,-0.5588765925630317,0.3324397661776065,0.0,1.1744784887281132,0.0,0.0,-0.0,1.2977603689613302,-0.009987694765751676,1.6594948606030075,-0.011730332654357715,1.3302214639648235
2016-04-06,175.37222290039062,0.01092080374455695,-0.5129104876928086,0.40552488151024235,0.5,1.066202594731685,0.5,0.0001,0.005721894644501062,1.3051860170663356,0.01092080374455695,1.6776178782907538,0.011643789289002124,1.345710282398938
2016-04-07,173.2738037109375,-0.011965516287291367,-0.5047416027922997,0.4084920113230277,0.5,1.0206508505733152,0.0,0.0,-0.006106307188086395,1.2972161503085338,-0.011965516287291367,1.6575443142442146,-0.01221261437617279,1.3292756416579492
2016-04-08,173.7410430908203,0.002696537906343277,-0.651682514259567,0.1364805776118236,0.5,0.926111098316633,0.0,0.0,0.0012486468410480031,1.298835915156773,0.002696537906343277,1.662013945319018,0.0024972936820960062,1.3325952333196256
2016-04-11,173.33328247070312,-0.0023469446992098186,-0.6313985666261952,0.16099542680079001,0.5,0.9698574127197431,0.0,0.0,-0.0011381008568859753,1.2973577088887789,-0.0023469446992098186,1.6581132905000386,-0.0022762017137719507,1.329561977765779
2016-04-12,174.94749450683594,0.009312764479641356,-0.6190886130034352,0.1723731203328406,0.5,1.0122209001443994,0.0,0.0,0.004713287422207681,1.3034725286601887,0.009312764479641356,1.6735549090550286,0.009426574844415362,1.342095193259477
2016-04-13,176.714599609375,0.010100773992336443,-0.6715987801659926,0.06807751551854066,0.5,0.9947906553616985,0.0,0.0,0.005024077789748385,1.3100212760409775,0.010100773992336443,1.6904591089551586,0.01004815557949677,1.3555807745638428
2016-04-14,176.72311401367188,4.818166872277985e-05,-0.5351055364606454,0.30882463926784304,1.0,0.9806453789090999,0.5,0.0001,-5.2750869218876836e-05,1.309952171279971,4.818166872277985e-05,1.6905405580959356,4.724913078112317e-05,1.3556448245771444
2016-04-15,176.52769470214844,-0.0011057937305717358,-0.5816889806415695,0.21660736407418082,0.5,1.0274908420874445,0.5,0.0001,-0.0006680964657000848,1.3090769968641027,-0.0011057937305717358,1.6886711689455158,-0.0011361929314001695,1.3541045505099705
2016-04-18,177.76815795898438,0.00702701782249493,-0.7059311061360471,-0.013615591629315117,0.5,1.071513738238631,0.0,0.0,0.0037647730678255138,1.3140053746856064,0.00702701782249493,1.7005374913460294,0.0075295461356510275,1.3643003431955303
2016-04-19,178.32884216308594,0.003154019316726764,-0.7281820054458512,-0.05443120485041156,1.0,1.0942631201929147,0.5,0.0001,0.003351327018670154,1.3184090364004681,0.003154019316726764,1.7059010194425528,0.0034513270186701537,1.369008989831582
2016-04-20,178.49874877929688,0.0009527713753423317,-0.48554485862056573,0.3921436349526027,1.0,1.1490697803191248,0.0,0.0,0.0010948007949589634,1.3198524316616005,0.0009527713753423317,1.707526353103045,0.0010948007949589634,1.3705077819619556
2016-04-21,177.5386962890625,-0.005378483024670477,-0.33584320097470766,0.6656212607725143,0.5,1.2058688779318139,0.5,0.0001,-0.0033428726449673484,1.3154403330724054,-0.005378483024670477,1.6983424515987027,-0.006485745289934697,1.361619017570277
2016-04-22,177.5386962890625,0.0,-0.1899903752779306,0.9300461920903722,0.5,1.1863621769717572,0.0,0.0,0.0,1.3154403330724054,0.0,1.6983424515987027,0.0,1.361619017570277
2016-04-25,177.2328338623047,-0.0017227930200626185,-0.18302444796292705,0.9372459408736965,0.0,1.2443621433575205,0.5,0.0001,-0.0001,1.3153087890390982,-0.0017227930200626185,1.6954165590774124,-0.0021437784150064956,1.3587000081109475
2016-04-26,177.49627685546875,0.0014864231836904107,-0.19861692423395527,0.9046274901148283,0.0,1.2929011891221762,0.0,0.0,0.0,1.3153087890390982,0.0014864231836904107,1.6979366655568378,0.001921798301732103,1.3613111554790984
2016-04-27,177.86155700683594,0.0020579595123824124,0.02462487792364776,1.3091409469906246,0.0,1.358688100485248,0.0,0.0,0.0,1.3153087890390982,0.0020579595123824124,1.7014309504691434,0.002796125100754407,1.3651175517708705
2016-04-28,176.247314453125,-0.00907583730220518,-0.02692962252929787,1.210111426992692,0.0,1.4258632410337446,0.0,0.0,-0.0,1.3153087890390982,-0.00907583730220518,1.6859890399817492,-0.012940902790817237,1.3474516982353653
2016-04-29,175.29580688476562,-0.00539870676220966,0.3431815050222846,1.873126434567941,0.0,1.2807655061081813,0.0,0.0,-0.0,1.3153087890390982,-0.00539870676220966,1.6768868795505885,-0.006914477398631116,1.3381347739221696
2016-05-02,176.68914794921875,0.007948513368429166,0.21694565092121554,1.617961147919262,0.0,1.2907626128445489,0.0,0.0,0.0,1.3153087890390982,0.007948513368429166,1.6902156373300399,0.010259643883663457,1.3518635601709577
2016-05-03,175.15138244628906,-0.008703225527872505,0.24093267713637356,1.656618539348604,0.0,1.2371077853060528,0.0,0.0,-0.0,1.3153087890390982,-0.008703225527872505,1.6755053094476198,-0.010766828057805456,1.3373082776609841
2016-05-04,174.17433166503906,-0.005578321835681854,-0.014722849985633113,1.1892253550849672,0.0,1.1761886267702584,0.0,0.0,-0.0,1.3153087890390982,-0.005578321835681854,1.6661588015941273,-0.006561158699593187,1.3285339858209708
2016-05-05,174.14028930664062,-0.00019544991545539236,0.35725226032968127,1.834804661581426,0.0,1.1990551049351326,0.0,0.0,-0.0,1.3153087890390982,-0.00019544991545539236,1.6658331509972204,-0.0002343552188859283,1.3282226369479264
2016-05-06,174.77757263183594,0.003659597257663405,0.6158282359560263,2.25888099307669,0.0,1.259680153939391,0.0,0.0,0.0,1.3153087890390982,0.003659597257663405,1.6719294294283347,0.004609922036889611,1.3343456397518882
2016-05-09,174.92202758789062,0.0008265073938231726,0.47262639519181326,1.96722386592608,0.0,1.287920178042785,0.0,0.0,0.0,1.3153087890390982,0.0008265073938231726,1.6733112914637078,0.0010644755498064185,1.335766018060395
2016-05-10,177.09689331054688,0.012433343888399007,0.5697162404846794,2.095476590731952,0.0,1.3508305259193778,0.0,0.0,0.0,1.3153087890390982,0.012433343888399007,1.6941161461828171,0.016795340463702513,1.3582006631135635
2016-05-11,175.44021606445312,-0.009354637538382393,0.7817604810228804,2.404175588698098,0.0,1.1514827126741247,0.0,0.0,-0.0,1.3153087890390982,-0.009354637538382393,1.6782683036873556,-0.010771703408779755,1.343570528400896
2016-05-12,175.49119567871094,0.00029058111875035486,0.490218578719813,1.8596470480105092,0.0,1.0853116935672402,0.0,0.0,0.0,1.3153087890390982,0.00029058111875035486,1.6787559767686042,0.000315371086109611,1.3439942516977028
2016-05-13,173.96194458007812,-0.008714118635515855,0.8212377902842034,2.3551187060995082,0.0,1.140837723578119,0.0,0.0,-0.0,1.3153087890390982,-0.008714118635515855,1.6641270980269613,-0.009941395267131573,1.3306330736048233
2016-05-16,175.67807006835938,0.009864947718443595,0.8781834260412811,2.379134116460859,0.0,1.1081560891710551,0.0,0.0,0.0,1.3153087890390982,0.009864947718443595,1.6805436248458425,0.010931901883547377,1.3451794238084744
2016-05-17,174.0384063720703,-0.009333343061265653,0.7260560891383561,2.0768924001665736,0.0,1.0426538168391413,0.0,0.0,-0.0,1.3153087890390982,-0.009333343061265653,1.6648585346657334,-0.009731445766697749,1.3320888831992046
2016-05-18,174.08937072753906,0.00029283395849866167,0.6159678928409151,1.8582882337424407,0.0,1.012769682081094,0.0,0.0,0.0,1.3153087890390982,0.00029283395849866167,1.6653460617807798,0.0002965733550512379,1.3324839452685215
2016-05-19,173.48614501953125,-0.0034650346858448033,1.1365599383689378,2.598177968345946,0.0,1.0636896412214951,0.0,0.0,-0.0,1.3153087890390982,-0.0034650346858448033,1.6595755799127743,-0.0036857215018062947,1.3275727805406337
2016-05-20,174.58212280273438,0.0063173793104904785,1.059932906424719,2.4044505371878264,0.0,1.1096119435529403,0.0,0.0,0.0,1.3153087890390982,0.0063173793104904785,1.6700597483455104,0.007009839534874474,1.3368788527030908
2016-05-23,174.34425354003906,-0.0013625064174760393,1.012100433247509,2.2665760681694436,0.0,1.1056335516340212,0.0,0.0,-0.0,1.3153087890390982,-0.0013625064174760393,1.6677842812208212,-0.0015064328094781798,1.3348649345370813
2016-05-24,176.6041259765625,0.012962127461255468,0.8906801057026685,2.0317057190643486,0.0,1.1607829607957942,0.0,0.0,0.0,1.3153087890390982,0.012962127461255468,1.6894023136518839,0.015046216692688593,1.3549496015975977
2016-05-25,177.80206298828125,0.006783176809117775,1.057591003586046,2.2316902532397824,0.0,1.0246951346148268,0.0,0.0,0.0,1.3153087890390982,0.006783176809117775,1.7008618282471173,0.0069506882735351095,1.3643674339046532
2016-05-26,177.8531036376953,0.00028706443871473475,1.4021110618714216,2.6648313987830505,0.0,1.04477165162154,0.0,0.0,0.0,1.3153087890390982,0.00028706443871473475,1.7013500851931744,0.00029991678775780376,1.3647766306027511
2016-05-27,178.61767578125,0.004298896830680077,1.3422678234967051,2.5010109217925103,0.0,1.0968805826902635,0.0,0.0,0.0,1.3153087890390982,0.004298896830680077,1.7086640136822886,0.00471537646056169,1.37121206620062
2016-05-31,178.27789306640625,-0.0019022905395985612,1.0799283732122504,2.075942100382339,0.0,1.1428660118826495,0.0,0.0,-0.0,1.3153087890390982,-0.0019022905395985612,1.7054136382937082,-0.002174063202433101,1.368230964504761
2016-06-01,178.64320373535156,0.002049108067533778,1.0444829399795874,1.994926399873632,0.0,1.184519055150853,0.0,0.0,0.0,1.3153087890390982,0.002049108067533778,1.7089082151384178,0.0024272075520571012,1.3715519450347653
2016-06-02,179.18692016601562,0.003043588668895314,0.8809543689970716,1.7371958759416257,0.0,1.2444677416161078,0.0,0.0,0.0,1.3153087890390982,0.003043588668895314,1.7141094288181953,0.0037876479171885273,1.376746900902692
2016-06-03,178.65164184570312,-0.0029872622388763537,1.7036854579323635,2.806228495938143,0.0,1.3034421513748982,0.0,0.0,-0.0,1.3153087890390982,-0.0029872622388763537,1.7089889344481848,-0.0038937235193619896,1.3713862291144385
2016-06-06,179.5607452392578,0.005088693191747096,2.3534716137672156,3.601884836107714,0.0,1.3303066302860342,0.0,0.0,0.0,1.3153087890390982,0.005088693191747096,1.7176854548036824,0.006769522292472564,1.3806698587640187
2016-06-07,179.84107971191406,0.001561223597522421,1.9924086088986388,2.9848690084308522,0.0,1.3653915037485258,0.0,0.0,0.0,1.3153087890390982,0.001561223597522421,1.720367145868843,0.0021316814355088216,1.3836130070705126
2016-06-08,180.42730712890625,0.0032596969387153063,2.437778504229853,3.4887660027894993,0.0,1.4354437079882865,0.0,0.0,0.0,1.3153087890390982,0.0032596969387153063,1.725975021387698,0.004679111460627565,1.3900870865489694
2016-06-09,180.18092346191406,-0.0013655564166690226,2.373713407064913,3.295327677068457,0.0,1.500674329966666,0.0,0.0,-0.0,1.3153087890390982,-0.0013655564166690226,1.7236181051222317,-0.002049255460616467,1.3872384429961264
2016-06-10,178.4733123779297,-0.009477202420628772,2.0996748222741033,2.850396569702989,0.0,1.5498581170640786,0.0,0.0,-0.0,1.3153087890390982,-0.009477202420628772,1.7072830274441277,-0.014688319098670837,1.366862242079456
2016-06-13,177.09689331054688,-0.007712184242247622,1.2501536807940834,1.7418259170532315,0.0,1.3320701149814802,0.0,0.0,-0.0,1.3153087890390982,-0.007712184242247622,1.6941161461828163,-0.010273170150329148,1.3528202336945134
2016-06-14,176.7485809326172,-0.001966789882185571,1.0268078597075978,1.4449980878930178,0.0,1.2774111073097538,0.0,0.0,-0.0,1.3153087890390982,-0.001966789882185571,1.6907841756872566,-0.0025123992412482907,1.349421409165834
2016-06-15,176.50222778320312,-0.0013938055293806206,1.0065259734131258,1.3991162234775765,0.0,1.338422590479115,0.0,0.0,-0.0,1.3153087890390982,-0.0013938055293806206,1.6884275513541944,-0.0018655008072577244,1.3469040624377044
2016-06-16,177.02899169921875,0.002984460437874148,0.9123889002296279,1.2618599426952108,0.0,1.4056163778522215,0.0,0.0,0.0,1.3153087890390982,0.002984460437874148,1.6934665965834277,0.004195006470527915,1.352554333694811
2016-06-17,176.3696746826172,-0.003724344867318541,0.8557523094116128,1.172701776600735,0.5,1.4450138379769797,0.5,0.0001,-0.002790864935336915,1.3116379398606286,-0.003724344867318541,1.6871595429564668,-0.00538172987067383,1.3452752516354562
2016-06-20,177.50552368164062,0.006440160424786345,0.9095103898062105,1.2193325541396944,0.5,1.487638877430275,0.0,0.0,0.00479031651240002,1.3179211007422331,0.006440160424786345,1.6980251210753157,0.00958063302480004,1.358163840138721
2016-06-21,178.0093994140625,0.002838648183848047,0.7183916559200767,0.9671993271218718,0.5,1.431225492340258,0.0,0.0,0.00203137282225435,1.3205982898481563,0.002838648183848047,1.7028452170013846,0.0040627456445087,1.3636817143647737
2016-06-22,177.718994140625,-0.0016314041527772938,0.7629950091989055,1.006271568625678,0.5,1.483970363809403,0.0,0.0,-0.0012104777070585458,1.3189997350583156,-0.0016314041527772938,1.7000671882428315,-0.0024209554141170916,1.3603803017352498
2016-06-23,180.03334045410156,0.013022504007901725,0.1174384880662358,0.2074939822779819,0.5,1.5488942901412681,0.0,0.0,0.01008524105059038,1.3323021653320435,0.013022504007901725,1.722206320015426,0.02017048210118076,1.3878198282621996
2016-06-24,173.56857299804688,-0.03590872357169217,0.1580324392497352,0.25017308851546105,1.0,1.2488301602197718,0.5,0.0001,-0.04494389701132383,1.2724233140253964,-0.03590872357169217,1.660364089336571,-0.044843897011323824,1.3255845788133365
2016-06-27,170.45994567871094,-0.017910081679192724,2.3950164537047627,2.965262018762169,1.0,0.5993331327789896,0.0,0.0,-0.010734105361118162,1.2587649881087046,-0.017910081679192724,1.6306268328793545,-0.010734105361118162,1.3113556142792806
2016-06-28,173.53433227539062,0.01803582996837516,2.476612435570688,2.9398566173739997,0.0,0.5861319638902728,1.0,0.0002,-0.0002,1.2585132351110828,0.01803582996837516,1.6600365411790365,0.01057137643975477,1.3252184481242129
2016-06-29,176.4892578125,0.01702790161672474,2.679243669014107,3.051885564700302,0.0,0.5436898280949537,0.0,0.0,0.0,1.2585132351110828,0.01702790161672474,1.6883034800824013,0.009257896902814857,1.337487183890655
2016-06-30,178.8975067138672,0.013645300179831343,2.506163107620009,2.73114727524489,0.0,0.5261013018954679,0.0,0.0,0.0,1.2585132351110828,0.013645300179831343,1.7113408878627796,0.007178810189363732,1.3470887505145126
2016-07-01,179.27334594726562,0.002100863451381496,2.200788434481773,2.305165300042035,0.0,0.5301622732250255,0.0,0.0,0.0,1.2585132351110828,0.002100863451381496,1.7149361813869453,0.0011137985431197868,1.3485891360022888
2016-07-05,177.98374938964844,-0.007193465101033691,2.9823053261751893,3.058837794727532,0.0,0.5573071696666011,0.0,0.0,-0.0,1.2585132351110828,-0.007193465101033691,1.7025998478156383,-0.004008969675552557,1.343182683051276
2016-07-06,179.05126953125,0.00599785174355727,2.993749084600246,2.939147154299902,0.0,0.5741983927963842,0.0,0.0,0.0,1.2585132351110828,0.00599785174355727,1.7128117892814396,0.003443956831381575,1.347808546228364
2016-07-07,178.94024658203125,-0.0006200623402973227,2.9575914160242256,2.78561938446066,0.0,0.5987733699423643,0.0,0.0,-0.0,1.2585132351110828,-0.0006200623402973227,1.7117497391948888,-0.00037127681707417695,1.347308136161295
2016-07-08,181.60472106933594,0.01489030298213656,3.126403868973835,2.8438115255505374,0.0,0.6288587283340784,0.0,0.0,0.0,1.2585132351110828,0.01489030298213656,1.737238211441094,0.009363896997855533,1.3599241907726822
2016-07-11,182.24526977539062,0.0035271588881773397,3.5870733110422988,3.1655663362975948,0.0,0.6209238934980926,0.0,0.0,0.0,1.2585132351110828,0.0035271588881773397,1.7433657266394598,0.002190097229833477,1.362902556975677
2016-07-12,183.5689697265625,0.00726328838495105,3.4643505278485183,2.9174874547515968,0.0,0.6524708397440858,0.0,0.0,0.0,1.2585132351110828,0.00726328838495105,1.756028294672482,0.004739083871832477,1.3693614665023195
2016-07-13,183.5433349609375,-0.00013964650813902413,3.3535523199381565,2.7088454675604554,0.0,0.6800810367687163,0.0,0.0,-0.0,1.2585132351110828,-0.00013964650813902413,1.7557830714529377,-9.497094203631852e-05,1.3692314169538575
2016-07-14,184.56814575195312,0.005583481368221399,3.096435863682208,2.3964765536160746,0.0,0.7123078143870161,0.0,0.0,0.0,1.2585132351110828,0.005583481368221399,1.7655864535190338,0.003977157410068411,1.3746770658298941
2016-07-15,184.32040405273438,-0.0013422776623204236,3.2324020748223212,2.440004357518628,0.0,0.7459377698822109,0.0,0.0,-0.0,1.2585132351110828,-0.0013422776623204236,1.7632165462615796,-0.001001255605994004,1.3733006627113007
2016-07-18,184.8158416748047,0.00268791523443368,3.131431067478802,2.2865795663073434,0.0,0.7774269345549656,0.0,0.0,0.0,1.2585132351110828,0.00268791523443368,1.7679559228778816,0.0020896577010493674,1.3761703910169916
2016-07-19,184.62791442871094,-0.0010168351608322856,2.9525857126515245,2.0821038613642786,0.0,0.8173040998024412,0.0,0.0,-0.0,1.2585132351110828,-0.0010168351608322856,1.7661582031326977,-0.0008310635457715017,1.3750267059722474
2016-07-20,185.39651489257812,0.004162969972582031,2.8609967805080867,1.961783403037953,0.0,0.8530438894221284,0.0,0.0,0.0,1.2585132351110828,0.004162969972582031,1.7735106666991685,0.003551196096958907,1.3799096954437104
2016-07-21,184.69625854492188,-0.00377707395450233,2.7693516760736223,1.8471488083160172,0.0,0.8945650584528952,0.0,0.0,-0.0,1.2585132351110828,-0.00377707395450233,1.7668119857519469,-0.0033788383828902853,1.3752472035998227
2016-07-22,185.5246124267578,0.004484952149880428,2.535154158757301,1.6257502875158567,0.5,0.9165135529813075,0.5,0.0001,0.0019552597149190324,1.260973955340388,0.004484952149880428,1.7747360529658796,0.004110519429838064,1.3809001839510502
2016-07-25,185.02072143554688,-0.002716033116144434,2.0501853433615587,1.2139393498381148,0.5,0.958390661745319,0.0,0.0,-0.0013015103877519324,1.2593327846388278,-0.002716033116144434,1.7699158110736088,-0.002603020775503865,1.3773056720833285
2016-07-26,185.10614013671875,0.00046167099830296543,2.2241659745399325,1.3315695895483028,0.5,0.9897131827443146,0.0,0.0,0.0002284609365555865,1.2596204929862413,0.00046167099830296543,1.7707329298730194,0.000456921873111173,1.3779349931708635
2016-07-27,184.90972900390625,-0.0010610730290601111,2.40926246170557,1.455236282984339,0.5,1.0393744627978412,0.0,0.0,-0.0005514261047843156,1.2589259053642874,-0.0010610730290601111,1.7688540529194625,-0.0011028522095686312,1.376415334519003
2016-07-28,185.12322998046875,0.0011546227324685798,1.6923736062209223,0.8688632284908676,0.5,1.0860959251473448,0.0,0.0,0.0006270155224083086,1.259715271448513,0.0011546227324685798,1.7708964120193824,0.0012540310448166173,1.3781414020790514
2016-07-29,185.42214965820312,0.0016147064729041816,1.8990213757676564,1.016662755819433,1.0,1.1418210779581526,0.5,0.0001,0.001743705885477459,1.2619118443813635,0.0016147064729041816,1.773755889918713,0.001843705885477459,1.3806822894930848
2016-08-01,185.26841735839844,-0.0008290935041367353,1.3489796422424831,0.5711139910911831,0.5,1.2002085973306258,0.5,0.0001,-0.0005975425758279422,1.261157798327404,-0.0008290935041367353,1.7722852804324571,-0.0009950851516558844,1.379308393047656
2016-08-02,184.08132934570312,-0.0064073954407399825,1.4671285190666765,0.6540283080829724,1.0,1.2548627114676525,0.5,0.0001,-0.008140401616212448,1.2508914673476008,-0.0064073954407399825,1.7609295478069236,-0.008040401616212448,1.3682181996149403
2016-08-03,184.61940002441406,0.0029230051772413113,-1.9757024520072477,-2.044561031303887,1.0,1.2279300011020138,0.0,0.0,0.0035892457505111155,1.2553812242311289,0.0029230051772413113,1.7660767539919204,0.0035892457505111155,1.37312907097368
2016-08-04,184.8158416748047,0.0010640357966966718,-2.1112106132071595,-2.1104894766903866,1.0,1.279816861351897,0.0,0.0,0.0013617709536943997,1.2570907659181,0.0010640357966966718,1.7679559228778816,0.0013617709536943997,1.3749989582582054
2016-08-05,186.32742309570312,0.00817885202480717,-1.701402018955502,-1.7541569696489723,1.0,1.3450719731098721,0.0,0.0,0.011001144630781053,1.2709202032479843,0.00817885202480717,1.7824157727574812,0.011001144630781053,1.390125520665177
2016-08-08,186.2163543701172,-0.000596094357666721,-2.545368499236705,-2.357480199706163,1.0,1.3016374703888378,0.0,0.0,-0.0007758987518263698,1.2699340978486133,-0.000596094357666721,1.7813532847723244,-0.0007758987518263698,1.389046924008811
2016-08-09,186.32742309570312,0.0005964498980857158,-2.281875411398026,-2.101076787906032,1.0,1.3607101886241955,0.0,0.0,0.0008115954533290965,1.270964770588455,0.0005964498980857158,1.7824157727574814,0.0008115954533290965,1.3901742681767975
2016-08-10,185.86624145507812,-0.0024751141456409442,-1.8706341473042656,-1.7585411477973245,1.0,1.429759924054828,0.0,0.0,-0.003538819012898627,1.2664670562935723,-0.0024751141456409442,1.778004090264916,-0.003538819012898627,1.3852546930453309
2016-08-11,186.72882080078125,0.004640860755295462,-1.4952329857337396,-1.4610384412311535,1.0,1.4694709891930697,0.0,0.0,0.0068196102447913185,1.2751038680053626,0.004640860755295462,1.7862555596701812,0.0068196102447913185,1.394701590141668
2016-08-12,186.5664825439453,-0.0008693797569103712,-1.4240735242761033,-1.3916592314979555,1.0,1.5029576607112791,0.0,0.0,-0.001306640965715752,1.2734377650558841,-0.0008693797569103712,1.7847026252459355,-0.001306640965715752,1.39287921590904
2016-08-15,187.1045379638672,0.002883987587615877,-1.7188366386418465,-1.582531516536393,1.0,1.5675299526110222,0.0,0.0,0.004520736926546292,1.2791946421840308,0.002883987587615877,1.7898496854647303,0.004520736926546292,1.3991760564146187
2016-08-16,186.13954162597656,-0.0051575250306167275,-1.6834021339478227,-1.5372482299475612,1.0,1.6348816897534675,0.0,0.0,-0.008431943237000479,1.26840854557206,-0.0051575250306167275,1.7806184909109044,-0.008431943237000479,1.3873782833283606
2016-08-17,186.48968505859375,0.0018810803419766486,-1.551049306981799,-1.4283150654603753,1.0,1.5783944951154607,0.0,0.0,0.0029690868566458503,1.2721745607135753,0.0018810803419766486,1.783967977350717,0.0029690868566458503,1.3914975299545866
2016-08-18,186.9080810546875,0.0022435342521078816,-1.4710762355454676,-1.3594210049897435,1.0,1.6528817463407754,0.0,0.0,0.0037082968125994207,1.2768921615821396,0.0022435342521078816,1.7879703706125671,0.0037082968125994207,1.3966576158096573
2016-08-19,186.6348419189453,-0.0014618904340590877,-1.1315195083556162,-1.1133521926292107,1.0,1.7274204142959397,0.0,0.0,-0.0025252993792576205,1.2736676265991174,-0.0014618904340590877,1.7853565538313876,-0.0025252993792576205,1.3931306371994179
2016-08-22,186.6262969970703,-4.578417291833947e-05,-0.9735044677546156,-0.9972734629154832,1.0,1.7918942650384482,0.0,0.0,-8.204039688190113e-05,1.2735631344015357,-4.578417291833947e-05,1.785274812758206,-8.204039688190113e-05,1.3930163442090338
2016-08-23,187.00205993652344,0.002013451188280335,-0.971313520624296,-0.9899250379787327,1.0,1.8816443657570368,0.0,0.0,0.0037885990841545034,1.2783881545261422,0.002013451188280335,1.788869376451361,0.0037885990841545034,1.3982939246549162
2016-08-24,186.045654296875,-0.005114412322372752,-0.8815482078304271,-0.9232135494180591,1.0,1.964950081154524,0.0,0.0,-0.010049564907904037,1.265540909789736,-0.005114412322372752,1.7797203608693228,-0.010049564907904037,1.3842416790987688
2016-08-25,185.91746520996094,-0.0006890195172712943,-0.7474307719139439,-0.8275414521621901,1.0,1.8647204476659136,0.0,0.0,-0.0012848287826966796,1.263914906403158,-0.0006890195172712943,1.7784940988053988,-0.0012848287826966796,1.3824631655472543
2016-08-26,185.56732177734375,-0.0018833272722482697,-0.7562545610339946,-0.8295805288463305,1.0,1.9564451989340965,0.0,0.0,-0.003684626599811775,1.2592578519191264,-0.0018833272722482697,1.7751446123655859,-0.003684626599811775,1.377369304994219
2016-08-29,186.48114013671875,0.0049244573377604794,-0.6031328788047219,-0.7226026439744764,1.0,2.0,0.0,0.0,0.009848914675520959,1.2716601750571577,0.0049244573377604794,1.7838862362775356,0.009848914675520959,1.3909348977557887
2016-08-30,186.17364501953125,-0.0016489341332965868,-0.17914827336179684,-0.4342282435940196,1.0,1.9616921315776144,0.0,0.0,-0.0032347011147776674,1.2675467344712819,-0.0016489341332965868,1.7809447253726196,-0.0032347011147776674,1.386435639091435
2016-08-31,185.6442108154297,-0.0028437655826420993,-0.20574536802291732,-0.4539836841828627,1.0,2.0,0.0,0.0,-0.005687531165284199,1.2603375229155223,-0.0028437655826420993,1.775880136058017,-0.005687531165284199,1.3785502431854417
2016-09-01,185.6527557373047,4.602848555013139e-05,-2.7036361991805506,-2.161847873574431,1.0,2.0,0.0,0.0,9.205697110026279e-05,1.2604535457704458,4.602848555013139e-05,1.7759618771311982,9.205697110026279e-05,1.3786771483453388
2016-09-02,186.48968505859375,0.004508036080397959,-2.696270839735952,-2.121212317514747,1.0,2.0,0.0,0.0,0.009016072160795918,1.2718178858944431,0.004508036080397959,1.7839679773507169,0.009016072160795918,1.3911074010012607
2016-09-06,187.0532989501953,0.0030222255532497133,-2.4668774394583863,-1.9345753910135572,1.0,2.0,0.0,0.0,0.006044451106499427,1.2795053269221035,0.0030222255532497133,1.7893595309580455,0.006044451106499427,1.3995158816705024
2016-09-07,187.0362091064453,-9.13634982431244e-05,-1.9799208312724552,-1.5876667494858003,1.0,2.0,0.0,0.0,-0.0001827269964862488,1.279271526756727,-9.13634982431244e-05,1.7891960488116825,-0.0001827269964862488,1.39926015233691
2016-09-08,186.60922241210938,-0.0022829092632695724,-1.888935254848711,-1.5135515559485673,1.0,2.0,0.0,0.0,-0.004565818526539145,1.273430605119387,-0.0022829092632695724,1.785111476578045,-0.004565818526539145,1.392871384409922
2016-09-09,182.1427764892578,-0.023934754483826204,-1.4469814720881224,-1.2142845148626207,1.0,2.0,0.0,0.0,-0.04786950896765241,1.2124721073479416,-0.023934754483826204,1.7423852716598889,-0.04786950896765241,1.326195315183125
2016-09-12,184.75601196289062,0.01434718150234704,1.2100455957158545,0.5094593212319662,1.0,0.953702300396801,0.0,0.0,0.013682940002998804,1.229062290448093,0.01434718150234704,1.7673835893994096,0.013682940002998804,1.3443415661130336
2016-09-13,182.1000213623047,-0.014375665356532008,1.0699274898862718,0.40975910014048506,0.5,0.8387245002865535,0.5,0.0001,-0.006128611371222014,1.2215298453189127,-0.014375665356532008,1.7419762743615774,-0.012057222742444028,1.3281325404084827
2016-09-14,182.03173828125,-0.00037497568942523873,1.5882505184447169,0.737433855145767,0.5,0.792489295171607,0.0,0.0,-0.00014858210990954744,1.2213483478371778,-0.00037497568942523873,1.7413230756071363,-0.0002971642198190949,1.327737866938296
2016-09-15,183.8507537841797,0.009992848061029846,1.491835080828345,0.6638156632158297,0.5,0.8322102532827851,0.0,0.0,0.004158075307943018,1.2264268062447168,0.009992848061029846,1.7587238525268436,0.008316150615886036,1.33877953501817
2016-09-16,183.1400604248047,-0.0038655993774672215,1.2290914439433003,0.48383872645510606,0.5,0.810451981328707,0.0,0.0,-0.001566441337245663,1.2245056805983088,-0.0038655993774672215,1.751925330697379,-0.003132882674491326,1.334585295807948
2016-09-19,183.17442321777344,0.0001876312200019825,1.0225174827269399,0.3424568406962304,0.5,0.8467373502940864,0.0,0.0,7.943718102846272e-05,1.2246029518777288,0.0001876312200019825,1.7522540465845302,0.00015887436205692544,1.33479732719543
2016-09-20,183.18301391601562,4.6899005282874384e-05,1.1706296508396647,0.4318651950960531,1.0,0.8895525783825974,0.5,0.0001,-5.828086892704004e-05,1.2245315809536028,4.6899005282874384e-05,1.752336225556318,4.1719131072959965e-05,1.3348530137800791
2016-09-21,185.24295043945312,0.011245237641858585,2.8932544348868063,1.53971142577552,0.5,0.9347601261959305,0.5,0.0001,0.005155799878603479,1.2308450207300294,0.011245237641858585,1.7720416628411362,0.010511599757206959,1.3488844543956369
2016-09-22,186.41029357910156,0.00630168725384217,3.634261320698684,1.986696502247451,0.5,0.8902072634660777,0.0,0.0,0.00280490388273095,1.234297422707715,0.00630168725384217,1.7832085152011394,0.0056098077654619,1.3564514368826162
2016-09-23,185.38890075683594,-0.005479272644523858,2.6174936181165442,1.29569199130892,0.0,0.9143004428098245,0.5,0.0001,-0.0001,1.2341739929654443,-0.005479272644523858,1.7734378295643158,-0.005009701405163922,1.3496560202132288
2016-09-26,183.8867950439453,-0.00810245762695827,2.620433381895687,1.276139646388722,0.5,0.9329467333030971,0.5,0.0001,-0.003879580687398741,1.2293859153774458,-0.00810245762695827,1.7590686246962262,-0.007559161374797482,1.33945375255597
2016-09-27,185.02835083007812,0.00620792692514982,1.970290424010937,0.8481993985911795,0.5,0.9309991058408056,0.0,0.0,0.002889787208219772,1.2329385790696692,0.00620792692514982,1.7699887941746641,0.005779574416439544,1.3471952251962465
2016-09-28,185.94676208496094,0.004963624497341224,1.5993007491547218,0.6045420273475366,0.5,0.9475701706363326,0.0,0.0,0.002351691255960152,1.2358380699452034,0.004963624497341224,1.778774353913449,0.004703382511920304,1.353531599658577
2016-09-29,184.26446533203125,-0.009047195735309654,1.5856719131468466,0.5871944678154781,0.5,0.9788875215990142,0.0,0.0,-0.004428093505379219,1.2303656634139786,-0.009047195735309654,1.762681434164645,-0.008856187010758437,1.3415444706870296
2016-09-30,185.65496826171875,0.007546234848818667,1.5038346697989233,0.5271558805292934,0.5,0.9561958302781697,0.0,0.0,0.0036078391483701116,1.2348046248212539,0.007546234848818667,1.775983042230504,0.007215678296740223,1.351224624008278
2016-10-03,185.20863342285156,-0.002404109316579084,0.6240345033032284,-0.03028514852248259,0.5,0.959395129587069,0.0,0.0,-0.001153245384660435,1.2333805920867214,-0.002404109316579084,1.7717133848525912,-0.00230649076932087,1.3481080368857237
2016-10-04,184.26446533203125,-0.0050978621966540905,0.4259510303809577,-0.1601796280902191,1.0,1.0019302268274135,0.5,0.0001,-0.0052077022270285295,1.2269575132305377,-0.0050978621966540905,1.762681434164645,-0.005107702227028529,1.3412223024634475
2016-10-05,185.0799102783203,0.004425405326087706,0.6118236561454253,-0.048638279484808006,1.0,1.0282070247268935,0.0,0.0,0.004550232843547188,1.2325404556048762,0.004425405326087706,1.770482013971593,0.004550232843547188,1.3473251762346146
2016-10-06,185.20863342285156,0.0006955003616420097,0.8895220761787854,0.12021048630424915,1.0,1.0592430765245953,0.0,0.0,0.0007367039427896509,1.233448473018168,0.0006955003616420097,1.771713384852591,0.0007367039427896509,1.3483177560041664
2016-10-07,184.57351684570312,-0.003429195310233668,0.8682824801552407,0.0994562160975426,1.0,1.1132704505626658,0.0,0.0,-0.003817621808091216,1.228739633228417,-0.003429195310233668,1.7656378336221763,-0.003817621808091216,1.3431703887346083
2016-10-10,185.5347900390625,0.0052080775714045124,0.8598672718921563,0.08689693692993913,1.0,1.1539841342237294,0.0,0.0,0.00601003888720726,1.2361244062063728,0.0052080775714045124,1.7748334124226872,0.00601003888720726,1.3512428950030486
2016-10-11,183.19154357910156,-0.012629687723081928,0.6464568312385559,-0.05556689323050377,1.0,1.1745222096416217,0.0,0.0,-0.014833848731597848,1.2177879237512712,-0.012629687723081928,1.7524178206632968,-0.014833848731597848,1.331198762298927
2016-10-12,183.431884765625,0.0013119665997010088,0.47289258185604766,-0.17275994058860794,1.0,1.040375887074881,0.0,0.0,0.0013649384149765523,1.2194501292696938,0.0013119665997010088,1.7547169343127278,0.0013649384149765523,1.333015766627558
2016-10-13,182.8310546875,-0.00327549421897233,0.6090980264896224,-0.09146848000390438,1.0,1.0888394972531759,0.0,0.0,-0.003566487478641516,1.2151009756528257,-0.00327549421897233,1.7489693691384536,-0.003566487478641516,1.328261582587049
2016-10-14,182.9254913330078,0.0005165240974474017,0.551194137653372,-0.1347913918192268,1.0,1.1366838954611755,0.0,0.0,0.0005871246231860804,1.215814391355289,0.0005165240974474017,1.749872753963311,0.0005871246231860804,1.329041437668218
2016-10-17,182.29034423828125,-0.0034721628467314636,0.4947623144026281,-0.17786092834933998,1.0,1.1922533099243138,0.0,0.0,-0.004139697646611816,1.2107812873806787,-0.0034721628467314636,1.7437969108004918,-0.004139697646611816,1.3235396079564534
2016-10-18,183.431884765625,0.006262210607554719,0.3359960535796702,-0.28696605460364516,1.0,1.2422341742542846,0.0,0.0,0.007779132023082159,1.2202001148662904,0.006262210607554719,1.7547169343127278,0.007779132023082159,1.333835597304525
2016-10-19,183.92112731933594,0.0026671620058642542,0.30308393733783845,-0.3130819412704138,1.0,1.2209606862766123,0.0,0.0,0.0032564999530909256,1.224173696483114,0.0026671620058642542,1.7593970486509733,0.0032564999530909256,1.338179232864578
2016-10-20,183.5778045654297,-0.0018666846974580986,0.2700403779522418,-0.3382552768163894,1.0,1.2687092570279759,0.0,0.0,-0.002368280155617556,1.221274510210704,-0.0018666846974580986,1.7561128091035036,-0.002368280155617556,1.3350100495427255
2016-10-21,183.66368103027344,0.0004677932882302116,-0.022688088288177255,-0.5304555121410827,1.0,1.3276586600915339,0.0,0.0,0.0006210698102515355,1.2220330069390257,0.0004677932882302116,1.7569343068889773,0.0006210698102515355,1.335839183980879
2016-10-24,184.44473266601562,0.0042526188703222445,-0.20337486997543408,-0.6485266202461398,1.0,1.3947514407421384,0.0,0.0,0.005931346296309156,1.229281307888701,0.0042526188703222445,1.76440587887637,0.005931346296309156,1.3437625087772485
2016-10-25,183.82675170898438,-0.0033504939289876745,-0.33369772106685147,-0.7328729816520823,1.0,1.419915569470479,0.0,0.0,-0.004757418495185917,1.223433102258765,-0.0033504939289876745,1.7584942476909244,-0.004757418495185917,1.3373696681648541
2016-10-26,183.4576873779297,-0.0020076747678104967,-1.0678063556311272,-1.2049843736192825,1.0,1.4594956052260855,0.0,0.0,-0.0029301925003427215,1.2198482077578552,-0.0020076747678104967,1.7549637631604955,-0.0029301925003427215,1.3334509175930116
2016-10-27,182.9683837890625,-0.0026671195732409503,-1.2082245854591989,-1.2845286712972483,1.0,1.5238795267530518,0.0,0.0,-0.004064368913064221,1.2148902946235869,-0.0026671195732409503,1.7502830649574415,-0.004064368913064221,1.3280312811364496
2016-10-28,182.42770385742188,-0.0029550456775305767,-1.091280238002085,-1.1939460262092298,1.0,1.5835938989133602,0.0,0.0,-0.004679592305947718,1.2092051033482958,-0.0029550456775305767,1.745110898551884,-0.004679592305947718,1.3218166361711856
2016-10-31,182.4362335205078,4.6756402156011845e-05,-0.9827175794985017,-1.1121520509335252,1.0,1.6431263314832025,0.0,0.0,7.682667554796105e-05,1.2092980025564417,4.6756402156011845e-05,1.7451924936588634,7.682667554796105e-05,1.3219181869490266
2016-11-01,181.11444091796875,-0.0072452307144922345,-1.0666483486033922,-1.1542740988322915,1.0,1.7249842868204606,0.0,0.0,-0.012497909136888084,1.194184306001071,-0.0072452307144922345,1.7325481714011048,-0.012497909136888084,1.3053969735621378
2016-11-02,180.0243682861328,-0.006018695286311604,-0.8067334983987742,-0.9800271499638109,1.0,1.6373819276684818,0.0,0.0,-0.009854902889950098,1.182415735632728,-0.006018695286311604,1.7221204918885853,-0.009854902889950098,1.2925324131548481
2016-11-03,179.20042419433594,-0.004576847565921138,-1.016059778589769,-1.1023762401230017,1.0,1.6372185692071786,0.0,0.0,-0.007493299823356764,1.173555540009777,-0.004576847565921138,1.714238608907062,-0.007493299823356764,1.282847080251672
2016-11-04,179.00296020507812,-0.0011019169745026813,-0.7894220307475663,-0.9472196082885995,1.0,1.689429205978081,0.0,0.0,-0.0018616107192878345,1.1713708364368152,-0.0011019169745026813,1.7123496602855595,-0.0018616107192878345,1.2804589183758686
2016-11-07,182.95123291015625,0.022057024646713774,-0.603878857612294,-0.8220096471512843,1.0,1.7725082732147905,0.0,0.0,0.03909625866880271,1.2171670536552406,0.022057024646713774,1.75011899894627,0.03909625866880271,1.3305200714634668
2016-11-08,183.77523803710938,0.004503960502730164,-0.8775037290016847,-0.9842666672964873,1.0,0.9127103524589318,0.0,0.0,0.0041108113779079565,1.2221705978282214,0.004503960502730164,1.7580014657926017,0.0041108113779079565,1.3359895885117739
2016-11-09,185.72364807128906,0.010602135820856562,-0.46721014949725337,-0.7181303883244293,1.0,0.9477529502338858,0.0,0.0,0.010048205502997168,1.2344512191549202,0.010602135820856562,1.7766400361061998,0.010048205502997168,1.3494138864470047
2016-11-10,186.18714904785156,0.0024956486768157315,0.16107440554744556,-0.3234419400476226,1.0,0.9280526153959974,0.0,0.0,0.0023160932816284,1.2373103233301028,0.0024956486768157315,1.7810739054614861,0.0023160932816284,1.3525392548835407
2016-11-11,185.75794982910156,-0.002305203237414011,0.9373430506462661,0.15983722973870185,0.5,0.9752049318154956,0.5,0.0001,-0.001224022782981595,1.2357958273047285,-0.002305203237414011,1.7769681681285427,-0.00224804556596319,1.3494986850088087
2016-11-14,185.90386962890625,0.000785537307764983,1.8707624895149433,0.7365896287024896,0.5,1.0113157768011132,0.0,0.0,0.00039721313630429944,1.236286701641124,0.000785537307764983,1.7783640429193186,0.0007944262726085989,1.3505707622190304
2016-11-15,187.3544464111328,0.0078028326420647165,1.8238741412573507,0.7004931433069851,0.5,1.062869858494845,0.0,0.0,0.004146697813065142,1.241413209003141,0.0078028326420647165,1.7922403199228836,0.008293395626130283,1.361771579871197
2016-11-16,187.0025177001953,-0.0018784113090394294,2.10719665700191,0.8676935596954456,0.5,1.0736830949861802,0.0,0.0,-0.0010084092339732484,1.2401613564600058,-0.0018784113090394294,1.7888737554374239,-0.0020168184679464967,1.3590251337997878
2016-11-17,187.96377563476562,0.005140347554632552,1.7211936958223975,0.6236100592348268,0.5,1.1124639387854387,0.0,0.0,0.002859225643676313,1.2437072576126926,0.005140347554632552,1.798069188271733,0.005718451287352626,1.3667966528257098
2016-11-18,187.5432891845703,-0.002237061097412507,1.782246948690629,0.6569915774594898,0.5,1.1537786655312487,0.0,0.0,-0.0012905366838422366,1.2421022077727826,-0.002237061097412507,1.7940467976401941,-0.0025810733676844733,1.3632688503860613
2016-11-21,188.9595184326172,0.007551479203572464,1.5602343193728183,0.5162866445890717,0.5,1.1892363959994228,0.0,0.0,0.004490246956260554,1.2476795534305989,0.007551479203572464,1.80759450472281,0.008980493912521108,1.375511677998083
2016-11-22,189.32858276367188,0.001953139667776549,1.3566520881983788,0.3879936306312269,0.5,1.1974401135934214,0.0,0.0,0.001169383892823084,1.2491385698037853,0.001953139667776549,1.8111249892532388,0.002338767785646168,1.3787286803993648
2016-11-23,189.43154907226562,0.0005438497826937283,1.1933185700021802,0.2865141208508461,0.5,1.2588538447485442,0.0,0.0,0.0003423136949548301,1.2495661670431253,0.0005438497826937283,1.8121099691850755,0.0006846273899096602,1.3796725958172202
2016-11-25,190.13536071777344,0.0037153876899318483,1.1259798561479357,0.24644409731853034,0.5,1.3191122339938082,0.0,0.0,0.0024505066779095474,1.2526282372799542,0.0037153876899318483,1.8188426602573886,0.004901013355819095,1.386434389635978
2016-11-28,189.24273681640625,-0.004694675929808545,1.1889780544983193,0.2861187427324101,0.5,1.380154874649091,0.0,0.0,-0.0032396899347115087,1.248570110187703,-0.004694675929808545,1.8103037834001694,-0.0064793798694230175,1.377451154561495
2016-11-29,189.6118621826172,0.0019505391457588228,1.2592750450539745,0.32855419607480446,0.5,1.3503648744491068,0.0,0.0,0.0013169697743353405,1.2502144392839587,0.0019505391457588228,1.8138348517954068,0.002633939548670681,1.3810792776338565
2016-11-30,189.15695190429688,-0.0023991657119120102,1.2728506016080399,0.33572418552037236,0.5,1.4191094369970223,0.0,0.0,-0.0017023393513470066,1.2480861500463434,-0.0023991657119120102,1.8094831614119082,-0.003404678702694013,1.3763771464305645
2016-12-01,188.46168518066406,-0.003675607566274275,0.046259854499346,-0.4161513472322014,0.5,1.45330369299464,0.0,0.0,-0.0026708870250327222,1.2447526529420616,-0.003675607566274275,1.8028322114127768,-0.0053417740500654445,1.3690248507066587
2016-12-02,188.5561065673828,0.0005010110496901365,-0.10804990780324442,-0.5028244498719804,0.5,1.4663397957885136,0.0,0.0,0.0003673262201452118,1.2452098832290823,0.0005010110496901365,1.803735450271432,0.0007346524402904236,1.3700306081540485
2016-12-05,189.6890411376953,0.006008474564612509,0.1006978046689948,-0.3642811978202891,0.5,1.541496434272096,0.0,0.0,0.004631021058382384,1.250976476420422,0.006008474564612509,1.8145731488456778,0.009262042116764768,1.3827198893480284
2016-12-06,190.2898712158203,0.0031674474947072095,1.4032190513730614,0.4451491276712645,0.5,1.5317986272158637,0.0,0.0,0.0024259458620854153,1.2540112776269605,0.0031674474947072095,1.820320714019952,0.004851891724170831,1.3894286965360025
2016-12-07,192.77908325195312,0.01308115886688288,1.4923481177514786,0.506968864640754,0.5,1.5973179824473416,0.0,0.0,0.010447385144661257,1.267112416420078,0.01308115886688288,1.8441326184687246,0.020894770289322514,1.4184604899835151
2016-12-08,193.25111389160156,0.0024485573418331352,2.24616082324244,0.9799321658690618,0.5,1.3213734584268555,0.0,0.0,0.001617729341467259,1.2691622613550582,0.0024485573418331352,1.8486480829309901,0.003235458682934518,1.423049860292232
2016-12-09,194.4184112548828,0.006040313764690719,1.9448630969653609,0.792055480646254,0.0,1.3891781829103356,0.5,0.0001,-0.0001,1.2690353451289227,0.006040313764690719,1.8598144973923874,0.008391072099841341,1.434990774271613
2016-12-12,194.1952362060547,-0.0011479110820196148,1.9340505121643927,0.7804189755267577,0.5,1.429977648778135,0.5,0.0001,-0.0009207435950363869,1.2678668889630205,-0.0011479110820196148,1.8576795957203298,-0.0016414871900727738,1.4326352552977737
2016-12-13,195.4913330078125,0.006674194625364338,1.7688833225394567,0.6724472652693225,0.5,1.4627677501286496,0.0,0.0,0.004881398328032459,1.2740558522749723,0.006674194625364338,1.8700781108937354,0.009762796656064918,1.4466217819775555
2016-12-14,193.877685546875,-0.008254317140867884,1.5880431583690222,0.5563431729497144,0.5,1.4884497561570147,0.0,0.0,-0.006143068167783735,1.2662292403248834,-0.008254317140867884,1.8546418930882234,-0.01228613633556747,1.4288483895381776
2016-12-15,194.67588806152344,0.004117041692533796,0.9579092978806729,0.16506404961108417,0.5,1.287015054461155,0.0,0.0,0.0026493473190676146,1.269583921368063,0.004117041692533796,1.8622775310867874,0.005298694638135229,1.4364194208385317
2016-12-16,194.29515075683594,-0.001955749674387941,1.1608899357065754,0.28931990658032836,0.5,1.342468690133528,0.0,0.0,-0.0013127663518023266,1.267917254315302,-0.001955749674387941,1.8586353824117445,-0.002625532703604653,1.4326480546730274
2016-12-19,194.71823120117188,0.0021775141720619118,1.0866419973469794,0.24239311580102693,0.5,1.3776090198039495,0.0,0.0,0.0014998815820917095,1.2698189800526656,0.0021775141720619118,1.8626825872976418,0.002999763164183419,1.4369456595346746
2016-12-20,195.46934509277344,0.003857439988891098,1.1973885585100508,0.308580463564261,0.5,1.4475724292453018,0.0,0.0,0.0027919618876935284,1.2733642662492424,0.003857439988891098,1.8698677735964948,0.005583923775387057,1.4449694545668894
2016-12-21,194.92547607421875,-0.002782374997453263,1.0027435322525058,0.18681053412482537,0.5,1.5087622090014803,0.0,0.0,-0.0020989711237140367,1.270691511424416,-0.002782374997453263,1.8646651002546963,-0.004197942247428073,1.43890355624732
2016-12-22,194.5886688232422,-0.0017278770213100536,0.5952252776825961,-0.06780255134233193,0.5,1.5213236405495665,0.0,0.0,-0.0013143300802406757,1.2690214033482443,-0.0017278770213100536,1.8614431882755273,-0.0026286601604813514,1.4351211677942377
2016-12-23,194.87364196777344,0.0014644899225355612,0.578413911797858,-0.08029745211181002,0.5,1.5677168670531965,0.0,0.0,0.0011479527765942141,1.2704781799917755,0.0014644899225355612,1.8641692530661294,0.0022959055531884282,1.4384160704528748
2016-12-27,195.3571319580078,0.0024810435385320684,0.6769103544486494,-0.010943419637275914,0.5,1.6477917271644078,0.0,0.0,0.0020441215087639254,1.2730751917659118,0.0024810435385320684,1.8687943381461791,0.004088243017527851,1.4442966649092035
2016-12-28,193.74266052246094,-0.008264205249972179,0.7740908142573968,0.0581430470917955,0.5,1.725315449685143,0.0,0.0,-0.007129180498573035,1.2639992089355572,-0.008264205249972179,1.8533502381657532,-0.01425836099714607,1.423703361673954
2016-12-29,193.69947814941406,-0.00022288520726632122,0.5028925489095837,-0.10132255229566675,0.5,1.4923231357139244,0.0,0.0,-0.0001663083757059622,1.2637889952802255,-0.00022288520726632122,1.8529371538137824,-0.0003326167514119244,1.4232298140868198
2016-12-30,192.99147033691406,-0.0036551869899921208,0.19957380907809963,-0.28219382558154826,0.5,1.5677676812496577,0.0,0.0,-0.0028652420159169315,1.2601679339516951,-0.0036551869899921208,1.8461643220358892,-0.005730484031833863,1.4150740183635655
2017-01-03,194.46788024902344,0.00765013038934792,0.5992333973396544,-0.02154612527118068,0.5,1.5945802444828239,0.0,0.0,0.006099373393285944,1.2678541687191123,0.00765013038934792,1.860287719819626,0.012198746786571887,1.4323361479978394
2017-01-04,195.62477111816406,0.005949007453874611,0.658045735525544,0.02763525903678728,0.5,1.4907416210715694,0.0,0.0,0.004434216507777943,1.2734761086035016,0.005949007453874611,1.8713545853311844,0.008868433015555887,1.4450387251821177
2017-01-05,195.46934509277344,-0.0007945109635258962,0.5003564898160384,-0.06131839066627788,0.5,1.4887910386227932,0.0,0.0,-0.0005914304012924576,1.2727229361175538,-0.0007945109635258962,1.8698677735964944,-0.0011828608025849152,1.4433294455158825
2017-01-06,196.16873168945312,0.0035779860844560307,1.1282417901573787,0.3570026676799188,0.5,1.5534153794024304,0.0,0.0,0.002779049305440941,1.27625989590919,0.0035779860844560307,1.8765581344701954,0.005558098610881882,1.4513516129020492
2017-01-09,195.52117919921875,-0.003300997486487711,1.8779128397621232,0.8612973422365817,0.5,1.6105448788353198,0.0,0.0,-0.002658202298455523,1.2728673389204577,-0.003300997486487711,1.8703636207850611,-0.005316404596911046,1.4436356405154824
2017-01-10,195.52117919921875,0.0,1.6502303153873594,0.7305859417660011,0.0,1.6189000743802013,0.5,0.0001,-0.0001,1.2727400521865657,0.0,1.8703636207850611,0.0,1.4436356405154824
2017-01-11,196.07373046875,0.00282604304962919,1.738528310259234,0.8089709865588932,0.0,1.6994215791978602,0.0,0.0,0.0,1.2727400521865657,0.00282604304962919,1.87564934889586,0.004802638542281975,1.450568900683634
2017-01-12,195.58160400390625,-0.00250990514469851,1.4502769414966465,0.6315924730425305,0.0,1.767096466438542,0.0,0.0,-0.0,1.2727400521865657,-0.00250990514469851,1.8709416469454159,-0.004435244512292654,1.4441352729271746
2017-01-13,196.03053283691406,0.002295353058863636,1.4483171687770344,0.6460126535264094,0.0,1.80030552373985,0.0,0.0,0.0,1.2727400521865657,0.002295353058863636,1.8752361185776873,0.004132336790805365,1.4501029262463911
2017-01-17,195.33985900878906,-0.00352329720339839,1.4222286996615559,0.6458007307988243,0.0,1.8774678950641752,0.0,0.0,-0.0,1.2727400521865657,-0.00352329720339839,1.8686291044053909,-0.006614877384149871,1.4405106731948742
2017-01-18,195.7716064453125,0.002210237269107518,1.4675536663654682,0.6949089580652398,0.0,1.8703493452774655,0.0,0.0,0.0,1.2727400521865657,0.002210237269107518,1.8727592180940866,0.004133915829183099,1.4464656230689017
2017-01-19,195.0463409423828,-0.0037046511294388518,1.600158626223326,0.804598658705927,0.0,1.9459055751402692,0.0,0.0,-0.0,1.2727400521865657,-0.0037046511294388518,1.8658212985416074,-0.007208901286724757,1.4360381951775572
2017-01-20,195.76296997070312,0.0036741475121135903,1.4790480453607486,0.7322546637663685,0.0,1.933685660396677,0.0,0.0,0.0,1.2727400521865657,0.0036741475121135903,1.8726766012236926,0.0071046463583561755,1.4462407387113858
2017-01-23,195.2534942626953,-0.0026025131723536044,1.371163554184644,0.6681796812845481,0.0,1.9539660311251257,0.0,0.0,-0.0,1.2727400521865657,-0.0026025131723536044,1.8678029357014496,-0.005085222334334632,1.438886283006066
2017-01-24,196.5054473876953,0.006411937106311827,1.5383048180280454,0.8015791831372666,0.0,1.9923370758132255,0.0,0.0,0.0,1.2727400521865657,0.006411937106311827,1.8797791706521518,0.01277474002468762,1.4572676811965575
2017-01-25,198.20628356933594,0.008655414922340343,1.465021219918139,0.753369314513311,0.0,1.857947170105432,0.0,0.0,0.0,1.2727400521865657,0.008655414922340343,1.896049439336519,0.016081303661050567,1.4807024452933144
2017-01-26,197.99913024902344,-0.0010451400257450727,1.3462224943100338,0.67405732538085,0.0,1.6647344213418818,0.0,0.0,-0.0,1.2727400521865657,-0.0010451400257450727,1.894067802176677,-0.001739880575979963,1.4781261998699426
2017-01-27,197.68826293945312,-0.0015700438137244976,1.5013192729182023,0.7993677755671824,0.0,1.7228269957998263,0.0,0.0,-0.0,1.2727400521865657,-0.0015700438137244976,1.8910940327410948,-0.0027049138668730783,1.474127995814926
2017-01-30,196.4622802734375,-0.006201595622250533,1.4589210180966,0.7699169987474417,0.0,1.7742196550158154,0.0,0.0,-0.0,1.2727400521865657,-0.006201595622250533,1.8793662322663836,-0.011002992845456932,1.4579081760236867
2017-01-31,196.4449920654297,-8.799759416289188e-05,1.3543633786348828,0.6968646301621999,0.0,1.644336887862994,0.0,0.0,-0.0,1.2727400521865657,-8.799759416289188e-05,1.879200852559393,-0.0001446976901252404,1.4576972200782015
2017-02-01,196.522705078125,0.00039559681251333245,2.114382864930189,1.2601853239059488,0.0,1.7280402334408387,0.0,0.0,0.0,1.2727400521865657,0.00039559681251333245,1.8799442584267378,0.0006836072082439907,1.4586937124052841
2017-02-02,196.65220642089844,0.0006589637707354878,-0.5737519346539273,-0.7333755009979243,0.0,1.8166503261930036,0.0,0.0,0.0,1.2727400521865657,0.0006589637707354878,1.8811830735840434,0.0011971067490559957,1.46043992449321
2017-02-03,198.0076904296875,0.006892798374648734,-0.5924778455322475,-0.76333060239516,1.0,1.909121391526902,1.0,0.0002,0.01295918882452376,1.2892337308473856,0.006892798374648734,1.89414968921606,0.01315918882452376,1.4796581292264894
2017-02-06,197.65374755859375,-0.0017875208297499778,0.8917514386367884,0.33919983950906196,1.0,1.7769663979291432,0.0,0.0,-0.0031763644500641315,1.2851386546568984,-0.0017875208297499778,1.8907638571919219,-0.0031763644500641315,1.474958195746566
2017-02-07,197.66238403320312,4.3694970199403826e-05,0.7224159857392998,0.19776742423487115,0.5,1.8305135998365705,0.5,0.0001,-6.000788140276882e-05,1.2850615362089235,4.3694970199403826e-05,1.8908464740623159,7.998423719446237e-05,1.4750761691527463
2017-02-08,197.92137145996094,0.001310251457426137,-0.377370754119859,-0.6754264981983078,0.5,1.922086387431177,0.0,0.0,0.0012592082452153191,1.286679696290927,0.001310251457426137,1.893323958410725,0.0025184164904306383,1.4787910253017817
2017-02-09,199.09559631347656,0.0059327845439529625,-1.3678769043291403,-1.4843924572231433,1.0,2.0,0.5,0.0001,0.011765569087905926,1.3018182151516438,0.0059327845439529625,1.90455664152788,0.011865569087905925,1.4963377223790753
2017-02-10,199.88125610351562,0.003946143483766651,-2.328818686375648,-2.261565170489493,1.0,1.939595097856371,0.0,0.0,0.007653920556551658,1.3117822283494862,0.003946143483766651,1.9120722953083098,0.007653920556551658,1.507790572431936
2017-02-13,200.96910095214844,0.005442455535047408,-2.872358800815512,-2.6626550821061894,1.0,1.9899406341303087,0.0,0.0,0.010830163418638248,1.3259890442521767,0.005442455535047408,1.9224786637553213,0.010830163418638248,1.5241201907324562
2017-02-14,201.77207946777344,0.003995532207790475,-1.7464738156675335,-1.7325792793018056,1.0,1.9852695140328884,0.0,0.0,0.007932208284462951,1.3365070655341011,0.003995532207790475,1.9301599891751458,0.007932208284462951,1.5362098295359017
2017-02-15,202.82537841796875,0.00522024133851251,-1.473855142808011,-1.5207820150085645,1.0,2.0,0.0,0.0,0.01044048267702502,1.3504608443995314,0.00522024133851251,1.9402358901405807,0.01044048267702502,1.5522486016494468
2017-02-16,202.65272521972656,-0.0008512406070131373,-1.5701381033697608,-1.5999387927986486,1.0,2.0,0.0,0.0,-0.0017024812140262746,1.3481617101816632,-0.0008512406070131373,1.9385842825637087,-0.0017024812140262746,1.54960592756564
2017-02-17,202.97216796875,0.0015763062089448887,-1.51484467574803,-1.5566209544577931,1.0,2.0,0.0,0.0,0.0031526124178897774,1.3524119415305054,0.0015763062089448887,1.941640085004877,0.0031526124178897774,1.554491234455719
2017-02-21,204.18093872070312,0.005955352224149335,-0.1603756726546326,-0.5052420154420503,1.0,2.0,0.0,0.0,0.01191070444829867,1.368520120458425,0.005955352224149335,1.9532032356036082,0.01191070444829867,1.5730063201167919
2017-02-22,203.9995880126953,-0.0008881862780338867,-0.4136236271855829,-0.7113997405681203,1.0,2.0,0.0,0.0,-0.0017763725560677734,1.366089118874016,-0.0008881862780338867,1.9514684272915337,-0.0017763725560677734,1.5702120748592152
2017-02-23,204.1376953125,0.0006769979348981714,-0.7251753874142093,-0.9608834197006386,1.0,2.0,0.0,0.0,0.0013539958697963428,1.3679387978987452,0.0006769979348981714,1.952789567386829,0.0013539958697963428,1.5723381355232788
2017-02-24,204.39675903320312,0.001269063610748411,-0.5834705093157169,-0.8529474161942106,1.0,2.0,0.0,0.0,0.002538127221496822,1.3714108005990335,0.001269063610748411,1.9552677815662487,0.002538127221496822,1.576328929746448
2017-02-27,204.7161407470703,0.001562557622625027,-0.49718660950963844,-0.7886188501198349,1.0,2.0,0.0,0.0,0.003125115245250054,1.3756966173994862,0.001562557622625027,1.9583230001426082,0.003125115245250054,1.5812551393163274
2017-02-28,204.1636199951172,-0.0026989603747745727,-0.09027182845266246,-0.4714438482209197,1.0,2.0,0.0,0.0,-0.0053979207495491455,1.368270716083341,-0.0026989603747745727,1.9530375639642137,-0.0053979207495491455,1.5727196493894806
2017-03-01,207.02137756347656,0.013997388802313271,-3.2729364549693347,-2.9862647540509517,0.5,2.0,0.5,0.0001,0.013897388802313271,1.3872861062115707,0.013997388802313271,1.9803749900925436,0.027994777604626542,1.6167475862085654
2017-03-02,205.71768188476562,-0.006297396404442379,-4.0455551029148396,-3.4688515817591314,1.0,1.5639323941494607,0.5,0.0001,-0.009948702235707775,1.3734844098251373,-0.006297396404442379,1.9679037837504871,-0.009848702235707775,1.600824720641698
2017-03-03,205.84718322753906,0.0006295100235766959,-4.216253344491786,-3.4205708865401223,1.0,1.4203218068965364,0.0,0.0,0.000894106814145934,1.3747124515950853,0.0006295100235766959,1.9691425989077926,0.000894106814145934,1.6022560289326768
2017-03-06,205.2342071533203,-0.0029778210447561904,-5.6093121556184755,-4.228608346590068,1.0,1.4898571551359892,0.0,0.0,-0.0044365279902445365,1.368613501325046,-0.0029778210447561904,1.9632788446366392,-0.0044365279902445365,1.595147575212779
2017-03-07,204.6212158203125,-0.0029867892955577346,-5.250626111263296,-3.7711350258261804,1.0,1.5048215408590322,0.0,0.0,-0.004494584869962454,1.3624621517891642,-0.0029867892955577346,1.9574149443992834,-0.004494584869962454,1.5879780490558704
2017-03-08,204.2412872314453,-0.0018567409412757474,-4.75253719343891,-3.2983227665218062,1.0,1.5294602698959674,0.0,0.0,-0.0028398115011704973,1.3585930161006037,-0.0018567409412757474,1.9537805319329522,-0.0028398115011704973,1.5834684907285552
2017-03-09,204.5003204345703,0.001268270517857939,-4.387499090142104,-2.9653973098980777,1.0,1.5849917874426123,0.0,0.0,0.0020101983550604224,1.3613240575467658,0.001268270517857939,1.9562584541799675,0.0020101983550604224,1.5866515764839078
2017-03-10,205.21694946289062,0.0035042929360573627,-4.045062961437202,-2.6706574958489915,1.0,1.6644630892503296,0.0,0.0,0.005832766245988145,1.3692643425594762,0.0035042929360573627,1.963113756862053,0.005832766245988145,1.5959061442433669
2017-03-13,205.320556640625,0.0005048665717211076,-4.048464650959141,-2.6083642878409683,1.0,1.71561311441186,0.0,0.0,0.0008661557114728882,1.3704503386903002,0.0005048665717211076,1.9641048673743784,0.0008661557114728882,1.5972884474651778
2017-03-14,204.53488159179688,-0.003826577629064687,-3.761892124057911,-2.3727689399388896,1.0,1.8029313813864143,0.0,0.0,-0.006899056890751946,1.3609955238377256,-0.003826577629064687,1.9565890676277464,-0.006899056890751946,1.5862686635951746
2017-03-15,206.30474853515625,0.00865313011445945,-3.8618365729205246,-2.3589751939356414,1.0,1.7868297785248344,0.0,0.0,0.015461670565966154,1.3820387882690592,0.00865313011445945,1.9735196874104581,0.015461670565966154,1.6107950271007987
2017-03-16,205.89903259277344,-0.0019665855743192795,-3.241984578606476,-1.942639052617685,1.0,1.5989635865873226,0.0,0.0,-0.0031444987232444447,1.3776929690638728,-0.0019665855743192795,1.9696385920625616,-0.0031444987232444447,1.6057298841946719
2017-03-17,205.5373992919922,-0.0017563623113105997,-3.133062987858956,-1.8375650417054776,1.0,1.6444709627293546,0.0,0.0,-0.0028882868209824963,1.3737137966179653,-0.0017563623113105997,1.96617919307256,-0.0028882868209824963,1.6010920757320946
2017-03-20,205.3119659423828,-0.0010967996597500695,-2.8101447455854665,-1.621055534258593,1.0,1.700683253574013,0.0,0.0,-0.0018653088138626188,1.3711513961654092,-0.0010967996597500695,1.9640226884025904,-0.0018653088138626188,1.5981055445714258
2017-03-21,202.6758575439453,-0.012839526358523479,-2.4887470158628453,-1.415518096161424,1.0,1.7743564125894908,0.0,0.0,-0.022781895928857928,1.3399139677552605,-0.012839526358523479,1.9388055673261073,-0.022781895928857928,1.5616976703716687
2017-03-22,203.15274047851562,0.002352934090666947,-2.4433468302417003,-1.3664664111550568,1.0,1.3257860606596645,0.0,0.0,0.003119487219057162,1.3440938122523092,0.002352934090666947,1.9433674490406438,0.003119487219057162,1.5665693662944244
2017-03-23,202.9359893798828,-0.001066936621786474,-1.5933318022681444,-0.8889263981681945,1.0,1.3730663137677814,0.0,0.0,-0.0014649747343002035,1.3421247487768304,-0.001066936621786474,1.9412939991396747,-0.0014649747343002035,1.5642743817532745
2017-03-24,202.78857421875,-0.0007264121143976121,-1.3662994481570703,-0.7531956141923426,1.0,1.4427324579175353,0.0,0.0,-0.0010480183352659408,1.3407181774318981,-0.0007264121143976121,1.9398838196610924,-0.0010480183352659408,1.5626349935198103
2017-03-27,202.5804901123047,-0.001026113563088904,-1.197492926674677,-0.6495124053919717,1.0,1.5166754517515755,0.0,0.0,-0.0015562812518462822,1.3386316428683513,-0.001026113563088904,1.9378932785629215,-0.0015562812518462822,1.5602030939759164
2017-03-28,204.0546417236328,0.007276868619040755,-0.9960324791167139,-0.5267809647135959,0.5,1.5938128151494686,0.5,0.0001,0.005698983229593085,1.3462604821516606,0.007276868619040755,1.9519950733487461,0.011597966459186171,1.5782982771293674
2017-03-29,204.2454071044922,0.0009348740084911267,-0.693095913843722,-0.3475812455964114,0.5,1.4827839292685008,0.0,0.0,0.0006931080778407333,1.3471935861667177,0.0009348740084911267,1.9538199428075227,0.0013862161556814666,1.5804861396996084
2017-03-30,204.89569091796875,0.0031838356744240404,-0.3691481441557727,-0.1577229921968144,0.5,1.5569961675840631,0.0,0.0,0.0024786099716478257,1.3505327536231306,0.0031838356744240404,1.9600405844428344,0.004957219943295651,1.5883209571114296
2017-03-31,204.4187774658203,-0.00232759141986727,-0.30508199779715106,-0.11389693100852775,0.5,1.607135084077416,0.0,0.0,-0.0018703769161331283,1.3480067483362723,-0.00232759141986727,1.9554784107958936,-0.0037407538322662567,1.5823794394042463
2017-04-03,204.0632781982422,-0.0017390734451367962,-0.7761831587656811,-0.36910899493589305,0.5,1.659770410775108,0.0,0.0,-0.0014432313232013911,1.3460612627731867,-0.0017390734451367962,1.9520776902191401,-0.0028864626464027822,1.57781196025997
2017-04-04,204.19337463378906,0.0006375298715943778,-1.019607164480334,-0.49636782156766557,0.5,1.7287820467141257,0.0,0.0,0.0005510750981281611,1.346803043615656,0.0006375298715943778,1.9533221980583277,0.0011021501962563223,1.5795509460216262
2017-04-05,203.58639526367188,-0.002972571324636686,-0.9102767586623788,-0.42770830137380034,0.5,1.8158211003766256,0.0,0.0,-0.002698828866824895,1.3431682526836184,-0.002972571324636686,1.9475158085046032,-0.00539765773364979,1.5710250706421387
2017-04-06,204.15866088867188,0.0028109227252579583,0.06292742281147312,0.12328656481248118,0.5,1.8588854754253539,0.0,0.0,0.0026125917132625355,1.3466774029300967,0.0028109227252579583,1.952990124948528,0.005225183426525071,1.5792339648039135
2017-04-07,203.95054626464844,-0.0010193769057729174,-0.12717593930092974,0.019293886565250436,0.5,1.9029614744033219,0.0,0.0,-0.0009699174897911635,1.3453712369638884,-0.0010193769057729174,1.9509992919179528,-0.001939834979582327,1.5761705115180424
2017-04-10,204.0719451904297,0.0005952370709696453,-0.08296192307556183,0.048656187357015976,0.5,1.9927770326546155,0.0,0.0,0.0005930873820064572,1.346169159668646,0.0005952370709696453,1.952160599021938,0.0011861747640129145,1.5780401252025866
2017-04-11,203.82913208007812,-0.001189840720756452,0.011449976303063991,0.10600851985963695,0.5,2.0,0.0,0.0,-0.001189840720756452,1.3445674327854458,-0.001189840720756452,1.9498378388477653,-0.002379681441512904,1.5742848924026793
2017-04-12,202.9359893798828,-0.004381820650859791,0.15064518588917863,0.18824484223016882,0.5,2.0,0.0,0.0,-0.004381820650859791,1.338675779441993,-0.004381820650859791,1.9412939991396743,-0.008763641301719582,1.560488424298946
2017-04-13,201.61793518066406,-0.006494925829796716,0.14829908854458473,0.1892765722257018,0.5,2.0,0.0,0.0,-0.006494925829796716,1.329981179544372,-0.006494925829796716,1.9286854386014327,-0.012989851659593432,1.54021791115079
2017-04-17,203.4042510986328,0.008859905823200176,-0.30352636429368474,-0.0636742238466399,0.5,1.9794289719355314,0.0,0.0,0.008768777137531375,1.3416434881049075,0.008859905823200176,1.945773409950019,0.01753755427506275,1.5672295663630207
2017-04-18,202.79725646972656,-0.002984178676835536,-0.822418957982741,-0.3521283904123323,0.5,1.6075773539754223,0.0,0.0,-0.002398649030548574,1.338425356252823,-0.002984178676835536,1.9399668744300926,-0.004797298061097148,1.5597110990030132
2017-04-19,202.4243621826172,-0.0018387541015133513,-1.0019387532885613,-0.4472786426776041,0.5,1.659294432421813,0.0,0.0,-0.0015255172216169384,1.3363835653220104,-0.0018387541015133513,1.9363997523829342,-0.003051034443233877,1.5549523667184608
2017-04-20,204.0719451904297,0.008139252558573729,-0.4730594662370322,-0.14237536067770692,0.5,1.7355957046062456,0.0,0.0,0.0070632258896829786,1.3458227443191397,0.008139252558573729,1.9521605990219384,0.014126451779365957,1.5769183263461202
2017-04-21,203.42161560058594,-0.0031867662614618597,-0.10587406643410802,0.0682566323262835,0.5,1.5440394013473244,0.0,0.0,-0.0024602463352907107,1.3425116888444777,-0.0031867662614618597,1.94593951948802,-0.004920492670581421,1.5691591112792287
2017-04-24,205.65879821777344,0.010997762507108266,-0.0568479427675701,0.09776578466941882,0.5,1.583462533051779,0.0,0.0,0.00870727243870377,1.354201303871391,0.010997762507108266,1.9673405001765456,0.01741454487740754,1.5964853030423936
2017-04-25,206.85545349121094,0.00581864371379992,-0.060686058129491016,0.09709128743001172,0.5,1.3436673005953912,0.0,0.0,0.00390916064602394,1.3594950943152793,0.00581864371379992,1.9787877536108018,0.00781832129204788,1.6089671380796116
2017-04-26,206.7253875732422,-0.0006287768379975578,-0.6908289153454721,-0.2583008105727936,0.5,1.3637621269339881,0.0,0.0,-0.00042875101897718853,1.358912209408297,-0.0006287768379975578,1.9775435377040183,-0.0008575020379543771,1.6075874454797066
2017-04-27,206.8988037109375,0.0008388719921197385,-0.8447797108665718,-0.3428964822957411,0.5,1.4234809588723603,0.0,0.0,0.0005970591538568862,1.3597235603822122,0.0008388719921197385,1.9792024435909956,0.0011941183077137723,1.6095070950796047
2017-04-28,206.44793701171875,-0.002179165326874788,-0.9224661430257619,-0.3842584827841851,0.5,1.4960174130127588,0.0,0.0,-0.0016300346374191615,1.3575071638814742,-0.002179165326874788,1.9748894342510563,-0.003260069274838323,1.6042599904513013
2017-05-01,206.9681854248047,0.0025199981197021604,-0.6206545248960964,-0.21478970033868763,0.5,1.537985249450099,0.0,0.0,0.0019378599683719537,1.3601378226711383,0.0025199981197021604,1.9798661519119887,0.0038757199367439074,1.610477652880014
2017-05-02,207.0462188720703,0.0003770311224666756,-0.8726446399168264,-0.3599072157829641,0.5,1.6082776276934616,0.0,0.0,0.000303185359603654,1.3605501965460152,0.0003770311224666756,1.9806126230695777,0.000606370719207308,1.611454199372658
2017-05-03,206.79478454589844,-0.0012143874326303594,-1.2138821371153306,-0.5537719788804268,0.5,1.6890034158929499,0.0,0.0,-0.0010255522609650732,1.3591548812157908,-0.0012143874326303594,1.978207391991213,-0.0020511045219301464,1.6081489383774414
2017-05-04,207.0375213623047,0.0011738053110927904,-0.6743489903134687,-0.2478744806935835,0.5,1.7543212366762684,0.0,0.0,0.001029615792486738,1.3605542885459259,0.0011738053110927904,1.9805294223343755,0.002059231584973476,1.6114604894646898
2017-05-05,207.85264587402344,0.003937085927010919,-0.18731879439316934,0.025326435643990692,0.5,1.8436000178031662,0.0,0.0,0.003629205842564963,1.3654920201190435,0.003937085927010919,1.9883269368510792,0.007258411685129926,1.6231571331115455
2017-05-08,207.81797790527344,-0.0001667910870425393,-0.5121449316824016,-0.16100774802206724,0.5,1.8845149146786493,0.0,0.0,-0.00015716014558356508,1.3652774191943684,-0.0001667910870425393,1.987995301639886,-0.00031432029116713016,1.6226469418888558
2017-05-09,207.62722778320312,-0.0009178711293075237,0.04778445187313096,0.1532665558571071,0.5,1.9710708020504217,0.0,0.0,-0.0009045944915115536,1.36404239676158,-0.0009178711293075237,1.9861705781473116,-0.0018091889830231071,1.6197112669182545
2017-05-10,208.00009155273438,0.0017958327215183978,0.08579235667798812,0.17105780643223034,0.5,2.0,0.0,0.0,0.0017958327215183978,1.3664919887312228,0.0017958327215183978,1.9897374082620656,0.0035916654430367956,1.6255287279033421
2017-05-11,207.57521057128906,-0.0020426961270716415,0.019372708225761315,0.13039858580975403,0.5,2.0,0.0,0.0,-0.0020426961270716415,1.3637006608381672,-0.0020426961270716415,1.985672979364319,-0.004085392254143283,1.6188878054294784
2017-05-12,207.22833251953125,-0.0016710957479129096,0.09479237361155768,0.1691247909073883,0.5,2.0,0.0,0.0,-0.0016710957479129096,1.3614217864624145,-0.0016710957479129096,1.9823547296917579,-0.003342191495825819,1.613477172373476
2017-05-15,208.37294006347656,0.005523412411946316,0.15760513513411745,0.20214917437180066,0.5,2.0,0.0,0.0,0.005523412411946316,1.3689414804556552,0.005523412411946316,1.9933040924106178,0.011046824823892631,1.6313009720540355
2017-05-16,208.18214416503906,-0.0009156462368836715,0.1319114742095131,0.1876224446056963,0.5,2.0,0.0,0.0,-0.0009156462368836715,1.367688014340562,-0.0009156462368836715,1.9914789310194372,-0.001831292473767343,1.6283135828614637
2017-05-17,204.48818969726562,-0.01774385830537417,0.17738556542727757,0.2173079290244719,0.5,2.0,0.0,0.0,-0.01774385830537417,1.3434199520081447,-0.01774385830537417,1.9561424110492902,-0.03548771661074834,1.5705284518794438
2017-05-18,205.3119659423828,0.004028478350445397,-1.318347395031969,-0.6263139839400093,0.5,1.1725232887268695,0.0,0.0,0.0023617423420146154,1.3465927637919095,0.004028478350445397,1.9640226884025904,0.004723484684029231,1.5779468189677284
2017-05-19,206.6473388671875,0.006504116400012583,-1.4822049005659501,-0.7082730503070015,1.0,1.1962518138855422,0.5,0.0001,0.007680561041237755,1.3569353517119025,0.006504116400012583,1.9767969205802265,0.0077805610412377555,1.5902241305125338
2017-05-22,207.69659423828125,0.005077516975759977,-1.29795683321038,-0.5897008155700806,1.0,1.185691225525187,0.0,0.0,0.006020367325613788,1.3651046009663192,0.005077516975759977,1.9868341405021026,0.006020367325613788,1.5997978639082742
2017-05-23,208.1561737060547,0.0022127443613551012,-1.3139372156022073,-0.587426491644123,1.0,1.2103746562326507,0.0,0.0,0.002678249695705917,1.3687606919484638,0.0022127443613551012,1.9912304965434464,0.002678249695705917,1.6040825220504773
2017-05-24,208.64173889160156,0.0023326965369403485,-1.2448176390654329,-0.535707411410422,1.0,1.2682068495724457,0.0,0.0,0.0029583417261216734,1.3728099538165301,0.0023326965369403485,1.9958754330269832,0.0029583417261216734,1.6088279463076016
2017-05-25,209.63897705078125,0.004779667599002391,-1.0656311003262733,-0.42039145845465986,0.5,1.3285719903247055,0.5,0.0001,0.0030750662475485563,1.3770314353698099,0.004779667599002391,2.005415054165867,0.006350132495097112,1.61904421692847
2017-05-26,209.5956573486328,-0.000206639541739162,-0.7843276498930454,-0.24620970500759173,0.5,1.3652409242311805,0.0,0.0,-0.00014105637947334055,1.3768371963011157,-0.000206639541739162,2.0050006561180775,-0.0002821127589466811,1.6185874638975757
2017-05-30,209.41348266601562,-0.0008691720282838489,-1.6075315567605246,-0.7201418644427132,0.5,1.4302320034293674,0.0,0.0,-0.000621558825668588,1.375981410990246,-0.0008691720282838489,2.003257965631089,-0.001243117651337176,1.6165753692509715
2017-05-31,209.3614959716797,-0.00024824903188702674,-1.6111764863407187,-0.71035226532495,1.0,1.4929951044191947,0.5,0.0001,-0.0004706345892841355,1.375333826544022,-0.00024824903188702674,2.002760658780501,-0.0003706345892841355,1.6159762105029423
2017-06-01,211.02639770507812,0.007952282370124353,-1.915338310034708,-0.8770851611716846,1.0,1.565319920403646,0.0,0.0,0.01244786600663037,1.3924537977312281,0.007952282370124353,2.0186871770589,0.01244786600663037,1.636091665841185
2017-06-02,211.72874450683594,0.003328241439914059,-2.3774209642513604,-1.134819054867242,1.0,1.4908375385019785,0.0,0.0,0.004961867275821757,1.3993629686632845,0.003328241439914059,2.0254058553758103,0.004961867275821757,1.6442097355381673
2017-06-05,211.5727081298828,-0.0007369635961171905,-3.71166296400765,-1.9006826025891763,1.0,1.5572506417419232,0.0,0.0,-0.0011476370329939305,1.397757007897846,-0.0007369635961171905,2.0239132049930357,-0.0011476370329939305,1.6423227795556545
2017-06-06,210.8962860107422,-0.003197114245592436,-3.859510020452591,-1.9433736275700375,1.0,1.617248855940219,0.0,0.0,-0.005170529355994544,1.3905298642559631,-0.003197114245592436,2.01744252325351,-0.005170529355994544,1.6338311014119435
2017-06-07,211.28652954101562,0.0018504049438479164,-3.74377406206695,-1.8324301648754455,1.0,1.6218941217131235,0.0,0.0,0.003001160901215838,1.3947030681165413,0.0018504049438479164,2.021175608872467,0.003001160901215838,1.6387344914326916
2017-06-08,211.39059448242188,0.0004925299385261095,-3.607994954384659,-1.715864906157553,1.0,1.7023110089761009,0.0,0.0,0.0008384391366033184,1.395872441752791,0.0004925299385261095,2.0221710983708556,0.0008384391366033184,1.6401084705648106
2017-06-09,211.06976318359375,-0.0015177179458417678,-3.485429324719636,-1.6137719137682787,1.0,1.788071492774535,0.0,0.0,-0.0027137881930319905,1.3920843396013836,-0.0015177179458417678,2.0191020130052957,-0.0027137881930319905,1.6356575635621
2017-06-12,211.02639770507812,-0.00020545566480734134,-4.244607185137,-2.007973742672707,1.0,1.8465543582257085,0.0,0.0,-0.0003793850532721565,1.3915562036100446,-0.00020545566480734134,2.0186871770589,-0.0003793850532721565,1.635037019530213
2017-06-13,212.05828857421875,0.004889866293328549,-3.3972434426341582,-1.4985602959967528,1.0,1.9356288996211997,0.0,0.0,0.009464966512650334,1.4047272364776844,0.004889866293328549,2.0285582874427748,0.009464966512650334,1.6505125901670101
2017-06-14,211.7894744873047,-0.001267642442657868,-2.7022631605924072,-1.0891496393760098,1.0,1.926415500923118,0.0,0.0,-0.002442006051164162,1.4012968840659707,-0.001267642442657868,2.025986800860207,-0.002442006051164162,1.6464820284342996
2017-06-15,211.38192749023438,-0.0019243024142577836,-2.4441177402609213,-0.9293999146119862,1.0,1.9895495552843372,0.0,0.0,-0.0038284950125191497,1.3959320259342656,-0.0019243024142577836,2.0220881895680574,-0.0038284950125191497,1.6401784802002364
2017-06-16,211.42808532714844,0.0002183622671156904,-3.3052627444688865,-1.3973943748663404,1.0,2.0,0.0,0.0,0.0004367245342313808,1.3965416636981103,0.0002183622671156904,2.0225297373294393,0.0004367245342313808,1.640894786383058
2017-06-19,213.1882781982422,0.00832525569330178,-2.880318124504467,-1.1372498957183013,1.0,2.0,0.0,0.0,0.01665051138660356,1.419794796571382,0.00832525569330178,2.0393678145400136,0.01665051138660356,1.6682165237079476
2017-06-20,211.7505645751953,-0.006743868073787573,-2.197749435658121,-0.7373723776060365,1.0,1.8472841712065327,0.0,0.0,-0.012457840745412873,1.4021072191045298,-0.006743868073787573,2.0256145870448274,-0.012457840745412873,1.6474341479267276
2017-06-21,211.6982421875,-0.0002470944424648458,-1.797983484754833,-0.5004227703287615,0.5,1.6486079348138063,0.5,0.0001,-0.0003036809292479692,1.401681425881327,-0.0002470944424648458,2.025114068937793,-0.0004073618584959383,1.6467630460904783
2017-06-22,211.6024169921875,-0.00045264993380356167,-1.652203746498829,-0.40743453046521305,0.5,1.7306704480722968,0.0,0.0,-0.00039169393187785275,1.4011323957723834,-0.00045264993380356167,2.0241974011885437,-0.0007833878637557055,1.6454729919056896
2017-06-23,211.85504150390625,0.0011938640177635573,-2.0160803654207555,-0.6027865594021516,0.5,1.8154897764238362,0.0,0.0,0.0010837239593450118,1.4026508365198964,0.0011938640177635573,2.0266140176306733,0.0021674479186900237,1.649039468917256
2017-06-26,211.9944610595703,0.0006580893929848397,-1.9105115564178163,-0.5313054698850279,0.5,1.9049646303417134,0.0,0.0,0.0006268185086195839,1.4035300440253577,0.0006580893929848397,2.02794771081935,0.0012536370172391677,1.6511067658383791
2017-06-27,210.28662109375,-0.008056059376666536,-2.314070499013331,-0.7509230064324354,0.5,2.0,0.0,0.0,-0.008056059376666536,1.392223122653754,-0.008056059376666536,2.0116104436482147,-0.01611211875333307,1.6245039375527595
2017-06-28,212.1687774658203,0.008950433281398329,-2.9287647197636684,-1.0890369124461776,0.5,1.7122215890212902,0.0,0.0,0.007662562547752444,1.4028911194115157,0.008950433281398329,2.029615228712252,0.015325125095504887,1.6493996636138957
2017-06-29,210.3040313720703,-0.008788975060434634,-3.050032370077165,-1.140866655804649,1.0,1.498050271389478,0.5,0.0001,-0.013266326474519457,1.3842799078131984,-0.008788975060434634,2.0117769910848216,-0.013166326474519457,1.6276831291557925
2017-06-30,210.69613647460938,0.0018644678372585766,-3.47649181536533,-1.3654649946004243,1.0,1.3589895780140895,0.0,0.0,0.002533792359376875,1.3877873856668546,0.0018644678372585766,2.015527884580436,0.002533792359376875,1.6318073402319342
2017-07-03,211.05340576171875,0.001695661311532648,-3.444454372002914,-1.323934487751606,1.0,1.417571784459131,0.0,0.0,0.0024037216312276463,1.3911232402253269,0.001695661311532648,2.0189455372366343,0.0024037216312276463,1.6357297508336457
2017-07-05,211.5413360595703,0.002311880711379999,-3.5217958137043954,-1.3451591149815416,1.0,1.4816025967000799,0.0,0.0,0.003425288465241434,1.3958882386138,0.002311880711379999,2.023613098481498,0.003425288465241434,1.6413325970814285
2017-07-06,209.60693359375,-0.009144323761269946,-3.4543775796331975,-1.284561232287434,1.0,1.5423874404040343,0.0,0.0,-0.014104090120370944,1.3762005050984252,-0.009144323761269946,2.005108525141437,-0.014104090120370944,1.6181830942146895
2017-07-07,210.9662628173828,0.0064851348203365244,-3.6580144318503773,-1.3777411908295758,1.0,1.385932495027261,0.0,0.0,0.008987959082137167,1.3885697389270664,0.0064851348203365244,2.0181119242563854,0.008987959082137167,1.6327272576528973
2017-07-10,211.19285583496094,0.0010740722926596558,-2.855224880184384,-0.9052799374954038,1.0,1.346471154205466,0.0,0.0,0.0014462073595975576,1.3905778987028172,0.0010740722926596558,2.0202795223577152,0.0014462073595975576,1.6350885198291305
2017-07-11,211.03599548339844,-0.0007427351220871126,-3.2207930701265255,-1.096233874923023,0.5,1.4131647165091132,0.5,0.0001,-0.000624803534122798,1.3897090607172347,-0.0007427351220871126,2.0187789898000266,-0.001049607068245596,1.6333723193615106
2017-07-12,212.62188720703125,0.00751479253574816,-3.116117157677735,-1.0228358561020205,0.5,1.483663791267208,0.0,0.0,0.005574712792087316,1.3974562895952947,0.00751479253574816,2.033949695083901,0.011149425584174632,1.6515834824874824
2017-07-13,212.9791717529297,0.0016803751983940352,-3.6251683065575016,-1.2988312518944627,0.5,1.4151203746573986,0.0,0.0,0.0011889665901581837,1.3991178184348299,0.0016803751983940352,2.037367493706301,0.0023779331803163673,1.655510837650552
2017-07-14,213.9724578857422,0.004663771225313917,-3.59623422493892,-1.26552384606155,1.0,1.4855529398740677,0.5,0.0001,0.006828279054665172,1.4086713853294572,0.004663771225313917,2.046869309598838,0.006928279054665172,1.6669806787118175
2017-07-17,213.94635009765625,-0.00012201471322015323,-3.9269126236252063,-1.4385062311713763,1.0,1.5196327398037661,0.0,0.0,-0.00018541755294711226,1.4084101929282828,-0.00012201471322015323,2.046619561427028,-0.00018541755294711226,1.6666715912335608
2017-07-18,214.0596466064453,0.0005295556981335103,-3.9586143502742743,-1.4364856896541351,1.0,1.591856070550933,0.0,0.0,0.0008429764527686658,1.4095974495567607,0.0005295556981335103,2.0477033604776933,0.0008429764527686658,1.668076556139469
2017-07-19,215.2185516357422,0.005413935076831855,-3.8800799153360632,-1.3708560111944716,1.0,1.6723834387761167,0.0,0.0,0.009054175361102697,1.4223601920536106,0.005413935076831855,2.05878949352793,0.009054175361102697,1.6831796137944999
2017-07-20,215.3143768310547,0.00044524598174366936,-3.0182278253250985,-0.8508965458067985,1.0,1.6808949706839003,0.0,0.0,0.0007484117314301495,1.423424703107663,0.00044524598174366936,2.0597061612771794,0.0007484117314301495,1.6844393251635679
2017-07-21,215.1226806640625,-0.0008903082544394758,-2.863317457396107,-0.7474609420665244,0.5,1.7627290870775383,0.5,0.0001,-0.000884686128282847,1.4221654190181685,-0.0008903082544394758,2.0578723878800744,-0.001569372256565694,1.6817958128187878
2017-07-24,215.07041931152344,-0.00024293743633974074,-2.560803441852487,-0.555265779080825,0.5,1.8282110340731412,0.0,0.0,-0.00022207045085287768,1.4218495981023798,-0.00024293743633974074,2.0573724536378486,-0.00044414090170575535,1.6810488585099974
2017-07-25,215.59320068359375,0.0024307451194069962,-2.5368334730665083,-0.5285922955233203,0.5,1.911306906293199,0.0,0.0,0.0023229499670805393,1.425152483579485,0.0024307451194069962,2.062373401688331,0.0046458999341610786,1.6888588432910705
2017-07-26,215.6019287109375,4.0483778319888586e-05,-2.4672210405630164,-0.4737835855975733,0.5,1.996515397998474,0.0,0.0,4.0413243392407175e-05,1.4252100786136754,4.0483778319888586e-05,2.062456894355938,8.082648678481435e-05,1.6889953478180493
2017-07-27,215.40155029296875,-0.0009293906560428056,-2.8219030644887386,-0.6809046574603629,0.5,2.0,0.0,0.0,-0.0009293906560428056,1.4238855016837138,-0.0009293906560428056,2.0605400661898323,-0.0018587813120856111,1.6858558748293255
2017-07-28,215.14881896972656,-0.001173303176780549,-3.068071910485891,-0.8233998724207545,0.5,2.0,0.0,0.0,-0.001173303176780549,1.4222148523012166,-0.001173303176780549,2.058122427984288,-0.002346606353561098,1.6818998347222627
2017-07-31,215.02685546875,-0.0005668797140537807,-2.313374441661983,-0.3319273097323425,0.5,2.0,0.0,0.0,-0.0005668797140537807,1.421408627552421,-0.0005668797140537807,2.0569557201308246,-0.0011337594281075614,1.6799929649275138
2017-08-01,215.506103515625,0.0022287822878228614,-1.4851705668172688,0.2178636180585076,0.0,2.0,0.5,0.0001,-0.0001,1.4212664866896656,0.0022287822878228614,2.061540226606688,0.004457564575645723,1.6874816420553087
2017-08-02,215.6106719970703,0.0004852228300704642,-1.186684565583148,0.43295298372272434,0.0,2.0,0.0,0.0,0.0,1.4212664866896656,0.0004852228300704642,2.0625405329897464,0.0009704456601409284,1.6891192512914088
2017-08-03,215.19236755371094,-0.001940091552449008,-0.9012910678206332,0.6556212371370955,0.0,2.0,0.0,0.0,-0.0,1.4212664866896656,-0.001940091552449008,2.0585390155251093,-0.003880183104898016,1.6825651593103899
2017-08-04,215.58450317382812,0.0018222561728138409,-0.5834718900969893,0.8735541463354319,0.0,2.0,0.0,0.0,0.0,1.4212664866896656,0.0018222561728138409,2.062290200953128,0.0036445123456276818,1.6886972888058196
2017-08-07,215.98536682128906,0.0018594270068554852,-0.26310564062958974,1.0904707533249296,0.0,2.0,0.0,0.0,0.0,1.4212664866896656,0.0018594270068554852,2.0661248790487536,0.0037188540137109705,1.694977307496238
2017-08-08,215.45376586914062,-0.0024612822617204877,-0.1790641186092632,1.1643877249933228,0.0,2.0,0.0,0.0,-0.0,1.4212664866896656,-0.0024612822617204877,2.0610395625334514,-0.004922564523440975,1.6866336723343196
2017-08-09,215.445068359375,-4.0368334851548227e-05,-0.7056161792054301,0.8151855122867009,0.0,2.0,0.0,0.0,-0.0,1.4212664866896656,-4.0368334851548227e-05,2.0609563617982487,-8.073666970309645e-05,1.6864974991486061
2017-08-10,212.40403747558594,-0.01411511020858669,-0.41296286144517147,1.020224198663986,0.0,2.0,0.0,0.0,-0.0,1.4212664866896656,-0.01411511020858669,2.0318657356163787,-0.02823022041717338,1.6388873030146294
2017-08-11,212.71775817871094,0.001476999716453431,-0.4142805718392868,1.0104580017687728,0.0,1.507201541669944,0.0,0.0,0.0,1.4212664866896656,0.001476999716453431,2.0348668007317556,0.0022261362496846814,1.6425356894490182
2017-08-14,214.82638549804688,0.009912794011134762,-1.4708105552954454,0.27281441903797543,0.0,1.565067152389751,0.0,0.0,0.0,1.4212664866896656,0.009912794011134762,2.055038016167506,0.01551418829523286,1.6680182974167703
2017-08-15,214.80026245117188,-0.00012160073733236132,-0.48312547513466697,0.9431550538710997,0.0,1.3468871193933394,0.0,0.0,-0.0,1.4212664866896656,-0.00012160073733236132,2.0547881220294943,-0.00016378246682169023,1.6677451052653156
2017-08-16,215.17494201660156,0.0017443161435375387,-0.13899963080696587,1.1682781713399413,0.0,1.4157266723276387,0.0,0.0,0.0,1.4212664866896656,0.0017443161435375387,2.0583723221222994,0.0024694748893777795,1.6718635599246512
2017-08-17,211.82020568847656,-0.015590738850373098,0.0007675579920665143,1.2501837118460597,0.0,1.482133225888985,0.0,0.0,-0.0,1.4212664866896656,-0.015590738850373098,2.0262807767912547,-0.023107552066296205,1.633230885665949
2017-08-18,211.48912048339844,-0.0015630482654004352,-0.06358807520858623,1.1907696791433002,0.0,1.1078065086443865,0.0,0.0,-0.0,1.4212664866896656,-0.0015630482654004352,2.023113602137877,-0.0017315550417359203,1.6304028564915551
2017-08-21,211.65467834472656,0.0007828197542725235,0.2710967185578319,1.4016686865975456,0.0,1.1644646817310373,0.0,0.0,0.0,1.4212664866896656,0.0007828197542725235,2.024697335430768,0.0009115659560117229,1.631889076230117
2017-08-22,213.867919921875,0.01045685167206023,0.14012138157351517,1.3075214868914555,0.0,1.2184664278435338,0.0,0.0,0.0,1.4212664866896656,0.01045685167206023,2.045869295148183,0.012741322703344911,1.6526815015664282
2017-08-23,213.10110473632812,-0.0035854614653145767,0.5364801933689656,1.5651678075222082,0.0,1.1052921909863838,0.0,0.0,-0.0,1.4212664866896656,-0.0035854614653145767,2.038533909627359,-0.003962982558694798,1.646131953600643
2017-08-24,212.6044921875,-0.0023304081386278375,0.24977126699563645,1.3565628299581458,0.0,1.1457079588195906,0.0,0.0,-0.0,1.4212664866896656,-0.0023304081386278375,2.0337832936134945,-0.0026699671517238614,1.6417368353571262
2017-08-25,213.10110473632812,0.0023358516262683704,0.05861364665996249,1.21964035685461,0.0,1.1986938382234538,0.0,0.0,0.0,1.4212664866896656,0.0023358516262683704,2.038533909627359,0.0027999709514121294,1.6463336508059896
2017-08-28,213.10983276367188,4.09572130306568e-05,-0.2372037949730137,1.018388219833548,0.0,1.247861322888688,0.0,0.0,0.0,1.4212664866896656,4.09572130306568e-05,2.0386174022949657,5.1108922034269206e-05,1.646417793144191
2017-08-29,213.3538360595703,0.0011449649823009889,-0.03955662366854629,1.1501785262624153,0.0,1.3117868641550445,0.0,0.0,0.0,1.4212664866896656,0.0011449649823009889,2.040951547832903,0.0015019500236999501,1.6488906303876238
2017-08-30,214.36451721191406,0.004737112634157548,0.01944226584004305,1.1706177707278937,0.0,1.375452346242534,0.0,0.0,0.0,1.4212664866896656,0.004737112634157548,2.0506197651958455,0.00651567268706715,1.6596342620320015
2017-08-31,215.65420532226562,0.006016332026986593,0.12375132125271016,1.2226148207439942,0.0,1.393882346136797,0.0,0.0,0.0,1.4212664866896656,0.006016332026986593,2.062956974564365,0.008386059000914024,1.67355205287334
2017-09-01,215.95921325683594,0.0014143379866602412,-0.09803135961595544,1.0587748408874575,0.0,1.392490141380701,0.0,0.0,0.0,1.4212664866896656,0.0014143379866602412,2.065874692978337,0.001969451703004615,1.6768480328139383
2017-09-05,214.40814208984375,-0.007182241237133624,-0.06108454077129011,1.0791304784802738,0.0,1.4633761564087981,0.0,0.0,-0.0,1.4212664866896656,-0.007182241237133624,2.051037082567677,-0.010510320575997375,1.6592238224318334
2017-09-06,215.14007568359375,0.0034137397330895602,-0.5273418524562405,0.7491792580140068,0.0,1.3758347874608183,0.0,0.0,0.0,1.4212664866896656,0.0034137397330895602,2.0580387893504786,0.004696741880121826,1.6670167684471449
2017-09-07,215.11395263671875,-0.0001214234344391052,-0.5029717202030399,0.7556956273667673,0.0,1.4223091752462411,0.0,0.0,-0.0,1.4212664866896656,-0.0001214234344391052,2.0577888952124668,-0.00017270166489264974,1.66672887187583
2017-09-08,214.86129760742188,-0.0011745171626480477,-0.5818842214407578,0.6877270103141526,0.0,1.4942391793222953,0.0,0.0,-0.0,1.4212664866896656,-0.0011745171626480477,2.055371986837933,-0.0017550095612151697,1.6638037467697344
2017-09-11,217.15298461914062,0.010665890214932805,-0.7491273218877925,0.5546777547187577,0.0,1.5628629219172592,0.0,0.0,0.0,1.4212664866896656,0.010665890214932805,2.077294358800395,0.016669324346158587,1.6915382310729932
2017-09-12,217.88494873046875,0.0033707301449801275,-0.7778958756163394,0.5213847018116703,0.0,1.359387999852784,0.0,0.0,0.0,1.4212664866896656,0.0033707301449801275,2.0842963575156004,0.00458213010982802,1.699289079333518
2017-09-13,217.989501953125,0.00047985518625970336,-0.6757453583143169,0.5847018201203074,0.0,1.419149741575835,0.0,0.0,0.0,1.4212664866896656,0.00047985518625970336,2.0852965179324565,0.0006809863635742822,1.700446272024315
2017-09-14,217.9197540283203,-0.0003199600172474337,-0.7077714252505576,0.5485457994547143,0.0,1.4893359737478398,0.0,0.0,-0.0,1.4212664866896656,-0.0003199600172474337,2.0846293064226127,-0.00047652796384758234,1.699635961824675
2017-09-15,218.21316528320312,0.0013464188053584625,-0.5489879140129825,0.65624988735864,0.0,1.556968544517785,0.0,0.0,0.0,1.4212664866896656,0.0013464188053584625,2.0874360905229814,0.00209633172769034,1.7031989626169715
2017-09-18,218.67723083496094,0.0021266615657928867,-0.45236385458196926,0.7170986043945076,0.0,1.636811838112776,0.0,0.0,0.0,1.4212664866896656,0.0021266615657928867,2.0918753606277454,0.0034809448265492493,1.7091277042344768
2017-09-19,218.89614868164062,0.0010011003241801042,-0.4727099440411813,0.6893378517360411,0.0,1.717600639295553,0.0,0.0,0.0,1.4212664866896656,0.0010011003241801042,2.0939695377294143,0.0017194905568107322,1.7120665331822915
2017-09-20,218.9749755859375,0.0003601109693871507,-0.3633072389368244,0.7608852053330019,0.0,1.8052636277158765,0.0,0.0,0.0,1.4212664866896656,0.0003601109693871507,2.0947235991295132,0.0006500952349761286,1.7131795394774756
2017-09-21,218.3882598876953,-0.002679373278486441,-0.4150060118252341,0.7094387526891176,0.0,1.8932284202821577,0.0,0.0,-0.0,1.4212664866896656,-0.002679373278486441,2.0891110526921906,-0.005072665639375111,1.7044891524934878
2017-09-22,218.43206787109375,0.00020059678767059275,-0.5547364723609047,0.5951793877027335,0.0,1.902343095390137,0.0,0.0,0.0,1.4212664866896656,0.00020059678767059275,2.0895301216584476,0.0003816039139825935,1.70513959222542
2017-09-25,217.98544311523438,-0.0020446849229250885,-0.40918332085923614,0.6996119330457069,0.0,1.9974380220691035,0.0,0.0,-0.0,1.4212664866896656,-0.0020446849229250885,2.085257690922695,-0.0040841314082020064,1.6981755780614434
2017-09-26,218.11680603027344,0.0006026224190098795,-0.3800871188020347,0.7155433911073977,0.0,2.0,0.0,0.0,0.0,1.4212664866896656,0.0006026224190098795,2.0865143139566578,0.001205244838019759,1.7002222954109532
2017-09-27,218.9662322998047,0.003894364148232299,-0.3536628006902516,0.7305114612585876,0.0,2.0,0.0,0.0,0.0,1.4212664866896656,0.003894364148232299,2.0946399604957042,0.007788728296464598,1.7134648649135005
2017-09-28,219.2289581298828,0.0011998463293574346,-0.5257014278163237,0.5980523993181026,0.0,2.0,0.0,0.0,0.0,1.4212664866896656,0.0011998463293574346,2.0971532065636302,0.0023996926587148693,1.7175766539707993
2017-09-29,219.99951171875,0.003514834880575801,-0.4137533999040228,0.6837020460474158,0.0,2.0,0.0,0.0,0.0,1.4212664866896656,0.003514834880575801,2.1045243538039715,0.007029669761151602,1.7296506506376779
2017-10-02,220.9540557861328,0.004338846299818622,-0.27871405237602453,0.786465525777591,0.0,2.0,0.0,0.0,0.0,1.4212664866896656,0.004338846299818622,2.113655561509352,0.008677692599637243,1.744660027288674
2017-10-03,221.4269256591797,0.00214012759966975,-0.19987820192672823,0.841420111535347,0.0,2.0,0.0,0.0,0.0,1.4212664866896656,0.00214012759966975,2.1181790541127334,0.0042802551993395,1.7521276174415563
2017-10-04,221.68960571289062,0.0011863058339853794,-0.17475163909262936,0.8532181546571652,0.0,2.0,0.0,0.0,0.0,1.4212664866896656,0.0011863058339853794,2.120691862282053,0.0023726116679707587,1.756284735870472
2017-10-05,223.00315856933594,0.0059251891951419555,-0.15117564458126953,0.8643562199331017,0.0,2.0,0.0,0.0,0.0,1.4212664866896656,0.0059251891951419555,2.133257362790672,0.011850378390283911,1.777097374551617
2017-10-06,222.74920654296875,-0.0011387821948191101,0.11204138475704073,1.0639580270484892,0.0,2.0,0.0,0.0,-0.0,1.4212664866896656,-0.0011387821948191101,2.130828047288959,-0.0022775643896382203,1.7730499208544186
2017-10-09,222.3813934326172,-0.0016512431898634272,0.052488299893546086,1.0164913287926316,0.0,2.0,0.0,0.0,-0.0,1.4212664866896656,-0.0016512431898634272,2.127309531987103,-0.0033024863797268544,1.767194447640221
2017-10-10,222.9680938720703,0.0026382622682454837,0.26406769282690545,1.1731400712126212,0.0,2.0,0.0,0.0,0.0,1.4212664866896656,0.0026382622682454837,2.1329219324582236,0.005276524536490967,1.7765190925039454
2017-10-11,223.3184051513672,0.0015711273896339417,0.14818340149383324,1.083220660510955,0.0,2.0,0.0,0.0,0.0,1.4212664866896656,0.0015711273896339417,2.13627302452626,0.0031422547792678834,1.7821013681128266
2017-10-12,222.985595703125,-0.0014902911742389335,0.13610766981371403,1.0742352954139904,0.0,2.0,0.0,0.0,-0.0,1.4212664866896656,-0.0014902911742389335,2.1330893556920434,-0.002980582348477867,1.7767896682318312
2017-10-13,223.25709533691406,0.001217565793579345,0.11881987331311716,1.0614812889835357,0.0,2.0,0.0,0.0,0.0,1.4212664866896656,0.001217565793579345,2.1356865323261824,0.00243513158715869,1.7811163848766798
2017-10-16,223.55484008789062,0.0013336407092783276,0.031081932339817042,0.9912213093193749,0.0,2.0,0.0,0.0,0.0,1.4212664866896656,0.0013336407092783276,2.1385347708279503,0.002667281418556655,1.7858671235143482
2017-10-17,223.71246337890625,0.0007050766199185876,-0.012631975036124121,0.9503916186073237,0.0,2.0,0.0,0.0,0.0,1.4212664866896656,0.0007050766199185876,2.140042601695744,0.0014101532398371752,1.7883854698244905
2017-10-18,223.931396484375,0.0009786361571546554,-0.021030549402923038,0.9351666053491802,0.0,2.0,0.0,0.0,0.0,1.4212664866896656,0.0009786361571546554,2.142136924763615,0.0019572723143093107,1.7918858271918912
2017-10-19,223.99267578125,0.00027365209987095795,0.07882519899554863,1.0043706396940255,0.0,2.0,0.0,0.0,0.0,1.4212664866896656,0.00027365209987095795,2.1427231250312877,0.0005473041997419159,1.7928665338305714
2017-10-20,225.14859008789062,0.005160500461048434,0.14377805845862257,1.05019746175599,0.0,2.0,0.0,0.0,0.0,1.4212664866896656,0.005160500461048434,2.153780648705911,0.010321000922096868,1.8113707109794333
2017-10-23,224.2729034423828,-0.003889372103844768,0.22735769180777954,1.1094194316087382,0.0,2.0,0.0,0.0,-0.0,1.4212664866896656,-0.003889372103844768,2.1454037943330335,-0.007778744207689536,1.7972805215534235
2017-10-24,224.6669464111328,0.0017569798343972653,0.13339239772395795,1.036734002686155,0.0,2.0,0.0,0.0,0.0,1.4212664866896656,0.0017569798343972653,2.149173225536316,0.0035139596687945307,1.8035960928196724
2017-10-25,223.55484008789062,-0.004950021981458108,0.10288556611997102,1.0059424605658127,0.0,2.0,0.0,0.0,-0.0,1.4212664866896656,-0.004950021981458108,2.1385347708279503,-0.009900043962916216,1.7857404122094136
2017-10-26,223.8437957763672,0.0012925494628654999,0.12555126664119243,1.0133879874791711,0.0,2.0,0.0,0.0,0.0,1.4212664866896656,0.0012925494628654999,2.1412989327973033,0.0025850989257309998,1.7903567278306505
2017-10-27,225.6739959716797,0.00817623820649005,0.11346841105262628,0.9946990695661961,0.0,2.0,0.0,0.0,0.0,1.4212664866896656,0.00817623820649005,2.158806702943157,0.0163524764129801,1.8196334939933214
2017-10-30,224.8333282470703,-0.003725142194561326,-0.09957749036118768,0.8328539522907268,0.0,2.0,0.0,0.0,-0.0,1.4212664866896656,-0.003725142194561326,2.1507648410041216,-0.007450284389122652,1.8060767069790982
2017-10-31,225.18362426757812,0.0015580253303142388,-0.0980362440074598,0.8274965177776866,0.5,1.9919456498164416,0.5,0.0001,0.0014517508895116364,1.4233298115759503,0.0015580253303142388,2.154115787105955,0.003103501779023273,1.8116818692522603
2017-11-01,225.48133850097656,0.0013220953982189254,-0.10832461421791395,0.811456505215629,0.5,2.0,0.0,0.0,0.0013220953982189254,1.4252115893699826,0.0013220953982189254,2.1569637336753185,0.002644190796437851,1.8164723017770104
2017-11-02,225.56893920898438,0.0003885053574286257,-0.009597628241800216,0.8777553123530374,0.5,2.0,0.0,0.0,0.0003885053574286257,1.4257652917079222,0.0003885053574286257,2.1578017256416304,0.0007770107148572514,1.8178837202187326
2017-11-03,226.3220672607422,0.003338793250519556,-0.07220016702543797,0.8309534308688092,0.0,2.0,0.5,0.0001,-0.0001,1.4256227151787515,0.003338793250519556,2.165006179479162,0.006677586501039112,1.830022796009324
2017-11-06,226.67233276367188,0.0015476418502582412,0.14404743370954498,0.9824417793694723,0.5,2.0,0.5,0.0001,0.0014476418502582411,1.427686506283923,0.0015476418502582412,2.1683568336485917,0.0030952837005164824,1.8356872357413854
2017-11-07,226.5147247314453,-0.0006953121728838774,0.08533077192445271,0.9392103761925921,0.0,2.0,0.5,0.0001,-0.0001,1.4275437376332947,-0.0006953121728838774,2.166849148747,-0.0013906243457677547,1.8331344843801483
2017-11-08,226.89993286132812,0.0017005875902307288,0.07604143762827764,0.9325434463583775,0.0,2.0,0.0,0.0,0.0,1.4275437376332947,0.0017005875902307288,2.170534065519261,0.0034011751804614576,1.83936929589087
2017-11-09,226.07684326171875,-0.003627544482846634,0.17445972822740563,1.0026120946530055,0.0,2.0,0.0,0.0,-0.0,1.4275437376332947,-0.003627544482846634,2.162660356645056,-0.007255088965693268,1.8260245080084172
2017-11-10,226.00677490234375,-0.00030993160716541457,0.1920120112325574,1.0143126603578823,0.0,2.0,0.0,0.0,-0.0,1.4275437376332947,-0.00030993160716541457,2.161990079844968,-0.0006198632143308291,1.8248926225874362
2017-11-13,226.21694946289062,0.0009299480541575811,0.6714726941433544,1.3579598106292838,0.0,2.0,0.0,0.0,0.0,1.4275437376332947,0.0009299480541575811,2.1640006183128278,0.0018598961083151622,1.8282867332742796
2017-11-14,225.6915283203125,-0.002322642683608045,0.6992467795917923,1.3699304205288454,0.0,2.0,0.0,0.0,-0.0,1.4275437376332947,-0.002322642683608045,2.15897441810938,-0.00464528536721609,1.8197938196651253
2017-11-15,224.56190490722656,-0.0050051653311626865,0.8049278252820813,1.4375095403152323,0.0,2.0,0.0,0.0,-0.0,1.4275437376332947,-0.0050051653311626865,2.148168394200992,-0.010010330662325373,1.8015770817930212
2017-11-16,226.47085571289062,0.008500777576021745,0.40677228110387986,1.1326644543018454,0.0,2.0,0.0,0.0,0.0,1.4275437376332947,0.008500777576021745,2.1664294959159345,0.01700155515204349,1.8322066939097827
2017-11-17,225.8052978515625,-0.002938823449194272,0.19912495750748915,0.9705823863132064,0.0,1.9243811327389155,0.0,0.0,-0.0,1.4275437376332947,-0.002938823449194272,2.1600627421123106,-0.00565541639808016,1.821844802128373
2017-11-20,226.190673828125,0.001706673759336752,0.1844372708556581,0.948413373686401,0.5,1.945708503022916,0.5,0.0001,0.001560344822713802,1.4297711981135082,0.001706673759336752,2.163749264512795,0.003320689645427604,1.8278945832983768
2017-11-21,227.6706085205078,0.006542863449389369,0.3250347815338035,1.0350038150699095,0.5,2.0,0.0,0.0,0.006542863449389369,1.4391259958266347,0.006542863449389369,2.177906380489219,0.013085726898778738,1.8518139126151765
2017-11-22,227.46917724609375,-0.0008847486977920926,0.02916871508475727,0.8162533538616812,0.0,1.8925491614116863,0.5,0.0001,-0.0001,1.4389820832270521,-0.0008847486977920926,2.175979480655168,-0.0016744304060665063,1.8487131790935165
2017-11-24,227.9945526123047,0.0023096551918440067,-0.0033140247378316,0.785568916210985,0.5,1.9682260281607253,0.5,0.0001,0.002172961732331964,1.442108936227416,0.0023096551918440067,2.1810052429600093,0.0045459234646639275,1.8571172877137911
2017-11-27,227.88075256347656,-0.0004991349465337525,-0.11672591810226107,0.7010561500759128,0.5,2.0,0.0,0.0,-0.0004991349465337525,1.4413891292606362,-0.0004991349465337525,2.179916627024675,-0.000998269893067505,1.8552633834375714
2017-11-28,230.19253540039062,0.010144704240741431,0.09807961880778082,0.8402977139197577,0.5,2.0,0.0,0.0,0.010144704240741431,1.4560115956728052,0.010144704240741431,2.2020312364753147,0.020289408481482862,1.8929055800648742
2017-11-29,230.0524444580078,-0.0006085816038262637,0.22893526207934412,0.9192501778990309,0.5,1.726585384591226,0.0,0.0,-0.0005253840512487574,1.4552466304020055,-0.0006085816038262637,2.200691120773745,-0.0010507681024975147,1.8909165752603025
2017-11-30,232.06655883789062,0.008755022728091255,0.042846915822402076,0.7776140591795574,0.5,1.7904244296558802,0.0,0.0,0.007837603287283527,1.4666522761762526,0.008755022728091255,2.219958221553628,0.015675206574567054,1.9205570831927807
2017-12-01,231.5849151611328,-0.0020754549003946243,0.21130051609699674,0.8810333439597405,0.5,1.652342010012465,0.0,0.0,-0.001714680660904137,1.464137435882022,-0.0020754549003946243,2.215350798384033,-0.003429361321808274,1.9139707990153545
2017-12-04,231.30471801757812,-0.0012099110313801287,0.29717308299664946,0.9283464272206332,0.5,1.6666086133652815,0.0,0.0,-0.001008224073151897,1.4626612572727629,-0.0012099110313801287,2.2126704210146912,-0.002016448146303794,1.9101113761456006
2017-12-05,230.4727783203125,-0.0035967260175056026,0.021175398989840666,0.722153644422715,0.5,1.7154656995856583,0.0,0.0,-0.0030850300569190935,1.4581489033309853,-0.0035967260175056026,2.204712051743263,-0.006170060113838187,1.8983258741306561
2017-12-06,230.51658630371094,0.00019007877510612836,-0.0550640027231859,0.6559326367272649,0.5,1.694130789977035,0.0,0.0,0.0001610091527142062,1.4583836786504418,0.00019007877510612836,2.20513112070952,0.0003220183054284124,1.8989371698117947
2017-12-07,231.24343872070312,0.0031531458479718832,-0.25180756797756665,0.5016893192133173,0.5,1.7781295452887582,0.0,0.0,0.0028033508964416904,1.4624720398433426,0.0031531458479718832,2.212084220747019,0.005606701792883381,1.9095839442463514
2017-12-08,232.50442504882812,0.005453068571809494,-0.2367276070633384,0.5003572455751616,0.5,1.8441105241196438,0.0,0.0,0.005028030571009982,1.4698253939689223,0.005453068571809494,2.2241468676893703,0.010056061142019963,1.9287868371455124
2017-12-11,233.20497131347656,0.0030130448678613586,-0.18536336232563588,0.5268210099570912,0.5,1.839159137179197,0.0,0.0,0.002770734499729052,1.4738978898965698,0.0030130448678613586,2.2308483219944315,0.005541468999458104,1.9394751496101172
2017-12-12,233.61656188964844,0.0017649305409472849,-0.1209388104637732,0.5634360846316657,0.5,1.9213156614700595,0.0,0.0,0.0016954943448644212,1.476396875433797,0.0017649305409472849,2.2347856143301406,0.0033909886897288423,1.9460518879064552
2017-12-13,233.5902099609375,-0.00011279991665735789,-0.1520380370954708,0.5277558542034186,0.5,2.0,0.0,0.0,-0.00011279991665735789,1.476230337989295,-0.00011279991665735789,2.234533530699097,-0.00022559983331471578,1.9456128589249218
2017-12-14,232.63575744628906,-0.004086012486602231,-0.3023141270598453,0.40094261723672153,0.5,2.0,0.0,0.0,-0.004086012486602231,1.4701984423951697,-0.004086012486602231,2.225403198790929,-0.008172024973204461,1.9297132620535995
2017-12-15,234.572998046875,0.008327355269248438,-0.28822388261946497,0.3990636914241005,1.0,1.9793443350164932,0.5,0.0001,0.01638270347785664,1.4942842675305363,0.008327355269248438,2.243934921844583,0.01648270347785664,1.9615201535493167
2017-12-18,236.0604705810547,0.00634119249259224,-0.37959101834354647,0.3149709291058209,1.0,1.7776665652413821,0.0,0.0,0.011272525877840885,1.5111286256051246,0.00634119249259224,2.2581641451248498,0.011272525877840885,1.9836314402401076
2017-12-19,235.15386962890625,-0.003840545390411454,-0.3798026158533516,0.3048560842959026,1.0,1.7658467721240017,0.0,0.0,-0.006781814680853779,1.5008804313073374,-0.003840545390411454,2.2494915632264982,-0.006781814680853779,1.970178819417284
2017-12-20,235.03062438964844,-0.0005241046615660494,-0.5951098028502226,0.12598174580890464,1.0,1.6982450921144137,0.0,0.0,-0.0008900581692588292,1.4995445604183717,-0.0005241046615660494,2.2483125942120576,-0.0008900581692588292,1.968425245664161
2017-12-21,235.5147705078125,0.00205992780481834,-0.5087410550905935,0.18816245132523438,1.0,1.7660649799851371,0.0,0.0,0.0036379663573873292,1.5049998530805768,0.00205992780481834,2.2529439558387985,0.0036379663573873292,1.9755863104849192
2017-12-22,235.4531707763672,-0.00026155358032320386,-0.36659331320097044,0.2927132754046389,1.0,1.8542262178858697,0.0,0.0,-0.00048497950601720233,1.5042699589952737,-0.00026155358032320386,2.2523546902808813,-0.00048497950601720233,1.974628191611966
2017-12-26,235.17149353027344,-0.001196319612791652,-0.33466445670381706,0.3093939702117984,1.0,1.9327849655490217,0.0,0.0,-0.002312228561595132,1.5007917430317352,-0.001196319612791652,2.249660154189935,-0.002312228561595132,1.9700623999087896
2017-12-27,235.2860107421875,0.0004869519268471123,-0.3298061750095389,0.30257721816422256,1.0,1.9926942782836197,0.0,0.0,0.0009703463184274244,1.5022480307743122,0.0004869519268471123,2.250755630536769,0.0009703463184274244,1.9719740427056134
2017-12-28,235.76998901367188,0.002056978525657893,-0.4249468873527269,0.21206104786909272,1.0,2.0,0.0,0.0,0.004113957051315786,1.5084282146533414,0.002056978525657893,2.2553853865352864,0.004113957051315786,1.980086659223614
2017-12-29,234.8809814453125,-0.0037706561894432777,-0.34840209457787896,0.2613455536162602,1.0,2.0,0.0,0.0,-0.0075413123788865555,1.4970526862855145,-0.0037706561894432777,2.2468811036679672,-0.0075413123788865555,1.9651542071891428
2018-01-02,236.5621795654297,0.007157659635838254,-0.38057594527974437,0.21892634725636842,1.0,2.0,0.0,0.0,0.014315319271676508,1.5184834734562125,0.007157659635838254,2.2629635138502193,0.014315319271676508,1.9932860170831337
2018-01-03,238.05841064453125,0.006324895559595367,-0.06618163793164378,0.4749828783381365,1.0,1.9164796624872127,0.0,0.0,0.0121215337073202,1.5368898220637206,0.006324895559595367,2.277276521730497,0.0121215337073202,2.0174477007275367
2018-01-04,239.0618438720703,0.004215071523086866,0.048985187126595164,0.5649083730890218,1.0,1.865618343266746,0.0,0.0,0.007863714751652158,1.5489754852291473,0.004215071523086866,2.2868754051474376,0.007863714751652158,2.0333123339724346
2018-01-05,240.65493774414062,0.006663940369015187,0.12530040160449185,0.6235530196945488,0.5,1.9253257359915188,0.5,0.0001,0.006315127947788879,1.5587574636063577,0.006663940369015187,2.3021150064787075,0.012830255895577758,2.0594002515329355
2018-01-08,241.09500122070312,0.001828607718119546,0.14061339356178748,0.6295858439275289,0.5,1.8927719352760204,0.0,0.0,0.0017305686847429002,1.561455000459984,0.001828607718119546,2.306324671747553,0.0034611373694858004,2.0665281187022444
2018-01-09,241.64076232910156,0.0022636765824060046,0.10516238677801204,0.5843453555596071,0.5,1.9877724571594766,0.0,0.0,0.002249836981211775,1.564968019664517,0.0022636765824060046,2.3115454448984134,0.00449967396242355,2.0758268214705846
2018-01-10,241.27108764648438,-0.001529852327289527,-0.030770494837595308,0.44063216252999604,0.5,2.0,0.0,0.0,-0.001529852327289527,1.5625738496974997,-0.001529852327289527,2.3080091217199,-0.003059704654579054,2.069475404482831
2018-01-11,243.03138732910156,0.0072959412575634985,-0.059948534544838505,0.3984953042872322,1.0,2.0,0.5,0.0001,0.014491882515126998,1.5852184863485255,0.0072959412575634985,2.324848220693889,0.014591882515126997,2.0996729464529893
2018-01-12,244.61566162109375,0.00651880528438431,-0.04929696594404542,0.39704711835993634,1.0,1.9844652325219845,0.0,0.0,0.012936342444441251,1.605725415537189,0.00651880528438431,2.34000345356034,0.012936342444441251,2.126835034709634
2018-01-16,243.77952575683594,-0.0034181616120433356,0.001462083419640603,0.44059530822304743,1.0,1.9780693117380546,0.0,0.0,-0.006761360587344,1.5948685269984793,-0.0034181616120433356,2.332004943583331,-0.006761360587344,2.1124547361301658
2018-01-17,246.1031951904297,0.009531848199227255,-0.049290180369985226,0.3733948466797645,1.0,1.8443409865381577,0.0,0.0,0.017579978311294757,1.622906281112479,0.009531848199227255,2.354233260705415,0.017579978311294757,2.149591644574926
2018-01-18,245.68955993652344,-0.0016807390638963193,-0.1744521840545481,0.20519392017563926,1.0,1.6910831673348026,0.0,0.0,-0.002842269539637119,1.6182935440239874,-0.0016807390638963193,2.3502764088986234,-0.002842269539637119,2.1434819257208924
2018-01-19,246.8073272705078,0.004549510912360999,0.0702949792479508,0.5214982072894176,1.0,1.6888865000653708,0.0,0.0,0.007683607561786579,1.6307278765360405,0.004549510912360999,2.3609690170679722,0.007683607561786579,2.159951599653914
2018-01-22,248.81407165527344,0.008130813647060808,0.019608991657869446,0.44274179070659014,1.0,1.757527086500517,0.0,0.0,0.014290125219997426,1.654031182091481,0.008130813647060808,2.380165616172236,0.014290125219997426,2.1908175784821022
2018-01-23,249.3422393798828,0.002122740571285364,0.09652924621970915,0.5541416088129009,1.0,1.7162537530579514,0.0,0.0,0.003643161472236886,1.6600570847679552,0.002122740571285364,2.3852180902920637,0.003643161472236886,2.1987990806767277
2018-01-24,249.24537658691406,-0.00038847326152857686,-0.019372532274225973,0.3595851757975194,1.0,1.7986443562278203,0.0,0.0,-0.0006987252393937888,1.6588971609839935,-0.00038847326152857686,2.384291496841071,-0.0006987252393937888,2.197262724262703
2018-01-25,249.35096740722656,0.00042364204206490896,0.194977983889697,0.7201027123654704,1.0,1.8280335185032979,0.0,0.0,0.0007744318527418377,1.6601818637858825,0.00042364204206490896,2.385301582959671,0.0007744318527418377,2.198964354505214
2018-01-26,252.23785400390625,0.011577603354411714,0.10419865792908278,0.5595968639911166,0.5,1.8910698849818035,0.5,0.0001,0.010847028521896151,1.6781899038139028,0.011577603354411714,2.4129176585678285,0.0218940570437923,2.247108605520017
2018-01-29,250.56553649902344,-0.00662992282219832,0.24756776901185873,0.8679088402798626,1.0,1.6180413910755214,0.5,0.0001,-0.010827489545953115,1.6600193201742337,-0.00662992282219832,2.396920200715204,-0.010727489545953116,2.22300277144568
2018-01-30,247.9954833984375,-0.01025700954926001,0.29963418162060496,1.083901688952044,0.5,1.405833123431026,0.5,0.0001,-0.00730982188584903,1.6478848746166919,-0.01025700954926001,2.372334967327654,-0.014419643771698059,2.190947863377936
2018-01-31,248.11871337890625,0.0004969041322044898,0.557224180545268,1.866299784290321,0.0,1.18287795753143,0.5,0.0001,-0.0001,1.6477200861292303,0.0004969041322044898,2.3735137903758923,0.0005877769449909746,2.1922356520197064
2018-02-01,247.83709716796875,-0.0011350059296311166,0.4529529323713444,1.6059811007120939,0.0,1.2427047954013746,0.0,0.0,-0.0,1.6477200861292303,-0.0011350059296311166,2.3708198381497545,-0.0014104773115615836,2.1891435533709362
2018-02-02,242.4417266845703,-0.02176982600688626,0.6041698719061697,2.0572308304018136,0.0,1.297080611216927,0.0,0.0,-0.0,1.6477200861292303,-0.02176982600688626,2.3192075027795602,-0.028237219223098187,2.127328226943569
2018-02-05,232.3021697998047,-0.04182265579207711,1.4372798064486196,4.488931836858072,0.0,0.8581563063120519,0.0,0.0,-0.0,1.6477200861292303,-0.04182265579207711,2.222212085680408,-0.035890375814689235,2.050977617397368
2018-02-06,236.8790740966797,0.0197023742861262,2.3628052751934425,6.712373765421001,0.0,0.5098185650800315,0.0,0.0,0.0,1.6477200861292303,0.0197023742861262,2.2659949399356365,0.01004463618722257,2.071578941392261
2018-02-07,235.59397888183594,-0.005425110764825325,1.505950528625577,3.6901562110178325,0.0,0.47376496642183985,0.0,0.0,-0.0,1.6477200861292303,-0.005425110764825325,2.253701666393952,-0.002570227419332232,2.0662545123957834
2018-02-08,226.75714111328125,-0.03750875896954431,0.9982365312470738,2.3328449007923573,0.0,0.49735644338993745,0.0,0.0,-0.0,1.6477200861292303,-0.03750875896954431,2.169168113799921,-0.018655222957062973,2.0277080737810027
2018-02-09,230.16336059570312,0.01502144305444486,0.8980632069939163,2.051736249149379,0.0,0.4244376795549041,0.0,0.0,0.0,1.6477200861292303,0.01502144305444486,2.201752149096884,0.006375666433594707,2.0406360640841372
2018-02-12,233.54322814941406,0.014684646352761233,0.7064867005422704,1.5804068313903537,0.0,0.417345686537183,0.0,0.0,0.0,1.6477200861292303,0.014684646352761233,2.234084100762804,0.0061285738136488774,2.0531422528296708
2018-02-13,234.1240692138672,0.0024870815953674796,0.9310489505361725,2.0413843975081805,0.0,0.41657311217313514,0.0,0.0,0.0,1.6477200861292303,0.0024870815953674796,2.239640450212314,0.001036051320410757,2.0552694135717062
2018-02-14,237.283935546875,0.01349654626975294,0.7315797803110491,1.6046987542346514,0.0,0.4363452878236023,0.0,0.0,0.0,1.6477200861292303,0.01349654626975294,2.269867861176215,0.005889154366699913,2.067373212413387
2018-02-15,240.31167602539062,0.01275998929947586,1.160396851991388,2.5320733415700354,0.0,0.4414524455896523,0.0,0.0,0.0,1.6477200861292303,0.01275998929947586,2.2988313507960476,0.0056329284819514125,2.0790185778644137
2018-02-16,240.38198852539062,0.00029258877955040674,1.0321720090141557,2.1701064677234245,0.0,0.4507719526551002,0.0,0.0,0.0,1.6477200861292303,0.00029258877955040674,2.2995039630553693,0.0001318908154829095,2.0792927813200524
2018-02-20,238.87705993652344,-0.0062605713435481825,0.8646884378834905,1.755244234360188,0.0,0.47388397636554874,0.0,0.0,-0.0,1.6477200861292303,-0.0062605713435481825,2.2851077544398892,-0.0029667844426008185,2.07312396784482
2018-02-21,237.68878173828125,-0.004974434123385274,0.6116011749819572,1.1840936956470531,0.0,0.49347978803931536,0.0,0.0,-0.0,1.6477200861292303,-0.004974434123385274,2.273740636450591,-0.0024547826968237024,2.068034899000184
2018-02-22,237.99681091308594,0.0012959348461967224,0.4583423552929009,0.8503845780315137,0.0,0.5160163660115719,0.0,0.0,0.0,1.6477200861292303,0.0012959348461967224,2.276687256172581,0.000668723589922198,2.0694178427219274
2018-02-23,241.7903594970703,0.01593949334627731,0.25586261004323774,0.41785114602756895,0.5,0.542123254720257,0.5,0.0001,0.004220585005737868,1.6546744288184005,0.01593949334627731,2.312976497543898,0.008641170011475737,2.087300034125669
2018-02-26,244.59805297851562,0.011612098543901439,-0.060210005771050845,-0.24159433259365562,1.0,0.5349171414559617,0.5,0.0001,0.006111510559408693,1.6647869890625078,0.011612098543901439,2.3398350085631057,0.006211510559408693,2.100265320328295
2018-02-27,241.54388427734375,-0.012486480018874646,-0.07312116821153758,-0.26371980906414577,1.0,0.5478950010137703,0.0,0.0,-0.006841279982599747,1.6533977151589418,-0.012486480018874646,2.310618705481219,-0.006841279982599747,2.0858968172341843
2018-02-28,239.09703063964844,-0.010130058332943781,-0.02928772751717723,-0.16913159590469126,1.0,0.5455768483266208,0.0,0.0,-0.00552672529865229,1.644259840177839,-0.010130058332943781,2.287212003209503,-0.00552672529865229,2.074368638523998
2018-03-01,235.6204071044922,-0.014540638693234076,0.10317334852866455,0.10650419086150001,1.0,0.5562846875821915,0.0,0.0,-0.008088734652711243,1.6309598586305312,-0.014540638693234076,2.2539544798560054,-0.008088734652711243,2.0575896210350715
2018-03-02,236.83502197265625,0.005154964644575211,0.051381764709848454,-0.0051078021169102695,1.0,0.5546172319323894,0.0,0.0,0.002859032221883637,1.6356228254189544,0.005154964644575211,2.265573535510145,0.002859032221883637,2.063472336061024
2018-03-05,239.57235717773438,0.011557983199774302,0.07720967187064431,0.048832573777055945,1.0,0.5761303566646319,0.0,0.0,0.006658904983209792,1.6465142824017884,0.011557983199774302,2.2917589963714247,0.006658904983209792,2.077212802282336
2018-03-06,240.17962646484375,0.0025348053267215676,0.09028836616570768,0.0772025920669195,1.0,0.5800050140980565,0.0,0.0,0.0014701997992609716,1.6489349873692558,0.0025348053267215676,2.297568159282989,0.0014701997992609716,2.0802667201272738
2018-03-07,240.0915985107422,-0.0003665088308997255,-0.04828934634528892,-0.21833930595960582,1.0,0.6088519703807407,0.0,0.0,-0.0002231496238552396,1.6485670281470626,-0.0003665088308997255,2.2967260802630176,-0.0002231496238552396,2.0798025093911585
2018-03-08,241.25347900390625,0.004839321743747238,0.06252216899058816,0.01527471046541062,1.0,0.6399421340037414,0.0,0.0,0.0030968858838243147,1.6536724521050694,0.004839321743747238,2.307840676722666,0.0030968858838243147,2.086243420423634
2018-03-09,245.45188903808594,0.01740248493623464,0.1609583892292985,0.2144203942805183,1.0,0.668087593877035,0.0,0.0,0.011626384288530347,1.672898683520599,0.01740248493623464,2.3480028393345616,0.011626384288530347,2.1104988881488973
2018-03-12,245.14376831054688,-0.0012553202533766017,0.08018086921611456,0.03191036524421123,1.0,0.6371960269843839,0.0,0.0,-0.0007998850780446008,1.6715605568265703,-0.0012553202533766017,2.345055343815359,-0.0007998850780446008,2.108810731581037
2018-03-13,243.55953979492188,-0.006462446614666217,0.06517035484358136,-0.011443054944590464,1.0,0.6667119695465122,0.0,0.0,-0.004308590510553305,1.664358486873612,-0.006462446614666217,2.329900548847515,-0.004308590510553305,2.099724729674394
2018-03-14,242.30966186523438,-0.005131714121072384,0.15390861073267192,0.16766978983578087,1.0,0.6818768348889688,0.0,0.0,-0.0034991969824318633,1.6585345686786592,-0.005131714121072384,2.3179441653003,-0.0034991969824318633,2.09237737923638
2018-03-15,242.04562377929688,-0.00108967213236566,0.1402110863551833,0.12342704387768465,1.0,0.7052527212811156,0.0,0.0,-0.0007684942366550777,1.6572599944213364,-0.00108967213236566,2.3154183661389927,-0.0007684942366550777,2.0907693992795293
2018-03-16,242.30807495117188,0.0010843045529065343,0.2761217766959785,0.41408042834977776,1.0,0.7404755402662181,0.0,0.0,0.000802900999626586,1.6585906101274985,0.0010843045529065343,2.3179289848152806,0.000802900999626586,2.0924480801201994
2018-03-19,239.02957153320312,-0.013530310199647344,0.1498976529532552,0.11597552630446083,1.0,0.7783346463066829,0.0,0.0,-0.01053110920366222,1.641123811288077,-0.013530310199647344,2.286566686629976,-0.01053110920366222,2.0704122808854604
2018-03-20,239.43609619140625,0.001700729560763392,-0.17196885982189603,-0.6301128032886392,1.0,0.7438135786844675,0.0,0.0,0.0012650257409658812,1.6431998751534684,0.001700729560763392,2.2904555181865844,0.0012650257409658812,2.0730314057151924
2018-03-21,238.9765625,-0.0019192331428544707,-0.4719379279784288,-1.326090238082909,1.0,0.7796098776476309,0.0,0.0,-0.001496253115678052,1.6407412322205883,-0.0019192331428544707,2.286059600043847,-0.001496253115678052,2.0699296260154925
2018-03-22,233.0028076171875,-0.024997241655497104,-0.30643323795568556,-0.9466330823510979,1.0,0.818817195410603,0.0,0.0,-0.020468171305355238,1.6071582596117375,-0.024997241655497104,2.2289144157826817,-0.020468171305355238,2.0275619518401773
2018-03-23,228.03640747070312,-0.021314765247996248,-0.10525108216365986,-0.4868754983223974,1.0,0.6612681625510585,0.0,0.0,-0.014094775650749635,1.5845057245072607,-0.021314765247996248,2.1814056282523993,-0.014094775650749635,1.9989839210109939
2018-03-26,234.27529907226562,0.027359190888691876,0.09751859413661901,-0.027217443197858803,1.0,0.6200611391208446,0.0,0.0,0.016964371067866916,1.611385867576961,0.027359190888691876,2.2410871212414234,0.016964371067866916,2.032895426005724
2018-03-27,230.28990173339844,-0.017011598553707707,0.496012210750834,0.8882954187188475,1.0,0.500621812641975,0.0,0.0,-0.008516377303894753,1.5976626975465118,-0.017011598553707707,2.2029626468109798,-0.008516377303894753,2.0155825215384975
2018-03-28,229.60943603515625,-0.0029548221312367673,0.8186676180144516,1.627556936755199,0.5,0.5011006956664962,0.5,0.0001,-0.0008403317127667515,1.5963201309154589,-0.0029548221312367673,2.1964532840278945,-0.0014806634255335029,2.0125981222177107
2018-03-29,232.54327392578125,0.012777514466677964,1.1225586052187593,2.3038946052097744,0.0,0.5268100751427409,0.5,0.0001,-0.0001,1.5961604989023674,0.012777514466677964,2.2245184976399432,0.006731323356328077,2.0261455709646965
2018-04-02,227.52395629882812,-0.021584445519396533,0.6228342874899226,1.0982660293060826,0.0,0.5225680519709295,0.0,0.0,-0.0,1.5961604989023674,-0.021584445519396533,2.176503499320744,-0.011279341647943704,2.0032919828413176
2018-04-03,230.44009399414062,0.012816838027739141,0.5589451019483107,0.9356289675292424,0.0,0.503414605019441,0.0,0.0,0.0,1.5961604989023674,0.012816838027739141,2.204399392138346,0.006452183453332452,2.0162175902252
2018-04-04,232.9055938720703,0.010699092485148887,0.2851719746898649,0.28937844018907705,0.5,0.5003883952403921,0.5,0.0001,0.0025768508595860953,1.6002735664560013,0.010699092485148887,2.22798446510904,0.00535370171917219,2.027011817804214
2018-04-05,234.74365234375,0.007891860565140796,0.5760944543305229,0.9538701266138868,1.0,0.5084605610339551,0.5,0.0001,0.003912699850553235,1.606534956600318,0.007891860565140796,2.2455674078489802,0.004012699850553235,2.0351456078225865
2018-04-06,229.51219177246094,-0.02228584466100192,0.5183807169571537,0.8053932191255561,0.5,0.5257051885094782,0.5,0.0001,-0.005957892084302482,1.5969633946992337,-0.02228584466100192,2.195523041421849,-0.011715784168604963,2.0113022811296526
2018-04-09,230.64332580566406,0.004928426784074791,0.3341256201977494,0.36624758360902904,0.5,0.49587964172967836,0.0,0.0,0.0012219532539889792,1.5989148093158876,0.004928426784074791,2.206343515984246,0.0024439065079779583,2.016217715864016
2018-04-10,234.31063842773438,0.01590036307905285,0.3022845216382475,0.2841459780731246,1.0,0.5159138811312397,0.5,0.0001,0.008103218027510024,1.611871164623189,0.01590036307905285,2.2414251789655095,0.008203218027510024,2.032757189378177
2018-04-11,233.08238220214844,-0.005241999398011732,0.41166702139975264,0.5341396018259249,1.0,0.5080546124982217,0.0,0.0,-0.002663221972872762,1.6075783939201245,-0.005241999398011732,2.229675629526684,-0.002663221972872762,2.0273435057659097
2018-04-12,234.99989318847656,0.008226752138928761,0.2025410775731631,0.04273308243970211,0.5,0.5305148476197347,0.5,0.0001,0.002082207078694559,1.6109257050315013,0.008226752138928761,2.24801861828101,0.004364414157389118,2.036191672464365
2018-04-13,234.31063842773438,-0.0029330003149805606,0.16111968161101853,-0.052087250212543845,1.0,0.5480483347800786,0.5,0.0001,-0.0017074259385345424,1.6081751686976784,-0.0029330003149805606,2.2414251789655095,-0.0016074259385345424,2.032918645154218
2018-04-16,236.237060546875,0.008221658786247366,0.23441399468559965,0.11747088271093398,1.0,0.5743528983606548,0.0,0.0,0.004722133553213518,1.6157691866212305,0.008221658786247366,2.2598534119818674,0.004722133553213518,2.042518358499454
2018-04-17,238.7644500732422,0.010698531045537196,0.2174814074266136,0.07643627148559146,1.0,0.5929028239941522,0.0,0.0,0.006343189269488113,1.6260183163877757,0.010698531045537196,2.2840305238683185,0.006343189269488113,2.05547443903382
2018-04-18,238.9412078857422,0.0007403020526957071,0.25615331378180795,0.16422242143909127,1.0,0.6058931316901269,0.0,0.0,0.0004485439291044314,1.6267476570322041,0.0007403020526957071,2.285721396353558,0.0004485439291044314,2.0563964096148784
2018-04-19,237.61570739746094,-0.005547391762224185,-0.0784439968341637,-0.6153605822498301,1.0,0.636710761548616,0.0,0.0,-0.0035320840335342804,1.6210018476062114,-0.005547391762224185,2.2730416043086867,-0.0035320840335342804,2.04913304468986
2018-04-20,235.60079956054688,-0.008479691258556854,-0.03569142877524989,-0.5147251705978143,1.0,0.656938324361635,0.0,0.0,-0.0055706341665003435,1.611971839329976,-0.008479691258556854,2.2537669132862943,-0.0055706341665003435,2.0377180741394056
2018-04-23,235.56553649902344,-0.00014967292805967425,-0.020152539909080502,-0.4783998442535692,1.0,0.6678938921773065,0.0,0.0,-9.996563447534983e-05,1.611810697542301,-0.00014967292805967425,2.253429585393219,-9.996563447534983e-05,2.0375143723592424
2018-04-24,232.39300537109375,-0.013467721870863869,-0.07459950540005789,-0.6022779999008653,1.0,0.7021376513367334,0.0,0.0,-0.009456194603264715,1.596569101922717,-0.013467721870863869,2.223081022481567,-0.009456194603264715,2.0182472399472644
2018-04-25,232.96743774414062,0.00247181438240629,-0.2602951545504215,-1.026609356461402,1.0,0.6852893056034316,0.0,0.0,0.0016939079616997816,1.5992735430358678,0.00247181438240629,2.2285760661261915,0.0016939079616997816,2.0216659650156896
2018-04-26,235.3357391357422,0.010165804348170715,-0.3580139901559001,-1.2384397512376482,1.0,0.7165904343254496,0.0,0.0,0.007284718153123196,1.6109238000466308,0.010165804348170715,2.2512313343894466,0.007284718153123196,2.036393231770591
2018-04-27,235.55662536621094,0.0009386004492133448,-0.41872344572384534,-1.3610585390079053,1.0,0.7155589995845243,0.0,0.0,0.0006716239984486861,1.6120057351304145,0.0009386004492133448,2.2533443411311875,0.0006716239984486861,2.037760922335327
2018-04-30,233.74508666992188,-0.007690459538010175,-0.38591983203350555,-1.267443355829406,1.0,0.7521124626609085,0.0,0.0,-0.005784090462126905,1.6026817481329527,-0.007690459538010175,2.236015087650514,-0.005784090462126905,2.025974328820352
2018-05-01,234.160400390625,0.0017767805373791745,-0.40928473667617915,-1.303132923182468,1.0,0.7667562325672206,0.0,0.0,0.0013623575509396175,1.6048651737142747,0.0017767805373791745,2.2399879957395377,0.0013623575509396175,2.02873443024523
2018-05-02,232.58750915527344,-0.006717152997379849,-0.6594954815852265,-1.8464378785334699,1.0,0.8040376184427246,0.0,0.0,-0.005400843698728703,1.5961975477535109,-0.006717152997379849,2.2249416536598607,-0.005400843698728703,2.0177775526812463
2018-05-03,232.07493591308594,-0.0022037866265867123,-0.8914474511830885,-2.328694377215561,1.0,0.8258963859148235,0.0,0.0,-0.0018200994102253864,1.5932923095382414,-0.0022037866265867123,2.2200383569985895,-0.0018200994102253864,2.014104996947645
2018-05-04,235.0794677734375,0.01294638668553505,-3.0857758057033093,-7.037427095565387,1.0,0.8673405787069692,0.0,0.0,0.011228926519996171,1.6111832718069212,0.01294638668553505,2.248779832025013,0.011228926519996171,2.036721233961927
2018-05-07,235.87481689453125,0.0033833202390107786,-2.96731918599345,-5.711597200982555,1.0,0.8135478142699468,0.0,0.0,0.002752492785422493,1.6156180421385633,0.0033833202390107786,2.256388174343783,0.002752492785422493,2.0423272944643243
2018-05-08,235.87481689453125,0.0,-2.5881696619526497,-4.432877785888979,1.0,0.8507300534900296,0.0,0.0,0.0,1.6156180421385633,0.0,2.256388174343783,0.0,2.0423272944643243
2018-05-09,238.1547088623047,0.009665686221996594,-2.296046434324472,-3.648178196939049,1.0,0.8941606391791264,0.0,0.0,0.00864267617036535,1.6295813056917665,0.009665686221996594,2.2781977144320136,0.00864267617036535,2.0599784679042776
2018-05-10,240.38160705566406,0.009350636836019444,-2.273615725294885,-3.4101109082134653,1.0,0.889822167640099,0.0,0.0,0.008320403938242179,1.64314008040533,0.009350636836019444,2.299500313900317,0.008320403938242179,2.0771183208613224
2018-05-11,241.1150665283203,0.0030512295913156517,-2.2692871065589433,-3.2318361652676657,1.0,0.8972552686821539,0.0,0.0,0.0027377318267668635,1.647638557299292,0.0030512295913156517,2.306516617303329,0.0027377318267668635,2.082804913796305
2018-05-14,241.2299346923828,0.0004764039249658403,-2.642951336168645,-3.582682276134529,1.0,0.9428033790886288,0.0,0.0,0.0004491552302688798,1.6483786027748955,0.0004764039249658403,2.3076154508728113,0.0004491552302688798,2.0837404165169664
2018-05-15,239.56858825683594,-0.006886982901460503,-2.6805398938742373,-3.4343735202005092,1.0,0.9887025680849619,0.0,0.0,-0.006809177681031222,1.6371544999829912,-0.006886982901460503,2.2917229427195043,-0.006809177681031222,2.0695518577797563
2018-05-16,240.57606506347656,0.004205379402914655,-2.6405034888541064,-3.2092116240976187,1.0,0.9741533230943779,0.0,0.0,0.0040966843202219615,1.6438614051528524,0.004205379402914655,2.3013605071800036,0.0040966843202219615,2.078030158425409
2018-05-17,240.37278747558594,-0.0008449618121278979,-2.6163563351883194,-3.0356225949933227,1.0,1.016748795259632,0.0,0.0,-0.0008591139045214356,1.6424491409625794,-0.0008449618121278979,2.299415945435497,-0.0008591139045214356,2.076244893822291
2018-05-18,239.77178955078125,-0.0025002743909425806,-2.4954997476049456,-2.7719173937107033,1.0,1.0635133399184926,0.0,0.0,-0.002659075168224019,1.6380817452367749,-0.0025002743909425806,2.293666774633,-0.002659075168224019,2.070724002581976
2018-05-21,241.57461547851562,0.007518924270082161,-2.368439231736036,-2.5316626944738974,1.0,1.1023978202888407,0.0,0.0,0.008288845726255437,1.651659552110038,0.007518924270082161,2.310912681412269,0.008288845726255437,2.0878879143810325
2018-05-22,240.90296936035156,-0.0027802843309245873,-2.1933232644683596,-2.258812993928955,1.0,1.1089103662371451,0.0,0.0,-0.00308308611564898,1.6465673434771484,-0.0027802843309245873,2.3044876870940034,-0.00308308611564898,2.081450776141173
2018-05-23,241.5657958984375,0.0027514253553864165,-2.183462611361519,-2.1850917157309326,1.0,1.1427682510985353,0.0,0.0,0.003144241541403101,1.651744548919227,0.0027514253553864165,2.3108283129474496,0.003144241541403101,2.087995360137902
2018-05-24,241.0708770751953,-0.002048795117708946,-2.1025748977596725,-2.041732865578166,1.0,1.1979017184738374,0.0,0.0,-0.002454255192304354,1.6476907462836816,-0.002048795117708946,2.3060938991820192,-0.002454255192304354,2.082870886683776
2018-05-25,240.49649047851562,-0.0023826461480891403,-2.1512811323671794,-2.041515084451915,1.0,1.2419232186933256,0.0,0.0,-0.002959063573242119,1.6428151246163853,-0.0023826461480891403,2.3005992934360013,-0.002959063573242119,2.0767075393152234
2018-05-29,237.7305450439453,-0.01150098044701986,-2.048506202339884,-1.8872106407929274,1.0,1.2860733894635714,0.0,0.0,-0.014791104905653092,1.618516073767591,-0.01150098044701986,2.274140145945766,-0.014791104905653092,2.045990740242851
2018-05-30,240.90296936035156,0.013344622231105552,-1.8667154301313733,-1.6631329114925917,1.0,1.1308906309141138,0.0,0.0,0.015091308254245466,1.6429415987512688,0.013344622231105552,2.304487687094004,0.015091308254245466,2.0768674171891877
2018-05-31,239.42718505859375,-0.006126052765876411,-1.5921970580784235,-1.359414382849707,1.0,0.9943205427720756,0.0,0.0,-0.006091260111216607,1.6329340141257367,-0.006126052765876411,2.2903702739245535,-0.006091260111216607,2.064216677534578
2018-06-01,241.77789306640625,0.009818049722454036,-1.5006213670905044,-1.2468038426513495,1.0,1.0041333247927207,0.0,0.0,0.00985863091078802,1.6490325078726737,0.009818049722454036,2.3128572431567753,0.00985863091078802,2.0845670278782844
2018-06-04,242.92665100097656,0.004751294338787293,-1.2858856040878592,-1.0164864377070946,1.0,0.9780713364353574,0.0,0.0,0.004647104803735435,1.656695734761525,0.004751294338787293,2.3238463086826093,0.004647104803735435,2.0942542293272464
2018-06-05,243.10336303710938,0.0007274295982127033,-2.4674670964842758,-2.1557256203513226,1.0,1.0168318417231856,0.0,0.0,0.00073967357807458,1.6579211488234367,0.0007274295982127033,2.325536743269242,0.00073967357807458,2.0958032938464504
2018-06-06,245.13583374023438,0.008360520717332731,-2.485309860977388,-2.1159088723014388,1.0,1.0685313257705527,0.0,0.0,0.008933478286223715,1.6727321514067222,0.008360520717332731,2.3449794413902634,0.008933478286223715,2.114526107064224
2018-06-07,245.10931396484375,-0.00010818400144108065,-2.1859280444023064,-1.7786556692302404,1.0,1.0720295515330949,0.0,0.0,-0.00011597644654793737,1.6725381538757755,-0.00010818400144108065,2.3447257521309965,-0.00011597644654793737,2.1142808718401938
2018-06-08,245.8340301513672,0.002956706029650924,-2.0864668405459614,-1.6484606016259973,1.0,1.121881526824088,0.0,0.0,0.003317073874914766,1.6780860864907952,0.002956706029650924,2.3516584169002,0.003317073874914766,2.121294097684407
2018-06-11,246.16091918945312,0.0013297143519335197,-2.0090197013256734,-1.545125405658477,1.0,1.177790809906769,0.0,0.0,0.0015661253435084348,1.6807141796394371,0.0013297143519335197,2.3547854508479977,0.0015661253435084348,2.124616310131825
2018-06-12,246.47903442382812,0.0012923060062599578,-1.8772399586531243,-1.3975214643973943,1.0,1.2376791284626825,0.0,0.0,0.0015994601715349146,1.6834024150295046,0.0012923060062599578,2.3578285542295823,0.0015994601715349146,2.1280145492996745
2018-06-13,245.69264221191406,-0.0031905034590562487,-1.7192583874031513,-1.2316941263430645,1.0,1.3005942408907578,0.0,0.0,-0.004149550424390598,1.6764170518237989,-0.0031905034590562487,2.350305894071451,-0.004149550424390598,2.1191842456235186
2018-06-14,246.3112335205078,0.0025177445405963894,-1.0634339790119505,-0.621499269278103,1.0,1.3190632769197392,0.0,0.0,0.003321064364165857,1.681984540754091,0.0025177445405963894,2.356223363904981,0.003321064364165857,2.1262221929027607
2018-06-15,245.9969024658203,-0.001276153954469672,-1.2330017154361492,-0.766828976987049,0.5,1.3838422947823799,0.5,0.0001,-0.0009829979084244598,1.6803311534685275,-0.001276153954469672,2.35321646014152,-0.0017659958168489197,2.1224672934044033
2018-06-18,245.49093627929688,-0.0020567990143443016,-1.6291132628181622,-1.113852574570615,1.0,1.4369544856707999,0.5,0.0001,-0.0030555265697853238,1.6751968569830662,-0.0020567990143443016,2.3483763668457622,-0.002955526569785324,2.116194284925246
2018-06-19,244.550048828125,-0.003832676942913338,-1.7243437952370968,-1.1843216576708189,1.0,1.4825588872880855,0.0,0.0,-0.005682169263820299,1.6656781048914686,-0.003832676942913338,2.33937579889127,-0.005682169263820299,2.104169710803172
2018-06-20,244.96726989746094,0.0017060764098606462,-1.0510861700640532,-0.5682203707990429,1.0,1.4957573777375628,0.0,0.0,0.0025518763770330756,1.6699287094990825,0.0017060764098606462,2.343366952755557,0.0025518763770330756,2.1095392917814393
2018-06-21,243.43157958984375,-0.0062689611892233765,-0.2900607999082112,0.11405912016465938,0.5,1.5675590130895802,0.5,0.0001,-0.005013483307437939,1.6615565497893976,-0.0062689611892233765,2.328676476276624,-0.009826966614875877,2.088808919588334
2018-06-22,243.8754425048828,0.001823357987434937,-0.8395926513218868,-0.3752855403900443,0.5,1.5038635937823612,0.0,0.0,0.0013710408478678389,1.6638346116902012,0.001823357987434937,2.332922487129795,0.0027420816957356778,2.094536604292627
2018-06-25,240.55557250976562,-0.013612973741916279,-1.4400231087805793,-0.9071148762654017,0.5,1.569640329620731,0.0,0.0,-0.010683736295689913,1.6460586414592615,-0.013612973741916279,2.3011644745705713,-0.021367472591379826,2.0497816508087623
2018-06-26,241.08824157714844,0.002214328530515175,-1.181411405434968,-0.6685150914301996,0.5,1.2260421147256042,0.0,0.0,0.0013574300171250323,1.6482930508691265,0.002214328530515175,2.3062600087200207,0.0027148600342500645,2.055346521091482
2018-06-27,239.09100341796875,-0.00828426200346466,-1.6987162415702421,-1.1191952683948971,0.5,1.2694168697985735,0.0,0.0,-0.005258090970514683,1.6396261760615896,-0.00828426200346466,2.2871543465596713,-0.010516181941029367,2.0337321231238223
2018-06-28,240.45797729492188,0.005717378978762566,-1.7448485464440466,-1.144834646033532,1.0,1.2419890167630867,0.5,0.0001,0.0070009218962952605,1.651105070859318,0.005717378978762566,2.300230874741877,0.007100921896295261,2.0481734960881113
2018-06-29,240.80419921875,0.0014398437836125044,-1.657717989143297,-1.0528869661981413,1.0,1.2204447471906128,0.0,0.0,0.0017572497824849384,1.6540064748859453,0.0014398437836125044,2.3035428478677478,0.0017572497824849384,2.0517726485186034
2018-07-02,241.31898498535156,0.002137777365476712,-1.7071771210454507,-1.0829218414096269,0.5,1.2740147701038498,0.5,0.0001,0.0012617799694055133,1.6560934671252234,0.002137777365476712,2.308467309628325,0.0027235599388110267,2.057360774307657
2018-07-03,240.46682739257812,-0.0035312496976778185,-1.8287282000674026,-1.174154647358109,0.5,1.3245600785557607,0.0,0.0,-0.0023386761884780687,1.6522204007677637,-0.0035312496976778185,2.300315535139101,-0.004677352376956137,2.047737772999693
2018-07-05,242.42852783203125,0.008157883815926636,-2.0454048044216186,-1.3450191174161514,1.0,1.3720650017615732,0.5,0.0001,0.011093146872270091,1.6705487243388415,0.008157883815926636,2.319081242014737,0.01119314687227009,2.0706584026487738
2018-07-06,244.47897338867188,0.008457938407567589,-1.8787408161663812,-1.1798498190600035,1.0,1.2853722139800803,0.0,0.0,0.010871599016642306,1.6887102602076167,0.008457938407567589,2.3386958883218427,0.010871599016642306,2.0931697705028123
2018-07-09,246.6804962158203,0.009004957754172427,-1.7384001100426367,-1.0416235286078208,1.0,1.2333071564929958,0.0,0.0,0.01110587884213795,1.7074648717569576,0.009004957754172427,2.3597557459960377,0.01110587884213795,2.116416260370042
2018-07-10,247.568115234375,0.003598253741869062,-1.5211087199764037,-0.8409129392268345,0.5,1.1967037652722996,0.5,0.0001,0.002053021900649924,1.710970334533265,0.003598253741869062,2.368246745938965,0.0043060438012998475,2.1255296414889786
2018-07-11,245.75726318359375,-0.007314560879808418,-1.4386422950559314,-0.758392945385022,0.5,1.2524613643330944,0.0,0.0,-0.004580602449511166,1.7031330596278609,-0.007314560879808418,2.3509240609373863,-0.009161204899022331,2.1060572289243527
2018-07-12,247.98536682128906,0.009066277874484552,-1.7163398266197696,-0.9830501289377575,0.5,1.1859371224316715,0.0,0.0,0.00537601774681607,1.7122891331816095,0.009066277874484552,2.372238191735656,0.01075203549363214,2.128701631001368
2018-07-13,248.1806182861328,0.0007873507511613198,-1.688137139603029,-0.9449345067254413,0.5,1.1574620966802964,0.0,0.0,0.0004556643256309938,1.7130693622547661,0.0007873507511613198,2.374105975257853,0.0009113286512619876,2.1306415777876877
2018-07-16,247.95864868164062,-0.0008943873458977514,-1.6274335778148625,-0.8801889849031396,0.5,1.215469024195667,0.0,0.0,-0.0005435500572856461,1.7121382233047782,-0.0008943873458977514,2.371982604915762,-0.0010871001145712923,2.1283253570843645
2018-07-17,248.9617462158203,0.004045422652176223,-1.7047651598581908,-0.9328560477485864,0.5,1.2670089058247571,0.0,0.0,0.0025627932640662414,1.7165260796106139,0.004045422652176223,2.3815782770762564,0.005125586528132483,2.139234272862119
2018-07-18,249.4854736328125,0.002103646142239679,-1.1865115454239792,-0.48364600538149577,0.5,1.319419148694026,0.0,0.0,0.0013877955010736748,1.718908266781373,0.002103646142239679,2.3865882750312695,0.0027755910021473496,2.1451719122613606
2018-07-19,248.54457092285156,-0.0037713727226689198,-1.157636632515242,-0.451782229705329,0.5,1.3867505716206256,0.0,0.0,-0.00261497663947778,1.7144133618183346,-0.0037713727226689198,2.377587561110575,-0.00522995327895556,2.133952763384906
2018-07-20,248.26051330566406,-0.0011428840152605257,-0.3095714780869372,0.26754524145767444,0.5,1.3888941796309058,0.0,0.0,-0.0007936724783942717,1.713052679116468,-0.0011428840152605257,2.3748702542920994,-0.0015873449567885434,2.130565444227922
2018-07-23,248.7220458984375,0.0018590656509487324,-0.45803078726812885,0.14547995780669323,0.0,1.4467906694571957,0.5,0.0001,-0.0001,1.7128813738485564,0.0018590656509487324,2.379285294007314,0.002689678837700994,2.136295981015599
2018-07-24,249.97366333007812,0.00503219337521732,0.2988858206959222,0.786303185004917,0.5,1.518863047585059,0.5,0.0001,0.0037216062829599616,1.7192560439314362,0.00503219337521732,2.3912583177015696,0.007643212565919923,2.1526241453022217
2018-07-25,252.10411071777344,0.008522687387599648,0.4309947940620198,0.8953638844321594,0.0,1.5481547598646876,0.5,0.0001,-0.0001,1.719084118327043,0.008522687387599648,2.4116382648063377,0.013194439045951134,2.1810268133762545
2018-07-26,251.50927734375,-0.0023594751086361,0.5442444854344366,0.9855585660780821,0.0,1.4790262973989867,0.0,0.0,-0.0,1.719084118327043,-0.0023594751086361,2.405948064349493,-0.0034897257337311227,2.173415627979658
2018-07-27,249.8050079345703,-0.006776169162342138,0.7538611087233313,1.1569754376884471,0.0,1.4984545972149423,0.0,0.0,-0.0,1.719084118327043,-0.006776169162342138,2.389644953269651,-0.010153781832817703,2.151347239861116
2018-07-30,248.500244140625,-0.005223129050667685,0.5365201561259667,0.9668460152165765,0.0,1.391234120780235,0.0,0.0,-0.0,1.719084118327043,-0.005223129050667685,2.3771635292934468,-0.00726659535252736,2.135714270006269
2018-07-31,249.7251434326172,0.0049291673584797024,0.4347671087216831,0.8785666852154635,0.0,1.3780294420412815,0.0,0.0,0.0,1.719084118327043,0.0049291673584797024,2.3888809661678083,0.006792537744733882,2.1502211897972536
2018-08-01,249.30787658691406,-0.0016709044190246214,0.6375285337474175,1.0458984883409368,0.0,1.3996456872813678,0.0,0.0,-0.0,1.719084118327043,-0.0016709044190246214,2.384889374404915,-0.0023386741639471907,2.145192523053903
2018-08-02,250.6660919189453,0.0054479439263033225,0.33143524302916205,0.7900137806539784,0.0,1.4569756988578897,0.0,0.0,0.0,1.719084118327043,0.0054479439263033225,2.3978821179871095,0.007937521909364378,2.1622200357054484
2018-08-03,251.74008178710938,0.004284543872457025,0.0392922180315054,0.548006203945017,0.0,1.4666301046597472,0.0,0.0,0.0,1.719084118327043,0.004284543872457025,2.408155949122605,0.006283841028080925,2.175807082677553
2018-08-06,252.66334533691406,0.003667527011393723,-0.007418950835273108,0.5143419968074071,0.0,1.5110961893866983,0.0,0.0,0.0,1.719084118327043,0.003667527011393723,2.4169879261136606,0.005541986091389841,2.1878653752673
2018-08-07,253.49774169921875,0.0033024036834155,0.7548897489616166,1.1734537791787047,0.0,1.57103921094181,0.0,0.0,0.0,1.719084118327043,0.0033024036834155,2.424969795943629,0.005188205677004415,2.1992164708277833
2018-08-08,253.39117431640625,-0.00042038789812548494,0.9556953542910804,1.3817707407304252,0.0,1.640435938394977,0.0,0.0,-0.0,1.719084118327043,-0.00042038789812548494,2.4239503679880947,-0.0006896194161513719,2.1976998484491803
2018-08-09,253.04498291015625,-0.0013662330867835193,0.7973665225756399,1.2567495616113382,0.0,1.7067400995971866,0.0,0.0,-0.0,1.719084118327043,-0.0013662330867835193,2.420638686794628,-0.0023318047946098755,2.192575241405453
2018-08-10,251.34950256347656,-0.006700312044051304,2.9320716633275588,3.115341729233648,0.0,1.7580395484650848,0.0,0.0,-0.0,1.719084118327043,-0.006700312044051304,2.4044196522472014,-0.011779413560499124,2.166747990874427
2018-08-13,250.4086456298828,-0.003743221784798023,3.020124702249536,3.083075225051627,0.0,1.596647827331542,0.0,0.0,-0.0,1.719084118327043,-0.003743221784798023,2.3954193762251133,-0.005976606929917861,2.153798189816781
2018-08-14,252.00645446777344,0.006380805398597422,2.6710729646795244,2.6873577037469367,0.0,1.615835086959933,0.0,0.0,0.0,1.719084118327043,0.006380805398597422,2.4107040811128355,0.010310329246117075,2.176004558283483
2018-08-15,250.12457275390625,-0.0074675933116142845,2.339907691929678,2.3537935394159137,0.0,1.5619709519038318,0.0,0.0,-0.0,1.719084118327043,-0.0074675933116142845,2.392701923440436,-0.011664163833372852,2.150623284613498
2018-08-16,252.14846801757812,0.008091549108464324,2.342104442979746,2.305562313903784,0.0,1.4496919649823883,0.0,0.0,0.0,1.719084118327043,0.008091549108464324,2.4120625885558713,0.011730253726801138,2.1758506414127807
2018-08-17,253.03616333007812,0.003520526297380089,2.139354391434665,2.1104984589294116,0.0,1.3642857646615494,0.0,0.0,0.0,1.719084118327043,0.003520526297380089,2.420554318329809,0.004803003911632288,2.1863012605546137
2018-08-20,253.5775604248047,0.002139603634522036,2.2078141744127926,2.1325235659220674,0.0,1.4156568971963976,0.0,0.0,0.0,1.719084118327043,0.002139603634522036,2.4257333451468654,0.0030289446424776006,2.1929234460446128
2018-08-21,254.1722869873047,0.0023453438131657567,1.9853949371386577,1.928583959173225,0.0,1.48456856365011,0.0,0.0,0.0,1.719084118327043,0.0023453438131657567,2.4314225238402956,0.0034818236959771594,2.2005588188625147
2018-08-22,254.0214385986328,-0.0005934887334094752,1.9446204560639373,1.8679572709009686,0.0,1.555763948860408,0.0,0.0,-0.0,1.719084118327043,-0.0005934887334094752,2.4299795019662382,-0.000923328375493287,2.198526980463117
2018-08-23,253.68405151367188,-0.0013281835061725866,1.2613895456701876,1.3327497949216323,0.0,1.6247886205070425,0.0,0.0,-0.0,1.719084118327043,-0.0013281835061725866,2.426752043271389,-0.002158017446774364,2.1937825208820736
2018-08-24,255.2108154296875,0.006018367756687182,1.1290737893854939,1.222100864368633,0.0,1.6869277534007134,0.0,0.0,0.0,1.719084118327043,0.006018367756687182,2.4413571295220886,0.0101525515989276,2.216055011122154
2018-08-27,257.2257995605469,0.007895371234431625,0.8803328113901614,1.0266765619530474,0.0,1.6635252335633646,0.0,0.0,0.0,1.719084118327043,0.007895371234431625,2.460632550375492,0.01313414927682734,2.245161008443894
2018-08-28,257.3501281738281,0.0004833442582106162,1.0286189127374357,1.1254095834217994,0.0,1.5885375536636444,0.0,0.0,0.0,1.719084118327043,0.0004833442582106162,2.461821882990282,0.0007678105055152611,2.2468848666527506
2018-08-29,258.73480224609375,0.005380506635420668,0.9547147493649959,1.060662039140553,0.0,1.6625215741604384,0.0,0.0,0.0,1.719084118327043,0.005380506635420668,2.4750677319669347,0.008945208361300253,2.2669837199488114
2018-08-30,257.6874694824219,-0.004047900609349453,0.9339229100387563,1.03687245996125,0.0,1.6953359091938103,0.0,0.0,-0.0,1.719084118327043,-0.004047900609349453,2.4650489037865246,-0.006862551259877633,2.2514264279653546
2018-08-31,257.69635009765625,3.446273601204197e-05,0.7653155866695087,0.9066566779748202,0.0,1.6325162608497168,0.0,0.0,0.0,1.719084118327043,3.446273601204197e-05,2.4651338561161524,5.6260976933029644e-05,2.2515530954156846
2018-09-04,257.2524108886719,-0.0017227221449436225,0.7014475491507959,0.854518752555594,0.0,1.7073308334904416,0.0,0.0,-0.0,1.719084118327043,-0.0017227221449436225,2.4608871154319707,-0.0029412566355990362,2.2449306999333896
2018-09-05,256.5600891113281,-0.0026912158955173515,0.3156731968587927,0.5726412916492027,0.0,1.752016027632946,0.0,0.0,-0.0,1.719084118327043,-0.0026912158955173515,2.4542643369098465,-0.004715053382766951,2.234345731842591
2018-09-06,255.78782653808594,-0.0030100651115189114,0.18717503687857473,0.47802740120575327,0.0,1.7746899823819284,0.0,0.0,-0.0,1.719084118327043,-0.0030100651115189114,2.446876841454869,-0.005341932399729955,2.222410007985463
2018-09-07,255.29074096679688,-0.0019433511673201398,0.20590640146366113,0.4905827391500684,0.5,1.7974288148549027,0.5,0.0001,-0.0018465176927615653,1.7159097990872068,-0.0019433511673201398,2.4421217004887392,-0.0034930353855231306,2.214647051186429
2018-09-10,255.73458862304688,0.0017385967644933942,-0.11372160288791022,0.2614669236374214,0.5,1.8614544877707526,0.0,0.0,0.0016181593748449694,1.718686414614988,0.0017385967644933942,2.446367565375708,0.0032363187496899388,2.221814354962129
2018-09-11,256.57781982421875,0.0032972903888837113,0.2656566075796505,0.5343359905771379,0.5,1.9422591916665355,0.0,0.0,0.003202096282701557,1.7241898139943563,0.0032972903888837113,2.454433949636698,0.006404192565403114,2.2360432819358835
2018-09-12,256.64007568359375,0.00024263928743972762,0.6710663832643995,0.8230760862732406,0.0,1.984078257780135,0.5,0.0001,-0.0001,1.724017395012957,0.00024263928743972762,2.4550294917413056,0.0004814153346924282,2.2371197474608433
2018-09-13,258.1579284667969,0.005914324873697696,0.6185890229445192,0.78112010021961,0.0,2.0,0.0,0.0,0.0,1.724017395012957,0.005914324873697696,2.4695493337299728,0.011828649747395392,2.263581853396539
2018-09-14,258.2023010253906,0.00017188144814017647,0.5035192299481679,0.6950566972442814,0.0,1.9855708079733883,0.0,0.0,0.0,1.724017395012957,0.00017188144814017647,2.4699738034457077,0.0003412827858593262,2.264354374917487
2018-09-17,256.83526611328125,-0.005294433499161366,0.4821587669053784,0.6780000397361462,0.0,2.0,0.0,0.0,-0.0,1.724017395012957,-0.005294433499161366,2.456896691398694,-0.010588866998322732,2.2403774276044155
2018-09-18,258.2288818359375,0.0054261073401093984,0.379000909219549,0.6019740574725865,0.0,1.919712577554749,0.0,0.0,0.0,1.724017395012957,0.0054261073401093984,2.4702280765697826,0.010416566507970156,2.2637144680820116
2018-09-19,258.5040588378906,0.0010656321632060983,0.7826259460872507,0.8850882377195719,0.5,1.8704365483448269,0.5,0.0001,0.0008965986725762228,1.725563146720824,0.0010656321632060983,2.47286043105863,0.0019931973451524456,2.2682264977499758
2018-09-20,260.598876953125,0.008103617887671444,1.3745949690709303,1.2949152274661966,0.0,1.9661766146579003,0.5,0.0001,-0.0001,1.7253905904061517,0.008103617887671444,2.4928995470814717,0.015933143984863046,2.304366477128908
2018-09-21,260.3608703613281,-0.0009133062835097183,1.6398362757360836,1.4638857694495502,0.0,1.7767890217811142,0.0,0.0,-0.0,1.7253905904061517,-0.0009133062835097183,2.4906227662609637,-0.0016227525780637773,2.300627060487343
2018-09-24,259.4958801269531,-0.0033222743232290686,1.7104167794166827,1.491599870059027,0.0,1.8368051658292401,0.0,0.0,-0.0,1.7253905904061517,-0.0033222743232290686,2.482348234195765,-0.006102370639208996,2.2865877814616553
2018-09-25,259.255126953125,-0.0009277726247921558,1.562843052432843,1.368324656531724,0.0,1.8178667396102595,0.0,0.0,-0.0,1.7253905904061517,-0.0009277726247921558,2.480045179458877,-0.0016865669965305688,2.282731297974772
2018-09-26,258.4794921875,-0.002991781781678138,1.5524174893377527,1.3473884643067189,0.0,1.8930663128000433,0.0,0.0,-0.0,1.7253905904061517,-0.002991781781678138,2.4726254254732334,-0.005663641306143777,2.269802726704735
2018-09-27,259.2016296386719,0.002793790118745809,1.66529499673954,1.4149365650325507,0.0,1.9092940342553586,0.0,0.0,0.0,1.7253905904061517,0.002793790118745809,2.47953342195428,0.005334166806682943,2.2819102330672414
2018-09-28,259.2284240722656,0.00010337293647078027,1.45066247303253,1.260232558132983,0.0,1.970450742376845,0.0,0.0,0.0,1.7253905904061517,0.00010337293647078027,2.479789738605185,0.00020369127941052343,2.282375038282115
2018-10-01,260.1289978027344,0.003474054721011921,1.529818775505234,1.3041339733051642,0.0,2.0,0.0,0.0,0.0,1.7253905904061517,0.003474054721011921,2.488404663853703,0.006948109442023842,2.2982332298358426
2018-10-02,259.9774475097656,-0.000582596689522763,1.8206929987948186,1.489218803330881,0.0,2.0,0.0,0.0,-0.0,1.7253905904061517,-0.000582596689522763,2.486954927534349,-0.001165193379045526,2.2955553436929352
2018-10-03,260.1201477050781,0.0005488945163489856,1.4597137113742455,1.2268940551974674,0.0,2.0,0.0,0.0,0.0,1.7253905904061517,0.0005488945163489856,2.48832000345648,0.0010977890326979711,2.2980753791731927
2018-10-04,258.0871276855469,-0.007815696083012691,1.378158928733173,1.1623471202108226,0.0,2.0,0.0,0.0,-0.0,1.7253905904061517,-0.007815696083012691,2.468872050552183,-0.015631392166025382,2.262153261694249
2018-10-05,256.6424560546875,-0.0055976121080303365,0.7129829802971095,0.7101934239975679,0.0,1.8776466114561092,0.0,0.0,-0.0,1.7253905904061517,-0.0055976121080303365,2.4550522624688345,-0.01051033740688885,2.2383772676477482
2018-10-08,256.6424560546875,0.0,0.6291172038725179,0.6515757755503597,0.5,1.8134047995293128,0.5,0.0001,-0.0001,1.7252180513471111,0.0,2.4550522624688345,0.0,2.2383772676477482
2018-10-09,256.26800537109375,-0.001459036393861357,0.5876602391996286,0.621690816697937,0.5,1.9041405059371261,0.0,0.0,-0.0013891051485939222,1.7228215420695376,-0.001459036393861357,2.4514702518690608,-0.0027782102971878444,2.232158584873778
2018-10-10,248.15377807617188,-0.031663052448439366,0.9985869752644234,0.8933998517845986,0.5,1.9970391112506203,0.0,0.0,-0.03161617706055656,1.6683525111517261,-0.031663052448439366,2.3738492207083417,-0.06323235412111312,2.0910139427805565
2018-10-11,242.68785095214844,-0.02202637077056968,-0.7020182639324162,-0.23980733424394443,0.0,0.7556107972823146,0.5,0.0001,-0.0001,1.668185675900611,-0.02202637077056968,2.3215619376195917,-0.016643363579186027,2.0562124374817126
2018-10-12,246.05836486816406,0.013888268006791105,-0.518965579929688,-0.1140183740640261,0.5,0.686433589750565,0.5,0.0001,0.004666686831659771,1.6759705760271,0.013888268006791105,2.3538044120036177,0.009533373663319543,2.075815078979391
2018-10-15,244.6762237548828,-0.0056171271154378255,-0.5861446469362832,-0.15465757518436618,0.5,0.6312964976378773,0.0,0.0,-0.001773036337381326,1.672999019295422,-0.0056171271154378255,2.340582793416515,-0.003546072674762652,2.068454087849962
2018-10-16,250.02633666992188,0.021866092393181713,-0.4734302788005831,-0.07573292883779724,0.5,0.6626933872442787,0.0,0.0,0.007245257416916973,1.6851203278484672,0.021866092393181713,2.391762193031252,0.014490514833833946,2.098427052493056
2018-10-17,250.0708770751953,0.0001781428543354835,-0.9641678523402568,-0.39767661344052513,0.5,0.5678862247777813,0.0,0.0,5.058243650985796e-05,1.685205565340462,0.0001781428543354835,2.39218826837521,0.00010116487301971592,2.0986393395993628
2018-10-18,246.4595489501953,-0.014441218294740099,-1.1948832027788558,-0.5458949524378103,0.5,0.5966586295275287,0.0,0.0,-0.004308238758223751,1.677945297408288,-0.014441218294740099,2.3576421553894873,-0.008616477516447502,2.080556460914573
2018-10-19,246.32589721679688,-0.0005422866915392177,-1.2024993616118067,-0.5443184835976858,0.5,0.5953357160318133,0.0,0.0,-0.00016142131790101164,1.6776744412670146,-0.0005422866915392177,2.3563636374252077,-0.0003228426358020233,2.079884768582796
2018-10-22,245.22019958496094,-0.004488759177695312,-1.1156747123847026,-0.4801039624733115,0.5,0.625197372238598,0.0,0.0,-0.0014031802212534994,1.675320361673326,-0.004488759177695312,2.345786488521728,-0.002806360442506999,2.074047862243272
2018-10-23,243.97181701660156,-0.005090863519694899,-0.9480507888958467,-0.36336763302083913,0.5,0.6561476354625435,0.0,0.0,-0.001670179030455165,1.6725222767359647,-0.005090863519694899,2.333844409662319,-0.00334035806091033,2.067119799747914
2018-10-24,236.579833984375,-0.030298512027409963,-0.9141806933152097,-0.33717988380431224,0.5,0.6880198551112817,0.0,0.0,-0.010422988927593014,1.6550895955643932,-0.030298512027409963,2.263132396746062,-0.020845977855186028,2.0240286661783524
2018-10-25,240.82415771484375,0.01794034452974147,-0.7479792796513101,-0.2242348697953178,0.5,0.5661827837468338,0.0,0.0,0.005078757103613154,1.6634953936049819,0.01794034452974147,2.303733771660106,0.010157514207226308,2.0445877661108924
2018-10-26,236.5886993408203,-0.017587348438019124,-0.6995928458526985,-0.19048081899406671,0.5,0.5211118706046031,0.0,0.0,-0.004582488021755544,1.6558724458895415,-0.017587348438019124,2.2632172031094875,-0.009164976043511089,2.0258491682156303
2018-10-29,235.27792358398438,-0.005540314311241357,-0.5114005662118744,-0.06443489440843632,0.5,0.5224244318873376,0.0,0.0,-0.0014471977782637758,1.653476070964762,-0.005540314311241357,2.2506782684496525,-0.0028943955565275516,2.019985559384952
2018-10-30,238.7643585205078,0.014818368350989486,-0.29915709384854017,0.07636830016599234,0.5,0.5490897760748074,0.0,0.0,0.004068307279819414,1.660202919701275,0.014818368350989486,2.2840296480711064,0.008136614559638829,2.036421403297704
2018-10-31,241.31463623046875,0.010681149086754882,-0.04676029555292027,0.24130111295329798,0.5,0.5271031465955271,0.0,0.0,0.00281503364644222,1.664876446780156,0.010681149086754882,2.3084257092607223,0.00563006729288444,2.04788659283494
2018-11-01,243.8826904296875,0.010641933035367535,0.42663958933892143,0.549852183764094,0.5,0.5312915854178523,0.0,0.0,0.002826984737135517,1.66958302708442,0.010641933035367535,2.3329918210757956,0.005653969474271034,2.0594652811175975
2018-11-02,242.4381103515625,-0.005923257921994551,0.6388549623801856,0.6795212941073981,0.5,0.5393114955636459,0.0,0.0,-0.0015972405442600474,1.6669163013815524,-0.005923257921994551,2.31917290878966,-0.0031944810885200948,2.0528863582246037
2018-11-05,243.77569580078125,0.005517224364103068,0.5469896126951799,0.6051868949412552,0.5,0.5624913634361723,0.0,0.0,0.001551695527473802,1.6695028479510792,0.005517224364103068,2.331968306066602,0.003103391054947604,2.059257267385542
2018-11-06,245.31822204589844,0.0063276457484824356,0.4775714493936549,0.5457275982868169,0.5,0.5848125767546488,0.0,0.0,0.001850243407480306,1.6725918345892703,0.0063276457484824356,2.34672417540408,0.003700486814960612,2.066877521752114
2018-11-07,250.57032775878906,0.021409358298332792,0.454816555815202,0.5184065278243608,0.5,0.6070096197017771,0.0,0.0,0.006497843219365037,1.6834600741004213,0.021409358298332792,2.3969660341026655,0.012995686438730074,2.093738013932064
2018-11-08,250.11549377441406,-0.0018151949133132783,0.44043417364481874,0.49684812266703715,0.5,0.5627835235442307,0.0,0.0,-0.0005107808946170055,1.6826001948577203,-0.0018151949133132783,2.3926150735501777,-0.001021561789234011,2.0915991311803643
2018-11-09,247.67225646972656,-0.009768436444369644,0.4484393490244738,0.49078690706298794,0.5,0.5887838617297013,0.0,0.0,-0.0028757488663885555,1.6777614592547732,-0.009768436444369644,2.369242965268362,-0.005751497732777111,2.079569303519502
2018-11-12,243.04454040527344,-0.018684838303715257,0.24832353334533286,0.33826668140651833,0.5,0.594525696444338,0.0,0.0,-0.0055543082527330775,1.668442654935517,-0.018684838303715257,2.3249740435601076,-0.011108616505466155,2.056468165630165
2018-11-13,242.5897216796875,-0.0018713389933694424,0.10183681620449114,0.22177818185752368,0.5,0.561972971137342,0.0,0.0,-0.0005258209670544942,1.6675653528052239,-0.0018713389933694424,2.3206232289738216,-0.0010516419341089884,2.054305497471028
2018-11-14,240.93128967285156,-0.006836365511914466,0.389189253093976,0.41505947068188875,0.5,0.5906853119792934,0.0,0.0,-0.002019070347604839,1.6641984210486815,-0.006836365511914466,2.3047586003651173,-0.004038140695209678,2.0460099228412973
2018-11-15,243.4457550048828,0.010436441590652379,0.36723965281297843,0.38665821965999897,0.5,0.6147918863855856,0.0,0.0,0.0032081198063350787,1.6695373689649196,0.010436441590652379,2.3288120788783817,0.0064162396126701575,2.059137612756148
2018-11-16,244.07888793945312,0.0026007146214466204,0.3128120559577079,0.33429974715098393,0.5,0.6172398676665025,0.0,0.0,0.0008026323743900251,1.6708773937075045,0.0026007146214466204,2.334868654502522,0.0016052647487800502,2.0624430737787924
2018-11-19,239.95040893554688,-0.016914527261081114,0.20902434551137983,0.2449999330247606,0.5,0.6468664668339873,0.0,0.0,-0.00547072024377135,1.6617364909248888,-0.016914527261081114,2.2953754549948955,-0.0109414404875427,2.039876975628097
2018-11-20,235.5098114013672,-0.018506313674891417,0.19289321057352815,0.22093741559098382,0.5,0.6194043758170232,0.0,0.0,-0.00573144583523508,1.6522123382347191,-0.018506313674891417,2.2528965168231134,-0.01146289167047016,2.016494086835386
2018-11-21,236.3123016357422,0.0034074598828808256,0.27212832246170304,0.268728432726445,0.5,0.5973617633698909,0.0,0.0,0.0010177431221249258,1.6538938659782476,0.0034074598828808256,2.26057317132447,0.0020354862442498517,2.02059863281075
2018-11-23,234.7340545654297,-0.006678649648739987,0.2610850402916185,0.2483899543218883,0.5,0.6191708936099306,0.0,0.0,-0.0020676127355589934,1.650474253957688,-0.006678649648739987,2.245475595107853,-0.004135225471117987,2.012243001877445
2018-11-26,238.52365112304688,0.01614421292484791,0.29305953399458584,0.260780363238885,0.5,0.6475507426976765,0.0,0.0,0.005227098534877347,1.659101445512403,0.01614421292484791,2.281727031232824,0.010454197069754693,2.033279386771307
2018-11-27,239.3262176513672,0.003364725152166459,0.3111427635789541,0.2628485855992002,0.5,0.6034964732294142,0.0,0.0,0.001015299881359381,1.6607859310131947,0.003364725152166459,2.289404415565191,0.002030599762718762,2.0374081634116257
2018-11-28,244.8367462158203,0.023025177176703826,0.29936026590960374,0.24216629071176102,0.5,0.6301557031578935,0.0,0.0,0.0072547233570604405,1.6728344734979934,0.023025177176703826,2.3421183578627076,0.014509446714120881,2.0669698285935616
2018-11-29,244.30172729492188,-0.0021852067925572927,0.4024993950047806,0.3131521789773275,0.5,0.5606311116707019,0.0,0.0,-0.000612547456670882,1.671809782995821,-0.0021852067925572927,2.337000344918133,-0.001225094913341764,2.0644375943705207
2018-11-30,245.79086303710938,0.006095477746622002,0.39400637569340624,0.2961035587146392,0.5,0.5872717417973365,0.0,0.0,0.0017898509166728036,1.6748020732684183,0.006095477746622002,2.3512454785144294,0.003579701833345607,2.0718276654119165
2018-12-03,249.04547119140625,0.013241371603815555,0.6448076288286764,0.48639872682659135,0.5,0.6127946207080608,0.0,0.0,0.0040571206448073195,1.6815969473358416,0.013241371603815555,2.38237919362723,0.008114241289614639,2.0886389749995677
2018-12-04,240.97573852539062,-0.03240264770690637,0.8037952019070791,0.60244779206759,0.5,0.6171597561271119,0.0,0.0,-0.00999880507833353,1.66478298723911,-0.03240264770690637,2.3051837999118634,-0.01999761015666706,2.046871187019506
2018-12-06,240.61019897460938,-0.0015169143292934617,0.8430816371954233,0.6228849957785648,0.5,0.48059084397241364,0.0,0.0,-0.00036450756887449625,1.664176161239728,-0.0015169143292934617,2.301687033574122,-0.0007290151377489925,2.0453789869391463
2018-12-07,235.01937866210938,-0.02323600718642016,0.7247025643849434,0.5123155085723893,0.5,0.5051766069549019,0.0,0.0,-0.005869143634807726,1.654408872315789,-0.02323600718642016,2.2482050171211037,-0.011738287269615452,2.02136974081522
2018-12-10,235.4652099609375,0.001896998032103081,0.6582524084662151,0.44399868338688386,0.5,0.4795379461572667,0.0,0.0,0.0004548412700895441,1.6551613657485205,0.001896998032103081,2.2524698576143467,0.0009096825401790882,2.023208545575686
2018-12-11,235.51873779296875,0.0002273279863302946,0.4758597652995109,0.27592574589241586,0.5,0.5018395446553079,0.0,0.0,5.704108657370155e-05,1.6552557779512775,0.0002273279863302946,2.252981907051348,0.0001140821731474031,2.0234393576032956
2018-12-12,236.7046356201172,0.005035258927851727,0.5101559758576151,0.2926992036672696,0.5,0.526772707809957,0.0,0.0,0.0013262184899743574,1.6574510087696332,0.005035258927851727,2.264326254313117,0.002652436979948715,2.0288064029820863
2018-12-13,236.6244354248047,-0.0003388197071104715,0.49494098234550643,0.26707110767318293,0.5,0.5469291931738427,0.0,0.0,-9.265519452066394e-05,1.6572974373240072,-0.0003388197071104715,2.2635590559548278,-0.00018531038904132788,2.02843044407826
2018-12-14,232.25521850585938,-0.01846477482810005,0.5616781369076345,0.3159180761585276,0.5,0.5747960897542067,0.0,0.0,-0.005306740184691907,1.648502590415373,-0.01846477482810005,2.221762947676515,-0.010613480369383813,2.006901737379375
2018-12-17,227.69876098632812,-0.019618321383019,0.6254857691509073,0.3614991586046573,0.5,0.5588500402157573,0.0,0.0,-0.0054818498469329105,1.639465746742436,-0.019618321383019,2.1781756881321135,-0.010963699693865821,1.9848986694156499
2018-12-18,227.4490509033203,-0.0010966686069179277,0.8926603251072485,0.58717061067951,0.5,0.5475796785285912,0.0,0.0,-0.0003002567216142584,1.6389734861321203,-0.0010966686069179277,2.175786951234587,-0.0006005134432285168,1.9837067110812194
2018-12-19,224.04286193847656,-0.014975613005708155,0.699712708093664,0.4012521543556499,0.5,0.5738427963990489,0.0,0.0,-0.0042968238224927666,1.631931105812474,-0.014975613005708155,2.1432032078700285,-0.008593647644985533,1.9666594345751944
2018-12-20,220.39588928222656,-0.016278013165407113,0.8506736031168476,0.5272455473485534,0.5,0.5842053204497055,0.0,0.0,-0.0047548509487905935,1.6241715166456405,-0.016278013165407113,2.1083161178361776,-0.009509701897581187,1.947957089618319
2018-12-21,215.8800506591797,-0.020489668104762826,0.8758471345559367,0.5417980280198638,0.5,0.5930668552957594,0.0,0.0,-0.006075871514472756,1.6143032591930353,-0.020489668104762826,2.0651174203217924,-0.012151743028945512,1.9242860156338646
2018-12-24,210.1759033203125,-0.026422762647358322,0.7759628706309243,0.44042515270177957,0.5,0.5881469011626217,0.0,0.0,-0.007770232985599633,1.6017597467596925,-0.026422762647358322,2.010551312885705,-0.015540465971199267,1.8943817142890518
2018-12-26,220.7949981689453,0.05052479699563417,0.9973342012986255,0.6311259682540786,0.5,0.5613385596403977,0.0,0.0,0.014180758385826388,1.6244739147206342,0.05052479699563417,2.112134009818561,0.028361516771652776,1.9481092530507733
2018-12-27,222.49009704589844,0.007677252161555348,1.5294272673300044,1.1091583474646434,0.5,0.3413459681655216,0.0,0.0,0.0013102995359684769,1.6266024621372854,0.007677252161555348,2.128349395210935,0.0026205990719369537,1.95321446635135
2018-12-28,222.20309448242188,-0.0012899565746395947,1.3564028935061678,0.9347941725146458,0.0,0.354169783878451,0.5,0.0001,-0.0001,1.6264398018910717,-0.0012899565746395947,2.1256039169154524,-0.0004568636412526922,1.9523221136781053
2018-12-31,224.14935302734375,0.008758917374464659,1.1198992105208365,0.7003594953170952,0.0,0.37226735840243247,0.0,0.0,0.0,1.6264398018910717,0.008758917374464659,2.144221905994553,0.003260659033457128,1.958687970414288
2019-01-02,224.38255310058594,0.001040378078690063,1.2931561160140825,0.8536573849276293,0.5,0.3854469510099796,0.5,0.0001,0.0001005052791643527,1.6266032676774047,0.001040378078690063,2.146452707461397,0.0004010105583287054,1.9594734249708958
2019-01-03,219.02809143066406,-0.023863092722372192,1.0754796523417283,0.6319252093378349,0.5,0.40489831292025885,0.0,0.0,-0.004831062992174104,1.618745044827979,-0.023863092722372192,2.095231707479059,-0.009662125984348208,1.9405407458758448
2019-01-04,226.36463928222656,0.0334959219323927,0.7617020361262803,0.3119231732405937,0.5,0.3973721003862471,0.0,0.0,0.006655172426324325,1.6295180722155673,0.0334959219323927,2.1654134251830515,0.01331034485264865,1.9663700124040682
2019-01-07,228.14944458007812,0.007884647105267595,0.7786426611790227,0.31419597279717637,0.5,0.3560691962493064,0.0,0.0,0.0014037399787410264,1.6318054918796172,0.007884647105267595,2.1824869458776286,0.0028074799574820527,1.9718905568028862
2019-01-08,230.29299926757812,0.009395397352140566,0.6087530320440346,0.12450575376784226,0.5,0.37186790806491327,0.0,0.0,0.0017469233793895689,1.6346561310439982,0.009395397352140566,2.2029922779500084,0.0034938467587791377,1.978780040233439
2019-01-09,231.36927795410156,0.0046735189082882655,0.7128282103404251,0.2171892126230752,1.0,0.38755367596628026,0.5,0.0001,0.0017112394326050343,1.6374534190741903,0.0046735189082882655,2.213288004015821,0.0018112394326050343,1.9823640846707618
2019-01-10,232.18545532226562,0.00352759612417497,0.30053879274101813,-0.24002788205520784,1.0,0.40696335623883717,0.0,0.0,0.0014356023581493596,1.6398041510639731,0.00352759612417497,2.2210955902004703,0.0014356023581493596,1.9852099712254259
2019-01-11,232.275146484375,0.00038629104473786313,0.2857494618262084,-0.2755547405680717,1.0,0.4276964052989855,0.0,0.0,0.00016521529123357366,1.640075071784357,0.00038629104473786313,2.2219535795364713,0.00016521529123357366,1.9855379582689814
2019-01-14,230.85804748535156,-0.006100949759249241,0.24101908557693497,-0.3502154967677295,1.0,0.44942680144869795,0.0,0.0,-0.0027419303360985904,1.6355781001915524,-0.006100949759249241,2.2083975523803354,-0.0027419303360985904,1.9800937515077284
2019-01-15,233.5038604736328,0.01146077867807116,0.23540368169987191,-0.3831908695528158,1.0,0.4671476547184796,0.0,0.0,0.0053538758807084984,1.644334782333183,0.01146077867807116,2.2337075079613604,0.0053538758807084984,1.9906949276854673
2019-01-16,234.0688934326172,0.002419801359336393,0.30673694068161694,-0.326489883967167,1.0,0.4814890480085054,0.0,0.0,0.0011651078528765672,1.6462506097008374,0.002419801359336393,2.239112636425485,0.0011651078528765672,1.993014301978395
2019-01-17,235.84469604492188,0.007586666413732068,0.3545624149358986,-0.29761003767930405,1.0,0.5061900331724878,0.0,0.0,0.0038402949236356347,1.6525726975603034,0.007586666413732068,2.2561000370608175,0.0038402949236356347,2.0006680646850157
2019-01-18,238.98379516601562,0.013310026359447225,0.34323901450713645,-0.33232611106145027,1.0,0.5287161582002551,0.0,0.0,0.007037226002311064,1.6642022251182842,0.013310026359447225,2.286128788023647,0.007037226002311064,2.0147472180118102
2019-01-22,235.7550506591797,-0.013510307276662914,0.44976036352918936,-0.21959982072345954,1.0,0.5411229145622523,0.0,0.0,-0.007310736850179441,1.6520356805849612,-0.013510307276662914,2.2552424856234223,-0.007310736850179441,2.000017931281295
2019-01-23,236.24838256835938,0.0020925613589202197,0.40652890041176004,-0.28311772277552055,1.0,0.5299371713199148,0.0,0.0,0.0011089260473595383,1.6538676659823293,0.0020925613589202197,2.259961718903833,0.0011089260473595383,2.002235803260479
2019-01-24,236.37384033203125,0.0005310417887647301,0.42903794818642105,-0.2652437895276135,1.0,0.5571308321854714,0.0,0.0,0.0002958597536997554,1.6543569788626387,0.0005310417887647301,2.2611618530175797,0.0002958597536997554,2.0028281842520803
2019-01-25,238.3739471435547,0.008461625062713862,0.3544874825100992,-0.36176821268041115,1.0,0.5853397834294247,0.0,0.0,0.0049529257816699245,1.6625508861953329,0.008461625062713862,2.280294956823926,0.0049529257816699245,2.0127480436021172
2019-01-28,236.562255859375,-0.007600206758705208,0.10572743447272615,-0.6781093456360767,1.0,0.6076317135621325,0.0,0.0,-0.004618126656218547,1.6548730156304745,-0.007600206758705208,2.2629642436812314,-0.004618126656218547,2.0034529182097067
2019-01-29,236.24838256835938,-0.001326810525522748,0.10257516139895095,-0.6765023229631225,1.0,0.6185040881954234,0.0,0.0,-0.0008206377342965378,1.653514964388379,-0.001326810525522748,2.2599617189038335,-0.0008206377342965378,2.0018088091461372
2019-01-30,239.98828125,0.0158303673489002,0.08713814819769716,-0.6884017937154323,1.0,0.648401536074955,0.0,0.0,0.0102644345056577,1.6704873604444685,0.0158303673489002,2.2957377431085333,0.0102644345056577,2.0223562445604664
2019-01-31,242.0959930419922,0.008782561302635328,-0.029120666157401942,-0.8300984274053759,1.0,0.6341278070537459,0.0,0.0,0.005569266339155231,1.6797907494709763,0.008782561302635328,2.3159002005721576,0.005569266339155231,2.0336192851190775
2019-02-01,242.2126007080078,0.0004816588021570034,-0.13574250889661243,-0.9582868432660064,1.0,0.6581071543387158,0.0,0.0,0.00031698310364974,1.680323214756226,0.0004816588021570034,2.3170156742886805,0.00031698310364974,2.0342639080717166
2019-02-04,243.9167022705078,0.007035561145533942,-0.03665193665713229,-0.8221788515438895,1.0,0.6898427976929867,0.0,0.0,0.004853431183975209,1.6884785478458813,0.007035561145533942,2.333317179740299,0.004853431183975209,2.044137067959587
2019-02-05,244.93914794921875,0.0041917821501908925,-0.24486392360663256,-1.0786628605292505,1.0,0.7203726286099699,0.0,0.0,0.0030196451260933645,1.6935771538633972,0.0041917821501908925,2.3430979370450684,0.0030196451260933645,2.050309636493918
2019-02-06,244.61618041992188,-0.0013185623123169732,-0.259025463023141,-1.090864019143659,1.0,0.7571162337108488,0.0,0.0,-0.0009983049318144947,1.691886447438287,-0.0013185623123169732,2.340008416411213,-0.0009983049318144947,2.0482628022720593
2019-02-07,242.28431701660156,-0.009532743906463192,-0.2538587489063895,-1.0793579067996921,1.0,0.7869639551124459,0.0,0.0,-0.007501925847704342,1.679194040766869,-0.009532743906463192,2.3177017154385964,-0.007501925847704342,2.032896886612803
2019-02-08,242.58038330078125,0.0012219787389680103,-0.22094723376724001,-1.0235991715989214,1.0,0.7645828296450087,0.0,0.0,0.0009343039620062008,1.6807629184121349,0.0012219787389680103,2.320533897658132,0.0009343039620062008,2.0347962302283156
2019-02-11,242.71485900878906,0.0005543552457869527,-0.10383139518846018,-0.8631349864192557,1.0,0.8036724446200363,0.0,0.0,0.0004455200355695414,1.6815117319673298,0.0005543552457869527,2.3218202977973252,0.0004455200355695414,2.0357027727171837
2019-02-12,245.8360137939453,0.01285934778736908,0.21878723117392784,-0.4522681295089553,1.0,0.8442195798076917,0.0,0.0,0.010856113185653694,1.6997664136525719,0.01285934778736908,2.351677392506474,0.010856113185653694,2.0578025924301504
2019-02-13,246.63426208496094,0.0032470762875478343,-0.02004475569431019,-0.7466636579274706,1.0,0.825028752778406,0.0,0.0,0.0026789312996919265,1.704319971100271,0.0032470762875478343,2.359313468403644,0.0026789312996919265,2.063315304203599
2019-02-14,246.08717346191406,-0.002218218257358018,-0.13462665373086935,-0.8971067362881502,1.0,0.8672168355868002,0.0,0.0,-0.0019236762177868866,1.7010414113043661,-0.002218218257358018,2.3540799961932004,-0.0019236762177868866,2.059346153623107
2019-02-15,248.76885986328125,0.0108973026250887,-0.11038551082526027,-0.8607316669977387,1.0,0.8971511119869446,0.0,0.0,0.009776527167756578,1.7176716888754622,0.0108973026250887,2.3797331183153854,0.009776527167756578,2.079479407241818
2019-02-19,249.19937133789062,0.001730568186251169,-0.1503524165031216,-0.9094989227252598,1.0,0.8974003809330673,0.0,0.0,0.0015530125495724465,1.720339254564331,0.001730568186251169,2.38385140874171,0.0015530125495724465,2.082708864857842
2019-02-20,249.7015380859375,0.002015120444930796,-0.24074396803244547,-1.0337264760042908,1.0,0.9421876623391896,0.0,0.0,0.0018986216213412541,1.723605527869089,0.002015120444930796,2.388655156453143,0.0018986216213412541,2.08666314093962
2019-02-21,248.81369018554688,-0.003555636489852354,-0.13478699787722803,-0.8704480583885239,1.0,0.9898228016441037,0.0,0.0,-0.003519450072013664,1.717539384269907,-0.003555636489852354,2.3801619670171843,-0.003519450072013664,2.079319234197972
2019-02-22,250.35638427734375,0.006200197789142825,-0.25092133425112984,-1.0385318854832128,1.0,1.005383734999786,0.0,0.0,0.0062335780109858295,1.728245800008694,0.006200197789142825,2.394919441982886,0.0062335780109858295,2.0922808328540885
2019-02-25,250.6970977783203,0.001360913970538613,-0.2516699587277671,-1.031221800113804,1.0,1.0428047027349467,0.0,0.0,0.0014191674884953545,1.730698470260195,0.001360913970538613,2.398178721309795,0.0014191674884953545,2.095250129788877
2019-02-26,250.51776123046875,-0.0007153515116083975,-0.21383261772631457,-0.9638069429485976,1.0,1.0945925927053841,0.0,0.0,-0.0007830184657871515,1.7293433013992718,-0.0007153515116083975,2.396463180536399,-0.0007830184657871515,2.0936095102468095
2019-02-27,250.41015625,-0.000429530345234741,-0.18288927533898214,-0.9005004763522498,1.0,1.1382778950526444,0.0,0.0,-0.0004889248972350367,1.728497782403351,-0.000429530345234741,2.395433826879121,-0.0004889248972350367,2.0925858924321616
2019-02-28,249.9437255859375,-0.0018626667186646406,-0.1375764452603665,-0.8150480481638747,1.0,1.1872862242080795,0.0,0.0,-0.002211518535361394,1.7246751775192348,-0.0018626667186646406,2.39097193201303,-0.002211518535361394,2.087958099944212
2019-03-01,251.5043487548828,0.006243898162623607,-0.1864176880525843,-0.8788936908914192,1.0,1.2262125452160664,0.0,0.0,0.007656346258060613,1.7378798878610042,0.006243898162623607,2.4059009172662105,0.007656346258060613,2.103944230129707
2019-03-04,250.5895538330078,-0.0036372926607586287,-0.09878917111319296,-0.7271894001503785,1.0,1.2539473245486052,0.0,0.0,-0.00456097340055856,1.7299534639191043,-0.0036372926607586287,2.3971499515173256,-0.00456097340055856,2.0943481964598267
2019-03-05,250.24862670898438,-0.0013605001437954067,-0.019991340734522467,-0.591110398348901,1.0,1.2633004883235837,0.0,0.0,-0.0017187204960210432,1.726980157443504,-0.0013605001437954067,2.393888628663587,-0.0017187204960210432,2.0907485972887665
2019-03-06,248.7329864501953,-0.006056537766944925,-0.2690229379392486,-0.9728430697069449,1.0,1.3131635977737206,0.0,0.0,-0.007953224924093814,1.713245095811909,-0.006056537766944925,2.379389951774226,-0.007953224924093814,2.0741204034347955
2019-03-07,246.65220642089844,-0.008365517010802681,-1.2048668503656321,-2.4301393762567827,1.0,1.2815097751288027,0.0,0.0,-0.010720491823349918,1.6948782657708632,-0.008365517010802681,2.3594851246573256,-0.010720491823349918,2.0518848126091296
2019-03-08,246.15896606445312,-0.001999740296681707,-1.3687426400698222,-2.607703946371282,1.0,1.215677957097741,0.0,0.0,-0.002431040198596048,1.6907579485750475,-0.001999740296681707,2.3547667671741275,-0.002431040198596048,2.046896598146788
2019-03-11,249.7284393310547,0.014500683536617265,-1.2314345095490316,-2.3145479829675084,1.0,1.2733739876554475,0.0,0.0,0.018464793218752024,1.721977444478447,0.014500683536617265,2.388912494867463,0.018464793218752024,2.0846921205717353
2019-03-12,250.67018127441406,0.003771064064157059,-1.2219905912314513,-2.2370461531395316,1.0,1.0460353834229528,0.0,0.0,0.003944666444263048,1.728770071121459,0.003771064064157059,2.3979212369292733,0.003944666444263048,2.092915535626374
2019-03-13,252.3293914794922,0.006619096841286254,-1.1717706983891185,-2.1056269674631154,1.0,1.0914205619697754,0.0,0.0,0.007224218394249009,1.7412590836686819,0.006619096841286254,2.413793309814285,0.007224218394249009,2.108035214536456
2019-03-14,252.1680145263672,-0.0006395487746345685,-1.1708398537318052,-2.0591213817522913,1.0,1.1140051492881775,0.0,0.0,-0.0007124606281638534,1.7400185051281352,-0.0006395487746345685,2.412249571260772,-0.0007124606281638534,2.1065333224433154
2019-03-15,253.41384887695312,0.004940493158602566,-0.9930472294611654,-1.7615405555508044,1.0,1.1640479917205757,0.0,0.0,0.005750971139380561,1.7500253013331153,0.004940493158602566,2.4241672737644278,0.005750971139380561,2.1186479347848306
2019-03-18,254.33261108398438,0.0036255406367997622,-1.1912137859097438,-1.9980259756945862,1.0,1.2070017174257026,0.0,0.0,0.004376033775213988,1.757683471159228,0.0036255406367997622,2.432956190725861,0.004376033775213988,2.127919209705236
2019-03-19,254.39572143554688,0.00024814101224968077,-0.9333760646428271,-1.5989479817420433,1.0,1.2637748543915712,0.0,0.0,0.00031359437162441743,1.7582346708028807,0.00024814101224968077,2.4335599069377865,0.00031359437162441743,2.1285865131926713
2019-03-20,253.63002014160156,-0.0030098827512683446,-0.7691715307985412,-1.3471993313437995,1.0,1.322910519990833,0.0,0.0,-0.003981805555591845,1.7512337222226437,-0.0030098827512683446,2.4262351769497164,-0.003981805555591845,2.120110895588883
2019-03-21,256.4947204589844,0.011294799865502636,-1.0911453186438846,-1.7562191806877399,1.0,1.343167152705855,0.0,0.0,0.01517080417572965,1.7778013460884177,0.011294799865502636,2.453639017700006,0.01517080417572965,2.1522746828166928
2019-03-22,251.55810546875,-0.0192464584900639,-0.8106650661155701,-1.3489575690661157,1.0,1.2331216168579096,0.0,0.0,-0.02373322401205624,1.7356083884927662,-0.0192464584900639,2.4064151561962417,-0.02373322401205624,2.101194265633927
2019-03-25,251.36900329589844,-0.0007517236325944587,-1.1520154973163121,-1.7755215057987337,1.0,0.8660110367665345,0.0,0.0,-0.0006510009624250327,1.7344785057614645,-0.0007517236325944587,2.4046061970534955,-0.0006510009624250327,2.0998263861447573
2019-03-26,253.24269104003906,0.00745393314041598,-1.170789786739518,-1.7692521224734818,1.0,0.9098289966636374,0.0,0.0,0.006781804510342507,1.7462413999149295,0.00745393314041598,2.4225299708753623,0.006781804510342507,2.11406699820125
2019-03-27,251.91848754882812,-0.005228989969157993,-1.001513495343747,-1.5216426636391174,1.0,0.9216705933458623,0.0,0.0,-0.00481940628747341,1.7378255531327331,-0.005228989969157993,2.4098625859576703,-0.00481940628747341,2.103878450417979
2019-03-28,252.87338256835938,0.003790492031062964,-0.9169344965349064,-1.392923591932225,1.0,0.943224764806233,0.0,0.0,0.003575285954499265,1.7440387764242185,0.003790492031062964,2.4189971508856996,0.003575285954499265,2.111400417491732
2019-03-29,254.46791076660156,0.006305638743180575,-0.8644341413454262,-1.3062065169893962,1.0,0.9822441863334961,0.0,0.0,0.006193676996608373,1.7548407892749502,0.006305638743180575,2.4342504730399677,0.006193676996608373,2.12447774968818
2019-04-01,257.48565673828125,0.011859043297791638,-0.7765716989723037,-1.1728064155528852,1.0,1.005483758861873,0.0,0.0,0.01192407543156924,1.7757656432166593,0.011859043297791638,2.4631183547974183,0.01192407543156924,2.1498101826281526
2019-04-02,257.6118469238281,0.000490086271776935,-0.7478208644617856,-1.1222682718447112,1.0,0.9637512712875004,0.0,0.0,0.0004723212674655725,1.7766043750959852,0.000490086271776935,2.4643254952888665,0.0004723212674655725,2.150825583698422
2019-04-03,258.01715087890625,0.0015733125627486189,-0.6570280049648289,-0.9836297009026868,1.0,1.0108612910325943,0.0,0.0,0.0015904007683778683,1.7794298880592412,0.0015733125627486189,2.468202649549306,0.0015904007683778683,2.1542462583593824
2019-04-04,258.7017822265625,0.002653433484263168,-0.5921907451431663,-0.8816799933869218,1.0,1.0625456232070698,0.0,0.0,0.0028193941351749145,1.7844468022495903,0.002653433484263168,2.474751861105567,0.0028193941351749145,2.160319927625923
2019-04-05,259.95391845703125,0.0048400757802748995,-0.5213968324863334,-0.7731225934166116,1.0,1.1165616944940808,0.0,0.0,0.005404243214703502,1.794090386772647,0.0048400757802748995,2.4867298476506945,0.005404243214703502,2.171994821936384
2019-04-08,260.15216064453125,0.0007626051135396494,-0.45750280881973104,-0.6692825746943988,0.5,1.1639196979927475,0.5,0.0001,0.00034380555671939685,1.7947072050168762,0.0007626051135396494,2.4886262405485047,0.0008876111134387937,2.1739227086786665
2019-04-09,258.8189392089844,-0.005124775563054351,-0.4506817696761338,-0.6475278438747044,0.5,1.2201945689149414,0.0,0.0,-0.003126611654473465,1.789095852553303,-0.005124775563054351,2.4758725896053657,-0.00625322330894693,2.160328684524908
2019-04-10,259.70172119140625,0.003410809058718378,-0.413491513851199,-0.5809393298963014,0.5,1.202199877369572,0.0,0.0,0.00205023711606113,1.7927639232743988,0.003410809058718378,2.484317318262224,0.00410047423212226,2.169187056628717
2019-04-11,259.6296081542969,-0.0002776763926651826,-0.21564357475636253,-0.2775183479975312,0.5,1.2578720200262545,0.0,0.0,-0.00017464068247767837,1.7924508337593168,-0.0002776763926651826,2.4836274819910535,-0.00034928136495535674,2.1684294000127338
2019-04-12,261.3861999511719,0.006765760690248701,0.02793739114513727,0.09238401068968029,0.5,1.3156445936715646,0.0,0.0,0.004450668237100649,1.800428437751694,0.006765760690248701,2.50043111117793,0.008901336474201297,2.1877313197227974
2019-04-15,261.2150573730469,-0.00065474986115166,0.08156541316688726,0.1850917986802725,0.5,1.3277198011703533,0.0,0.0,-0.0004346621777322992,1.7996458596060898,-0.00065474986115166,2.4987939542550666,-0.0008693243554645984,2.1858294716033497
2019-04-16,261.3861999511719,0.0006551788394058011,0.08777516991486278,0.18578210580320728,0.5,1.3811934445813108,0.0,0.0,0.0004524643590078419,1.8004601352163976,0.0006551788394058011,2.50043111117793,0.0009049287180156838,2.1878074914648886
2019-04-17,260.7466735839844,-0.0024466722700240418,0.3486126023249434,0.5717172889810342,0.5,1.449312838606835,0.0,0.0,-0.0017729967664045863,1.7972679252186186,-0.0024466722700240418,2.4943133757151053,-0.0035459935328091725,2.1800495402491227
2019-04-18,261.2601318359375,0.0019691842848676977,0.6061457856614341,0.9498493117079594,0.0,1.4792705931071242,0.5,0.0001,-0.0001,1.7970881984260967,0.0019691842848676977,2.4992251384160986,0.002912956405013467,2.186399929520638
2019-04-22,261.4853210449219,0.0008619348363714252,0.6198959219103237,0.9560702280285952,0.0,1.5535634278885264,0.0,0.0,0.0,1.7970881984260967,0.0008619348363714252,2.5013793076268347,0.0013390704390097274,2.189327673034112
2019-04-23,263.8365173339844,0.0089916951348048,0.68111141968263,1.0341455334820406,0.0,1.6326121901823742,0.0,0.0,0.0,1.7970881984260967,0.0089916951348048,2.5238709477775245,0.014679951087485864,2.2214668961887316
2019-04-24,263.2510070800781,-0.002219216126041701,0.7986795584679944,1.2002438904793051,0.0,1.5174050754580868,0.0,0.0,-0.0,1.7970881984260967,-0.002219216126041701,2.5182699326701683,-0.0033674498131941104,2.213986217904144
2019-04-25,263.0888671875,-0.0006159136649714902,1.0941315184523435,1.6405721174762562,0.0,1.540898729379057,0.0,0.0,-0.0,1.7970881984260967,-0.0006159136649714902,2.51671889580655,-0.0009490605837617676,2.211885010851739
2019-04-26,264.31396484375,0.004656592539800997,0.9850949278733747,1.4486240987344279,0.0,1.6037148704777622,0.0,0.0,0.0,1.7970881984260967,0.004656592539800997,2.5284382302415387,0.007467846701834669,2.228403029034866
2019-04-29,264.7284240722656,0.001568056492061043,1.1792212478809045,1.7265748016049738,0.0,1.6467159371332787,0.0,0.0,0.0,1.7970881984260967,0.001568056492061043,2.532402964223244,0.002582143615802222,2.234157085689723
2019-04-30,264.86346435546875,0.000510108741350157,1.174845572038317,1.6899453096253585,0.0,1.7311490362354136,0.0,0.0,0.0,1.7970881984260967,0.000510108741350157,2.5336947651119157,0.0008830742559635843,2.2361300122958743
2019-05-01,262.8726806640625,-0.007516263884302488,1.0482359456609114,1.4646265848107882,0.0,1.8134211492668064,0.0,0.0,-0.0,1.7970881984260967,-0.007516263884302488,2.5146508466550586,-0.013630151891264408,2.2056512205796666
2019-05-02,262.3050231933594,-0.0021594388175641965,0.9293896195343234,1.2580748837020217,0.0,1.5689274171417462,0.0,0.0,-0.0,1.7970881984260967,-0.0021594388175641965,2.509220612004171,-0.003388002766516621,2.198178468142372
2019-05-03,264.8725891113281,0.009788474070037356,0.9611915394249486,1.2859194065002326,0.0,1.6209310790021267,0.0,0.0,0.0,1.7970881984260967,0.009788474070037356,2.533782052900777,0.01586644183612999,2.2330557389525865
2019-05-06,263.7824401855469,-0.004115748365804084,0.9315418424437953,1.21953779062995,0.0,1.4385080052266501,0.0,0.0,-0.0,1.7970881984260967,-0.004115748365804084,2.523353643557247,-0.0059205369717076775,2.219834849890234
2019-05-07,259.37738037109375,-0.016699594602865075,1.3724679060075826,1.8669216947805678,0.0,1.4370807377569343,0.0,0.0,-0.0,1.7970881984260967,-0.016699594602865075,2.481214660670178,-0.023998665732127063,2.1665617753471915
2019-05-08,259.0170593261719,-0.00138917682184303,0.6972619943966762,0.8253245914244621,0.0,1.0399977324924423,0.0,0.0,-0.0,1.7970881984260967,-0.00138917682184303,2.477767814773558,-0.0014447407447478087,2.1634316552743345
2019-05-09,258.2333984375,-0.003025518437706598,0.6024091299771817,0.6828586388616134,0.0,1.0930754179878275,0.0,0.0,-0.0,1.7970881984260967,-0.003025518437706598,2.4702712825656046,-0.0033071198309260184,2.1562769275443237
2019-05-10,259.5305480957031,0.005023167669448769,0.4514485354168225,0.45708127377586033,0.0,1.1438184116214505,0.0,0.0,0.0,1.7970881984260967,0.005023167669448769,2.482679869406956,0.005745591664977115,2.1686660142866048
2019-05-13,253.00845336914062,-0.025130354690105494,0.4710093629008316,0.48659490636430064,0.0,1.1537036366608988,0.0,0.0,-0.0,1.7970881984260967,-0.025130354690105494,2.4202892437067742,-0.028992981596552985,2.105789920445323
2019-05-14,255.2966766357422,0.009044058552711842,-0.14481583962778766,-0.43088123940547596,0.0,0.780749122593145,0.0,0.0,0.0,1.7970881984260967,0.009044058552711842,2.442178481341357,0.0070611407797108,2.1206591995260835
2019-05-15,256.79205322265625,0.005857407180617891,-0.26847374084461695,-0.6081806447881782,0.5,0.7648055905383467,0.5,0.0001,0.0021398888788980094,1.8009337674763075,0.005857407180617891,2.4564833151143164,0.0044797777577960185,2.130159281439986
2019-05-16,259.17022705078125,0.00926108809941617,-0.13357112799331272,-0.39852676419228894,0.5,0.7812683118996274,0.0,0.0,0.0036176973328923,1.8074490007636221,0.00926108809941617,2.479233023510336,0.0072353946657846,2.145571824542188
2019-05-17,257.49468994140625,-0.0064650061407196535,-0.22373918746503252,-0.5279769931988046,0.5,0.7785354541461309,0.0,0.0,-0.0025166182459113503,1.8029003416297462,-0.0064650061407196535,2.463204766789067,-0.005033236491822701,2.1347726541390757
2019-05-20,255.79205322265625,-0.0066123177885238915,-0.34244150949516117,-0.6999862575523783,0.5,0.8010638223774409,0.0,0.0,-0.0026484442812246475,1.798125460530339,-0.0066123177885238915,2.446917274092851,-0.005296888562449295,2.123465001283937
2019-05-21,258.09820556640625,0.009015730999831328,-0.43933008998526013,-0.8342662060380358,0.5,0.8257916061731355,0.0,0.0,0.003722557491587821,1.804819085934251,0.009015730999831328,2.468978022014913,0.007445114983175642,2.139274442381245
2019-05-22,257.3055419921875,-0.003071170419334024,-0.3995320596173233,-0.7640164306836527,0.5,0.8184340406273476,0.0,0.0,-0.0012567752078753653,1.8025508340523486,-0.003071170419334024,2.4613953697477147,-0.0025135504157507305,2.1338972682171926
2019-05-23,254.16160583496094,-0.01221868807366,-0.5275016868592335,-0.9433442663702465,0.5,0.85641010936332,0.0,0.0,-0.005232103994719727,1.793119700632818,-0.01221868807366,2.4313203474988163,-0.010464207989439454,2.1115677233744714
2019-05-24,254.73812866210938,0.002268331698859427,-0.8734458662268745,-1.44117757669372,1.0,0.8301152841366125,0.5,0.0001,0.0017829768127147782,1.7963167914814684,0.002268331698859427,2.43683538851313,0.0018829768127147783,2.115543756436063
2019-05-28,252.36886596679688,-0.009300777656473858,-0.8586107471585356,-1.395599266118576,1.0,0.8648230133189537,0.0,0.0,-0.008043526559081318,1.7818680696606635,-0.009300777656473858,2.414170924379142,-0.008043526559081318,2.098527324044271
2019-05-29,250.67532348632812,-0.006710584025414468,-0.835960743166166,-1.3395322965208463,1.0,0.872881476900033,0.0,0.0,-0.00585754449496555,1.7714306981584678,-0.006710584025414468,2.3979704275393834,-0.00585754449496555,2.0862351068697804
2019-05-30,251.3599853515625,0.0027312694991763475,-0.738646556236989,-1.1777544962579192,1.0,0.904474504757105,0.0,0.0,0.0024703636276257133,1.7758067761240581,0.0027312694991763475,2.4045199310280485,0.0024703636276257133,2.0913888661964672
2019-05-31,247.97279357910156,-0.013475461369571118,-0.6680223347109493,-1.0588460272196172,1.0,0.9329648123591484,0.0,0.0,-0.01257213128811487,1.7534811001923025,-0.013475461369571118,2.3721179155851164,-0.01257213128811487,2.0650956507961435
2019-06-03,247.34219360351562,-0.002543020814841035,-0.5824220436125835,-0.9213735720556655,1.0,0.8946121833288729,0.0,0.0,-0.002275017403415708,1.7494919001728044,-0.002543020814841035,2.3660855703505264,-0.002275017403415708,2.0603975222508644
2019-06-04,252.71119689941406,0.02170678288923411,-0.36822841761182534,-0.6037428477730838,1.0,0.9403373057271752,0.0,0.0,0.020411697738067152,1.7852020000343283,0.02170678288923411,2.417445676123475,0.020411697738067152,2.1024537336953113
2019-06-05,254.9001922607422,0.008662043424215282,-0.45209840300212534,-0.7141572470066168,0.5,0.7082495809626435,0.5,0.0001,0.0029674443127403476,1.7904994875564229,0.008662043424215282,2.4383856955457377,0.006134888625480695,2.115352053191758
2019-06-06,256.5577697753906,0.006502849213047446,-0.6010327217110154,-0.9156664223050385,0.5,0.7176399279368224,0.0,0.0,0.002333352120317696,1.7946773533321405,0.006502849213047446,2.4542421500471234,0.004666704240635392,2.125223775588825
2019-06-07,259.1251525878906,0.010007035899741723,-0.6087047276992146,-0.9122230239143376,1.0,0.7413808056931714,0.5,0.0001,0.0073190243379510096,1.807812640559948,0.010007035899741723,2.478801839349304,0.00741902433795101,2.1409908625035103
2019-06-10,260.3142395019531,0.004588851765978896,-0.6270738200441879,-0.9238692313004633,0.5,0.7495377365921361,0.5,0.0001,0.0016197587831143243,1.81074086096272,0.004588851765978896,2.4901766935473137,0.0034395175662286486,2.1483548381842263
2019-06-11,260.2511901855469,-0.00024220463900426203,-0.5304269909318511,-0.771328150000903,1.0,0.7847737161545079,0.5,0.0001,-0.0002900758346212358,1.8102156087961934,-0.00024220463900426203,2.489573561200196,-0.00019007583462123578,2.147946487845296
2019-06-12,259.79180908203125,-0.0017651450630757903,-0.43543503648392257,-0.6227285113900144,0.5,0.822866059502324,0.5,0.0001,-0.0008262389812515784,1.808719938095736,-0.0017651450630757903,2.4851791027194796,-0.0014524779625031568,2.1448266429070646
2019-06-13,260.86376953125,0.004126228817630917,-0.4607263492898852,-0.6478060331696969,0.5,0.8587693317835372,0.0,0.0,0.0017717393822514387,1.8119245184415234,0.004126228817630917,2.495433520350095,0.0035434787645028773,2.1524267905697454
2019-06-14,260.5755310058594,-0.001104938895533758,-0.5350885993825703,-0.7439105372456577,0.5,0.898608432182723,0.0,0.0,-0.0004964537042866499,1.8110249818024553,-0.001104938895533758,2.492676218792241,-0.0009929074085732999,2.1502896300629772
2019-06-17,260.67462158203125,0.00038027582938959803,-0.2999942148383612,-0.39518636912154587,0.5,0.9395612158109442,0.0,0.0,0.00017864621030240296,1.8113485145522172,0.00038027582938959803,2.493624123308742,0.0003572924206048059,2.151057912249904
2019-06-18,263.40411376953125,0.01047087810441516,-0.18958491905432062,-0.22827806425494146,0.5,0.9869526813749671,0.0,0.0,0.005167130610751487,1.8207079889084992,0.01047087810441516,2.519734557542137,0.010334261221502975,2.173287506617675
2019-06-19,263.9986572265625,0.002257153271157497,-0.2849519185419349,-0.3575846248220092,0.5,0.9704651004466728,0.0,0.0,0.0010952442380086982,1.8227021088424478,0.002257153271157497,2.5254219846411416,0.0021904884760173965,2.1780480678559937
2019-06-20,266.52105712890625,0.009554593681811996,-0.33317475447236244,-0.41791398706499944,0.5,1.0202607345906856,0.0,0.0,0.004874088384260515,1.8315861200191241,0.009554593681811996,2.549551365579503,0.00974817676852103,2.1992800654317897
2019-06-21,266.1335754394531,-0.0014538501896520506,-0.7308584870980073,-0.9846805306939752,0.5,1.0232267955563612,0.0,0.0,-0.0007438092353883378,1.8302237693476449,-0.0014538501896520506,2.5458446998431272,-0.0014876184707766757,2.1960083757840425
2019-06-24,265.8077392578125,-0.0012243332360548642,-0.6866745919439006,-0.9048943197142265,1.0,1.0575009646355933,0.5,0.0001,-0.0013947335781634364,1.8276710948009829,-0.0012243332360548642,2.542727737563275,-0.0012947335781634363,2.1931651300019865
2019-06-25,263.20062255859375,-0.009808279873634751,-0.6425231800963087,-0.8261618362603591,0.5,1.0970723317403481,0.5,0.0001,-0.005480196235665202,1.8176550985472204,-0.009808279873634751,2.5177879522708,-0.010760392471330404,2.1695658124487287
2019-06-26,262.93817138671875,-0.000997152549730651,-0.6985606044379105,-0.895034908082223,0.5,1.0112050087042177,0.0,0.0,-0.000504162826364908,1.8167387044153802,-0.000997152549730651,2.515277333594512,-0.001008325652729816,2.167378183584751
2019-06-27,263.8705749511719,0.0035460943518990096,-0.6027860791773851,-0.7397004594756956,0.5,1.0593379960865497,0.0,0.0,0.0018782562423372644,1.820151005227644,0.0035460943518990096,2.5241967443406312,0.003756512484674529,2.175519966790399
2019-06-28,265.22833251953125,0.005145543676518871,-0.5682048255355019,-0.6757278233916526,0.5,1.105542227392646,0.0,0.0,0.002844307908642409,1.8253280751267364,0.005145543676518871,2.5371851089367627,0.005688615817284818,2.187895664084302
2019-07-01,267.63616943359375,0.009078354831813407,-0.5456352212283422,-0.6315957300320262,0.5,1.1420612255560711,0.0,0.0,0.00518401852262685,1.8347906096780642,0.009078354831813407,2.560218575629684,0.0103680370452537,2.2105798473806777
2019-07-02,268.3332824707031,0.002604704134664182,-0.6318071947333559,-0.7540593012698306,0.5,1.1279752929318174,0.0,0.0,0.0014690209546492734,1.837485955531075,0.002604704134664182,2.5668871875392707,0.002938041909298547,2.217074623616133
2019-07-03,270.478515625,0.007994659233265589,-0.533127216642705,-0.5874112558973228,0.5,1.1856181496344185,0.0,0.0,0.004739306543551033,1.8461943647438066,0.007994659233265589,2.5874085758938827,0.009478613087102065,2.238089416158623
2019-07-05,270.1707763671875,-0.0011377586020147046,-0.5690576027307577,-0.6335811239498599,0.5,1.1981652891723051,0.0,0.0,-0.0006816114321956131,1.8449359775587422,-0.0011377586020147046,2.5844647295297327,-0.0013632228643912262,2.2350384014939637
2019-07-08,268.6863098144531,-0.005494548939359967,-0.46686888312780717,-0.45560087026544266,0.5,1.2361027633883113,0.0,0.0,-0.003395913563757585,1.8386707344482862,-0.005494548939359967,2.570264261591282,-0.00679182712751517,2.219858407047659
2019-07-09,269.0212097167969,0.001246434559970755,-0.5081367228595495,-0.5113373577611554,0.5,1.202975193007744,0.0,0.0,0.0007497149276761706,1.8400492133449835,0.001246434559970755,2.573467927795187,0.0014994298553523413,2.223186929017841
2019-07-10,270.30657958984375,0.0047779499408244774,-0.48513307154453855,-0.46113636843993544,0.5,1.264449352216519,0.0,0.0,0.003020737853799233,1.8456075196565882,0.0047779499408244774,2.5857638287285094,0.006041475707598466,2.2366182588429524
2019-07-11,270.9403076171875,0.002344478733389943,-0.5288235067855434,-0.5225090632814686,0.5,1.3109884604572062,0.0,0.0,0.0015367922826307711,1.8484438350495618,0.002344478733389943,2.591826097034532,0.0030735845652615423,2.2434926942017146
2019-07-12,272.1532897949219,0.004476935116823677,-0.47413951442670843,-0.4185363660141489,0.5,1.377869708149349,0.0,0.0,0.0030843166414107055,1.8541450211307182,0.004476935116823677,2.603429534305046,0.006168633282821411,2.257331977904934
2019-07-15,272.2438049316406,0.00033258880238773436,-0.5121292513430014,-0.4732304362695385,0.0,1.4334285258077353,0.5,0.0001,-0.0001,1.8539596066286053,0.00033258880238773436,2.6042954058159618,0.00047674227670681024,2.258408143491364
2019-07-16,271.3657531738281,-0.0032252405450804433,-0.4822299614708281,-0.4130723990437699,0.5,1.4976817480859612,0.5,0.0001,-0.002515191948776898,1.8492965423526553,-0.0032252405450804433,2.595895926681757,-0.004830383897553797,2.247499165160939
2019-07-17,269.51904296875,-0.006805244152880197,-0.4170158884091668,-0.29381119118036414,0.0,1.4957948380990613,0.5,0.0001,-0.0001,1.84911161269842,-0.006805244152880197,2.578230221105221,-0.010179249075882017,2.224621311360929
2019-07-18,270.5058288574219,0.003661284478463589,-0.4608644808120852,-0.36008256882859874,0.0,1.3944352680768082,0.0,0.0,0.0,1.84911161269842,0.003661284478463589,2.587669855395659,0.0051054242032318314,2.235978946846976
2019-07-19,269.0030822753906,-0.005555320520739371,-0.45888189282346925,-0.3474510475408606,0.0,1.4448723823392762,0.0,0.0,-0.0,1.84911161269842,-0.005555320520739371,2.573294519947081,-0.008026729195458963,2.218031349353888
2019-07-22,269.6639709472656,0.0024568070606656445,-0.24780319049378496,0.022751592048446605,0.0,1.4118703985785988,0.0,0.0,0.0,1.84911161269842,0.0024568070606656445,2.5796166080928593,0.003468693163972719,2.225725019532869
2019-07-23,271.5920715332031,0.007150011843126691,-0.2570164792579366,0.015091661242290224,0.0,1.473235168906466,0.0,0.0,0.0,1.84911161269842,0.007150011843126691,2.5980608973914494,0.010533648905391983,2.2491700254485747
2019-07-24,272.868408203125,0.004699462185021153,-0.3444799767114848,-0.12607511835619378,0.0,1.435250047191842,0.0,0.0,0.0,1.84911161269842,0.004699462185021153,2.6102703863331227,0.006744903322827886,2.264340459826828
2019-07-25,271.5648498535156,-0.004777241741517391,-0.29863723399029674,-0.03687716373442485,0.0,1.4766234527484594,0.0,0.0,-0.0,1.84911161269842,-0.004777241741517391,2.5978004936868855,-0.007054187194973473,2.248367378350057
2019-07-26,273.38433837890625,0.00670001484497007,-0.18974001193719037,0.1630812795271597,0.0,1.4460824559091279,0.0,0.0,0.0,1.84911161269842,0.00670001484497007,2.6152057955588583,0.009688773921641934,2.2701513015716857
2019-07-29,272.88653564453125,-0.0018208897310169059,-0.18775048582163656,0.1749431948468529,0.0,1.4352822652624937,0.0,0.0,-0.0,1.84911161269842,-0.0018208897310169059,2.6104437941812293,-0.0026134907379271573,2.264218282171335
2019-07-30,272.2166442871094,-0.002454834775338588,-0.1449026745601314,0.2546448784879811,0.0,1.480015129481593,0.0,0.0,-0.0,1.84911161269842,-0.002454834775338588,2.6040355859762063,-0.003633192607878658,2.2559919410459264
2019-07-31,269.238525390625,-0.010940252769199965,-0.25433687180274855,0.06589362334302816,0.0,1.5181324440219766,0.0,0.0,-0.0,1.84911161269842,-0.010940252769199965,2.5755467784456347,-0.01660875267472374,2.2185227288609246
2019-08-01,266.8939208984375,-0.008708280097678545,-0.3060941241517563,-0.020475141602002114,0.0,1.278031672513235,0.0,0.0,-0.0,1.84911161269842,-0.008708280097678545,2.5531181956942564,-0.011129457777949828,2.1938317738206448
2019-08-02,264.8843994140625,-0.007529289080884238,0.035914176544648235,0.5869791712490088,0.0,1.225143341769243,0.0,0.0,-0.0,1.84911161269842,-0.007529289080884238,2.533895030741209,-0.009224458385701188,2.173594863917807
2019-08-05,256.91845703125,-0.030073278760219813,-0.16166948278450866,0.23562373209887777,0.0,1.2231203614520851,0.0,0.0,-0.0,1.84911161269842,-0.030073278760219813,2.457692499132593,-0.03678323958724937,2.0936430032727036
2019-08-06,260.52117919921875,0.014022823465464462,-0.7775130880602061,-0.8488793426114282,0.0,0.7289971725080511,0.0,0.0,0.0,1.84911161269842,0.014022823465464462,2.4921562871803253,0.010222598656903142,2.1150454754259935
2019-08-07,260.6751403808594,0.0005909737631077938,-0.5884441218016536,-0.5064737849762774,0.5,0.6678712309714188,0.5,0.0001,9.734718731930693e-05,1.8492916185129558,0.0005909737631077938,2.493629086159613,0.00039469437463861387,2.1158802719772494
2019-08-08,265.7896728515625,0.01962033074281866,-0.33504642064610834,-0.056051871551810135,0.5,0.6992645078854648,0.0,0.0,0.006859900460713573,1.8619775749387864,0.01962033074281866,2.5425549135799774,0.013719800921427145,2.1449097280823524
2019-08-09,263.9791564941406,-0.006811838616592958,-0.4321432042574651,-0.22556424116667928,0.0,0.6182396664865687,0.5,0.0001,-0.0001,1.8617913771812924,-0.006811838616592958,2.5252354398348453,-0.00421134883448276,2.135876764998922
2019-08-12,260.76568603515625,-0.012173197693567506,-0.2767558136538799,0.050463042996526764,0.0,0.6407924730039205,0.0,0.0,-0.0,1.8617913771812924,-0.012173197693567506,2.4944952496029327,-0.007800493454426743,2.119215872274086
2019-08-13,264.82098388671875,0.015551501093651332,-0.4707437980933804,-0.28815437638049735,0.0,0.6447049872823303,0.0,0.0,0.0,1.8617913771812924,0.015551501093651332,2.5332883952052407,0.010026130314803627,2.1404634067747064
2019-08-14,256.99090576171875,-0.02956743838830167,-0.279525984302746,0.057831584626465954,0.0,0.6127678911966018,0.0,0.0,-0.0,1.8617913771812924,-0.02956743838830167,2.4583855466602103,-0.018117976869285065,2.101682540281211
2019-08-15,257.6698303222656,0.002641823291507306,-0.8273936754881661,-0.905711162784492,0.0,0.5149985246828742,0.0,0.0,0.0,1.8617913771812924,0.002641823291507306,2.464880166856882,0.0013605350975991173,2.104541953141275
2019-08-16,261.4718017578125,0.014755206035536927,-0.7138277822012058,-0.6935630823041845,1.0,0.5373538006873734,1.0,0.0002,0.007728766043121039,1.8761807271566269,0.014755206035536927,2.501249981571764,0.007928766043121038,2.1212283739156654
2019-08-19,264.62188720703125,0.012047514982653773,-0.7419226222426878,-0.7336155236653356,0.5,0.5264823051943203,0.5,0.0001,0.0030714017299653352,1.8819432318877434,0.012047514982653773,2.5313838282001124,0.00634280345993067,2.1346829085850407
2019-08-20,262.59423828125,-0.007662438459577925,-0.7979632725349162,-0.82246971964097,0.5,0.5322759903384469,0.0,0.0,-0.0020392660097396215,1.8781054490226952,-0.007662438459577925,2.5119872553989584,-0.004078532019479243,2.1259765359909415
2019-08-21,264.7304992675781,0.008135216523829758,-0.6818163724122202,-0.6092959546073923,0.5,0.5508769092700424,0.0,0.0,0.0022407514674449578,1.882313816563609,0.008135216523829758,2.5324228156267297,0.0044815029348899155,2.135504106076492
2019-08-22,264.6489562988281,-0.0003080225700310413,-0.54181358645917,-0.3562530781829558,0.5,0.5681902363049705,0.0,0.0,-8.750770842660083e-05,1.882149099594982,-0.0003080225700310413,2.531642772242655,-0.00017501541685320166,2.1351303599351756
2019-08-23,257.8508605957031,-0.025687219017213603,-0.5010064533803495,-0.28073067825365183,0.5,0.597262543013146,0.0,0.0,-0.0076710068765783205,1.8677111209092432,-0.025687219017213603,2.466611909878712,-0.015342013753156641,2.1023731605882676
2019-08-26,260.7023010253906,0.011058487154550933,-0.22731715653594353,0.2011742642313811,0.0,0.5262549709609868,0.5,0.0001,-0.0001,1.8675243497971523,0.011058487154550933,2.493888905999368,0.005819583836390647,2.1146080974516885
2019-08-27,259.6793518066406,-0.0039238212118825055,-0.3584017714152514,-0.02776509835343791,0.0,0.5312130454341318,0.0,0.0,-0.0,1.8675243497971523,-0.0039238212118825055,2.4841033318099295,-0.0020843850157031517,2.1102004400192755
2019-08-28,261.5079040527344,0.0070415773659791014,-0.48907336863711537,-0.2538211344005473,0.0,0.5572036069386253,0.0,0.0,0.0,1.8675243497971523,0.0070415773659791014,2.5015953376059556,0.0039235923068609395,2.1184800062316698
2019-08-29,264.84814453125,0.012773000076670815,-0.17533809496847796,0.29971365895021945,0.5,0.575305624468128,0.5,0.0001,0.0035741893927202758,1.8741992355188444,0.012773000076670815,2.5335482150449957,0.007348378785440551,2.1340473997668425
2019-08-30,264.7304992675781,-0.0004441989347522268,0.05532658130787205,0.7029624556941877,0.0,0.5764991541092268,0.5,0.0001,-0.0001,1.8740118155952925,-0.0004441989347522268,2.532422815626729,-0.0002560803101408784,2.1335009122468547
2019-09-03,263.1826477050781,-0.005846895491008364,0.09403553523145236,0.7675917842771061,0.0,0.6057824737959113,0.0,0.0,-0.0,1.8740118155952925,-0.005846895491008364,2.5176160040847146,-0.003541946814569206,2.1259441654868416
2019-09-04,266.1698913574219,0.011350458240283468,0.2693010221919865,1.0710374442964232,0.0,0.6281694264666369,0.0,0.0,0.0,1.8740118155952925,0.011350458240283468,2.5461920994041476,0.007130010842932378,2.1411021704382316
2019-09-05,269.5915222167969,0.012855063515731402,-0.19485897352338544,0.25251402795643374,0.0,0.6332783094791876,0.0,0.0,0.0,1.8740118155952925,0.012855063515731402,2.5789235605652414,0.008140832891489964,2.158532525411376
2019-09-06,269.7996826171875,0.0007721325903684573,-0.3777498557813308,-0.07984395612845058,0.0,0.6359698705143346,0.0,0.0,0.0,1.8740118155952925,0.0007721325903684573,2.580914831494423,0.0004910530635165256,2.159592479420679
2019-09-09,269.9355163574219,0.0005034614530183834,-0.36746228378018664,-0.07661343270436631,0.5,0.668058384586072,0.5,0.0001,6.817082250240891e-05,1.8741395685221407,0.0005034614530183834,2.5822142226256037,0.0003363416450048178,2.1603188403077476
2019-09-10,269.8722229003906,-0.00023447621078298564,-0.3278554745389606,-0.018634328273689618,0.5,0.7015991646631816,0.0,0.0,-8.225415680936541e-05,1.8739854127521887,-0.00023447621078298564,2.5816087548192526,-0.00016450831361873082,2.15996344989845
2019-09-11,271.7911376953125,0.007110456846202151,-0.23434882618758657,0.1379305728232933,0.0,0.7360314202057845,0.5,0.0001,-0.0001,1.8737980142109134,0.007110456846202151,2.5999651724641724,0.005233519650822113,2.1712676610585513
2019-09-12,272.73260498046875,0.003463936657904121,-0.17457911754887112,0.2351604647830276,0.0,0.7635509071734703,0.0,0.0,0.0,1.8737980142109134,0.003463936657904121,2.608971287134345,0.0026448919775341304,2.1770104294763644
2019-09-13,272.55157470703125,-0.0006637646916123341,-0.06695632238036131,0.42205271822284685,0.0,0.8021630919164829,0.0,0.0,-0.0,1.8737980142109134,-0.0006637646916123341,2.607239544112515,-0.0005324475373287407,2.1758512856344505
2019-09-16,271.70977783203125,-0.003088578284329735,-0.09097907122757176,0.3662037332657143,0.0,0.8388993782047587,0.0,0.0,-0.0,1.8737980142109134,-0.003088578284329735,2.599186880674523,-0.002591006402260935,2.170213641023004
2019-09-17,272.39764404296875,0.002531621115831717,-0.16700985774786226,0.21069320930260996,0.0,0.8676121241888715,0.0,0.0,0.0,1.8737980142109134,0.002531621115831717,2.6057670370656316,0.002196465173948157,2.1749804397055383
2019-09-18,272.5606689453125,0.0005984813228341324,-0.12633224936874443,0.27745361902567456,0.0,0.9116241217853557,0.0,0.0,0.0,1.8737980142109134,0.0005984813228341324,2.6073265399689722,0.0005455900103336039,2.1761670873061125
2019-09-19,272.5425109863281,-6.661987973044514e-05,-0.28196816861824203,-0.02698066646026563,0.0,0.957558811997669,0.0,0.0,-0.0,1.8737980142109134,-6.661987973044514e-05,2.6071528401884616,-6.379245289011263e-05,2.1760282642697146
2019-09-20,271.2547912597656,-0.004724839886086962,-0.20856180425132154,0.10125856849907945,0.5,1.0044696228716248,0.5,0.0001,-0.0024729790692532908,1.8691641509417616,-0.004724839886086962,2.594834460460014,-0.004745958138506582,2.1657009252192836
2019-09-23,271.1911926269531,-0.00023446086433032143,-0.17405287085827048,0.15899765033538998,0.0,1.022231044032189,0.5,0.0001,-0.0001,1.8689772345266675,-0.00023446086433032143,2.5942260733296205,-0.00023967317412907388,2.165181864804322
2019-09-24,269.0632019042969,-0.00784682829129879,-0.07562982858443723,0.33771821753378667,0.0,1.0735315042157207,0.0,0.0,-0.0,1.8689772345266675,-0.00784682829129879,2.5738696267833925,-0.008423817378880465,2.1469427681831466
2019-09-25,270.654541015625,0.005914369189340629,0.05186891432334351,0.5766792059090365,0.0,1.0527667070340334,0.0,0.0,0.0,1.8689772345266675,0.005914369189340629,2.58909244200142,0.006226450975645679,2.160310602076756
2019-09-26,270.0907287597656,-0.0020831435295476375,0.13820771127931675,0.7364521042055593,0.0,1.0701303001487985,0.0,0.0,-0.0,1.8689772345266675,-0.0020831435295476375,2.5836989908334638,-0.0022292350105278407,2.155494762048992
2019-09-27,268.6357421875,-0.005387028940041061,0.061425720109944404,0.5700060268288794,0.0,1.1175898005458433,0.0,0.0,-0.0,1.8689772345266675,-0.005387028940041061,2.569780529597489,-0.006020488598635175,2.142517630409658
2019-09-30,269.881591796875,0.004637691169574243,0.1597445660561525,0.7561327875256795,0.0,1.1360256621373244,0.0,0.0,0.0,1.8689772345266675,0.004637691169574243,2.581698378067347,0.0052685361817040016,2.15380556206541
2019-10-01,266.67144775390625,-0.011894638762116272,0.158078450649751,0.7399700788773088,0.0,1.162846639931492,0.0,0.0,-0.0,1.8689772345266675,-0.011894638762116272,2.5509900084674944,-0.01383164071772579,2.1240148973550816
2019-10-02,261.9608459472656,-0.017664440067793552,0.3045523473141376,1.0237499570245157,0.0,1.0537008009208495,0.0,0.0,-0.0,1.8689772345266675,-0.017664440067793552,2.50592819834938,-0.018613034647252412,2.084480534479331
2019-10-03,264.1070251464844,0.008192748009566264,0.2684749707453151,0.934686660523798,0.0,0.8917678761724276,0.0,0.0,0.0,1.8689772345266675,0.008192748009566264,2.5264586366085227,0.007306029492506791,2.0997098107407934
2019-10-04,267.6808776855469,0.013531834441284918,0.6998977562573003,1.7917998291042245,0.0,0.8700182459376821,0.0,0.0,0.0,1.8689772345266675,0.013531834441284918,2.5606462566018635,0.011772942864925818,2.124429574375569
2019-10-07,266.5258483886719,-0.004314948855748457,0.5594406362610953,1.472705439478661,0.0,0.801788187315007,0.0,0.0,-0.0,1.8689772345266675,-0.004314948855748457,2.549597198966963,-0.003459675021407519,2.1170797384423623
2019-10-08,262.38818359375,-0.015524440949862273,0.5925536331991186,1.5118733349484303,0.0,0.8346050730919745,0.0,0.0,-0.0,1.8689772345266675,-0.015524440949862273,2.510016127805666,-0.012956777173671843,2.089649208012469
2019-10-09,264.8800048828125,0.009496697812126031,0.5282362557340106,1.3573771143877205,0.0,0.7768047264164,0.0,0.0,0.0,1.8689772345266675,0.009496697812126031,2.533852992474999,0.007377079745807786,2.105064716860741
2019-10-10,266.67144775390625,0.006763224245206034,0.5852074232382249,1.4459034246571463,0.0,0.7654678485304994,0.0,0.0,0.0,1.8689772345266675,0.006763224245206034,2.550990008467494,0.005177030712107174,2.115962701550902
2019-10-11,269.43603515625,0.010367016887743441,0.4851540679645052,1.2276268540817468,0.0,0.7818380048481398,0.0,0.0,0.0,1.8689772345266675,0.010367016887743441,2.577436164965741,0.008105327799740304,2.133113272858996
2019-10-14,269.13592529296875,-0.0011138445646560191,0.4762490903111223,1.1967286949543552,0.0,0.7774074656856156,0.0,0.0,-0.0,1.8689772345266675,-0.0011138445646560191,2.574565301702646,-0.0008659110801769336,2.131266186440755
2019-10-15,271.8003845214844,0.00990005041361619,0.7367916467574775,1.6855650060839185,0.0,0.8155821716468572,0.0,0.0,0.0,1.8689772345266675,0.00990005041361619,2.6000536279826494,0.00807430461575046,2.1484746788473266
2019-10-16,271.3638916015625,-0.0016059319441006359,0.751913404707738,1.6871650952030133,0.0,0.8179116830382788,0.0,0.0,-0.0,1.8689772345266675,-0.0016059319441006359,2.5958781188050972,-0.001313510499244286,2.1456526347993
2019-10-17,272.1641540527344,0.0029490380847976283,0.6625877770052329,1.499360062722163,0.0,0.8548452342537628,0.0,0.0,0.0,1.8689772345266675,0.0029490380847976283,2.603533462240946,0.0025209711524220965,2.1510617631947473
2019-10-18,270.972900390625,-0.004376967518942898,0.5798945154020694,1.340829798822543,0.0,0.8970830457798409,0.0,0.0,-0.0,1.8689772345266675,-0.004376967518942898,2.5921378808422366,-0.0039265033531727285,2.1426156119686817
2019-10-21,272.8099060058594,0.006779296426270731,0.6776115503117204,1.5268616372743768,0.0,0.9214680686039121,0.0,0.0,0.0,1.8689772345266675,0.006779296426270731,2.6097107519142315,0.0062469051844090935,2.1560003285432847
2019-10-22,271.9186096191406,-0.003267096857911045,0.6924113131209944,1.5549557643114553,0.0,0.9445235521587023,0.0,0.0,-0.0,1.8689772345266675,-0.003267096857911045,2.601184574116596,-0.003085849929480675,2.149347235081489
2019-10-23,272.70977783203125,0.0029095772959371047,0.6690904820059544,1.516553802168995,0.0,0.9762398820054747,0.0,0.0,0.0,1.8689772345266675,0.0029095772959371047,2.6087529216959875,0.0028404453960714474,2.1554523385399356
2019-10-24,273.1553649902344,0.0016339243929770486,0.6623603155220441,1.5290697143234733,0.0,1.0231811201716456,0.0,0.0,0.0,1.8689772345266675,0.0016339243929770486,2.6130154267299965,0.0016718005906820328,2.159055825032693
2019-10-25,274.2740478515625,0.004095408711332071,1.1739684367119732,2.5367563185099833,0.0,1.0754737812385315,0.0,0.0,0.0,1.8689772345266675,0.004095408711332071,2.6237167928714715,0.004404504692493524,2.168565396545405
2019-10-28,275.8199768066406,0.005636439054980347,1.115472629822555,2.424283548051066,0.0,1.1212616281241738,0.0,0.0,0.0,1.8689772345266675,0.005636439054980347,2.63850521267202,0.006319922831609944,2.1822705625068717
2019-10-29,275.7381286621094,-0.00029674480245722723,1.173990463337963,2.5440683443817553,0.0,1.1570562377748235,0.0,0.0,-0.0,1.8689772345266675,-0.00029674480245722723,2.637722249963903,-0.00034335042471039253,2.181521278982402
2019-10-30,276.5838928222656,0.0030672731560916766,1.0223785943980896,2.2379491677974306,0.0,1.209692159291371,0.0,0.0,0.0,1.8689772345266675,0.0030672731560916766,2.645812864614443,0.0037104562873289987,2.189615718327944
2019-10-31,275.84722900390625,-0.0026634371612983543,1.0596835196406502,2.301441081996753,0.0,1.2686214324446132,0.0,0.0,-0.0,1.8689772345266675,-0.0026634371612983543,2.638765908308988,-0.0033788934667925326,2.1822172400824997
2019-11-01,278.4027099609375,0.009264116831114055,1.1151963981615056,2.3987238840883323,0.0,1.29758266505797,0.0,0.0,0.0,1.8689772345266675,0.009264116831114055,2.6632117439735232,0.012020957407125372,2.208449580578626
2019-11-04,279.521240234375,0.004017670207285162,1.6386161803661423,3.37800394039743,0.0,1.2539747143472035,0.0,0.0,0.0,1.8689772345266675,0.004017670207285162,2.6739116504529776,0.005038056850521682,2.219575875117092
2019-11-05,279.2120056152344,-0.0011063009697629411,1.7279293712495551,3.50037404633999,0.0,1.3119143799495143,0.0,0.0,-0.0,1.8689772345266675,-0.0011063009697629411,2.670953499401021,-0.0014513721507840953,2.216354444505395
2019-11-06,279.2756652832031,0.00022799760285541204,1.3507595043207328,2.6736980997409407,0.0,1.3555156837007045,0.0,0.0,0.0,1.8689772345266675,0.00022799760285541204,2.6715624703962226,0.0003090543265166755,2.217039418435564
2019-11-07,280.2577819824219,0.003516656913959304,1.390766838498649,2.6786535741709736,0.0,1.4180169204132005,0.0,0.0,0.0,1.8689772345266675,0.003516656913959304,2.680957439028816,0.004986679007282361,2.2280950823617944
2019-11-08,280.948974609375,0.002466274520778411,1.9315204664025432,3.5398082691949333,0.0,1.4832685078218866,0.0,0.0,0.0,1.8689772345266675,0.002466274520778411,2.687569416051984,0.003658147328314132,2.2362457824345663
2019-11-11,280.4124450683594,-0.0019097045709514093,1.5838182800397957,2.793018722182026,0.0,1.5586753659014698,0.0,0.0,-0.0,1.8689772345266675,-0.0019097045709514093,2.6824369524534,-0.0029766094708913973,2.2295893520593304
2019-11-12,281.00347900390625,0.002107730758535986,1.4604264118543249,2.4903186024257336,0.0,1.5870652773237621,0.0,0.0,0.0,1.8689772345266675,0.002107730758535986,2.6880908073259198,0.0033451063008197385,2.2370475654491444
2019-11-13,281.0944519042969,0.0003237429682831916,1.2428827911412634,2.068820481686458,0.0,1.6677423995919176,0.0,0.0,0.0,1.8689772345266675,0.0003237429682831916,2.6889610578228984,0.00053991987477562,2.2382553918905486
2019-11-14,281.5036315917969,0.001455666181698012,1.0536623317662643,1.7252788118174873,0.0,1.745322787082795,0.0,0.0,0.0,1.8689772345266675,0.001455666181698012,2.692875287498674,0.0025406073573033447,2.2439419200067094
2019-11-15,283.54071044921875,0.007236421235147006,0.9614554359563066,1.5493216258619162,0.0,1.8348250719441652,0.0,0.0,0.0,1.8689772345266675,0.007236421235147006,2.712362067412732,0.01327756711339689,2.273736009448163
2019-11-18,283.74993896484375,0.0007379134914824448,0.7874531472595585,1.2565487619448084,0.0,1.7678036805142436,0.0,0.0,0.0,1.8689772345266675,0.0007379134914824448,2.7143635559760613,0.001304486186143782,2.2767020666634257
2019-11-19,283.66802978515625,-0.00028866677464778334,0.9197998142745138,1.4357627070052597,0.0,1.8491931384606797,0.0,0.0,-0.0,1.8689772345266675,-0.00028866677464778334,2.7135800094031364,-0.0005338006189802562,2.275486761691007
2019-11-20,282.61309814453125,-0.0037188950810705945,0.8373286683249201,1.28670279388903,0.0,1.915086451703469,0.0,0.0,-0.0,1.8689772345266675,-0.0037188950810705945,2.7034884900540757,-0.007122005585064969,2.2592807322655024
2019-11-21,282.1584167480469,-0.0016088475710062111,0.5962501994201439,0.9052496515482531,0.0,1.8436534327185328,0.0,0.0,-0.0,1.8689772345266675,-0.0016088475710062111,2.699138989163609,-0.0029661573470064744,2.252579350122543
2019-11-22,282.7859802246094,0.002224152955617509,0.42703620549036536,0.6373970860741738,0.0,1.8932757499466462,0.0,0.0,0.0,1.8689772345266675,0.002224152955617509,2.7051422871239796,0.004210934855042789,2.2620648150217235
2019-11-25,284.97760009765625,0.0077501008759561785,0.511307278507596,0.7522274839701171,0.5,1.9805077500722013,0.5,0.0001,0.007574567424336283,1.8831339286041395,0.0077501008759561785,2.7261074127330054,0.015349134848672567,2.2967855529039296
2019-11-26,285.6231994628906,0.0022654389854259716,0.5275220880560338,0.7638784355581629,0.5,1.8218922924434942,0.0,0.0,0.002063692913274293,1.8870201387473462,0.0022654389854259716,2.7322832427442694,0.004127385826548586,2.3062652730416064
2019-11-27,286.896484375,0.0044579183851443105,0.5094633921599776,0.7235778243208739,0.5,1.913700601610721,0.0,0.0,0.0042655605477910806,1.8950693374040741,0.0044579183851443105,2.7444635384455207,0.008531121095582161,2.32594030136446
2019-11-29,285.83245849609375,-0.0037087449197024114,1.1446201968738112,1.6773885024563138,0.5,1.966713627221086,0.0,0.0,-0.003647019586732852,1.8881579824123447,-0.0037087449197024114,2.734285023240002,-0.007294039173465704,2.308974801691165
2019-12-02,283.40435791015625,-0.008494838545324512,0.49589526505154957,0.6648124553470266,0.0,1.869617737490024,0.5,0.0001,-0.0001,1.8879691666141034,-0.008494838545324512,2.7110577134306797,-0.015882100821452663,2.2723034310965122
2019-12-03,281.5036315917969,-0.00670676461143882,0.33656290865665284,0.4138139720011795,0.5,1.549095329978398,0.5,0.0001,-0.005294708869422131,1.8779729195224362,-0.00670676461143882,2.6928752874986746,-0.010389417738844262,2.2486955215214413
2019-12-04,283.2406311035156,0.006170433759226102,-0.9945297774248774,-1.6084350037758544,0.5,1.4742166186467596,0.0,0.0,0.004548277996055059,1.8865144624294874,0.006170433759226102,2.709491496082042,0.009096555992110117,2.269150906242168
2019-12-05,283.74993896484375,0.0017981454826725418,-1.2421602265730893,-1.9661793936522414,1.0,1.4434871444142128,0.5,0.0001,0.002495599888024304,1.8912224477106827,0.0017981454826725418,2.7143635559760617,0.002595599888024304,2.2750407140803204
2019-12-06,286.3416748046875,0.009133872765924478,-1.0645948231850086,-1.6729785191138158,1.0,1.5124870541946287,0.0,0.0,0.013814864313121658,1.9173494292117357,0.009133872765924478,2.7391562073368094,0.013814864313121658,2.3064700928521678
2019-12-09,285.4413757324219,-0.003144142650138959,-1.0620155157456637,-1.6525440815704353,1.0,1.3977132466020148,0.0,0.0,-0.004394609831305588,1.9089234265600736,-0.003144142650138959,2.730543909479929,-0.004394609831305588,2.2963340567065074
2019-12-10,285.123046875,-0.001115216238728789,-1.2444172476546012,-1.9008194066218653,1.0,1.4203139086677135,0.0,0.0,-0.001583957135038592,1.9058997736783316,-0.001115216238728789,2.727498762571515,-0.001583957135038592,2.2926967619929552
2019-12-11,285.93243408203125,0.0028387295096004017,-0.9202659943687017,-1.3994249743770926,1.0,1.4819952431667542,0.0,0.0,0.004206983629864889,1.9139178628263593,0.0028387295096004017,2.735241393796225,0.004206983629864889,2.3023420997389037
2019-12-12,288.3968811035156,0.008618983814817405,-1.1778897044707968,-1.7572147488024057,1.0,1.5452115190865157,0.0,0.0,0.013318153073476094,1.939407713893541,0.008618983814817405,2.7588163950989735,0.013318153073476094,2.3330050442507346
2019-12-13,288.5697937011719,0.0005995647282821537,-0.768536774443958,-1.149780148019892,1.0,1.455358329051323,0.0,0.0,0.0008725815211108257,1.9411000052265843,0.0005995647282821537,2.7604704841012815,0.0008725815211108257,2.335040781341006
2019-12-16,290.5522155761719,0.006869817694962643,-0.7660751688527601,-1.136079638082224,1.0,1.5266945763705155,0.0,0.0,0.010488113415553665,1.9614584822323327,0.006869817694962643,2.7794344130793824,0.010488113415553665,2.3595309538856535
2019-12-17,290.61590576171875,0.0002192039231936338,-0.7597572340505065,-1.1153818346765074,1.0,1.5204868559687936,0.0,0.0,0.0003332966839927132,1.9621122298402498,0.0002192039231936338,2.7800436760069887,0.0003332966839927132,2.3603173777283617
2019-12-18,290.634033203125,6.237594380364975e-05,-0.6166554296007201,-0.9040820789037152,1.0,1.5873292331505386,0.0,0.0,9.901115904488844e-05,1.9623065008463023,6.237594380364975e-05,2.780217083855095,9.901115904488844e-05,2.360551075487644
2019-12-19,291.8253479003906,0.004099019939736381,-1.2389458477558022,-1.7728129273109083,1.0,1.6563540753741501,0.0,0.0,0.006789428382222258,1.9756294402977674,0.004099019939736381,2.7916132491186127,0.006789428382222258,2.3765778679572453
2019-12-20,293.104736328125,0.004384089445756745,-0.8597196908568194,-1.22483114242887,1.0,1.7183459360903903,0.0,0.0,0.007533382282572874,1.9905126121202361,0.004384089445756745,2.8038519313007084,0.007533382282572874,2.3944815375608695
2019-12-23,293.55255126953125,0.0015278324977490154,-0.7719362070563234,-1.098300116908331,1.0,1.779595666267453,0.0,0.0,0.002718924091776726,1.9959246648163151,0.0015278324977490154,2.808135747400226,0.002718924091776726,2.400991951100658
2019-12-24,293.5617370605469,3.1291811213751686e-05,-0.7830847708807065,-1.1107747797386367,1.0,1.8686474761414142,0.0,0.0,5.847336404847069e-05,1.9960413732458544,3.1291811213751686e-05,2.8082236190538965,5.847336404847069e-05,2.4011323451770923
2019-12-26,295.1244812011719,0.005323391788973897,-0.21485057407350094,-0.32065648126083646,1.0,1.9386531267465392,0.0,0.0,0.010320210136591098,2.0166409396590814,0.005323391788973897,2.8231728936091707,0.010320210136591098,2.425912535545086
2019-12-27,295.0513000488281,-0.00024796706815344294,-0.2968297917947025,-0.4397388403385979,1.0,1.9647645537292329,0.0,0.0,-0.00048719690600004556,2.0156584384327663,-0.00024796706815344294,2.822472839703852,-0.00048719690600004556,2.4247306384635414
2019-12-30,293.42462158203125,-0.005513205556212375,-0.6192749124589829,-0.8927628148086556,1.0,2.0,0.0,0.0,-0.01102641111242475,1.9934329598283784,-0.005513205556212375,2.806911966761738,-0.01102641111242475,2.3979945616069505
2019-12-31,294.1373596191406,0.002429032823716648,-0.48882498667249497,-0.7097356636961432,1.0,1.793432020711597,0.0,0.0,0.004356305245412945,2.002116962287658,0.002429032823716648,2.8137300480622853,0.004356305245412945,2.408440957894151
2020-01-02,296.88812255859375,0.009351967200001088,-0.5123144542247116,-0.7449696701911867,1.0,1.8786631174390844,0.0,0.0,0.01756919585414211,2.03729254732099,0.009351967200001088,2.8400439591814215,0.01756919585414211,2.450755328786531
2020-01-03,294.64007568359375,-0.00757203371972659,-0.19441563267708295,-0.3021299111150432,1.0,1.6745068229993665,0.0,0.0,-0.012679422127663447,2.0114608551159647,-0.00757203371972659,2.818539050556994,-0.012679422127663447,2.419681167441226
2020-01-06,295.7641296386719,0.003815007013116656,-0.7507394706373365,-1.0844215411106668,0.5,1.4539836232146217,0.5,0.0001,0.002673478859760274,2.0168384531893526,0.003815007013116656,2.8292917968016122,0.005546957719520547,2.433103036571743
2020-01-07,294.9324951171875,-0.00281181670847086,-0.8011927081552273,-1.1485842537007125,1.0,1.5100472098249267,0.5,0.0001,-0.004345975975165532,2.008073321726002,-0.00281181670847086,2.821336346854226,-0.004245975975165532,2.422772139533357
2020-01-08,296.50445556640625,0.005329899130287918,-0.7654450564715276,-1.0921942627312362,1.0,1.5321064789571783,0.0,0.0,0.00816597298970235,2.024471194232558,0.005329899130287918,2.836373784995574,0.00816597298970235,2.4425564313849897
2020-01-09,298.51483154296875,0.00678025553687589,-0.43680921818678264,-0.6307787476449609,1.0,1.5537343411268871,0.0,0.0,0.01053471586925979,2.045798423049299,0.00678025553687589,2.85560512405594,0.01053471586925979,2.4682880693842635
2020-01-10,297.65582275390625,-0.0028776084076708175,-0.28922980781052754,-0.42762172612718863,1.0,1.544068425004682,0.0,0.0,-0.004443224281812511,2.0367084818203125,-0.0028776084076708175,2.8473878107419686,-0.004443224281812511,2.4573209118998673
2020-01-13,299.7028503417969,0.006877162922436897,-0.13030938007903448,-0.20955649423709757,1.0,1.5486336385425863,0.0,0.0,0.010650205839423619,2.0583998463865987,0.006877162922436897,2.866969760619802,0.010650205839423619,2.483491885425121
2020-01-14,299.2459716796875,-0.0015244388286208554,-0.18861380586944065,-0.2952840284617616,0.5,1.537855367199454,0.5,0.0001,-0.0012721832172809156,2.055781184647572,-0.0015244388286208554,2.8625992405962313,-0.002344366434561831,2.477669670408424
2020-01-15,299.92218017578125,0.0022597079329027547,-0.06571432532291599,-0.12780063525520385,1.0,1.5760126200128093,0.5,0.0001,0.0034613282197978002,2.062896918075722,0.0022597079329027547,2.869067878808928,0.0035613282197978,2.4864934653249864
2020-01-16,302.4170837402344,0.008318503029655533,-0.19013805546998785,-0.30546315460272566,0.5,1.655717671446192,0.5,0.0001,0.006786546233089676,2.076896863384341,0.008318503029655533,2.8929342286510877,0.013773092466179353,2.5207401697394585
2020-01-17,303.3583679199219,0.003112536395252219,-0.2561158449546621,-0.4011045040671393,1.0,1.5838549633718737,0.5,0.0001,0.004829806218295827,2.086927872769874,0.003112536395252219,2.901938591726835,0.004929806218295827,2.533166930302948
2020-01-21,302.76434326171875,-0.0019581614388165525,-0.23342606429113655,-0.3721060791580139,1.0,1.6631185280436016,0.0,0.0,-0.003256654569796326,2.0801314695761826,-0.0019581614388165525,2.896256127478702,-0.003256654569796326,2.52491728064332
2020-01-22,302.8009338378906,0.00012085497181635318,-0.21122809169647372,-0.34123347723093994,1.0,1.6717102606571157,0.0,0.0,0.00020203449643682415,2.080551727890161,0.00012085497181635318,2.8966061544313613,0.00020203449643682415,2.5254274010346593
2020-01-23,303.1481628417969,0.0011467236890760901,-0.22884646303940848,-0.366459550749362,1.0,1.7421182854695207,0.0,0.0,0.001997728307120522,2.084708104971395,0.0011467236890760901,2.8999277613265715,0.001997728307120522,2.5304725188412838
2020-01-24,300.45220947265625,-0.008893187225243238,-0.3859573531118814,-0.5879217344146409,1.0,1.829166665320878,0.0,0.0,-0.016267121620872405,2.050795904683807,-0.008893187225243238,2.8741381608054137,-0.016267121620872405,2.489309014619017
2020-01-27,295.6361999511719,-0.016029203213174137,-0.7744220926576073,-1.130252388659581,1.0,1.4889399184377252,0.0,0.0,-0.02386652052484522,2.001850542132402,-0.016029203213174137,2.828068016163125,-0.02386652052484522,2.42989786992893
2020-01-28,298.73419189453125,0.01047906834099166,-0.9910240915151229,-1.4202566420742455,1.0,1.0811642443462444,0.0,0.0,0.011329594004340901,2.0245306960321323,0.01047906834099166,2.857703534177471,0.011329594004340901,2.457427626267238
2020-01-29,298.4874572753906,-0.000825933642131349,-0.9475782184393648,-1.3407049706902856,1.0,1.0115083649906729,0.0,0.0,-0.0008354387879430723,2.0228393245612857,-0.000825933642131349,2.8553432606893563,-0.0008354387879430723,2.4553745959096913
2020-01-30,299.4561462402344,0.003245325527866383,-1.073458639677539,-1.495657872818574,1.0,1.062334630154845,0.0,0.0,0.0034476216943780114,2.029813309300884,0.003245325527866383,2.8646097790640925,0.0034476216943780114,2.463839798634374
2020-01-31,294.0186767578125,-0.018157815595675753,-1.255833402815921,-1.7229047826632564,1.0,1.1063162813151486,0.0,0.0,-0.020088287026614207,1.989037836933206,-0.018157815595675753,2.8125947229422774,-0.020088287026614207,2.414345477571811
2020-02-03,296.2027893066406,0.007428482343069698,-1.3947393972360138,-1.8812246012238951,1.0,0.8811953238083964,0.0,0.0,0.006545943903706258,2.0020579670361203,0.007428482343069698,2.833488033179865,0.006545943903706258,2.430149647632163
2020-02-04,300.71728515625,0.015241233413692878,-1.4731909958905076,-1.9447239843178945,1.0,0.88142630657747,0.0,0.0,0.01343402407551644,2.028953661965863,0.015241233413692878,2.876673885668465,0.01343402407551644,2.462796336505561
2020-02-05,304.18994140625,0.01154791035106495,-2.1237211553173383,-2.7548818560901975,1.0,0.8011520813178296,0.0,0.0,0.009251632412627392,2.0477247954286257,0.01154791035106495,2.909893457809414,0.009251632412627392,2.4855812229180763
2020-02-06,305.21356201171875,0.0033650705238201795,-1.7349930300357954,-2.1757680226143363,1.0,0.7939661986888757,0.0,0.0,0.0026717522521174917,2.053195808762529,0.0033650705238201795,2.919685454511746,0.0026717522521174917,2.492222080148229
2020-02-07,303.5868835449219,-0.005329640190544382,-1.6469486392583539,-2.018317057732209,1.0,0.833851757544205,0.0,0.0,-0.004444129839963665,2.044071140001519,-0.005329640190544382,2.9041245815696324,-0.004444129839963665,2.481146321634026
2020-02-10,305.85321044921875,0.007465167394037131,-1.4884102256797433,-1.7787371263035867,1.0,0.8483113575479715,0.0,0.0,0.006332786286358492,2.057015805685262,0.007465167394037131,2.925804357704188,0.006332786286358492,2.4968588910341185
2020-02-11,306.3833312988281,0.0017332525260427278,-1.3710962750507218,-1.6047550114067561,1.0,0.8719598286030195,0.0,0.0,0.0015113265755339674,2.0601246283386874,0.0017332525260427278,2.9308755154978856,0.0015113265755339674,2.500632460231497
2020-02-12,308.35723876953125,0.006442607247382881,-1.2243490755679272,-1.4009530822957263,1.0,0.9166620513178947,0.0,0.0,0.005905693575221527,2.072291093120423,0.006442607247382881,2.9497579953352093,0.005905693575221527,2.5154004292858763
2020-02-13,308.0282897949219,-0.0010667788306900627,-0.7793307721217522,-0.8491734555310695,1.0,0.9498065166372998,0.0,0.0,-0.0010132334852001402,2.0701913783937913,-0.0010667788306900627,2.946611255950127,-0.0010132334852001402,2.512851741342237
2020-02-14,308.5216979980469,0.0016018275576359375,-0.7539990887542811,-0.8118293339422212,1.0,0.9891968062937987,0.0,0.0,0.0015845227042468651,2.073471643634992,0.0016018275576359375,2.951331219061548,0.0015845227042468651,2.5168334119787996
2020-02-18,307.7265625,-0.002577243361508774,-0.8116545584544195,-0.8822068584165784,1.0,1.0397640174084075,0.0,0.0,-0.0026797249114015116,2.0679153100184586,-0.002577243361508774,2.943724920269608,-0.0026797249114015116,2.510088990786872
2020-02-19,309.19793701171875,0.004781434854908673,-0.8998846690906825,-0.9864040334715722,1.0,1.0718205818817155,0.0,0.0,0.005124840288417729,2.0785130457122767,0.004781434854908673,2.9578001492066486,0.005124840288417729,2.5229527959743705
2020-02-20,307.927734375,-0.004108056635159896,-0.8186719644555351,-0.8863254509143491,1.0,1.115394605953641,0.0,0.0,-0.004582104211809412,2.0689890823312176,-0.004108056635159896,2.945649338678223,-0.004582104211809412,2.51139236334174
2020-02-21,304.7566223144531,-0.01029823463931645,-0.5931163048695671,-0.6159018977215602,1.0,1.1291457438731933,0.0,0.0,-0.01162820781239166,2.0449304473203007,-0.01029823463931645,2.9153143506233676,-0.01162820781239166,2.482189371042349
2020-02-24,294.64923095703125,-0.03316545274935123,0.005829053640102444,0.1004731639557758,0.5,1.0404116289190168,0.5,0.0001,-0.017352861359394598,2.0094450527783465,-0.03316545274935123,2.8186266302782625,-0.0345057227187892,2.396539632869636
2020-02-25,285.7207336425781,-0.030302123258401314,0.06481192158737326,0.16612964306672995,0.5,0.6196777618051675,0.0,0.0,-0.009388775959355219,1.990578823375176,-0.030302123258401314,2.733216258708158,-0.018777551918710438,2.351538485488179
2020-02-26,284.66973876953125,-0.003678399042477687,-0.2620049311628918,-0.23148921664950506,0.5,0.5313291785227645,0.0,0.0,-0.0009772203707592965,1.9886335891993716,-0.003678399042477687,2.7231623986392415,-0.001954440741518593,2.346942542866892
2020-02-27,271.8847961425781,-0.044911491759592415,-0.28024628565385346,-0.25304213064379927,0.5,0.5580998418474454,0.0,0.0,-0.012532548224080687,1.9637109428427038,-0.044911491759592415,2.6008611130127233,-0.025065096448161375,2.2881162016716403
2020-02-28,270.7424621582031,-0.004201536829503194,0.6539058260534949,0.8678969668417903,0.5,0.43096929572988035,0.0,0.0,-0.0009053666841970729,1.9619330643776607,-0.004201536829503194,2.5899334992579774,-0.0018107333683941458,2.2839730333145103
2020-03-02,282.4673767089844,0.04330652257986056,1.1614064654723086,1.4636102261302184,0.5,0.4512846552202007,0.0,0.0,0.009771784555619105,1.9811046515953048,0.04330652257986056,2.70209451282393,0.01954356911123821,2.328610018139297
2020-03-03,274.3796081542969,-0.028632575729338194,1.4055262414546417,1.7291084958767637,0.0,0.3383945811698362,0.5,0.0001,-0.0001,1.9809065411301452,-0.028632575729338194,2.62472658705767,-0.009689108471743015,2.306047863085158
2020-03-04,285.9126281738281,0.04203307999858974,0.8308827651360788,1.0214250631431474,0.0,0.33547678329731345,0.0,0.0,0.0,1.9809065411301452,0.04203307999858974,2.7350519296658904,0.01410112247000553,2.3385657264242163
2020-03-05,276.40838623046875,-0.03324177041099785,1.1294028704798644,1.3598422744022685,0.5,0.2921406372422468,0.5,0.0001,-0.004955635995464689,1.9710898893712692,-0.03324177041099785,2.64413396135778,-0.009711271990929377,2.3158552785862456
2020-03-06,271.8390808105469,-0.016530994164959956,2.5445740876088827,2.987676463169209,0.0,0.28631661237935646,0.5,0.0001,-0.0001,1.970892780382332,-0.016530994164959956,2.600423798271202,-0.0047330982485742435,2.3048941080232175
2020-03-09,250.60987854003906,-0.07809473975268144,2.9787318666588236,3.351885908868404,0.0,0.297943901886489,0.0,0.0,-0.0,1.970892780382332,-0.07809473975268144,2.3973443784985333,-0.023267851478723813,2.2512641742435475
2020-03-10,263.5777587890625,0.05174528763418884,-2.635255723438192,-2.8649094368159687,0.0,0.23239851169706582,0.0,0.0,0.0,1.970892780382332,0.05174528763418884,2.5213956529221457,0.01202552783352207,2.278336814231525
2020-03-11,250.7286834716797,-0.04874870845102586,-1.3286136149303482,-1.3936028056903444,1.0,0.2070810842922325,1.0,0.0002,-0.010294935403884353,1.9506025665203137,-0.04874870845102586,2.39848087134816,-0.010094935403884352,2.2553371512635656
2020-03-12,226.73973083496094,-0.09567693773428343,-1.3990396256329962,-1.448534229248395,1.0,0.20438711057122136,0.0,0.0,-0.01955513285181285,1.9124582741909217,-0.09567693773428343,2.1690015663633124,-0.01955513285181285,2.211233733644977
2020-03-13,246.12286376953125,0.08548626596314901,-0.44401650753967736,-0.4442001809705704,1.0,0.17360530827349288,0.0,0.0,0.014840869555682286,1.9408408179688745,0.08548626596314901,2.3544214111399335,0.014840869555682286,2.2440503650431265
2020-03-16,219.191162109375,-0.10942381072477292,1.3040195058556678,1.3568704808527758,0.5,0.14553297771504672,0.5,0.0001,-0.008062386503851934,1.9251930091519573,-0.10942381072477292,2.0967916482810045,-0.01592477300770387,2.2083143723619596
2020-03-17,231.02572631835938,0.05399197711757653,3.6876420877144644,3.7710365273641204,0.0,0.13037966012259805,0.5,0.0001,-0.0001,1.9250004898510422,0.05399197711757653,2.210001574975318,0.007039455625936719,2.22385970339432
2020-03-18,219.3282928466797,-0.05063260121758184,1.7594457648133712,1.679222047990054,0.0,0.12749991726460924,0.0,0.0,-0.0,1.9250004898510422,-0.05063260121758184,2.098103446539365,-0.006455652466133638,2.2095032380157673
2020-03-19,219.79429626464844,0.002124684471485505,1.0385178538699886,0.9555764190717811,0.0,0.13119306149020868,0.0,0.0,0.0,1.9250004898510422,0.002124684471485505,2.1025612543517975,0.0002787438605148894,2.2101191234781523
2020-03-20,210.3224639892578,-0.04309407676341992,-0.33859861104560807,-0.37178020970493403,0.5,0.13730935487996704,0.5,0.0001,-0.0030586099397664833,1.9191126642187284,-0.04309407676341992,2.011953318256969,-0.005917219879532967,2.1970413626645713
2020-03-23,204.9448699951172,-0.02556832918434848,-0.27171267749709216,-0.30742597069324706,0.5,0.14230709742083758,0.0,0.0,-0.001819277356062562,1.9156212660049823,-0.02556832918434848,1.9605110335122324,-0.003638554712125124,2.1890473074617143
2020-03-24,223.5135498046875,0.09060329155842117,-0.8952046101356874,-0.9022068210941058,0.5,0.1493821430652812,0.0,0.0,0.006767256930882728,1.9285847672943008,0.09060329155842117,2.1381397862850426,0.013534513861765456,2.2186749985886154
2020-03-25,226.85960388183594,0.014970251602519413,-0.5868315540821722,-0.6004933873047712,1.0,0.13020202565888866,0.5,0.0001,0.0018491570832712518,1.9321510234774322,0.014970251602519413,2.1701482768470868,0.0019491570832712518,2.222999544677591
2020-03-26,240.10585021972656,0.05838962120726521,-0.5549601121679615,-0.5655175826279654,0.5,0.13591797181015397,0.5,0.0001,0.0038680994446273205,1.9396247757782814,0.05838962120726521,2.2968624126957873,0.00793619888925464,2.240641711194875
2020-03-27,232.9541473388672,-0.02978562527449735,-1.1190814562731504,-1.0958137041104026,0.5,0.13444783948008396,0.0,0.0,-0.0020023064828597757,1.935741052515425,-0.02978562527449735,2.2284489295641525,-0.0040046129657195515,2.2316688083466922
2020-03-30,240.5194854736328,0.03247565334718283,-0.9061607917994969,-0.8800813656318898,1.0,0.1392452781948827,0.5,0.0001,0.004422081384889046,1.944301056989719,0.03247565334718283,2.3008192645025787,0.004522081384889047,2.241760596322154
2020-03-31,236.93447875976562,-0.014905265188005723,-0.8707623860048308,-0.8368311745126795,0.5,0.1435558975884237,0.5,0.0001,-0.001169869361428823,1.9420264787537531,-0.014905265188005723,2.2665249432154955,-0.002139738722857646,2.236963814366827
2020-04-01,226.2712860107422,-0.04500481654185562,-0.7471480291006767,-0.7107646297374557,0.5,0.15019392058976802,0.0,0.0,-0.0033797249209222705,1.935462963466418,-0.04500481654185562,2.164520403958542,-0.006759449841844541,2.2218431696655934
2020-04-02,231.49258422851562,0.02307539020892624,-0.8237317915936426,-0.7744997671445912,0.5,0.15194598429656012,0.0,0.0,0.0017531064391612516,1.938856036050429,0.02307539020892624,2.2144675568950682,0.003506212878322503,2.2296334248006877
2020-04-03,228.14651489257812,-0.014454326245865623,-0.8916932213198017,-0.8281620579902323,0.5,0.15736457694388342,0.0,0.0,-0.0011372994673447571,1.9366509761133708,-0.014454326245865623,2.182458920366822,-0.0022745989346895142,2.224561902987888
2020-04-06,243.4702911376953,0.06716638320042856,-0.431375824692676,-0.3877791632189457,0.5,0.1648613677824384,0.0,0.0,0.005536570901711022,1.9473733815544902,0.06716638320042856,2.3290467925313734,0.011073141803422044,2.2491947923901634
2020-04-07,243.71849060058594,0.0010194240197882731,-0.5606045587054851,-0.5006612482440479,0.5,0.15599978030362283,0.0,0.0,7.951496156160333e-05,1.9475282268740706,0.0010194240197882731,2.331421078774891,0.00015902992312320666,2.249552481665086
2020-04-08,251.89971923828125,0.03356835428257665,-0.5201943849548325,-0.45467765836516316,0.5,0.16397916502374868,0.0,0.0,0.0027522553532391488,1.952888321862069,0.03356835428257665,2.4096830475290734,0.0055045107064782975,2.2619351673851966
2020-04-09,255.73287963867188,0.01521700941938997,-0.28130700879836645,-0.22318389586502146,0.5,0.16882476702177368,0.0,0.0,0.0012845040349983238,1.9553968147914018,0.01521700941938997,2.4463512171610677,0.0025690080699966476,2.2677460970840184
2020-04-13,253.3980712890625,-0.009129871578923532,-0.5915074522311556,-0.5078680458945757,0.5,0.1771392859147312,0.0,0.0,-0.0008086294659918569,1.953815623309255,-0.009129871578923532,2.424016344711444,-0.0016172589319837138,2.264078564453038
2020-04-14,260.87158203125,0.02949316348056219,-0.7118971687696636,-0.6121159053967669,0.5,0.18487966147681173,0.0,0.0,0.002726343040083302,1.95914239493547,0.02949316348056219,2.495508255045573,0.005452686080166604,2.276423874125835
2020-04-15,255.3284912109375,-0.021248350537654503,-0.7800779050762134,-0.6668115132570339,0.5,0.19113105390042737,0.0,0.0,-0.002030609815953809,1.9551641411574627,-0.021248350537654503,2.4424828208727543,-0.004061219631907618,2.267178816797692
2020-04-16,256.560302734375,0.004824418605207104,-0.6740079703748201,-0.5577603976008695,0.5,0.1956806934142406,0.0,0.0,0.00047202278899374474,1.9560870231883125,0.004824418605207104,2.4542663804366716,0.0009440455779874895,2.2693191369341967
2020-04-17,263.4913635253906,0.027015328237243175,-0.6335542782231833,-0.5100009066431723,0.5,0.20572140846478326,0.0,0.0,0.0027788156875520483,1.9615226284945653,0.027015328237243175,2.520569192285799,0.005557631375104097,2.281931176169746
2020-04-20,258.84918212890625,-0.01761796415022554,-0.6419663519840935,-0.5083357337393343,0.5,0.21252135729886593,0.0,0.0,-0.0018720968270243463,1.9578504682056241,-0.01761796415022554,2.476161894617945,-0.0037441936540486926,2.2733871839409554
2020-04-21,250.98973083496094,-0.030363052451258365,-0.48668673063866486,-0.35330210534244405,0.5,0.2181723968065266,0.0,0.0,-0.00331218996382666,1.95136569553416,-0.030363052451258365,2.400978061133853,-0.00662437992765332,2.2583274035118728
2020-04-22,256.560302734375,0.022194421584032842,-0.7316115385713253,-0.5760907846884495,0.5,0.2183575909379657,0.0,0.0,0.0024231602146754998,1.9560941672518612,0.022194421584032842,2.4542663804366716,0.0048463204293509995,2.2692719817436755
2020-04-23,256.5419006347656,-7.172621568207749e-05,-0.5912191562468152,-0.4339701468399637,0.5,0.22554755633298693,0.0,0.0,-8.088836336052671e-06,1.9560783447262844,-7.172621568207749e-05,2.454090345196927,-1.6177672672105342e-05,2.2692352702043506
2020-04-24,260.1177978515625,0.013938842769734672,-0.5376839938300684,-0.3746177019871206,0.5,0.23699070506229172,0.0,0.0,0.0016516880878759234,1.9593091760272208,0.013938842769734672,2.4882975246613506,0.003303376175751847,2.2767314079331196
2020-04-27,263.8681945800781,0.014418070426137408,-0.5326576283397202,-0.36149766059331506,0.5,0.24772502789337483,0.0,0.0,0.0017858584492417662,1.962808224873906,0.014418070426137408,2.5241739736131015,0.0035717168984835323,2.2848632479761424
2020-04-28,262.6549072265625,-0.004598081081528038,-0.6783718063249022,-0.49108947026704614,0.5,0.2589691065799959,0.0,0.0,-0.0005953804748328487,1.9616396071809747,-0.004598081081528038,2.512567617018546,-0.0011907609496656973,2.282142522045126
2020-04-29,269.5307922363281,0.02617839918686382,-0.6444412241081583,-0.4475171702144598,0.5,0.270757735488796,0.0,0.0,0.0035440020412784933,1.9685916619530768,0.02617839918686382,2.5783426150808446,0.007088004082556987,2.298318357558359
2020-04-30,267.0213317871094,-0.009310477769153835,-0.47788957482205596,-0.2772108922081173,0.5,0.276197598896791,0.0,0.0,-0.0012857658022111204,1.9660605141156196,-0.009310477769153835,2.5543370134818724,-0.0025715316044222407,2.2924081592648737
2020-05-01,259.9522705078125,-0.026473769836984018,-0.6599166977032045,-0.44168035121128313,0.5,0.285754917492526,0.0,0.0,-0.003782504957741746,1.9586238804737568,-0.026473769836984018,2.486714083300864,-0.007565009915483492,2.2750660688096995
2020-05-04,260.66925048828125,0.0027581216315908375,-0.5848379050454042,-0.3582623569664368,0.5,0.2813504451523937,0.0,0.0,0.0003879993744162643,1.9593838253140974,0.0027581216315908375,2.493572743205598,0.0007759987488325286,2.276831517232607
2020-05-05,263.0777282714844,0.009239593004129132,-0.5362114253756332,-0.3002724052476477,0.5,0.29577002800990704,0.0,0.0,0.0013663973408157071,1.962061122162644,0.009239593004129132,2.5166123404790075,0.0027327946816314143,2.283053630293871
2020-05-06,261.2943420410156,-0.006778932759478495,-0.8277956545532223,-0.5749849094514049,0.5,0.30967458219428745,0.0,0.0,-0.0010496315850073356,1.9600016808371072,-0.006778932759478495,2.4995523946412264,-0.0020992631700146713,2.278260899892627
2020-05-07,264.4472961425781,0.01206667575322995,-0.8076376123536111,-0.5427972575863084,0.5,0.32317730201459266,0.0,0.0,0.0019498378571068788,1.9638233663143965,0.01206667575322995,2.5297136829155713,0.0038996757142137576,2.2871453785945812
2020-05-08,268.82293701171875,0.016546362670244452,-0.7783155527960677,-0.5010593677324668,0.5,0.3364749826533483,0.0,0.0,0.002783718546223256,1.9692900978407122,0.016546362670244452,2.571571242964972,0.005567437092446512,2.2998789166111866
2020-05-11,268.8780822753906,0.0002051360061938734,-0.7392703654455488,-0.4492043083351184,0.5,0.3471945967996142,0.0,0.0,3.5611056479782516e-05,1.9693602263416117,0.0002051360061938734,2.572098764819397,7.122211295956503e-05,2.3000427188471786
2020-05-12,263.5189514160156,-0.01993145299915544,-0.7090929196597759,-0.40585062858626336,0.5,0.3644501946012211,0.0,0.0,-0.003632010962113646,1.9622074884111884,-0.01993145299915544,2.5208330991792134,-0.007264021924227292,2.2833351581108134
2020-05-13,258.8583679199219,-0.01768595188714195,-0.6684706468091459,-0.34988547932088027,0.5,0.3604926134976708,0.0,0.0,-0.003187827508994932,1.9559523094012754,-0.01768595188714195,2.4762497662716147,-0.006375655017989864,2.2687774008522514
2020-05-14,261.9561767578125,0.01196719604926555,-0.6202524387559087,-0.2850399861644914,0.5,0.3641544472540588,0.0,0.0,0.0021789538312506265,1.960214239179589,0.01196719604926555,2.505883532691535,0.004357907662501253,2.278664523271935
2020-05-15,263.160400390625,0.004597042328670975,-0.5922195216285946,-0.2410860652403515,0.0,0.3761981538409568,0.5,0.0001,-0.0001,1.960018217755671,0.004597042328670975,2.5174031853620376,0.0017293988371747536,2.282605243048793
2020-05-18,271.1762390136719,0.030459896744147175,-0.5542852296604366,-0.18649104321402937,0.0,0.39478586826615664,0.0,0.0,0.0,1.960018217755671,0.030459896744147175,2.5940830264515524,0.01202513678343562,2.310053883319042
2020-05-19,268.39093017578125,-0.01027121272874576,-0.4259064867152649,-0.03211744642866927,0.0,0.3734542027953525,0.0,0.0,-0.0,1.960018217755671,-0.01027121272874576,2.5674386478508398,-0.0038358275613552253,2.301192914965191
2020-05-20,272.9503173828125,0.016987858732950167,-0.4542270957655088,-0.05174805324026137,0.0,0.38327786075880355,0.0,0.0,0.0,1.960018217755671,0.016987858732950167,2.6110539329060463,0.0065110701540378995,2.316176143472504
2020-05-21,271.0659484863281,-0.006903706559320599,-0.4918261940964328,-0.08333646725091078,0.0,0.3925751359542938,0.0,0.0,-0.0,1.960018217755671,-0.006903706559320599,2.593027982742703,-0.002710223541113834,2.309898788363099
2020-05-22,271.5806579589844,0.0018988348611490569,-0.46536453048952353,-0.04133434324781646,0.0,0.4063022210242896,0.0,0.0,0.0,1.960018217755671,0.0018988348611490569,2.59795171467227,0.0007715008214432104,2.311680877175772
2020-05-26,274.92669677734375,0.012320607967835073,-0.609147392468353,-0.1944637791838106,0.0,0.42708777834635436,0.0,0.0,0.0,1.960018217755671,0.012320607967835073,2.629960059268112,0.0052619810848590735,2.323844898225701
2020-05-27,279.017333984375,0.014879010496183787,-0.6730350205402758,-0.25807754194981614,0.0,0.4426537638774962,0.0,0.0,0.0,1.960018217755671,0.014879010496183787,2.669091262594506,0.006586249998908526,2.3391503216841034
2020-05-28,278.5025939941406,-0.0018448315840592366,-0.6789386597647074,-0.255802212909796,0.0,0.4557220758299596,0.0,0.0,-0.0,1.960018217755671,-0.0018448315840592366,2.664167238732535,-0.0008407304790441479,2.3371837267135978
2020-05-29,279.7434997558594,0.004455634484125781,-0.6028792130887055,-0.1577393764915185,0.0,0.4753158718698848,0.0,0.0,0.0,1.960018217755671,0.004455634484125781,2.6760377941529097,0.00211783378955577,2.342133493382432
2020-06-01,280.874267578125,0.004042159418368829,-0.6642797250091785,-0.21977896677753286,0.0,0.4996976817053795,0.0,0.0,0.0,1.960018217755671,0.004042159418368829,2.686854765526456,0.002019857690442469,2.3468642697310833
2020-06-02,283.199951171875,0.008280158997132414,-0.6909149265760419,-0.24123604832207235,0.0,0.5253373765253145,0.0,0.0,0.0,1.960018217755671,0.008280158997132414,2.709102350187218,0.004349877004766022,2.3570728406512935
2020-06-03,286.9687805175781,0.01330801552086358,-0.7416212368475783,-0.2878255318708861,0.0,0.550049414427352,0.0,0.0,0.0,1.960018217755671,0.01330801552086358,2.7451551263111176,0.007320066144441124,2.3743267697521264
2020-06-04,286.21490478515625,-0.002627030477190484,-1.05060985274236,-0.6475029044147234,0.0,0.5668785300991704,0.0,0.0,-0.0,1.960018217755671,-0.002627030477190484,2.7379435201296825,-0.0014892071754354639,2.370790905289783
2020-06-05,293.55047607421875,0.02562959219251293,-3.249088240825788,-3.2743144843705907,0.5,0.5854451394077144,0.5,0.0001,0.0074023600870543,1.974526978380685,0.02562959219251293,2.8081158959967394,0.0150047201741086,2.406363959414978
2020-06-08,297.0989074707031,0.012087976977380954,-3.0148921053138977,-2.856872694851337,1.0,0.5471989866566402,0.5,0.0001,0.006514528752751655,1.9873900911544298,0.012087976977380954,2.8420603362973655,0.006614528752751655,2.422280923014114
2020-06-09,294.88348388671875,-0.0074568553713137975,-3.1786033042360344,-2.943519708080404,1.0,0.5708294282652226,0.0,0.0,-0.0042565924882635095,1.9789305814211726,-0.0074568553713137975,2.820867503413049,-0.0042565924882635095,2.411970260232748
2020-06-10,293.238037109375,-0.005579989613714198,-2.9370180190113535,-2.5706823279778037,1.0,0.5665644528768025,0.0,0.0,-0.003161423762552225,1.9726743432566265,-0.005579989613714198,2.80512709204234,-0.003161423762552225,2.4043450001374786
2020-06-11,276.3331298828125,-0.05764909420757425,-1.849350416947205,-1.340487443962178,1.0,0.5751795359207098,0.0,0.0,-0.03315857925256183,1.9072632647062564,-0.05764909420757425,2.6434140560489725,-0.03315857925256183,2.3246203358999193
2020-06-12,279.6424255371094,0.011975747011226279,-1.1635257636318386,-0.6055235955973721,1.0,0.33517984858957517,0.0,0.0,0.004014029069969881,1.914919074894873,0.011975747011226279,2.6750709140301345,0.004014029069969881,2.333951429504865
2020-06-15,282.2530517578125,0.009335587100880227,-0.10677243693130833,0.5100789770257151,0.5,0.346451628156629,0.5,0.0001,0.0015171646754489892,1.9178243224716471,0.009335587100880227,2.700044271549094,0.0032343293508979784,2.341500197116883
2020-06-16,287.68585205078125,0.019247977157853313,-0.4108201502690054,0.18099439578233312,0.0,0.360935002639226,0.5,0.0001,-0.0001,1.9176325400394,0.019247977157853313,2.7520146620130634,0.006947268686269548,2.357767228115207
2020-06-17,286.49078369140625,-0.0041540741432222195,-0.6363007396665381,-0.059601628221275356,0.0,0.36563869289788387,0.0,0.0,-0.0,1.9176325400394,-0.0041540741432222195,2.7405825890638265,-0.0015188902399286691,2.354186038484399
2020-06-18,286.60113525390625,0.00038518363864326055,-0.09162754726377376,0.5133557018471923,0.0,0.3823372408235326,0.0,0.0,0.0,1.9176325400394,0.00038518363864326055,2.7416382166374844,0.00014727004960923286,2.354532739579076
2020-06-19,284.9632263183594,-0.005714942245765409,-0.566448480127959,0.007329307243069639,0.0,0.4018236807156105,0.0,0.0,-0.0,1.9176325400394,-0.005714942245765409,2.725969912570618,-0.0022963991282705935,2.349125792648422
2020-06-22,286.7912902832031,0.006415087267440667,-0.7654922220436093,-0.20268591029211488,0.0,0.41906913878562674,0.0,0.0,0.0,1.9176325400394,0.006415087267440667,2.743457247448176,0.002688365096401,2.355441100436433
2020-06-23,288.11163330078125,0.004603846289314761,-1.2607237396247095,-0.7294393511006914,0.0,0.4386832169988141,0.0,0.0,0.0,1.9176325400394,0.004603846289314761,2.756087702916734,0.0020196301007646524,2.3601982201834524
2020-06-24,280.76226806640625,-0.025508741699098447,-1.1526464785828026,-0.6110121788179353,0.5,0.46050478225174724,0.5,0.0001,-0.005973448770829698,1.9061776603001988,-0.025508741699098447,2.6857833736029697,-0.011746897541659395,2.3324732135129507
2020-06-25,283.7721862792969,0.010720522503325558,-1.0216889220460388,-0.46931039242022954,0.5,0.4279755065659776,0.0,0.0,0.002294060524506359,1.9105505472233892,0.010720522503325558,2.714576374698738,0.004588121049012718,2.3431748829601275
2020-06-26,277.0321044921875,-0.023751735064251767,-0.9004685116481568,-0.33959724189157053,0.5,0.4407903529616032,0.0,0.0,-0.005234767841211012,1.900549258659776,-0.023751735064251767,2.6501004758352162,-0.010469535682422024,2.3186429299128215
2020-06-29,281.10382080078125,0.014697633388221831,-1.4532145502880311,-0.9149381709423051,0.5,0.4232822115402889,0.0,0.0,0.003110623382487463,1.9064611516233323,0.014697633388221831,2.6890506810709947,0.006221246764974926,2.3330677797396735
2020-06-30,284.7046813964844,0.012809717724381553,-1.3148865220763488,-0.7576818797583535,1.0,0.42687555407494937,0.5,0.0001,0.005368155351139075,1.9166953312561579,0.012809717724381553,2.72349666124207,0.005468155351139075,2.3458253568040273
2020-07-01,286.698974609375,0.00700477843605718,-1.4927553528537825,-0.9362065113013284,1.0,0.43688291652308986,0.0,0.0,0.003060268032742709,1.9225609327069084,0.00700477843605718,2.742574151925412,0.003060268032742709,2.353004211153852
2020-07-02,288.27777099609375,0.005506808626957405,-1.1844778442049844,-0.6034554764864289,1.0,0.45648057350309856,0.0,0.0,0.0025137511602053267,1.927393772482066,0.005506808626957405,2.757676982925305,0.0025137511602053267,2.3589190782196083
2020-07-06,292.7280578613281,0.015437495752298913,-1.226104490821779,-0.6403881402729792,0.5,0.47850238205956747,0.5,0.0001,0.0035934392452547422,1.9343197449051628,0.015437495752298913,2.800248609635427,0.007386878490509484,2.3763441268193612
2020-07-07,289.70892333984375,-0.010313785919744745,-1.336391077074448,-0.7460168728284469,0.5,0.4854572885604225,0.0,0.0,-0.0025034512736959733,1.9294772696760447,-0.010313785919744745,2.7713674449535843,-0.005006902547391947,2.3644460033573096
2020-07-08,291.92474365234375,0.007648436530554248,-0.9557035280947277,-0.3445856118733831,1.0,0.49219826672650724,0.5,0.0001,0.0036645472035065014,1.9365479302088653,0.007648436530554248,2.792564072959156,0.003764547203506501,2.373347071947091
2020-07-09,290.26287841796875,-0.005692786481827472,-0.8783322431997762,-0.26293866525373283,0.5,0.5138444768338657,0.5,0.0001,-0.0015626034457407701,1.9335218737402788,-0.005692786481827472,2.776666601954977,-0.00292520689148154,2.3664045407363536
2020-07-10,293.22662353515625,0.010210555112458497,-0.8266102906202901,-0.20831725862337927,0.0,0.5321290496765386,0.5,0.0001,-0.0001,1.9333285215529048,0.010210555112458497,2.805017909323161,0.005433332988662463,2.379262004592057
2020-07-13,290.6875305175781,-0.008659148978243159,-1.1762711317337589,-0.5677441697522878,0.0,0.5495495451419319,0.0,0.0,-0.0,1.9333285215529048,-0.008659148978243159,2.7807288413596916,-0.004758631382309752,2.367939973750268
2020-07-14,294.4545593261719,0.012959031307212987,-1.1764266549543807,-0.5601785075933908,0.5,0.5596575566379762,0.5,0.0001,0.00352630989889493,1.9401460370562726,0.012959031307212987,2.816764393471742,0.007252619797789859,2.3851137420838673
2020-07-15,297.15985107421875,0.009187467683426709,-1.2850328687703154,-0.6640470376522589,0.5,0.5679513580384904,0.0,0.0,0.0026090173738684713,1.9452079117747945,0.009187467683426709,2.8426433253085905,0.0052180347477369425,2.3975593484673654
2020-07-16,296.1811218261719,-0.0032936119886614046,-1.2688950118313347,-0.6377822739268989,0.5,0.5897134013823921,0.0,0.0,-0.0009711435643336709,1.9433188356299833,-0.0032936119886614046,2.833280761172866,-0.0019422871286673418,2.392902599804621
2020-07-17,297.0397033691406,0.002898839526553898,-0.0635079966587826,0.620041238152686,0.5,0.6122665614302781,0.0,0.0,0.0008874312545306653,1.9450433975022394,0.002898839526553898,2.8414939874331786,0.0017748625090613305,2.397149672916849
2020-07-20,299.4403381347656,0.008081864943965567,-0.019930605993597084,0.6637317914858846,0.0,0.6436572750583832,0.5,0.0001,-0.0001,1.9448488931624892,0.008081864943965567,2.8644585580787036,0.005201951167222749,2.409619528455887
2020-07-21,300.0774230957031,0.0021275856316018693,-0.01817500132148142,0.6629141436019156,0.0,0.6693404765403927,0.0,0.0,0.0,1.9448488931624892,0.0021275856316018693,2.870552938949191,0.0014240791805368877,2.413051017459376
2020-07-22,301.785400390625,0.0056917887300609316,0.03528079038837806,0.7157030076602704,0.0,0.7034283474191917,0.0,0.0,0.0,1.9448488931624892,0.0056917887300609316,2.886891519816145,0.004003765540245941,2.422712307969935
2020-07-23,298.1846008300781,-0.011931655924660611,1.463345032629035,2.1856605266379194,0.0,0.7372166253398384,0.0,0.0,-0.0,1.9448488931624892,-0.011931655924660611,2.8524461235098784,-0.008796215115494386,2.4014016093460757
2020-07-24,296.2642822265625,-0.0064400327789224665,1.3133476033459086,1.9815803700370522,0.0,0.7016800604112503,0.0,0.0,-0.0,1.9448488931624892,-0.0064400327789224665,2.8340762769743644,-0.004518842589364748,2.390550053479594
2020-07-27,298.4247131347656,0.007292242223620349,0.8649940414326549,1.4911294351971571,0.0,0.7168984747137471,0.0,0.0,0.0,1.9448488931624892,0.007292242223620349,2.8547430476662776,0.005227797327356612,2.403047364660087
2020-07-28,296.5320129394531,-0.0063423038106692475,1.1087945314953558,1.7067704274444555,0.0,0.7406928335370843,0.0,0.0,-0.0,1.9448488931624892,-0.0063423038106692475,2.836637399956582,-0.004697698980677652,2.391758571504603
2020-07-29,300.1788635253906,0.012298336863487691,1.0986052186025121,1.6622130841912348,0.0,0.7559571114553806,0.0,0.0,0.0,1.9448488931624892,0.012298336863487691,2.871523322260816,0.00929701521102738,2.4139947873249867
2020-07-30,299.1079406738281,-0.0035676157840870415,1.3384441876486814,1.8618915467104706,0.0,0.7472878319034266,0.0,0.0,-0.0,1.9448488931624892,-0.0035676157840870415,2.8612788303319445,-0.0026660358643548487,2.4075589906456125
2020-07-31,301.47149658203125,0.007902016585980665,1.5871888647248076,2.058416332852749,0.0,0.77415802448917,0.0,0.0,0.0,1.9448488931624892,0.007902016585980665,2.8838887031063427,0.006117409549683447,2.422287015006414
2020-08-03,303.5674743652344,0.0069524907228926125,1.4488026812345076,1.8767523963807882,0.0,0.7965228170490963,0.0,0.0,0.0,1.9448488931624892,0.0069524907228926125,2.903938912560544,0.005537817496106132,2.435701198418707
2020-08-04,304.73992919921875,0.003862254467267956,1.437200642879171,1.8242463400104563,0.0,0.8263918287257045,0.0,0.0,0.0,1.9448488931624892,0.003862254467267956,2.9151546635982544,0.003191735532209588,2.4434753124795456
2020-08-05,306.6326904296875,0.006211070651103823,2.657505941742885,2.9123297534685357,0.0,0.8678508805317965,0.0,0.0,0.0,1.9448488931624892,0.006211070651103823,2.933260895172758,0.005390283133605651,2.456646336243786
2020-08-06,308.6824035644531,0.006684587777948003,2.6006927701819587,2.759173629490466,0.0,0.9047962025909841,0.0,0.0,0.0,1.9448488931624892,0.006684587777948003,2.9528685351021626,0.0060481896373734585,2.4715045991573468
2020-08-07,308.9040832519531,0.0007181481190381422,2.5222012204167097,2.5946130005309245,0.0,0.9419908893797451,0.0,0.0,0.0,1.9448488931624892,0.0007181481190381422,2.9549891320864132,0.0006764889853591306,2.4731765447959413
2020-08-10,309.8273010253906,0.0029886875036369,2.1814682522789486,2.217757588737537,0.0,0.9850983586268072,0.0,0.0,0.0,1.9448488931624892,0.0029886875036369,2.963820671178863,0.0029441511542811598,2.4804579503750435
2020-08-11,307.26983642578125,-0.00825448432447784,2.1944934153470825,2.1701853788311714,0.0,1.0356405733471952,0.0,0.0,-0.0,1.9448488931624892,-0.00825448432447784,2.9393558599080536,-0.008548678878487665,2.4592533118856954
2020-08-12,311.553955078125,0.01394252915345473,1.9178739758527605,1.8823345495233759,0.0,0.9771517165256032,0.0,0.0,0.0,1.9448488931624892,0.01394252915345473,2.9803379146771998,0.013623966295006555,2.4927580961177096
2020-08-13,310.9906921386719,-0.001807914585169934,1.1219111687795964,1.1821094069987759,0.0,0.9228857319979586,0.0,0.0,-0.0,1.9448488931624892,-0.001807914585169934,2.9749497182925198,-0.0016684985753243403,2.4885989327857088
2020-08-14,310.99981689453125,2.934092913409181e-05,1.0621220787921066,1.1147925423807215,0.0,0.9530102974663175,0.0,0.0,0.0,1.9448488931624892,2.934092913409181e-05,2.9750370060813816,2.7962207602018974e-05,2.4886685195057057
2020-08-17,311.98785400390625,0.003176970067831464,0.9163877904532409,0.9788363801266622,0.0,0.9964215337708494,0.0,0.0,0.0,1.9448488931624892,0.003176970067831464,2.984488609600393,0.0031656013877327067,2.49654665202466
2020-08-18,312.66180419921875,0.002160180874554385,0.8384868852752199,0.9010959112284483,0.0,1.0470200569298247,0.0,0.0,0.0,1.9448488931624892,0.002160180874554385,2.990935644815177,0.0022617527022546504,2.502193223161181
2020-08-19,311.3599548339844,-0.0041637620833431255,0.6447811543170561,0.7300756179485581,0.0,1.1006359966042736,0.0,0.0,-0.0,1.9448488931624892,-0.0041637620833431255,2.978482100383576,-0.004582786430223447,2.490726206012281
2020-08-20,312.32940673828125,0.003113604974710915,0.3601262633286444,0.487980455583323,0.0,1.1067504372224162,0.0,0.0,0.0,1.9448488931624892,0.003113604974710915,2.987755917068418,0.0034459836670991954,2.4993092078374155
2020-08-21,313.4373779296875,0.0035474443568315195,0.3424177301519613,0.46712522782054866,0.0,1.1614697720002043,0.0,0.0,0.0,1.9448488931624892,0.0035474443568315195,2.9983548149360124,0.004120249388312516,2.5096069850722116
2020-08-24,316.6134033203125,0.010132886548513298,0.5473958695143892,0.6312823798770859,0.0,1.217385467803337,0.0,0.0,0.0,1.9448488931624892,0.010132886548513298,3.0287368041079477,0.012335628831060002,2.540564565351898
2020-08-25,317.721435546875,0.003499637775731035,0.4828409033002865,0.5749044896015304,0.0,1.1843388910326003,0.0,0.0,0.0,1.9448488931624892,0.003499637775731035,3.0393362858403505,0.00414475712232509,2.551094588428867
2020-08-26,320.9067077636719,0.010025361402872468,0.3616363951022379,0.4710783458066849,0.0,1.2444954378591113,0.0,0.0,0.0,1.9448488931624892,0.010025361402872468,3.069806730530764,0.012476516528763606,2.5829233622278394
2020-08-27,321.6083984375,0.002186587742955215,0.30250354944700497,0.4186337239482999,0.5,1.2270096645240944,0.5,0.0001,0.0012414821464679876,1.9472633883409283,0.002186587742955215,3.076519132300984,0.0026829642929359753,2.589853253380087
2020-08-28,323.685791015625,0.006459385352552305,0.023223737936776345,0.19485959862581204,0.5,1.2865782884953736,0.0,0.0,0.004155252475809415,1.9553547593563851,0.006459385352552305,3.096391554921016,0.00831050495161883,2.6113762416662682
2020-08-31,322.5132751464844,-0.003622389062743925,0.04257228284428827,0.2189465407576949,0.5,1.3353418124667755,0.0,0.0,-0.0024185637882521483,1.9506256091422194,-0.003622389062743925,3.085175220018497,-0.004837127576504297,2.598744681635076
2020-09-01,325.5509033203125,0.009418614388658764,0.5682022609858164,0.6608219185440869,0.5,1.2978195060870337,0.0,0.0,0.006111830736956672,1.9625475026964698,0.009418614388658764,3.114233295737297,0.012223661473913345,2.6305108568805156
2020-09-02,330.2596130371094,0.014463820154613227,0.40796062016774215,0.5316955651135469,0.0,1.2893206518641316,0.5,0.0001,-0.0001,1.9623512479462002,0.014463820154613227,3.1592770060463495,0.01864850203019149,2.6795659439354926
2020-09-03,318.8940124511719,-0.03441414008033861,-1.6033460820456495,-1.121198580891436,0.0,1.1706635236549152,0.0,0.0,-0.0,1.9623512479462002,-0.03441414008033861,3.0505532046076778,-0.04028737849000304,2.571613256563241
2020-09-04,316.2904052734375,-0.008164490633492338,-1.6553555826135824,-1.1560712953519952,1.0,0.5691764202094263,1.0,0.0002,-0.004847035551604559,1.9528396616826693,-0.008164490633492338,3.0256469915416884,-0.00464703555160456,2.5596628783350144
2020-09-08,307.6483459472656,-0.0273231788953594,-0.48981084750855164,-0.15103425130539766,1.0,0.5847055986569325,0.0,0.0,-0.015976015673221582,1.9216410646403381,-0.0273231788953594,2.942976697517589,-0.015976015673221582,2.5187696640725705
2020-09-09,313.72357177734375,0.019747305357264988,0.0068309172567424525,0.26601083981263324,0.5,0.5103467803898638,0.5,0.0001,0.004938986855227848,1.9311320245990629,0.019747305357264988,3.0010925570227838,0.010077973710455696,2.544153758529787
2020-09-10,308.2761535644531,-0.01736375173223126,-0.12095693558055398,0.14540571376213862,0.5,0.48445968541277423,0.0,0.0,-0.004206018850891134,1.9230096469000397,-0.01736375173223126,2.948982330937193,-0.008412037701782268,2.5227522411939036
2020-09-11,308.43310546875,0.0005091276197723982,0.37058379780531414,0.569859928729824,0.5,0.4815809649886647,0.0,0.0,0.00012259308521618675,1.9232453945855539,0.0005091276197723982,2.950483739292094,0.0002451861704323735,2.5233707851548717
2020-09-14,312.49566650390625,0.01317161148762569,0.28741947384360245,0.4903528907575553,0.0,0.5056388686822163,0.5,0.0001,-0.0001,1.9230530700460953,0.01317161148762569,2.9893463648066065,0.006660078731324738,2.5401766332523277
2020-09-15,314.0744323730469,0.005052120839956986,0.3360038247215513,0.5438244486715799,0.0,0.5068039515343331,0.0,0.0,0.0,1.9230530700460953,0.005052120839956986,3.0044489038740956,0.0025604348053191546,2.5466805899157654
2020-09-16,312.8279724121094,-0.0039686769518920695,0.22472771567168515,0.49313367411877246,0.0,0.5293411033889451,0.0,0.0,-0.0,1.9230530700460953,-0.0039686769518920695,2.992525216756153,-0.0021007838367088235,2.54133056449521
2020-09-17,310.0765380859375,-0.008795359011396942,-0.12498010046284769,0.18129479212844157,0.0,0.5541824388183857,0.0,0.0,-0.0,1.9230530700460953,-0.008795359011396942,2.9662048831241243,-0.004874233507219223,2.528943525904827
2020-09-18,306.5067138671875,-0.01151271953945976,-0.06616047072013487,0.2471562136608023,0.5,0.5714338843343101,0.5,0.0001,-0.0033893790228424997,1.9165351143106681,-0.01151271953945976,2.93205579820814,-0.006578758045685,2.5123062183366978
2020-09-21,303.09552001953125,-0.0111292630579517,0.1595637182555376,0.45955105687378534,0.5,0.5827461032570395,0.0,0.0,-0.003242767339571938,1.9103202368368386,-0.0111292630579517,2.8994241779292893,-0.006485534679143876,2.4960125692330464
2020-09-22,306.18231201171875,0.010184221766090795,0.6408347307839559,0.912905895904264,0.0,0.5981135567314251,0.5,0.0001,-0.0001,1.9101292048131548,0.010184221766090795,2.9289525567512866,0.006091321103058161,2.511216583269514
2020-09-23,299.0816345214844,-0.023191011406180184,0.9392953867121951,1.1822969258882656,0.0,0.5974905337097876,0.0,0.0,-0.0,1.9101292048131548,-0.023191011406180184,2.861027184599507,-0.013856409782348368,2.476420137239503
2020-09-24,299.8788146972656,0.0026654267055103986,0.9057190698591011,1.133120856722395,0.0,0.5529857725314904,0.0,0.0,0.0,1.9101292048131548,0.0026654267055103986,2.8686530428625296,0.001473943045872733,2.4800702394794465
2020-09-25,304.7269592285156,0.01616701245182761,0.9740665275237914,1.1809685885506964,0.0,0.5751231758198079,0.0,0.0,0.0,1.9101292048131548,0.01616701245182761,2.9150305923264614,0.009298023544813475,2.5031299909589175
2020-09-28,309.7882995605469,0.01660942748500216,0.8450807050212488,1.0412690532036917,0.0,0.5484232026531934,0.0,0.0,0.0,1.9101292048131548,0.01660942748500216,2.9634475815662706,0.00910899541556086,2.525930990571115
2020-09-29,308.1011962890625,-0.0054459877079852115,0.7979593042795416,0.9814415340861912,0.0,0.5333420090598963,0.0,0.0,-0.0,1.9101292048131548,-0.0054459877079852115,2.9473086824638024,-0.0029045740254923322,2.518594237025716
2020-09-30,310.4372253417969,0.0075820187680890605,0.31043458863087725,0.5130770056299956,0.0,0.5559347664234732,0.0,0.0,0.0,1.9101292048131548,0.0075820187680890605,2.9696552322095946,0.004215107832855981,2.529210383321989
2020-10-01,312.43017578125,0.006419817846454734,0.204239401837377,0.4063933633452328,0.0,0.5752700032289902,0.0,0.0,0.0,1.9101292048131548,0.006419817846454734,2.9887198778671515,0.003693128633259544,2.538551082608173
2020-10-02,309.4638366699219,-0.009494406562716384,0.08451962222998954,0.28757857129041514,0.5,0.598945941908486,0.5,0.0001,-0.0029433181407841377,1.9045070868733867,-0.009494406562716384,2.9603437562446087,-0.005686636281568276,2.524115265919199
2020-10-05,314.9516296386719,0.01773322863118043,-1.1792128727335243,-0.8972094294844396,0.5,0.6083191100945511,0.0,0.0,0.005393730930011447,1.9147794856542815,0.01773322863118043,3.0128402089009816,0.010787461860022895,2.5513440630806046
2020-10-06,310.4742126464844,-0.014216205191013631,-1.3507444108504192,-1.0483996575226742,1.0,0.5836206366783699,0.5,0.0001,-0.008396870724729723,1.898701329846878,-0.014216205191013631,2.970009054283509,-0.008296870724729724,2.530175891214918
2020-10-07,315.8785705566406,0.01740678513712779,-1.0800930954504704,-0.7879487084472565,1.0,0.5712372857162771,0.0,0.0,0.009943404694779312,1.917580885564061,0.01740678513712779,3.021707363746746,0.009943404694779312,2.555334454050242
2020-10-08,318.6780700683594,0.008862581297571115,-1.0590316823636075,-0.7626894415346308,1.0,0.5557690131497229,0.0,0.0,0.00492554806171029,1.927026022378124,0.008862581297571115,3.048487490915421,0.00492554806171029,2.5679208767174106
2020-10-09,321.52386474609375,0.0089299984687492,-1.0327865907720053,-0.731079164108825,1.0,0.5768126104087913,0.0,0.0,0.005150935727705736,1.9369520095650101,0.0089299984687492,3.075710479541297,0.005150935727705736,2.581148072107216
2020-10-12,326.69647216796875,0.01608778690801005,-0.9445706057940035,-0.6454620246582258,1.0,0.5994094023443037,0.0,0.0,0.009643170735572817,1.9556303684998564,0.01608778690801005,3.1251918543268906,0.009643170735572817,2.6060385236603407
2020-10-13,324.56439208984375,-0.006526180291989259,-0.7385401387248702,-0.4538051041266354,1.0,0.5995154751383389,0.0,0.0,-0.0039125460785904035,1.94797887457041,-0.006526180291989259,3.104796288838497,-0.0039125460785904035,2.595842277853938
2020-10-14,322.5250549316406,-0.0062833052790295385,-0.8419644550062948,-0.5492483221452092,1.0,0.6077487422981274,0.0,0.0,-0.0038186708808053862,1.940540184365664,-0.0062833052790295385,3.085287905926527,-0.0038186708808053862,2.5859296105363336
2020-10-15,322.12646484375,-0.0012358422447990014,-0.8958238990940597,-0.5971895463035922,1.0,0.6204568461380682,0.0,0.0,-0.0007667867815321788,1.9390522038032603,-0.0012358422447990014,3.081474976795015,-0.0007667867815321788,2.583946753893002
2020-10-16,321.93182373046875,-0.0006042381937655383,-0.8859170826754399,-0.5856427908504165,1.0,0.6493147425366101,0.0,0.0,-0.00039234076721565686,1.938291434573949,-0.0006042381937655383,3.079613031920903,-0.00039234076721565686,2.582932966241135
2020-10-19,317.0373229980469,-0.015203531840082052,-0.7932335911849324,-0.49837222351293725,1.0,0.6807902482874666,0.0,0.0,-0.010350416216255863,1.918229311477705,-0.015203531840082052,3.032792037134962,-0.010350416216255863,2.556198534981851
2020-10-20,318.3072204589844,0.004005514079316486,-0.8241762648046143,-0.5241026174103177,1.0,0.6436851682388646,0.0,0.0,0.002578290004027973,1.923175062936921,0.004005514079316486,3.044939928339345,0.002578290004027973,2.5627891561129053
2020-10-21,317.7047119140625,-0.0018928522703729467,-0.8341460993548395,-0.5323933190840398,1.0,0.6732227175991168,0.0,0.0,-0.0012743111494741334,1.9207243395118299,-0.0018928522703729467,3.0391763068828386,-0.0012743111494741334,2.559523365317519
2020-10-22,319.4473876953125,0.005485205966102802,-0.8586137314881777,-0.5526320905391543,1.0,0.7060511793973567,0.0,0.0,0.003872836141604301,1.9281629901519504,0.005485205966102802,3.0558468148933904,0.003872836141604301,2.5694359799120012
2020-10-23,320.5320739746094,0.0033955083718870682,-0.7591404284081067,-0.45880683245492854,1.0,0.7338575025990525,0.0,0.0,0.0024918192938472184,1.932967623892493,0.0033955083718870682,3.0662229683365654,0.0024918192938472184,2.575838550061051
2020-10-26,314.6086730957031,-0.018479900639757685,-0.6501407766641316,-0.3572670896603382,0.5,0.7691390147275472,0.5,0.0001,-0.007206806285163098,1.9190371006716078,-0.018479900639757685,3.009559472542363,-0.014213612570326195,2.5392265788667725
2020-10-27,313.5240478515625,-0.0034475376456347684,-0.950716667006656,-0.6322572586238863,0.5,0.6841148975315965,0.0,0.0,-0.0011792559315898755,1.9167740647876998,-0.0034475376456347684,2.9991839029639964,-0.002358511863179751,2.533237782857214
2020-10-28,302.8080749511719,-0.034179109940121966,-0.8398722540847898,-0.5281356656177457,1.0,0.7171329195048288,0.5,0.0001,-0.02461096489743618,1.8696004055628936,-0.034179109940121966,2.8966744666139457,-0.02451096489743618,2.471145680484742
2020-10-29,305.8856506347656,0.010163453151274204,-1.2766172337773094,-0.9234332600382521,1.0,0.5343086200011725,0.0,0.0,0.005430420627703888,1.879753122170826,0.010163453151274204,2.9261146818498687,0.005430420627703888,2.4845650409621074
2020-10-30,302.69683837890625,-0.010424850754659598,-1.236983074937772,-0.8803006712083228,1.0,0.5348004248163238,0.0,0.0,-0.005575214612238727,1.8692730950966976,-0.010424850754659598,2.8956103730005656,-0.005575214612238727,2.470713057640678
2020-11-02,306.089599609375,0.011208446208551992,-1.1498566851464265,-0.7941673558786982,1.0,0.5542710221369379,0.0,0.0,0.006212516936580999,1.880885985859081,0.011208446208551992,2.9280656661072677,0.006212516936580999,2.4860624043567023
2020-11-03,311.49395751953125,0.01765613048288195,-2.10222215393064,-1.6499672062418647,1.0,0.5512555789457793,0.0,0.0,0.00973304043128331,1.8991927252060814,0.01765613048288195,2.979763975570504,0.00973304043128331,2.510259350252999
2020-11-04,318.4555358886719,0.022348999719213225,-2.2060568378188474,-1.718068384749838,1.0,0.5270730270545538,0.0,0.0,0.011779554933647088,1.9215643702422291,0.022348999719213225,3.046358719823851,0.011779554933647088,2.5398290881670054
2020-11-05,324.6663818359375,0.01950302396199155,-1.6013543857193167,-1.1536677611791464,1.0,0.4957994178579264,0.0,0.0,0.0096695879268246,1.94014510587734,0.01950302396199155,3.1057719269333974,0.0096695879268246,2.564388188854143
2020-11-06,324.5921325683594,-0.00022869404327685583,-1.2755683843877783,-0.8550651042388393,1.0,0.4895392924944086,0.0,0.0,-0.00011195472014343766,1.9399278974749739,-0.00022869404327685583,3.105061655393931,-0.00011195472014343766,2.5641010934921207
2020-11-09,328.6708984375,0.012565818637892079,-1.1811627350474163,-0.7661887404550985,1.0,0.5131044189984746,0.0,0.0,0.0064475770714358185,1.9524357321069723,0.012565818637892079,3.144079297015084,0.0064475770714358185,2.580633332911364
2020-11-10,328.1889343261719,-0.001466403364640323,-1.1212079686756522,-0.7087791415801967,1.0,0.5288492483118509,0.0,0.0,-0.0007755063171120038,1.9509216058629681,-0.001466403364640323,3.1394688085552453,-0.0007755063171120038,2.5786320354595413
2020-11-11,330.62689208984375,0.007428519089704988,-1.0077939946141186,-0.6049364526091194,1.0,0.5518070223357839,0.0,0.0,0.004099108999254638,1.9589186461744013,0.007428519089704988,3.1627904125311312,0.004099108999254638,2.5892021292418597
2020-11-12,327.4194641113281,-0.009701049900212144,-1.0315101102101516,-0.6223264308915823,1.0,0.5778304974853197,0.0,0.0,-0.005605562489969494,1.9479378052905043,-0.009701049900212144,3.132108024915254,-0.005605562489969494,2.574688194907232
2020-11-13,331.9523620605469,0.013844314239294775,-1.300372779404578,-0.8538816261689359,1.0,0.5768645421541627,0.0,0.0,0.007986293995089136,1.963494609287703,0.013844314239294775,3.1754699126435977,0.007986293995089136,2.595250411777447
2020-11-16,336.09619140625,0.012483204879100374,-1.300897452534905,-0.8468557297807207,1.0,0.5853906790837358,0.0,0.0,0.007307551781317971,1.9778429478174115,0.012483204879100374,3.2151099541505466,0.007307551781317971,2.6142153385469973
2020-11-17,334.28851318359375,-0.005378454944975131,-1.4012473051274932,-0.9258326711604816,1.0,0.6016554093982617,0.0,0.0,-0.003235976511849117,1.9714426944941479,-0.005378454944975131,3.197817630119007,-0.003235976511849117,2.6057557991145432
2020-11-18,330.26531982421875,-0.012035093043012868,-1.3746224850930875,-0.8931248884700175,1.0,0.6136428476347969,0.0,0.0,-0.00738524876646415,1.9568830997664801,-0.012035093043012868,3.159331597405938,-0.00738524876646415,2.5865116443134255
2020-11-19,331.65582275390625,0.00421026019452353,-1.3314618992013743,-0.846977001380992,1.0,0.5986186486663464,0.0,0.0,0.002520340268179384,1.9618151110429414,0.00421026019452353,3.1726332054717967,0.002520340268179384,2.5930305337647037
2020-11-20,329.3846740722656,-0.006847908361089949,-1.314285458260482,-0.8238710354438452,1.0,0.6284647233031702,0.0,0.0,-0.00430366883335786,1.9533721084927353,-0.006847908361089949,3.150907304017375,-0.00430366883335786,2.5818709890725953
2020-11-23,331.35919189453125,0.005994564950014825,-1.410057049700025,-0.8994349555814191,1.0,0.6423192544688318,0.0,0.0,0.0038504244895585116,1.9608934202964963,0.005994564950014825,3.1697956225027832,0.0038504244895585116,2.591812288357801
2020-11-24,336.6985778808594,0.016113589473104373,-1.4533833410659858,-0.9289838750967787,1.0,0.6702593061538323,0.0,0.0,0.010800283299890634,1.98207162475659,0.016113589473104373,3.2208724078774362,0.010800283299890634,2.6198045953322033
2020-11-25,336.1795654296875,-0.0015414750321740556,-1.722841986644489,-1.1513565128634529,1.0,0.6542871711074251,0.0,0.0,-0.00100856733813389,1.9800725720540184,-0.0015414750321740556,3.215907513478875,-0.00100856733813389,2.617162345985058
2020-11-27,337.11578369140625,0.0027848755783894674,-1.797754287443441,-1.2017478921453106,1.0,0.6820621682130884,0.0,0.0,0.0018994582751999988,1.9838336372865033,0.0027848755783894674,3.2248634157755216,0.0018994582751999988,2.6221335366606815
2020-11-30,335.623291015625,-0.004427240574257585,-1.9144086967932932,-1.2863591176561489,1.0,0.7170621239953407,0.0,0.0,-0.003174606529615496,1.9775357460679026,-0.004427240574257585,3.2105861696147615,-0.003174606529615496,2.6138092944136746
2020-12-01,339.2941589355469,0.010937464765372829,-1.696654482087908,-1.0869831155825804,1.0,0.7368203963412311,0.0,0.0,0.008058947123390258,1.993472602080078,0.010937464765372829,3.2457018427211164,0.008058947123390258,2.6348738453079803
2020-12-02,340.0079040527344,0.0021036174611042124,-1.866603755029855,-1.2182993654750474,1.0,0.747264058863993,0.0,0.0,0.0015719577222819017,1.9966062567310752,0.0021036174611042124,3.2525295577910027,0.0015719577222819017,2.639015755596351
2020-12-03,339.9151916503906,-0.00027267719732004814,-2.2248837397246692,-1.5058757163899983,1.0,0.7853465348715725,0.0,0.0,-0.00021414609205379183,1.996178691303826,-0.00027267719732004814,3.251642667146984,-0.00021414609205379183,2.6384506206854215
2020-12-04,342.844482421875,0.008617710662656153,-2.0169742473189354,-1.35723965436979,1.0,0.8213186792829297,0.0,0.0,0.007077886739895172,2.0103074179934666,0.008617710662656153,3.279664382830804,0.007077886739895172,2.657125275347439
2020-12-07,342.13995361328125,-0.0020549515734274992,-1.7073491964220517,-1.115716367340338,1.0,0.8452739307661494,0.0,0.0,-0.0017369969940051458,2.006815520051386,-0.0020549515734274992,3.2729248313469914,-0.0017369969940051458,2.6525098567314656
2020-12-08,343.14117431640625,0.0029263483920871636,-1.6260707787891837,-1.0751482818590719,1.0,0.8740326557663691,0.0,0.0,0.0025577240568335877,2.0119484003846484,0.0029263483920871636,3.282502549664626,0.0025577240568335877,2.6592942450030157
2020-12-09,340.06353759765625,-0.008969010276546285,-1.5099136698029287,-0.9981221647680768,1.0,0.9188324525479065,0.0,0.0,-0.0082410177093264,1.9953678979868277,-0.008969010276546285,3.2530617505638943,-0.0082410177093264,2.6373789540356363
2020-12-10,339.95233154296875,-0.0003270155203145553,-1.4686124737427355,-0.9666495388983256,1.0,0.8816363538133405,0.0,0.0,-0.0002883087709704969,1.9947926159205251,-0.0003270155203145553,3.2519979488829183,-0.0002883087709704969,2.636618574550815
2020-12-11,339.55364990234375,-0.0011727574828372944,-1.5028529013247875,-0.9930808117830154,1.0,0.9246412463722031,0.0,0.0,-0.0010843799406230034,1.992629502822118,-0.0011727574828372944,3.248184143954194,-0.0010843799406230034,2.633759478257498
2020-12-14,338.0334777832031,-0.004476971811605668,-1.5721782664386268,-1.0408336306004713,1.0,0.9673801924890197,0.0,0.0,-0.0043309338528790065,1.9839995562521002,-0.004476971811605668,3.2336421151028065,-0.0043309338528790065,2.6223528401727716
2020-12-15,342.60345458984375,0.013519302397532185,-1.5044430595048204,-0.9688795292916207,1.0,0.9917045284289009,0.0,0.0,0.013407153408832364,2.0105993426658277,0.013519302397532185,3.277358700702277,0.013407153408832364,2.6575111269930556
2020-12-16,343.14117431640625,0.0015695105211541716,-1.1362176732571982,-0.6373790586725603,1.0,0.9186805297648868,0.0,0.0,0.001441878757045478,2.013498383146947,0.0015695105211541716,3.2825025496646254,0.001441878757045478,2.6613429358336784
2020-12-17,345.0599670410156,0.0055918463542941055,-1.1298565546994737,-0.6237644770796796,0.5,0.9657737181869346,0.5,0.0001,0.0026002291225583367,2.01873394028103,0.0055918463542941055,3.3008577995799286,0.005400458245116673,2.675715407234584
2020-12-18,343.68218994140625,-0.003992862780994866,-0.46429140452530526,-0.03841645515729604,0.5,1.0036317437837485,0.0,0.0,-0.0020036819177895525,2.014689039588061,-0.003992862780994866,3.2876779273266292,-0.004007363835579105,2.6649928420773303
2020-12-21,342.4532775878906,-0.0035757231229385233,-0.428613778930504,-0.009385330136268941,0.5,1.0214474829967466,0.0,0.0,-0.0018262066919094105,2.011009800981849,-0.0035757231229385233,3.275922101341113,-0.003652413383818821,2.655259186553146
2020-12-22,341.8761291503906,-0.0016853348333099039,-0.6844696830989583,-0.23891293030490124,0.5,1.0486544290520512,0.0,0.0,-0.0008836669186930656,2.0092327381475537,-0.0016853348333099039,3.270401075712513,-0.0017673338373861312,2.65056645714572
2020-12-23,342.1833801269531,0.0008987201806867073,-0.343456365452963,0.05611710707613231,0.5,1.0943708476638214,0.0,0.0,0.0004917665829753473,2.0102208116655946,0.0008987201806867073,3.2733402511581953,0.0009835331659506946,2.653173377164879
2020-12-24,343.51458740234375,0.0038903329404740283,-0.2499093805263708,0.13347687111642043,0.5,1.150521836958392,0.0,0.0,0.002237956500526961,2.0147195983985564,0.0038903329404740283,3.2860746345626555,0.004475913001053922,2.6650487503777813
2020-12-28,346.4657287597656,0.008591021940984822,-0.1672228895682284,0.2015836726665128,0.5,1.1966327666542806,0.0,0.0,0.005140149176814148,2.0250755576837762,0.008591021940984822,3.314305373847897,0.010280298353628295,2.6924462466586294
2020-12-29,345.8047180175781,-0.0019078676108996717,-0.3155764766780971,0.06268038407082285,0.5,1.1782071457410725,0.0,0.0,-0.0011239316261449706,2.022799511219162,-0.0019078676108996717,3.307982117972502,-0.0022478632522899412,2.6863939956819993
2020-12-30,346.2981262207031,0.0014268405762465353,-0.36142284761713883,0.015384871453001001,0.5,1.2180697637569255,0.0,0.0,0.0008689956818137064,2.0245573152595866,0.0014268405762465353,3.312702081083923,0.0017379913636274128,2.6910629252457956
2020-12-31,348.0575866699219,0.005080768031928029,0.576047377217682,0.8380967416022492,0.5,1.2805706233559293,0.0,0.0,0.003253141142886477,2.031143485957989,0.005080768031928029,3.3295331519167957,0.006506282285772954,2.7085717402862226
2021-01-04,343.3191223144531,-0.013614024049309004,0.5687962048269135,0.818765674080537,0.0,1.321763627573332,0.5,0.0001,-0.0001,2.0309403716093932,-0.013614024049309004,3.2842048075136288,-0.01799452181328525,2.659832287022794
2021-01-05,345.6836853027344,0.006887361741870768,0.03862843467703403,0.3366451264391361,0.0,1.0565474787218814,0.0,0.0,0.0,2.0309403716093932,0.006887361741870768,3.306824314057366,0.007276824683419105,2.679187420262757
2021-01-06,347.7503662109375,0.005978531808330079,-0.14228939324653656,0.1672766931811131,0.5,1.0669716993387854,0.5,0.0001,0.003089462121542463,2.037214884958592,0.005978531808330079,3.3265942684035172,0.006378924243084926,2.696277753849639
2021-01-07,352.9170837402344,0.014857547342345123,0.13476510435253974,0.407924699189626,0.5,1.0946363177187983,0.0,0.0,0.008131805456578692,2.053781120076321,0.014857547342345123,3.376019300235096,0.016263610913157384,2.740128966152051
2021-01-08,354.9278869628906,0.005697664735709651,-0.23554641003762544,0.07173743024585222,0.5,0.9803216926856673,0.0,0.0,0.00279277216903316,2.059516862829756,0.005697664735709651,3.395254726349121,0.00558554433806632,2.7554340779845132
2021-01-11,352.5354309082031,-0.006740682100692896,-0.1455607976725748,0.14767558226544356,0.5,1.023029720116204,0.0,0.0,-0.00344795906143208,2.05241573300039,-0.006740682100692896,3.3723683935879265,-0.00689591812286416,2.7364328301897825
2021-01-12,352.60992431640625,0.0002113075783936047,-0.4090729583004489,-0.0942449940259454,0.5,0.9924281478080957,0.0,0.0,0.00010485379432148955,2.0526309365775206,0.0002113075783936047,3.3730810005866267,0.0002097075886429791,2.737006680920085
2021-01-13,353.5594177246094,0.0026927586058274056,-0.40432028846999657,-0.09566591778755264,0.5,1.0402244520933013,0.0,0.0,0.0014005366726831674,2.0555057214796815,0.0026927586058274056,3.382163893479109,0.0028010733453663348,2.7446732373800993
2021-01-14,352.3212890625,-0.0035018969939411004,-0.21488282623089638,0.06761459702432714,0.5,1.0929535393905394,0.0,0.0,-0.001913705357054508,2.0515720891690297,-0.0035018969939411004,3.3703199039075185,-0.003827410714109016,2.7341682456246224
2021-01-15,349.7519226074219,-0.0072926801043303735,0.02154311375293183,0.27292355660923556,0.5,1.114522539543179,0.0,0.0,-0.004063928174977152,2.043234647552859,-0.0072926801043303735,3.3457412389990635,-0.008127856349954304,2.711945318887579
2021-01-19,352.4981384277344,0.007851896280767434,-0.07226045059148944,0.1879298618735688,0.5,1.0847584611388617,0.0,0.0,0.004258705463273616,2.0519361821091424,0.007851896280767434,3.3720116521899706,0.008517410926547233,2.735044071578871
2021-01-20,357.37628173828125,0.013838777510443379,-0.07595900114983678,0.18499220875917127,0.5,1.0834575514823883,0.0,0.0,0.007496863998487262,2.06731926859999,0.013838777510443379,3.41867617120725,0.014993727996974524,2.7760525784478625
2021-01-21,357.7020263671875,0.0009114892217296777,0.0847676043754575,0.3299696990679646,0.5,0.9901989440110962,0.0,0.0,0.0004512778324171114,2.068252203958438,0.0009114892217296777,3.42179225768989,0.0009025556648342228,2.7785581204284187
2021-01-22,356.43603515625,-0.0035392341044161446,0.14701241260211617,0.38555425763234674,0.5,1.0387492643123235,0.0,0.0,-0.0018381884110956776,2.0644503667258984,-0.0035392341044161446,3.4096817338332466,-0.0036763768221913552,2.768343093755364
2021-01-25,357.8417053222656,0.003943681410885969,1.3962570212155399,1.5325363928550597,0.5,1.0578573043258412,0.0,0.0,0.0020859260932198807,2.068756657614009,0.003943681410885969,3.423128432304002,0.004171852186439761,2.7798922119438627
2021-01-26,357.2830810546875,-0.0015610932411442846,1.2218777350094712,1.372437038585135,0.0,1.1071153605445594,0.5,0.0001,-0.0001,2.068549781948248,-0.0015610932411442846,3.4177846096447633,-0.0017283103065131294,2.7750876955829646
2021-01-27,348.5509338378906,-0.024440416240869456,2.85149322149136,2.8388859490711624,0.0,1.148410304751955,0.0,0.0,-0.0,2.068549781948248,-0.024440416240869456,3.3342525311634077,-0.028067625863441522,2.697197572405102
2021-01-28,351.5485534667969,0.008600234106101778,1.4784219397275784,1.5460204112716365,0.0,0.7522621906394787,0.0,0.0,0.0,2.068549781948248,0.008600234106101778,3.3629278835002756,0.006469630948668483,2.7146474452942075
2021-01-29,344.5107116699219,-0.020019544178098037,1.4936205186204177,1.5510963481925517,0.0,0.7581162311706382,0.0,0.0,-0.0,2.068549781948248,-0.020019544178098037,3.2956036001687843,-0.015177141382053776,2.6734468572145462
2021-02-01,350.2453308105469,0.016645691835902587,1.1887467875253162,1.2801086633453722,0.0,0.6719434518621091,0.0,0.0,0.0,2.068549781948248,0.016645691835902587,3.350461202110485,0.011184963630849313,2.7033492630814995
2021-02-02,355.1977844238281,0.014139956132520393,1.575703633213589,1.6289016768072,0.0,0.6266547666638126,0.0,0.0,0.0,2.068549781948248,0.014139956132520393,3.397836576532039,0.008860870910861112,2.727303291928636
2021-02-03,355.4771423339844,0.0007864855086565647,-0.16539800795554527,0.09443775753158394,0.0,0.6172058181011996,0.0,0.0,0.0,2.068549781948248,0.0007864855086565647,3.4005089257602648,0.00048542343179511314,2.72862718885215
2021-02-04,359.5173645019531,0.011365631391772713,-0.3237888818150232,-0.033988989612164046,0.5,0.64882666123427,0.5,0.0001,0.0035871623343716494,2.0759700058128256,0.011365631391772713,3.439157856754889,0.007374324668743298,2.748748971642706
2021-02-05,360.93243408203125,0.0039360256827607465,-0.6857075415350344,-0.3437153225459029,0.5,0.6576088214319545,0.0,0.0,0.0012941826051830994,2.0786566900832306,0.0039360256827607465,3.452694470406145,0.002588365210366199,2.755863737852936
2021-02-08,363.5390625,0.007221929014493478,-2.141345913427825,-1.6964562530374985,0.5,0.6905569987783196,0.0,0.0,0.0024935768128193417,2.083839980207434,0.007221929014493478,3.477629584780152,0.0049871536256386835,2.7696076536849352
2021-02-09,363.29693603515625,-0.0006660259923065848,-2.4088310660405803,-1.9478624401377875,1.0,0.718911598037196,0.5,0.0001,-0.000578813810463436,2.0826338248480942,-0.0006660259923065848,3.475313393085074,-0.000478813810463436,2.7682815272907857
2021-02-10,363.138671875,-0.0004356330716230872,-2.3544931388059958,-1.8784553885919422,1.0,0.7516709071012482,0.0,0.0,-0.00032745270611022893,2.0819518607663112,-0.0004356330716230872,3.4737994316367917,-0.00032745270611022893,2.7673750460133992
2021-02-11,363.7251892089844,0.0016151332243299343,-1.2656877027242306,-0.8018982194505953,1.0,0.7869147729782253,0.0,0.0,0.0012709721945531793,2.0845979636917433,0.0016151332243299343,3.4794100805134867,0.0012709721945531793,2.7708923027487824
2021-02-12,365.5219421386719,0.0049398638944830875,-1.6586402422059265,-1.18364595906418,1.0,0.8271362306753504,0.0,0.0,0.004085940401731998,2.0931155067329597,0.0049398638944830875,3.4965978927443158,0.004085940401731998,2.782214003557432
2021-02-16,365.2054443359375,-0.0008658790793312221,-1.1490877882743575,-0.657304534339766,1.0,0.8655570340323986,0.0,0.0,-0.0007494677277366365,2.091546784210238,-0.0008658790793312221,3.493570261780155,-0.0007494677277366365,2.7801288239501085
2021-02-17,365.2892150878906,0.00022937980047221807,-0.7684492614538048,-0.2610203274122056,0.5,0.9035886298113373,0.5,0.0001,3.6324898075447247e-06,2.091554381732614,0.00022937980047221807,3.4943716162297376,0.00020726497961508946,2.7807050472941315
2021-02-18,363.7345275878906,-0.0042560454450480956,-0.44208070523868415,0.08232100049959697,0.5,0.947569215974701,0.0,0.0,-0.002016448822758461,2.0873368693618337,-0.0042560454450480956,3.4794994118291775,-0.004032897645516922,2.769490748456022
2021-02-19,363.0921936035156,-0.001765941739528154,-0.5520476047953533,-0.01931179071413882,0.5,0.9674852334726518,0.0,0.0,-0.0008542612780832485,2.0855537383000224,-0.001765941739528154,3.4733548185851646,-0.001708522556166497,2.76475901104319
2021-02-22,360.29931640625,-0.007691923005966217,-0.10191360987665021,0.4543273132941892,0.5,1.0091777869834286,0.0,0.0,-0.0038812589184039543,2.0774591642534346,-0.007691923005966217,3.446638040748206,-0.007762517836807909,2.743297519905492
2021-02-23,360.7369384765625,0.001214606995865175,1.056658499171407,1.6566238653538519,0.0,0.9952921655015379,0.5,0.0001,-0.0001,2.0772514183370094,0.001214606995865175,3.4508243514247137,0.0012088888271479675,2.7466138616268485
2021-02-24,364.7120056152344,0.011019296098312203,1.6761338773042898,2.2739053844177777,0.0,1.0454507007598282,0.0,0.0,0.0,2.0772514183370094,0.011019296098312203,3.4888500067363286,0.011520130827860534,2.778255212646405
2021-02-25,355.9239196777344,-0.02409596010604409,1.0714425525531528,1.619493998020885,0.0,0.9950521420907602,0.0,0.0,-0.0,2.0772514183370094,-0.02409596010604409,3.4047828161580385,-0.023976736719252673,2.711641718873891
2021-02-26,354.090087890625,-0.005152313979824075,-0.10248466902320708,0.42625718456989603,0.0,0.7180180532240272,0.0,0.0,-0.0,2.0772514183370094,-0.005152313979824075,3.3872403060560825,-0.0036994544533922222,2.7016101238409984
2021-03-01,362.67327880859375,0.0242401332641089,0.6048568556538179,1.1428817087396135,0.0,0.7493040105579493,0.0,0.0,0.0,2.0772514183370094,0.0242401332641089,3.469347462472443,0.018163229071255952,2.7506800873815465
2021-03-02,359.8432312011719,-0.0078032978241980855,0.9038980205507201,1.4379907306737703,0.0,0.6129583004794389,0.0,0.0,-0.0,2.0772514183370094,-0.0078032978241980855,3.442275110967145,-0.004783096172455362,2.737523319983943
2021-03-03,355.0768737792969,-0.013245649795786574,0.6498374938460962,1.167790089287665,0.0,0.6286663075402996,0.0,0.0,-0.0,2.0772514183370094,-0.013245649795786574,3.3966799403465218,-0.008327093748089069,2.7147277066608564
2021-03-04,350.6828308105469,-0.01237490609281744,0.8057985448902407,1.313059497193637,0.0,0.6233738875625441,0.0,0.0,-0.0,2.0772514183370094,-0.01237490609281744,3.3546463450573767,-0.00771419331930102,2.693785772322412
2021-03-05,357.13421630859375,0.018396639160051187,1.2831938036700272,1.7812526838199645,0.0,0.6288672059015533,0.0,0.0,0.0,2.0772514183370094,0.018396639160051187,3.416360563376982,0.011569043066560489,2.7249502959344976
2021-03-08,355.3560791015625,-0.004978904640978943,1.3686389016844096,1.8420634607684252,0.0,0.5810550014526529,0.0,0.0,-0.0,2.0772514183370094,-0.004978904640978943,3.399350829912727,-0.0028930174433966396,2.7170669671959704
2021-03-09,360.42962646484375,0.014277361952294676,0.8560195602970566,1.304476816961403,0.0,0.6068627981811954,0.0,0.0,0.0,2.0772514183370094,0.014277361952294676,3.4478845921142245,0.008664399825015281,2.740608721751098
2021-03-10,362.67327880859375,0.006224938737018126,1.0333221264389758,1.455613290408722,0.0,0.596262242787033,0.0,0.0,0.0,2.0772514183370094,0.006224938737018126,3.4693474624724443,0.0037116959325463085,2.7507810279963225
2021-03-11,366.3504638671875,0.010139112180179266,0.9321015282342424,1.3343966133940006,0.0,0.6210334800925518,0.0,0.0,0.0,2.0772514183370094,0.010139112180179266,3.5045235655864726,0.006296728122305509,2.7681019482536113
2021-03-12,366.84381103515625,0.0013466535916482059,0.5631705438386954,0.9656320462911137,0.0,0.6361221096243096,0.0,0.0,0.0,2.0772514183370094,0.0013466535916482059,3.5092429448330855,0.0008566361236524103,2.770473204376438
2021-03-15,369.0314636230469,0.005963444174559074,0.5440599690360353,0.9390236069400957,0.0,0.6686308746481902,0.0,0.0,0.0,2.0772514183370094,0.005963444174559074,3.5301701192295627,0.003987342894351088,2.7815200310218984
2021-03-16,368.5660095214844,-0.0012612856827783903,0.823977876703176,1.2036447098819083,0.0,0.6987065549344778,0.0,0.0,-0.0,2.0772514183370094,-0.0012612856827783903,3.5257175662004063,-0.0008812685742022697,2.7790687648300447
2021-03-17,369.82275390625,0.003409821720666173,0.6719781305282932,1.0505761943269982,0.0,0.7303774660912382,0.0,0.0,0.0,2.0772514183370094,0.003409821720666173,3.5377396345385708,0.0024904569481630254,2.7859899159448385
2021-03-18,364.44207763671875,-0.014549338061809025,0.773494046167122,1.1419286234479011,0.0,0.7671954168688423,0.0,0.0,-0.0,2.0772514183370094,-0.014549338061809025,3.4862678646210083,-0.011162185479495289,2.7548921797590586
2021-03-19,363.7676086425781,-0.0018506891369798328,0.02531701206408954,0.42695485835698566,0.0,0.7104012367288994,0.0,0.0,-0.0,2.0772514183370094,-0.0018506891369798328,3.4798158665553522,-0.0013147318517112128,2.7512702352622993
2021-03-22,366.67242431640625,0.00798536099645486,0.2378039052969818,0.6262942265200789,0.0,0.7448966583435527,0.0,0.0,0.0,2.0772514183370094,0.00798536099645486,3.5076034524509883,0.005948268721926167,2.767635529948276
2021-03-23,363.78631591796875,-0.007871081125934487,0.0981810630351001,0.49164113702369955,0.0,0.7618340393146046,0.0,0.0,-0.0,2.0772514183370094,-0.007871081125934487,3.4799948211191385,-0.005996457527943616,2.7510395210401137
2021-03-24,361.9371337890625,-0.005083154720210037,0.175353128990698,0.5650242453813233,0.0,0.7701127388697345,0.0,0.0,-0.0,2.0772514183370094,-0.005083154720210037,3.4623054690178603,-0.00391460220367957,2.7402702956686404
2021-03-25,363.9730224609375,0.005624978709870332,0.6101601459356161,0.981409307946956,0.0,0.7979973636289824,0.0,0.0,0.0,2.0772514183370094,0.005624978709870332,3.4817808635681535,0.0044887181809456795,2.7525705967655134
2021-03-26,369.8385925292969,0.01611539786300753,0.8014150710575407,1.1681016043625565,0.0,0.8230880618900122,0.0,0.0,0.0,2.0772514183370094,0.01611539786300753,3.53789114745636,0.013264391593649312,2.789081771050176
2021-03-29,369.6517639160156,-0.0005051625683613059,0.3056153289646404,0.6991955575548456,0.0,0.7595763639541026,0.0,0.0,-0.0,2.0772514183370094,-0.0005051625683613059,3.5361039372777285,-0.0003837095468815965,2.788011573747591
2021-03-30,368.6711120605469,-0.002652907279759531,0.3048641323128214,0.7071599174075796,0.0,0.7964272951171963,0.0,0.0,-0.0,2.0772514183370094,-0.002652907279759531,3.526722981400538,-0.0021128477690156027,2.7821209297140084
2021-03-31,370.1654968261719,0.004053436021262069,0.3553057036439986,0.7624226862190385,0.0,0.8290926427496876,0.0,0.0,0.0,2.0772514183370094,0.004053436021262069,3.54101832737036,0.003360673983084948,2.7914707311402944
2021-04-01,374.1629333496094,0.01079905220154731,0.2104667346821394,0.6290592377222869,0.0,0.8673058741735243,0.0,0.0,0.0,2.0772514183370094,0.01079905220154731,3.579257969134268,0.009366081409908512,2.8176158732615315
2021-04-05,379.5332946777344,0.014353001993137271,-0.18157128386963262,0.25301713269705856,0.0,0.8633410629817457,0.0,0.0,0.0,2.0772514183370094,0.014353001993137271,3.6306310658992045,0.012391535997734246,2.8525304617828393
2021-04-06,379.30914306640625,-0.0005905980172792313,-0.12915741339027598,0.30678142667070746,0.5,0.8324543044914617,0.5,0.0001,-0.0003458229308541094,2.0765330571633993,-0.0005905980172792313,3.628486822390212,-0.0004916458617082189,2.851128026985907
2021-04-07,379.74810791015625,0.0011572746182739735,-0.7612036266775384,-0.3005889018699384,0.5,0.8664816565633197,0.0,0.0,0.0005013786141703579,2.077574186429879,0.0011572746182739735,3.6326859780925056,0.0010027572283407159,2.8539870162238916
2021-04-08,381.5507507324219,0.004746943525764991,-0.7971647437625409,-0.3389948274677212,0.5,0.9087040498878032,0.0,0.0,0.002156783403225667,2.082055063954141,0.004746943525764991,3.649930133277349,0.004313566806451334,2.8662978798831182
2021-04-09,384.3246765136719,0.007270135823151058,-0.6816374587574083,-0.23230347823166644,0.5,0.9530056435227461,0.0,0.0,0.003464240234319922,2.0892678028767606,0.007270135823151058,3.676465621091287,0.006928480468639844,2.8861569687611923
2021-04-12,384.46478271484375,0.00036455166616633505,-0.6404494861914802,-0.19575324992960813,0.5,0.9882091924997822,0.0,0.0,0.00018012665382334208,2.0896441356950337,0.00036455166616633505,3.6778058827590594,0.00036025330764668416,2.8871967163555765
2021-04-13,385.6042175292969,0.0029636909950689905,-0.671286865788923,-0.22915587145149768,0.5,1.0303717779339427,0.0,0.0,0.0015268517799180259,2.092834712563015,0.0029636909950689905,3.6887057629354043,0.0030537035598360517,2.896013359246259
2021-04-14,384.28729248046875,-0.0034152247018098825,-0.67300698393124,-0.23387389767711497,0.5,1.0831954666982189,0.0,0.0,-0.0018496779573781204,2.0889636423267515,-0.0034152247018098825,3.6761080038961187,-0.003699355914756241,2.885299975096518
2021-04-15,388.4154968261719,0.010742495071998537,-0.5320041935738637,-0.09905351027232685,0.5,1.0911926738791273,0.0,0.0,0.005861065960873716,2.1012071960242955,0.010742495071998537,3.7155985760121073,0.011722131921747432,2.919121842038414
2021-04-16,389.713623046875,0.003342107179838072,-0.5333261781982324,-0.10196516770959042,0.5,1.0741505840630823,0.0,0.0,0.001794963189612243,2.1049787855949074,0.003342107179838072,3.7280165046903937,0.003589926379224486,2.929601274543318
2021-04-19,387.7990417480469,-0.004912790278819301,-0.5372190978708287,-0.1081991264177917,0.5,1.1292699970587234,0.0,0.0,-0.002773933331856199,2.0991397147786954,-0.004912790278819301,3.709701541446873,-0.005547866663712398,2.91334823729431
2021-04-20,384.9598388671875,-0.007321325158673342,-0.5222088133971514,-0.096436954636586,0.5,1.1062698933057382,0.0,0.0,-0.004049680801071087,2.0906388689769906,-0.007321325158673342,3.6825416102203086,-0.008099361602142174,2.8897519764474997
2021-04-21,388.60235595703125,0.009462070382620924,-0.5253218839314839,-0.102359499415532,0.5,1.0578833962105805,0.0,0.0,0.005004883575775285,2.101102273115211,0.009462070382620924,3.7173860781231434,0.01000976715155057,2.9186777208574726
2021-04-22,385.0531921386719,-0.009133150543101265,-0.4115352575652982,0.006480043777788726,0.5,1.0502408030860786,0.0,0.0,-0.004796003680546363,2.091025378880146,-0.009133150543101265,3.683434631444816,-0.009592007361092727,2.8906817426743503
2021-04-23,389.2280578613281,0.010842309083241464,-0.3596169012061785,0.05395009893764323,0.5,0.98557842962381,0.0,0.0,0.005342972979878547,2.102197670979743,0.010842309083241464,3.7233715682068564,0.010685945959757094,2.921571411563425
2021-04-26,390.0406188964844,0.0020876219448848765,-0.3380240769641656,0.07139239931207586,0.5,0.9634269695172021,0.0,0.0,0.001005635641929022,2.1043117158840605,0.0020876219448848765,3.7311445604016056,0.002011271283858044,2.927447484247243
2021-04-27,389.95654296875,-0.00021555685141783076,-0.345395037090686,0.06020569389605457,0.5,1.0128599748081764,0.0,0.0,-0.00010916445354839695,2.1040819998455005,-0.00021555685141783076,3.7303402866279805,-0.0002183289070967939,2.926808337837424
2021-04-28,389.8444519042969,-0.00028744501528243926,-0.30272106998536996,0.09874206946934935,0.5,1.059469944303251,0.0,0.0,-0.0001522696771657665,2.1037616119586535,-0.00028744501528243926,3.7292680189072818,-0.000304539354331533,2.9259170095159672
2021-04-29,392.3288269042969,0.006372734017027648,-0.0692275124660906,0.3243772364948989,0.5,1.108466636038261,0.0,0.0,0.003531981519110615,2.111192059092706,0.006372734017027648,3.7530336520699854,0.00706396303822123,2.9465855791240907
2021-04-30,389.7510681152344,-0.0065704037335275745,-0.0006410611040643666,0.3848907073621189,0.5,1.1390938386205367,0.0,0.0,-0.0037421532050553154,2.103291654962285,-0.0065704037335275745,3.72837470575037,-0.007484306410110631,2.9245324297863124
2021-05-03,390.5917053222656,0.00215685671137833,-0.033402905819995166,0.34637953090162116,0.5,1.1053872066574695,0.0,0.0,0.001192080907675454,2.105798948787439,0.00215685671137833,3.736416275757001,0.002384161815350908,2.931504988333164
2021-05-04,388.18206787109375,-0.006169197702710405,0.015876436997039445,0.38594959038824983,0.5,1.1612653743819543,0.0,0.0,-0.0035820378399371456,2.0982558972695826,-0.006169197702710405,3.713365585052231,-0.007164075679874291,2.9105034647408163
2021-05-05,388.303466796875,0.00031273707836909637,0.1394290799493394,0.4985678296294303,0.5,1.14547088954513,0.0,0.0,0.00017911560967659692,2.0986317276538795,0.00031273707836909637,3.7145268921562167,0.00035823121935319385,2.9115460979459225
2021-05-06,391.4042663574219,0.007985505733763887,0.07693275433506663,0.42764362741830914,0.0,1.2040540899847643,0.5,0.0001,-0.0001,2.0984218644811143,0.007985505733763887,3.74418926795175,0.009614980839335194,2.9395405578905134
2021-05-07,394.25286865234375,0.007277903027047117,0.10322454030709105,0.44145013770947644,0.0,1.1872726033054164,0.0,0.0,0.0,2.0984218644811143,0.007277903027047117,3.7714391143588135,0.0086408548735266,2.964940701246091
2021-05-10,390.3488464355469,-0.009902330527465364,0.14956283316548857,0.4756239153170607,0.0,1.1972883884136856,0.0,0.0,-0.0,2.0984218644811143,-0.009902330527465364,3.7340930776842214,-0.011855945358768646,2.929788526300128
2021-05-11,386.8651123046875,-0.008924668697425253,0.15381481830638943,0.46862553040112803,0.0,1.0828278626408787,0.0,0.0,-0.0,2.0984218644811143,-0.008924668697425253,3.7007675340805406,-0.009663879930410941,2.901475401760468
2021-05-12,378.64605712890625,-0.0212452736480101,0.24376574439139498,0.5501022009161722,0.0,1.0417447344499038,0.0,0.0,-0.0,2.0984218644811143,-0.0212452736480101,3.622143715111328,-0.02213215195476182,2.837259507275702
2021-05-13,383.19451904296875,0.01201243701981558,0.5252736183507398,0.8269970233609591,0.0,0.8055356782629054,0.0,0.0,0.0,2.0984218644811143,0.01201243701981558,3.6656544883658233,0.009676446602347578,2.864714097394858
2021-05-14,389.07861328125,0.015355371608594126,0.8089969692556589,1.1034980808926067,0.0,0.7641645307761739,0.0,0.0,0.0,2.0984218644811143,0.015355371608594126,3.7219419752233915,0.011734030340175111,2.898328739529617
2021-05-17,388.0885925292969,-0.0025445262683648773,0.9876235451507851,1.26797181341067,0.0,0.7136476732015834,0.0,0.0,-0.0,2.0984218644811143,-0.0025445262683648773,3.7124713960981057,-0.0018158952508189024,2.893065678136193
2021-05-18,384.7449035644531,-0.008615787810334452,1.0297209346048692,1.2896514335527665,0.0,0.7466752423323524,0.0,0.0,-0.0,2.0984218644811143,-0.008615787810334452,3.6804855302973882,-0.006433195451165605,2.874454021175684
2021-05-19,383.7362365722656,-0.002621651340518727,0.8930619435528313,1.1301760658047313,0.0,0.7553546213154823,0.0,0.0,-0.0,2.0984218644811143,-0.002621651340518727,3.6708365804731242,-0.0019802764555387495,2.868761807555021
2021-05-20,387.86444091796875,0.010757921593692599,0.9166144708198414,1.1361810538556147,0.0,0.7922183093135738,0.0,0.0,0.0,2.0984218644811143,0.010757921593692599,3.710327152589113,0.008522622456683138,2.8932111813589647
2021-05-21,387.5469665527344,-0.0008185188734574078,1.2539437184584483,1.4603236029425781,0.0,0.7790050317309244,0.0,0.0,-0.0,2.0984218644811143,-0.0008185188734574078,3.7072901797880173,-0.0006376303209900485,2.8913663821847027
2021-05-24,391.4975280761719,0.010193761955042735,0.9845564203785773,1.1633293647074925,0.0,0.8182852542856645,0.0,0.0,0.0,2.0984218644811143,0.010193761955042735,3.7450814133790438,0.008341405093509677,2.915484440452261
2021-05-25,390.6290588378906,-0.0022183262370746304,1.8464286127058092,2.01648626417972,0.0,0.8149126654217895,0.0,0.0,-0.0,2.0984218644811143,-0.0022183262370746304,3.7367736010197645,-0.0018077421466295757,2.9102139963514126
2021-05-26,391.4042663574219,0.0019845106296942916,1.8092749415018243,1.9337501212316046,0.0,0.8507411146197271,0.0,0.0,0.0,2.0984218644811143,0.0019845106296942916,3.7441892679517492,0.0016883047850808181,2.915127324567062
2021-05-27,391.6097106933594,0.0005248903846895026,1.7382191113628398,1.8226753525832486,0.0,0.893768954883229,0.0,0.0,0.0,2.0984218644811143,0.0005248903846895026,3.7461545568969545,0.00046913073055219274,2.916494900378489
2021-05-28,392.3101806640625,0.0017886940787625871,1.2420517437653205,1.2975165173080025,0.0,0.9394630119188905,0.0,0.0,0.0,2.0984218644811143,0.0017886940787625871,3.7528552813710054,0.0016804119266357852,2.9213958131930573
2021-06-01,391.96466064453125,-0.0008807317183214813,0.5416813968639449,0.5851878316016175,0.0,0.9871770444623745,0.0,0.0,-0.0,2.0984218644811143,-0.0008807317183214813,3.749550022690432,-0.0008694381346568685,2.9188558402666405
2021-06-02,392.58111572265625,0.0015727312689652884,0.7954864464319016,0.8273570602875879,0.5,1.0345056308649574,0.5,0.0001,0.0007134996767909903,2.099919087803193,0.0015727312689652884,3.7554470572556666,0.0016269993535819806,2.9236048168319533
2021-06-03,391.1240539550781,-0.0037114922476492174,0.5313497066375197,0.5474862488996941,0.5,1.0870958724025386,0.0,0.0,-0.002017373951436742,2.095682765735334,-0.0037114922476492174,3.741508744616205,-0.004034747902873484,2.9118088084284097
2021-06-04,394.70123291015625,0.009145893531490534,0.22541087543657845,0.22163177687961488,0.5,1.1180538474419393,0.0,0.0,0.005112800725588669,2.106397574100589,0.009145893531490534,3.775728185241606,0.010225601451177338,2.941583804805426
2021-06-07,394.3182373046875,-0.000970343068464441,0.19199264483584777,0.17290037608103156,0.5,1.089493877467848,0.0,0.0,-0.0005285914160676866,2.105284150424094,-0.000970343068464441,3.772064433568651,-0.0010571828321353732,2.9384740129076983
2021-06-08,394.4023132324219,0.00021321846108124376,0.25498231379031555,0.22341517587867563,0.5,1.1391820036488265,0.0,0.0,0.0001214473168547253,2.1055398315353795,0.00021321846108124376,3.7728687073422758,0.0002428946337094506,2.939187752476728
2021-06-09,393.8139343261719,-0.0014918241767595264,0.05778795824762195,-0.0056852932374709154,0.5,1.1965582305850897,0.0,0.0,-0.0008925272486437185,2.1036605798626296,-0.0014918241767595264,3.767240250588923,-0.001785054497287437,2.9339411421607973
2021-06-10,395.6445007324219,0.004648302781317781,0.08477540577664655,0.008521172891460482,1.0,1.2481135030493284,0.5,0.0001,0.005701609467624472,2.115654830941443,0.004648302781317781,3.784751523923628,0.005801609467624472,2.9509627228686104
2021-06-11,396.2983703613281,0.0016526695750751497,0.05668386397547476,-0.03790391009689528,1.0,1.286128175911506,0.0,0.0,0.002125544905975846,2.1201517502901535,0.0016526695750751497,3.791006467616436,0.002125544905975846,2.9572351266519283
2021-06-14,397.185546875,0.002238657991106452,0.08629967272352523,-0.018953729864298333,1.0,1.3516275528425514,0.0,0.0,0.003025831822170636,2.126566972924012,0.002238657991106452,3.799493234539502,0.003025831822170636,2.9661832228037923
2021-06-15,396.4571228027344,-0.001833964196322757,0.9043012309776604,0.9042514289779662,1.0,1.418519920889185,0.0,0.0,-0.0026015147466813553,2.1210346775841447,-0.001833964196322757,3.792525099983186,-0.0026015147466813553,2.9584666534083093
2021-06-16,394.2435302734375,-0.005583434883570715,0.7058226593971604,0.6619434890611265,0.0,1.466176185146214,1.0,0.0002,-0.0002,2.1206104706486277,-0.005583434883570715,3.7713497830431226,-0.008186299257606007,2.9342477600398604
2021-06-17,394.1127624511719,-0.0003316930075553115,0.7996244404458723,0.7603939508503123,0.5,1.4291066528311263,0.5,0.0001,-0.0003370123418974304,2.1198957987476623,-0.0003316930075553115,3.770098852691042,-0.0004740246837948607,2.932856854173232
2021-06-18,388.7960205078125,-0.013490407948963834,0.8057584630874075,0.7559930899835919,0.5,1.5011139545067123,0.0,0.0,-0.010125319812088944,2.0984311758170384,-0.013490407948963834,3.7192386811603195,-0.020250639624177887,2.87346462695007
2021-06-21,394.3620300292969,0.01431601463979626,0.34609897458702577,0.19175671345930861,0.5,1.1921981095901009,0.0,0.0,0.008533762795214655,2.1163386897135443,0.01431601463979626,3.7724833565687073,0.01706752559042931,2.922507558003734
2021-06-22,396.4703674316406,0.005346197761957772,0.08487992113006104,-0.1370585871544579,0.5,0.9953434165426689,0.0,0.0,0.0026606513729499092,2.1219695291539575,0.005346197761957772,3.792651798646618,0.0053213027458998184,2.938059105497052
2021-06-23,395.9925231933594,-0.001205245782621156,0.5930073599982606,0.474579065259863,1.0,1.0252765609808348,0.5,0.0001,-0.0013357102511424735,2.1191351927012545,-0.001205245782621156,3.7880807210613487,-0.0012357102511424735,2.934428515741927
2021-06-24,398.3350524902344,0.005915589713624936,0.4268252310528369,0.26324195966147323,0.5,1.0734430476067534,0.5,0.0001,0.0030750243252923564,2.125651584967394,0.005915589713624936,3.8104894524092403,0.0063500486505847125,2.9530622795785515
2021-06-25,399.75,0.0035521541499297093,0.4450670621938384,0.2759458052415997,0.5,1.0988765958753655,0.0,0.0,0.0019516895301496557,2.129800196910521,0.0035521541499297093,3.824024898330879,0.0039033790602993113,2.964589201044418
2021-06-28,400.555908203125,0.002016030526891699,0.36175925540832266,0.16675407625128624,0.5,1.148607927481444,0.0,0.0,0.001157814322616199,2.1322661100828153,0.002016030526891699,3.8317342492615083,0.002315628645232398,2.971454088719703
2021-06-29,400.7713928222656,0.0005379639014870818,0.7101814592062645,0.5880428652498121,0.5,1.2070733701148444,0.0,0.0,0.000324680949784071,2.1329584162686293,0.0005379639014870818,3.8337955839677025,0.000649361899568142,2.973383637791234
2021-06-30,401.1087341308594,0.0008417300102638858,0.23620003806371148,-0.0014071463743267202,0.5,1.2675523033250036,0.0,0.0,0.0005334684066438837,2.134096282196394,0.0008417300102638858,3.8370226047639453,0.0010669368132877673,2.9765560502544215
2021-07-01,403.3294982910156,0.005536563956824114,0.3040884367840073,0.07654033938727106,1.0,1.3320165373192563,0.5,0.0001,0.0072747947504154566,2.1496213946269975,0.005536563956824114,3.8582665258190008,0.007374794750415457,2.998507540188155
2021-07-02,406.4123840332031,0.007643591047147069,0.19557121045245074,-0.06327219420919346,1.0,1.363575008161192,0.0,0.0,0.010422609724494379,2.1720260594786183,0.007643591047147069,3.887757537293258,0.010422609724494379,3.02975981403549
2021-07-06,405.6720886230469,-0.0018215375299581726,0.11932882647237575,-0.15343874167255753,1.0,1.3585008096446485,0.0,0.0,-0.0024745602092462906,2.1666512502183863,-0.0018215375299581726,3.8806758410317004,-0.0024745602092462906,3.022262490956104
2021-07-07,407.1058044433594,0.003534174177915128,-0.027536192396054204,-0.3299980666118376,1.0,1.3903827621653482,0.0,0.0,0.0049138548554630845,2.177297859984367,0.003534174177915128,3.8943908253819335,0.0049138548554630845,3.0371134501717725
2021-07-08,403.78875732421875,-0.008147874785710996,0.12405797249797734,-0.14263277442256517,1.0,1.4552568920412088,0.0,0.0,-0.011857250937394714,2.15148109289308,-0.008147874785710996,3.8626598165701,-0.011857250937394714,3.001101633867749
2021-07-09,408.0990295410156,0.010674572133607008,0.041998535991755404,-0.24647251848467863,1.0,1.2987516082136425,0.0,0.0,0.013863617725514634,2.181308404308622,0.010674572133607008,3.9038920574096627,0.013863617725514634,3.042707759675109
2021-07-12,409.56085205078125,0.0035820288801218236,-0.025662136564253757,-0.3288859790198049,1.0,1.2108309418613987,0.0,0.0,0.004337231402692639,2.190769243618747,0.0035820288801218236,3.9178759115041824,0.004337231402692639,3.0559046873195883
2021-07-13,408.1646728515625,-0.0034089664386323104,0.45067514503654227,0.25618483589970686,1.0,1.2689213968373723,0.0,0.0,-0.004325710455081034,2.181292610196955,-0.0034089664386323104,3.9045200040111387,-0.004325710455081034,3.042685728463919
2021-07-14,408.7737731933594,0.0014922906912582246,0.7602919900677438,0.6326016452071836,0.5,1.2792392200124163,0.5,0.0001,0.0008544983899584803,2.183156521220397,0.0014922906912582246,3.910346682866956,0.0019089967799169607,3.0484942057218563
2021-07-15,407.3775634765625,-0.0034156049344594708,1.1524786530594056,1.1063299779001396,0.5,1.3448484689684586,0.0,0.0,-0.002296735533354466,2.1781423880632356,-0.0034156049344594708,3.8969904834415083,-0.004593471066708932,3.0344910357908432
2021-07-16,404.1822509765625,-0.007843614343242655,1.1061579991160082,1.0316853037841147,0.0,1.3603206488101027,0.5,0.0001,-0.0001,2.1779245738244293,-0.007843614343242655,3.8664239929901063,-0.010669830552416076,3.0021135306261293
2021-07-19,398.2132568359375,-0.014768075852423124,0.8230283452171214,0.6678930999727599,0.0,1.2731948876406403,0.0,0.0,-0.0,2.1779245738244293,-0.014768075852423124,3.8093243501839997,-0.018802638675594313,2.9456658746466533
2021-07-20,403.9198303222656,0.014330445780912804,0.26007089349156187,-0.03202653425029853,0.5,1.04395303367008,0.5,0.0001,0.007380156173414259,2.1939979973131707,0.014330445780912804,3.8639136662462223,0.014960312346828519,2.989733956200761
2021-07-21,407.19012451171875,0.008096394244481386,-0.17925773686729096,-0.5751290964955371,1.0,0.9088160513788531,0.5,0.0001,0.007258133047676046,2.2099223266840045,0.008096394244481386,3.8951974346147913,0.0073581330476760465,3.011732816427641
2021-07-22,408.04278564453125,0.0020940123089550067,-0.12935280824397166,-0.5125358217353736,1.0,0.9161675293826653,0.0,0.0,0.0019184660835921989,2.214161987715121,0.0020940123089550067,3.9033540259886848,0.0019184660835921989,3.0175107236887992
2021-07-23,412.2407531738281,0.010288057225827263,-0.16885453282824114,-0.5585198002838739,1.0,0.9624259115564916,0.0,0.0,0.009901492853712154,2.2360854968134434,0.010288057225827263,3.9435119555807194,0.009901492853712154,3.047388584555404
2021-07-26,413.25274658203125,0.0024548601767580003,-0.21020171872903592,-0.6055074068682168,1.0,0.9495687077767606,0.0,0.0,0.0023310584058167244,2.241297942706915,0.0024548601767580003,3.9531927260370434,0.0023310584058167244,3.0544922253312214
2021-07-27,411.3693542480469,-0.004557482919500755,-0.21980748392544314,-0.6053250239858412,1.0,0.9981529118443256,0.0,0.0,-0.004549064846780457,2.231102133024586,-0.004557482919500755,3.935176117710635,-0.004549064846780457,3.040597142124203
2021-07-28,411.2005615234375,-0.0004103191520377081,-0.1886981086216757,-0.5551293510060861,1.0,1.0112716179059775,0.0,0.0,-0.0004149441127389818,2.2301763503295677,-0.0004103191520377081,3.933561439582897,-0.0004149441127389818,3.0393354642408674
2021-07-29,412.906005859375,0.00414747569803664,-0.14609215812440635,-0.4926590863699571,1.0,1.0599189716835358,0.0,0.0,0.0043959881769454505,2.23998017919812,0.00414747569803664,3.9498757900603008,0.0043959881769454505,3.0526963470074415
2021-07-30,410.9007873535156,-0.00485635587132216,-0.35009122069321386,-0.7464720472176377,1.0,1.1052809208448862,0.0,0.0,-0.0053676374894054265,2.2279567776127314,-0.00485635587132216,3.930693787576248,-0.0053676374894054265,3.0363105796514733
2021-08-02,410.0386657714844,-0.0020981258945350634,-0.3842779487461909,-0.7788975576916808,1.0,1.1142117769523587,0.0,0.0,-0.0023377565812196703,2.2227483569931943,-0.0020981258945350634,3.922446697157046,-0.0023377565812196703,3.029212424611266
2021-08-03,413.37451171875,0.008135442400265536,-0.41774743898227173,-0.8100147221975859,1.0,1.159874179258465,0.0,0.0,0.009436089576912506,2.2437224095967174,0.008135442400265536,3.954357536329879,0.009436089576912506,3.0577963443973943
2021-08-04,411.3411865234375,-0.004918845109385783,-0.5080778409261724,-0.91842140811356,1.0,1.1457954713360872,0.0,0.0,-0.00563599045053789,2.2310768115225725,-0.004918845109385783,3.93490666410154,-0.00563599045053789,3.0405626334006812
2021-08-05,413.9461975097656,0.006332969008878253,-0.5747310296413048,-1.001307027669741,1.0,1.1534560514938774,0.0,0.0,0.007304801427213804,2.2473743845996066,0.006332969008878253,3.959826306058124,0.007304801427213804,3.06277333966468
2021-08-06,414.6302185058594,0.0016524393754762112,-0.4056412992974945,-0.7716913986782942,1.0,1.1708972748882795,0.0,0.0,0.0019348367616631862,2.25172268717615,0.0016524393754762112,3.9663696789663008,0.0019348367616631862,3.068699306114905
2021-08-09,414.2928466796875,-0.000813669171020881,-0.04722909755309468,-0.2990743573618847,1.0,1.230784945647773,0.0,0.0,-0.0010014517664302036,2.249467695513567,-0.000813669171020881,3.963142366237654,-0.0010014517664302036,3.065626151774153
2021-08-10,414.8081970214844,0.0012439276852764802,-0.563955411333656,-1.0505290925234818,1.0,1.286167675341703,0.0,0.0,0.0015998995792652362,2.2530666179331895,0.0012439276852764802,3.968072228747709,0.0015998995792652362,3.0705308457645613
2021-08-11,415.8389892578125,0.002484985214201929,0.2805927708372544,0.10523167050261154,1.0,1.3521367095948498,0.0,0.0,0.003360039730922849,2.2606370112858607,0.002484985214201929,3.9779328295650322,0.003360039730922849,3.080847951401354
2021-08-12,417.08514404296875,0.0029967242546937722,0.12162905545243063,-0.16648561719702332,0.5,1.4173599034461253,0.5,0.0001,0.0020237184001437136,2.265211904001646,0.0029967242546937722,3.989853597358932,0.004247436800287427,3.0939336583662262
2021-08-13,417.8443298339844,0.0018202177705408662,0.32081542192334345,0.12720657046000347,1.0,1.4822329928127156,0.5,0.0001,0.002597986833599677,2.2710968947035552,0.0018202177705408662,3.997115999778701,0.002697986833599677,3.102281050640529
2021-08-16,418.8280944824219,0.0023543807542592,0.7101476297921541,0.7448788978095077,0.5,1.5578255262443934,0.5,0.0001,0.0017338572187417549,2.275034652448899,0.0023543807542592,4.006526732761122,0.00366771443748351,3.113659331639095
2021-08-17,416.0826110839844,-0.0065551557658286574,0.7127231623441515,0.7392090221663449,0.0,1.6350014542082687,0.5,0.0001,-0.0001,2.2748071489836543,-0.0065551557658286574,3.980263325947916,-0.010717689209691572,3.0802880986177312
2021-08-18,411.528564453125,-0.010945053961748386,0.3013805302366439,0.03184476506602449,0.5,1.503000683737355,0.5,0.0001,-0.008325211794025034,2.255868897677803,-0.010945053961748386,3.936699129063448,-0.01645042358805007,3.0296160546222404
2021-08-19,412.1657409667969,0.001548316614470302,0.3013338197196105,0.021928016842378658,0.5,1.271453889989254,0.0,0.0,0.0009843065912016288,2.2580893643026743,0.001548316614470302,3.9427943857311476,0.0019686131824032576,3.0355801967249905
2021-08-20,415.4454040527344,0.007957146264132797,0.23598342790750326,-0.10150303977025646,0.5,1.3299889023958253,0.0,0.0,0.005291458113018511,2.2700379495893346,0.007957146264132797,3.974167777347812,0.010582916226037022,3.067705487644348
2021-08-23,419.0999450683594,0.008796681778097337,0.32157148833198335,0.04066400547395808,1.0,1.2740305086261015,0.5,0.0001,0.01110724095997131,2.2952518080837025,0.008796681778097337,4.009127266617909,0.01120724095997131,3.1020860022386048
2021-08-24,419.76519775390625,0.0015873366087852947,0.02217137104866085,-0.4665657487707016,0.5,1.227458439530123,0.5,0.0001,0.0008741948584143175,2.2972583054130955,0.0015873366087852947,4.015491101097491,0.001948389716828635,3.1081300747060845
2021-08-25,420.6460266113281,0.002098384673467457,0.13336491668240358,-0.2574009365989181,1.0,1.2903804679371411,0.5,0.0001,0.0026077145968610624,2.3032488994288816,0.002098384673467457,4.023917146080479,0.0027077145968610623,3.116546003878309
2021-08-26,418.162841796875,-0.0059032646390537735,0.021735793514932933,-0.4450341216215275,1.0,1.355660371198423,0.0,0.0,-0.008002821931862162,2.2848164086219946,-0.0059032646390537735,4.00016289828154,-0.008002821931862162,3.091604841166814
2021-08-27,421.901611328125,0.008940941560432014,0.059985915590365035,-0.37900222246898724,1.0,1.3144895955162672,0.0,0.0,0.011752774655306861,2.3116693410012763,0.008940941560432014,4.0359281209872835,0.011752774655306861,3.1279397761883034
2021-08-30,423.7569885253906,0.004397653735962237,-0.1633577409676663,-0.770322327802956,1.0,1.2603712356390866,0.0,0.0,0.00554267627310757,2.3244821758089147,0.004397653735962237,4.0536767353666185,0.00554267627310757,3.145276933769492
2021-08-31,423.1291198730469,-0.00148167149886691,0.20920472313675553,-0.09035799659431751,1.0,1.3103367382147966,0.0,0.0,-0.0019414885989310954,2.319969220166163,-0.00148167149886691,4.047670518082206,-0.0019414885989310954,3.1391704144620975
2021-09-01,423.35406494140625,0.0005316227548386454,0.09574007440785959,-0.28779358411632994,0.5,1.3554703403222534,0.5,0.0001,0.0002602994382120963,2.320573106850842,0.0005316227548386454,4.049822351833708,0.0007205988764241926,3.1414324971356633
2021-09-02,424.6565246582031,0.0030765258318168343,0.2596082939402189,0.01632277568810414,1.0,1.4228431750041441,0.5,0.0001,0.004277413782524529,2.3304991582414414,0.0030765258318168343,4.062281734913394,0.00437741378252453,3.1551838470454956
2021-09-03,424.55340576171875,-0.00024282894644644948,0.5569451423927125,0.5742257077534605,0.5,1.4885740393848639,0.5,0.0001,-0.00028073443284568105,2.329844906882005,-0.00024282894644644948,4.061295295319536,-0.00036146886569136206,3.1540433463192565
2021-09-07,423.035400390625,-0.0035755345511130354,0.6257044476293676,0.722838423220976,0.5,1.55502575809566,0.0,0.0,-0.0027800241629708866,2.3233678817448986,-0.0035755345511130354,4.0467739936688485,-0.005560048325941773,3.1365067128916064
2021-09-08,422.52008056640625,-0.0012181482300132052,0.22194238073574102,-0.02271006945029558,0.0,1.5551934155831872,0.5,0.0001,-0.0001,2.3231355449567244,-0.0012181482300132052,4.041844423091197,-0.0018944561065208506,3.130564738596225
2021-09-09,420.71160888671875,-0.004280202913109266,0.17188025534737683,-0.10480748397952133,0.5,1.619277330751725,0.5,0.0001,-0.0035654177741076642,2.314852596193074,-0.004280202913109266,4.024544508817147,-0.006930835548215329,3.1088673092199732
2021-09-10,417.3945007324219,-0.00788451776520871,0.44923926401263525,0.4302174383159557,1.0,1.6121171193251322,0.5,0.0001,-0.012810766066916094,2.285197561103851,-0.00788451776520871,3.992812916140505,-0.012710766066916094,3.069351224119395
2021-09-13,418.462646484375,0.0025590795999439475,0.4915163015502948,0.5123249635521007,0.5,1.4856889297688425,0.5,0.0001,0.0018009981160170005,2.2893131976061256,0.0025590795999439475,4.003030842220593,0.003801996232034001,3.081020885908286
2021-09-14,416.2044372558594,-0.005396441588006673,-0.0013014508316935292,-0.41961825152436405,0.5,1.5338674365347937,0.0,0.0,-0.004138713012502774,2.2798383872854986,-0.005396441588006673,3.9814287201055603,-0.008277426025005547,3.055517963443683
2021-09-15,419.68084716796875,0.008352649806018908,-0.06437401449893176,-0.5290401772936881,1.0,1.5306066458254137,0.5,0.0001,0.012684621303344894,2.3087572738610436,0.008352649806018908,4.014684199932228,0.012784621303344894,3.094581603491878
2021-09-16,419.0155029296875,-0.0015853576420535864,0.005947253912045536,-0.38494528388138133,1.0,1.3907268527169412,0.0,0.0,-0.0022047994439639354,2.303666927107387,-0.0015853576420535864,4.008319489655434,-0.0022047994439639354,3.0877586716931984
2021-09-17,414.9338684082031,-0.009741010757230328,-0.02118060397177457,-0.42677908473022086,1.0,1.4547764258598743,0.0,0.0,-0.014170992813666124,2.271021679638268,-0.009741010757230328,3.9692744063882843,-0.014170992813666124,3.044002065746299
2021-09-20,408.01513671875,-0.01667429972876211,-0.23328405318411694,-0.8316853799130864,1.0,1.3161027602392097,0.0,0.0,-0.021945091898079718,2.221183900176075,-0.01667429972876211,3.9030895352304618,-0.021945091898079718,2.977201160675552
2021-09-21,407.6297607421875,-0.000944513920884571,0.03293851000939929,-0.3144353474030608,1.0,1.0455555304366704,0.0,0.0,-0.000987541753555287,2.218990388332326,-0.000944513920884571,3.8994030128299775,-0.000987541753555287,2.9742610502206515
2021-09-22,411.6060791015625,0.00975473025358875,0.036076880413635326,-0.3073839452168561,1.0,1.0968317216017058,0.0,0.0,0.010699297577803994,2.24273202681938,0.00975473025358875,3.937440637370165,0.010699297577803994,3.006083554271034
2021-09-23,416.60711669921875,0.012150057668177006,-0.2789102915949675,-0.905705658101511,1.0,1.0086485582172295,0.0,0.0,0.01225513814926293,2.270217017639828,0.012150057668177006,3.985280768179236,0.01225513814926293,3.042923523516852
2021-09-24,417.29339599609375,0.0016473057453083584,0.2160863886234714,0.05145187845312862,1.0,0.9243523372078021,0.0,0.0,0.0015226909157716214,2.2736738564694186,0.0016473057453083584,3.9918457440853246,0.0015226909157716214,3.047556955523499
2021-09-27,416.099609375,-0.0028607848399904157,0.24614091068760935,0.11820728252965934,0.5,0.9700701109966821,0.5,0.0001,-0.001487580933633564,2.2702915825912338,-0.0028607848399904157,3.980425932297065,-0.002775161867267128,3.039099491672206
2021-09-28,407.7143859863281,-0.020151961693179343,0.46904680175492475,0.5462124885368109,0.5,1.011763159021771,0.0,0.0,-0.010194506211588425,2.2471470809503904,-0.020151961693179343,3.900212541386877,-0.02038901242317685,2.977135254381231
2021-09-29,408.4006652832031,0.0016832354227942492,-0.6277814080719706,-1.556273671739572,0.0,0.8095377887649051,0.5,0.0001,-0.0001,2.2469223662422952,0.0016832354227942492,3.9067775172929657,0.0013626426821396168,2.9811920259493534
2021-09-30,403.408935546875,-0.012222628807097125,-0.8611044771340599,-1.9701414288636334,1.0,0.84467467928764,1.0,0.0002,-0.010524145067686633,2.2232754293041315,-0.012222628807097125,3.859026425867181,-0.010324145067686632,2.9504137669988215
2021-10-01,408.2032470703125,0.011884495113967164,-0.8845573584604187,-1.9686876971054672,1.0,0.8313385031651722,0.0,0.0,0.009880038378919265,2.2452414758725645,0.011884495113967164,3.9048890065700697,0.009880038378919265,2.9795639682504618
2021-10-04,402.93902587890625,-0.012896078679402345,-1.4153413705920879,-2.910741800162045,1.0,0.7801462368246738,0.0,0.0,-0.010060827251530648,2.222652489245839,-0.012896078679402345,3.8545312507070086,-0.010060827251530648,2.9495870898810086
2021-10-05,407.13153076171875,0.010404812176402212,-1.2081997807322793,-2.4326867892174437,1.0,0.7664514661193055,0.0,0.0,0.007974783547299477,2.240377661748441,0.010404812176402212,3.8946369243986876,0.007974783547299477,2.9731094084767182
2021-10-06,408.8236389160156,0.004156170737086073,-0.8862904984742395,-1.8277427849504364,1.0,0.7457019221813429,0.0,0.0,0.0030992645075589337,2.2473211847190258,0.004156170737086073,3.9108237004154485,0.0030992645075589337,2.9823238609434997
2021-10-07,412.358154296875,0.008645574874855733,-0.898740133144567,-1.844440087169244,1.0,0.7734799864251706,0.0,0.0,0.006687179136841208,2.26234942405926,0.008645574874855733,3.9446350195397506,0.006687179136841208,3.0022671948457047
2021-10-08,411.6060791015625,-0.0018238397555030428,-0.9732478115081711,-1.9627697302919562,1.0,0.7787671196766808,0.0,0.0,-0.0014203464331449262,2.25913610412427,-0.0018238397555030428,3.9374406373701647,-0.0014203464331449262,2.9980029353441577
2021-10-11,408.6262512207031,-0.007239513778230955,-1.0453356236974156,-2.068512776137309,1.0,0.8168568270072931,0.0,0.0,-0.005913646253961318,2.2457763723649267,-0.007239513778230955,3.908935481624957,-0.005913646253961318,2.9802738065161947
2021-10-12,407.6203308105469,-0.002461712646094627,-0.9508639354427819,-1.8822869002657463,1.0,0.8332129176095583,0.0,0.0,-0.00205113077616885,2.241169991331176,-0.002461712646094627,3.8993128057170727,-0.00205113077616885,2.9741608751902398
2021-10-13,409.08685302734375,0.0035977651406167155,-1.0514372497358178,-2.0391002149331694,1.0,0.8742029214009702,0.0,0.0,0.003145176796441705,2.248218867184792,0.0035977651406167155,3.913341617401842,0.003145176796441705,2.983515136963773
2021-10-14,415.96795654296875,0.016820642034089284,-0.7669587120505033,-1.527850511931712,1.0,0.9073062080964495,0.0,0.0,0.015261472941697296,2.282529998593346,0.016820642034089284,3.9791665359052626,0.015261472941697296,3.0290479724976898
2021-10-15,419.1358642578125,0.007615749398515392,-1.2860703231030093,-2.3938312763262113,1.0,0.7982404601227683,0.0,0.0,0.006079199304050623,2.296405953372269,0.007615749398515392,4.009470871057676,0.006079199304050623,3.0474621588240334
2021-10-18,420.376708984375,0.0029604832999909902,-1.05897597869486,-1.966493492214809,1.0,0.8207975567044593,0.0,0.0,0.00242995745929696,2.3019861221482403,0.0029604832999909902,4.021340842613243,0.00242995745929696,3.054867362228793
2021-10-19,423.6198425292969,0.0077148269055087315,-0.9548920912443015,-1.7680634633304282,1.0,0.8622921196529324,0.0,0.0,0.006652434445106597,2.3172999339193767,0.0077148269055087315,4.052364791142057,0.006652434445106597,3.075189667094516
2021-10-20,425.2837219238281,0.003927765480948198,-0.9361559546671692,-1.718223485366958,1.0,0.8875622151388766,0.0,0.0,0.003486136230816397,2.3253783571766817,0.003927765480948198,4.068281529684914,0.003486136230816397,3.0859101972096066
2021-10-21,426.39300537109375,0.002608337422950635,-1.1865575944406634,-2.100647473624475,1.0,0.9318082452843138,0.0,0.0,0.0024304703171890403,2.3310301202500336,0.002608337422950635,4.0788929806458905,0.0024304703171890403,3.093410410345436
2021-10-22,425.9510803222656,-0.001036426590636741,-1.0655139902652881,-1.8667761428882887,1.0,0.9796231006546781,0.0,0.0,-0.0010153074303205208,2.328663408048643,-0.001036426590636741,4.074665507500388,-0.0010153074303205208,3.090269647770781
2021-10-25,428.2354736328125,0.005363041476074137,-0.7994701550713614,-1.4181588327840906,1.0,1.0183772371952944,0.0,0.0,0.005461599361368153,2.341381634630883,0.005363041476074137,4.096518107618241,0.005461599361368153,3.107147462505502
2021-10-26,428.620849609375,0.0008999160515434923,-0.7281909020264234,-1.2927988551215046,1.0,1.061547670134208,0.0,0.0,0.00095530378783237,2.3436183653752067,0.0008999160515434923,4.100204630018725,0.00095530378783237,3.1101157322457866
2021-10-27,426.72198486328125,-0.004430173538744753,-0.7237217362940997,-1.2741268825266527,1.0,1.1129138654179378,0.0,0.0,-0.004930401557476687,2.3320633857364297,-0.004430173538744753,4.082040011963377,-0.004930401557476687,3.094781612795589
2021-10-28,430.8393859863281,0.009648907881711466,-0.6930404819707627,-1.210963897279648,1.0,1.1145554588859892,0.0,0.0,0.01075424295184956,2.357142961965752,0.009648907881711466,4.121427240008272,0.01075424295184956,3.1280636461425093
2021-10-29,431.71368408203125,0.00202929008846664,-0.8401554891343768,-1.4215810134443547,1.0,1.0997009465856342,0.0,0.0,0.002231612231183609,2.362403191030323,0.00202929008846664,4.129790811456757,0.002231612231183609,3.1350442712351616
2021-11-01,432.45623779296875,0.001720014301877848,-0.7061866978518201,-1.1966885599509094,1.0,1.1558375336419933,0.0,0.0,0.0019880570885114465,2.367099783440173,0.001720014301877848,4.136894110716226,0.0019880570885114465,3.1412769182213878
2021-11-02,434.2048034667969,0.004043335535525827,-0.8196927108178609,-1.3533336898546218,1.0,1.214343227342264,0.0,0.0,0.004909997123438095,2.378722236567755,0.004043335535525827,4.153620961680793,0.004909997123438095,3.156700578853777
2021-11-03,436.8555603027344,0.006104853780458441,-0.9304226056578471,-1.4988800607557908,1.0,1.2722264516766597,0.0,0.0,0.007766756463117484,2.3971971928725786,0.006104853780458441,4.178978210311302,0.007766756463117484,3.1812179034767163
2021-11-04,438.91436767578125,0.004712787383592376,-0.781583964875638,-1.2519109850160839,1.0,1.3142359464089823,0.0,0.0,0.0061937145872998384,2.412044748094708,0.004712787383592376,4.198672846097164,0.0061937145872998384,3.2009214592108597
2021-11-05,440.4371643066406,0.003469461797122708,-0.5202864291960712,-0.8465719286036174,1.0,1.3748125363995363,0.0,0.0,0.004769859573243564,2.423549862827499,0.003469461797122708,4.213239981135315,0.004769859573243564,3.216189405076277
2021-11-08,440.8132019042969,0.0008537826235626156,-0.597448664511238,-0.9504755820333965,1.0,1.444975701702347,0.0,0.0,0.0012336951455836612,2.4265397845283494,0.0008537826235626156,4.2168371722201075,0.0012336951455836612,3.220157202332597
2021-11-09,439.3561706542969,-0.0033053258017357035,-0.5989218293367147,-0.9406052220498154,1.0,1.5051975511237796,0.0,0.0,-0.004975168302438824,2.4144673407077573,-0.0033053258017357035,4.2028991515130505,-0.004975168302438824,3.2041363782906815
2021-11-10,435.82159423828125,-0.008044899906041736,-0.49870502816040707,-0.7806996357042609,1.0,1.473925654231776,0.0,0.0,-0.01185758435724172,2.38583759053751,-0.008044899906041736,4.16908724852394,-0.01185758435724172,3.166143060892993
2021-11-11,435.9626159667969,0.0003235767350218133,-0.4927137075350685,-0.7597588248370595,1.0,1.30588202372706,0.0,0.0,0.0004225530415612802,2.386845733468063,0.0003235767350218133,4.170436268163839,0.0004225530415612802,3.1674809242733915
2021-11-12,439.2527770996094,0.007546888224615689,-0.21072991365699467,-0.33160754164487405,0.5,1.3708733559031838,0.5,0.0001,0.005072913993552565,2.398953996589824,0.007546888224615689,4.201910084527555,0.01034582798710513,3.200251137068361
2021-11-15,439.4031677246094,0.000342378313446412,-0.24720999839734192,-0.3742624296147643,0.5,1.3546471496361097,0.0,0.0,0.00023190090320370028,2.3995103161883775,0.000342378313446412,4.203348727415549,0.00046380180640740056,3.2017354193266905
2021-11-16,441.1422119140625,0.003957741584928787,-0.27372993720961336,-0.40211506469581365,0.5,1.4191532065258097,0.0,0.0,0.0028083208304261137,2.4062489109921517,0.003957741584928787,4.219984495469999,0.0056166416608522274,3.219718419869907
2021-11-17,440.0705261230469,-0.0024293431054028813,0.023931029006360127,0.05789689151149111,0.5,1.4785236652081912,0.0,0.0,-0.0017959206361242586,2.4019274789172496,-0.0024293431054028813,4.209732705231023,-0.0035918412722485173,3.2081537023643993
2021-11-18,441.56524658203125,0.003396547531034688,0.03431119761196233,0.08489678450704831,0.5,1.5013748864388468,0.0,0.0,0.0025497455818456753,2.4080517828945327,0.003396547531034688,4.2240312624572915,0.005099491163691351,3.224513653821371
2021-11-19,440.775634765625,-0.0017882109665973145,0.055624495634318816,0.1340165075845393,0.0,1.5671644246653522,0.5,0.0001,-0.0001,2.407810977716243,-0.0017882109665973145,4.216477803430515,-0.0028024206106477536,3.215477210298587
2021-11-22,439.5347595214844,-0.0028152083424494156,0.013938136466681073,0.08187608528153903,0.0,1.606723434694088,0.0,0.0,-0.0,2.407810977716243,-0.0028152083424494156,4.204607539942545,-0.004523261217359775,3.200932766937939
2021-11-23,440.1175537109375,0.0013259342448537215,0.2873709228565613,0.5498663959070696,0.0,1.6267653031952929,0.0,0.0,0.0,2.407810977716243,0.0013259342448537215,4.210182573065925,0.0021569838238464857,3.207837127137444
2021-11-24,441.29266357421875,0.0026699908998699673,0.417239906215928,0.8077628483111639,0.0,1.7096646392776447,0.0,0.0,0.0,2.407810977716243,0.0026699908998699673,4.221423722222802,0.004564789028700782,3.2224802268612605
2021-11-26,431.45037841796875,-0.022303305648757266,0.40824532404449787,0.8390623186197901,0.0,1.7843858508157928,0.0,0.0,-0.0,2.407810977716243,-0.022303305648757266,4.127272018673152,-0.03979770302606241,3.0942329157852777
2021-11-29,436.7427978515625,0.012266577336192963,3.5142758931622664,6.350846912139388,0.0,0.9298281804656138,0.0,0.0,0.0,2.407810977716243,0.012266577336192963,4.177899520077712,0.011405809285053038,3.1295251463062583
2021-11-30,428.2449035644531,-0.019457434281486607,2.464192591034331,3.8942032224883696,0.0,0.8672066152481934,0.0,0.0,-0.0,2.407810977716243,-0.019457434281486607,4.096608314731145,-0.016873615724662165,3.0767187415868196
2021-12-01,423.48828125,-0.011107247920201457,1.590679647008019,2.4012534603361138,0.0,0.7422232151606631,0.0,0.0,-0.0,2.407810977716243,-0.011107247920201457,4.051106270547468,-0.008244057262918514,3.051354096099283
2021-12-02,429.9745178222656,0.01531621265438643,1.3145084961147608,1.9451590177810865,0.0,0.7488728830963604,0.0,0.0,0.0,2.407810977716243,0.01531621265438643,4.113153875672691,0.011469896328607324,3.086352811243413
2021-12-03,426.233154296875,-0.008701361058185197,0.5844639875308713,0.8696637908920943,0.0,0.6864715147810118,0.0,0.0,-0.0,2.407810977716243,-0.008701361058185197,4.077363838712589,-0.0059732365062689,3.0679172959600685
2021-12-06,431.28118896484375,0.011843364639937848,0.49666928651041875,0.7387508610429583,0.0,0.7041182088621061,0.0,0.0,0.0,2.407810977716243,0.011843364639937848,4.125653545424159,0.008339128697173839,3.093501053123365
2021-12-07,440.2021484375,0.02068478686508035,0.3270153076578395,0.49517638077265985,0.0,0.6879561482493725,0.0,0.0,0.0,2.407810977716243,0.02068478686508035,4.21099180969042,0.01423022629905989,3.1375222731656907
2021-12-08,441.36785888671875,0.002648125306422111,0.0704012436887389,0.129428124793842,0.0,0.6185644451321304,0.0,0.0,0.0,2.407810977716243,0.002648125306422111,4.222143043666798,0.0016380361608073458,3.1426616481044745
2021-12-09,438.3878479003906,-0.006751762563419805,-0.23502376034827321,-0.3016057991223183,0.0,0.6500927674374589,0.0,0.0,-0.0,2.407810977716243,-0.006751762563419805,4.193636136327165,-0.004389272009934213,3.1288676512957556
2021-12-10,442.51470947265625,0.009413722556477655,-0.4324474806075731,-0.5768820543089463,0.5,0.6658294239806964,0.5,0.0001,0.0030339667336468034,2.4151161961235434,0.009413722556477655,4.233113863417368,0.006267933467293606,3.148479185562045
2021-12-13,438.5947265625,-0.008858423971550455,-0.31782798039184534,-0.40880818267584573,0.5,0.6812472877212381,0.0,0.0,-0.003017388652051773,2.4078288519199735,-0.008858423971550455,4.195615146095369,-0.006034777304103546,3.1294788148305726
2021-12-14,435.5771789550781,-0.00688003622631761,-0.20646797351673785,-0.23966570992798203,0.5,0.6854872097148278,0.0,0.0,-0.002358088417757696,2.4021509785923185,-0.00688003622631761,4.1667491618985455,-0.004716176835515392,3.1147196393368324
2021-12-15,442.383056640625,0.015624963874080189,-0.18361597674497965,-0.19781666457946223,0.5,0.7040111230627996,0.0,0.0,0.005500074182403432,2.415362987171909,0.015624963874080189,4.231854467025564,0.011000148364806865,3.148982017484315
2021-12-16,438.48199462890625,-0.00881828983538091,-0.32988926732055557,-0.39733854157894977,0.5,0.6723238190005798,0.0,0.0,-0.0029643731495886437,2.4082029499862263,-0.00881828983538091,4.1945367477941815,-0.0059287462991772875,3.130312502001979
2021-12-17,433.815185546875,-0.010643103113004315,-0.38066191118303516,-0.4596862303748181,0.5,0.6787466229352517,0.0,0.0,-0.0036119851477516714,2.3995045566981044,-0.010643103113004315,4.149893860676122,-0.007223970295503343,3.107699217471874
2021-12-20,429.2022705078125,-0.010633364604900497,-0.4413292948914389,-0.5390817588940479,0.5,0.6801569091138033,0.0,0.0,-0.00361617820157462,2.3908275206255936,-0.010633364604900497,4.105766526183914,-0.00723235640314924,3.0852232291373296
2021-12-21,436.8244323730469,0.017758903875825682,-0.3157691753082412,-0.35173930998137165,0.5,0.6872382895251339,0.0,0.0,0.0061022993617318565,2.4054170658787184,0.017758903875825682,4.178680439258997,0.012204598723463713,3.12287714062126
2021-12-22,441.192138671875,0.009998768326900942,-0.3226708044588884,-0.35242019825222864,0.5,0.6318553831369471,0.0,0.0,0.003158887796045783,2.413015508492523,0.009998768326900942,4.220462096883301,0.006317775592091566,3.1426067775973774
2021-12-23,443.9372863769531,0.0062221138240174945,-0.35488945473041156,-0.3910238000911575,0.5,0.6435398066404059,0.0,0.0,0.0020020889636014074,2.4178465802110747,0.0062221138240174945,4.246722292440061,0.004004177927202815,3.155190334290111
2021-12-27,450.2199401855469,0.014152120133606116,-0.2968545074757092,-0.2983793558909357,0.5,0.670567341136774,0.0,0.0,0.00474497478472023,2.4293192012674982,0.014152120133606116,4.306822416496735,0.00948994956944046,3.1851329314445103
2021-12-28,449.85205078125,-0.000817132631098616,-0.1100848195138604,-0.020068631045746296,0.5,0.6655891348793295,0.0,0.0,-0.00027193730050729904,2.428658578761835,-0.000817132631098616,4.3033031713638685,-0.0005438746010145981,3.1834006185422425
2021-12-29,450.427490234375,0.0012791749023388643,-0.07745781337703761,0.03695040213952468,0.5,0.696002322215725,0.0,0.0,0.00044515435127396143,2.42973970669593,0.0012791749023388643,4.308807848777833,0.0008903087025479229,3.1862348278166275
2021-12-30,449.18218994140625,-0.0027647075721793923,0.06928232351521091,0.25503499265530427,0.0,0.7312140638123285,0.5,0.0001,-0.0001,2.4294967327252603,-0.0027647075721793923,4.2968952550912505,-0.00202159305910601,3.1797935576040315
2021-12-31,448.05023193359375,-0.0025200420523354694,0.048108564253821484,0.22708438269895148,0.0,0.7591834383835152,0.0,0.0,-0.0,2.4294967327252603,-0.0025200420523354694,4.28606689835394,-0.001913174190163092,3.1737100586395766
2022-01-03,450.6444396972656,0.005789993127503612,0.2733962955552798,0.5586840567206182,0.0,0.7902458215166961,0.0,0.0,0.0,2.4294967327252603,0.005789993127503612,4.31088319623943,0.004575517875620117,3.1882314257449176
2022-01-04,450.4934997558594,-0.00033494242491405313,0.6982704478216544,1.1778491762128969,0.0,0.8225912204028858,0.0,0.0,-0.0,2.4294967327252603,-0.00033494242491405313,4.30943929856816,-0.0002755206980747529,3.1873530019968723
2022-01-05,441.8430480957031,-0.019202167544802085,0.6141278011818745,1.0407403337853334,0.0,0.8622055743487873,0.0,0.0,-0.0,2.4294967327252603,-0.019202167544802085,4.2266887231329,-0.016556215896707725,3.1345824975567926
2022-01-06,441.427978515625,-0.0009394050259861064,0.6211776273387537,1.0413303984610132,0.0,0.7234106827691043,0.0,0.0,-0.0,2.4294967327252603,-0.0009394050259861064,4.22271815050311,-0.0006795756312453373,3.132452311677325
2022-01-07,439.6828308105469,-0.003953414350731599,0.5618824646653282,0.9448602133674537,0.0,0.7603836685840428,0.0,0.0,-0.0,2.4294967327252603,-0.003953414350731599,4.206023995967816,-0.003006111707442095,3.1230358101101876
2022-01-10,439.13568115234375,-0.0012444189762753632,0.8043975976271769,1.2836605578503313,0.0,0.7941857785767206,0.0,0.0,-0.0,2.4294967327252603,-0.0012444189762753632,4.200789939892564,-0.000988299853548895,3.1199493142764276
2022-01-11,443.1354675292969,0.0091083156040912,0.7274654667308496,1.1641624183059565,0.0,0.8347984304430607,0.0,0.0,0.0,2.4294967327252603,0.0091083156040912,4.239052060451597,0.007603607570275371,3.1436721845013356
2022-01-12,444.3334045410156,0.002703320089447736,0.32234758106368844,0.5845640634817902,0.0,0.8297735231804413,0.0,0.0,0.0,2.4294967327252603,0.002703320089447736,4.25051157504683,0.0022431434349055135,3.150723892123495
2022-01-13,438.2111511230469,-0.013778512611026583,0.10730116029200243,0.2891171735062408,0.0,0.8690540665948862,0.0,0.0,-0.0,2.4294967327252603,-0.013778512611026583,4.191945847706733,-0.011974272416241575,3.112996265930847
2022-01-14,438.3903503417969,0.000408933497677344,0.15888671256449616,0.37983319090677187,0.0,0.8114996953804011,0.0,0.0,0.0,2.4294967327252603,0.000408933497677344,4.19366007478431,0.0003318494087960066,3.1140293119012803
2022-01-18,430.62664794921875,-0.017709564972233194,0.17480809310371637,0.4137040452294972,0.0,0.8522718936702626,0.0,0.0,-0.0,2.4294967327252603,-0.017709564972233194,4.1193921792184565,-0.015093364474961735,3.06702813251104
2022-01-19,426.1553039550781,-0.010383342543789587,-0.04411877928372654,0.09152130923949274,0.0,0.767014251967313,0.0,0.0,-0.0,2.4294967327252603,-0.010383342543789587,4.076619119149424,-0.007964171714145147,3.0426017938116083
2022-01-20,421.43853759765625,-0.011068186441999694,-0.08413629015810509,0.030827134528418863,0.0,0.781122476793322,0.0,0.0,-0.0,2.4294967327252603,-0.011068186441999694,4.031498338685657,-0.008645609207185068,3.016296647729233
2022-01-21,413.16546630859375,-0.019630552384273692,-0.20876682151096126,-0.1537991552385015,0.5,0.7950560725224672,0.5,0.0001,-0.007903694940043598,2.4102947316919674,-0.019630552384273692,3.952357799360976,-0.015607389880087197,2.9692201299541225
2022-01-24,414.9200134277344,0.004246596732337071,-0.1873907959872012,-0.12174888515491628,0.5,0.7405927666634865,0.0,0.0,0.0015724994114528165,2.414084918738981,0.004246596732337071,3.9691418690767692,0.003144998822905633,2.9785583237677757
2022-01-25,409.8543395996094,-0.012208796067166072,-0.22248576263629793,-0.1738597690394859,0.5,0.7458270359567518,0.0,0.0,-0.0045528250916874605,2.403094012347482,-0.012208796067166072,3.9206834254355605,-0.009105650183374921,2.951436613620767
2022-01-26,408.8260498046875,-0.0025089152305338702,-0.0330969383488231,0.10591825096586938,0.5,0.7622738111491373,0.0,0.0,-0.0009562401873145848,2.4007960772789803,-0.0025089152305338702,3.9108467630753836,-0.0019124803746291695,2.945792049020255
2022-01-27,406.80731201171875,-0.004937889339324597,0.08328089384979176,0.2760004894838898,0.0,0.798385245401868,0.5,0.0001,-0.0001,2.4005559976712525,-0.004937889339324597,3.8915354345362614,-0.003942337991943936,2.9341787411090356
2022-01-28,416.9105224609375,0.024835370827670067,-0.10185214304949675,-0.00015287255020443388,0.0,0.8393538821815688,0.0,0.0,0.0,2.4005559976712525,0.024835370827670067,3.9881831601419875,0.020845664919623752,2.9953436479604783
2022-01-31,424.41949462890625,0.018010992199584797,-0.2644170982367804,-0.24325372964995204,0.5,0.6092564019046776,0.5,0.0001,0.005386656151126123,2.4134869674022315,0.018010992199584797,4.06001429592982,0.010973312302252246,3.028212489262116
2022-02-01,427.28729248046875,0.006756988988147139,-0.5022458842499162,-0.5963302497555352,0.5,0.5696881086357597,0.0,0.0,0.0019246881383650997,2.418132177140489,0.006756988988147139,4.087447767819138,0.0038493762767301994,3.0398692185791796
2022-02-02,431.4380187988281,0.009714134708438849,-0.47581434816925494,-0.5559741661814814,0.5,0.5908123705214299,0.0,0.0,0.0028696154773286274,2.425071286662238,0.009714134708438849,4.1271537860494405,0.005739230954657255,3.057315730096559
2022-02-03,421.2970886230469,-0.023504952586271277,-0.8590531799399379,-1.1228001040150255,0.5,0.605434342809032,0.0,0.0,-0.007115352760913304,2.407816048987274,-0.023504952586271277,4.0301452319920985,-0.014230705521826608,3.013807970254307
2022-02-04,423.27801513671875,0.004701970574129133,-0.8202925707610182,-1.0589753873025884,1.0,0.5385590197803368,0.5,0.0001,0.0024322886634389734,2.4136725526668723,0.004701970574129133,4.049094856282392,0.002532288663438973,3.0214398020111637
2022-02-07,421.9197082519531,-0.003209018272132269,-0.9148045323441742,-1.1890461280253908,1.0,0.5615198552592683,0.0,0.0,-0.001801927475692059,2.409323289776898,-0.003209018272132269,4.036101236902985,-0.001801927475692059,3.0159953866157703
2022-02-08,425.3911437988281,0.008227716029804322,-0.4871969233360911,-0.5482166242995247,1.0,0.5891260092145534,0.0,0.0,0.004847161509589229,2.421001668891262,0.008227716029804322,4.069309131747764,0.004847161509589229,3.030614403366873
2022-02-09,431.6171875,0.014636044477964516,-0.593592169752351,-0.7048091787964936,0.5,0.6047152913529087,0.5,0.0001,0.004325319950373221,2.431473275709604,0.014636044477964516,4.128867721194612,0.008850639900746443,3.057437280129089
2022-02-10,423.8629150390625,-0.017965624830307503,-0.4660509561335733,-0.508064810943841,1.0,0.5966458089939889,0.5,0.0001,-0.010819114760961314,2.4051668873014913,-0.017965624830307503,4.054690032741663,-0.010719114760961315,3.0246642590489436
2022-02-11,415.5048828125,-0.019718715485623983,-0.24483715942017525,-0.17824602333108808,0.5,0.5640967337719742,0.5,0.0001,-0.005661631499809669,2.391549718690046,-0.019718715485623983,3.974736753603634,-0.011123262999619337,2.9910201230099935
2022-02-14,414.146484375,-0.0032692718995386283,-0.4596143856009238,-0.48581405027173763,0.5,0.5393035392697009,0.0,0.0,-0.0008815649531280801,2.3894414122743854,-0.0032692718995386283,3.9617422584270146,-0.0017631299062561602,2.9857465659809006
2022-02-15,420.8253479003906,0.016126814490457164,-0.453274913181116,-0.4653616170429539,0.5,0.566813557328125,0.0,0.0,0.004570448544853389,2.4003622313001274,0.016126814490457164,4.025632540887671,0.009140897089706779,3.013038968076478
2022-02-16,421.2970886230469,0.0011209893249299885,-0.5685679004688309,-0.6244954918327051,0.5,0.545920248329764,0.0,0.0,0.00030598538532039695,2.4010967070623805,0.0011209893249299885,4.030145231992098,0.0006119707706407939,3.0148828598557427
2022-02-17,412.29754638671875,-0.021361510628383207,-0.22305109308355497,-0.10406736964842016,0.5,0.5735159574437669,0.0,0.0,-0.006125583610241199,2.3863885884269953,-0.021361510628383207,3.9440552417849704,-0.012251167220482398,2.977947025789484
2022-02-18,409.6279296875,-0.00647497595514368,-0.1340743009042189,0.03357023053971781,0.5,0.5384767949508529,0.0,0.0,-0.0017433121498548032,2.3822283682065155,-0.00647497595514368,3.9185175789286544,-0.0034866242997096063,2.967564043326118
2022-02-22,405.2319030761719,-0.010731755070221394,-0.027183459603830507,0.19635158453489127,0.5,0.5637182920977853,0.0,0.0,-0.003024843319698476,2.37502250064095,-0.010731755070221394,3.876465008033235,-0.006049686639396952,2.949611210781653
2022-02-23,398.04364013671875,-0.017738640232632275,0.035015926693930055,0.2931658503470889,0.0,0.5824600637650921,0.5,0.0001,-0.0001,2.374784998390886,-0.017738640232632275,3.8077017898813454,-0.010332049521005022,2.9191356816841454
2022-02-24,404.0338439941406,0.015049113346879306,1.3193523693490947,2.199546267976549,0.0,0.5785932332862428,0.0,0.0,0.0,2.374784998390886,0.015049113346879306,3.865004325708385,0.008707315149462049,2.944553516028609
2022-02-25,412.948486328125,0.022064098011832955,1.8500673014801263,2.920332758555594,0.0,0.5477071854735155,0.0,0.0,0.0,2.374784998390886,0.022064098011832955,3.950282159966973,0.012084665022072817,2.980137458909381
2022-02-28,411.89190673828125,-0.0025586232298335787,1.6618761120757042,2.5413851767044697,0.0,0.49923390982483495,0.0,0.0,-0.0,2.374784998390886,-0.0025586232298335787,3.9401748762680846,-0.0012773514787984648,2.9763307759192204
2022-03-01,405.6186828613281,-0.015230267393768315,1.794537735513316,2.644984288542128,0.0,0.524413584573651,0.0,0.0,-0.0,2.374784998390886,-0.015230267393768315,3.8801649593243135,-0.00798695911798124,2.9525589436903643
2022-03-02,413.08050537109375,0.018396150929558264,2.007914635554938,2.8403623496456722,0.0,0.525518099841401,0.0,0.0,0.0,2.374784998390886,0.018396150929558264,3.9515450595476267,0.00966751028089708,2.9811028376334456
2022-03-03,411.0239562988281,-0.004978567241797349,1.2951460309956664,1.8099545964437436,0.0,0.5033386745391657,0.0,0.0,-0.0,2.374784998390886,-0.004978567241797349,3.9318720267596765,-0.0025059054365903877,2.973632475825585
2022-03-04,407.6845703125,-0.00812455316813765,1.0859405930347612,1.5063886824162773,0.0,0.5265091137038838,0.0,0.0,-0.0,2.374784998390886,-0.00812455316813765,3.8999273234279546,-0.004277651287796234,2.960912313035937
2022-03-07,395.6663818359375,-0.02947913497768695,0.35936960363335224,0.5597925358904784,0.0,0.5461772860361556,0.0,0.0,-0.0,2.374784998390886,-0.02947913497768695,3.7849608394574523,-0.016100833936806565,2.9132391555822994
2022-03-08,392.66656494140625,-0.007581682529134159,0.9046010538625655,1.2584486835015116,0.0,0.48297365272283177,0.0,0.0,-0.0,2.374784998390886,-0.007581682529134159,3.7562644679874806,-0.0036617529048808026,2.9025715936417336
2022-03-09,403.1943054199219,0.026810891016622707,1.0440341837133742,1.4292333948331386,0.0,0.5064653195786237,0.0,0.0,0.0,2.374784998390886,0.026810891016622707,3.856973265268305,0.01357878648692147,2.941984993574798
2022-03-10,401.3736267089844,-0.004515635976161114,-0.6634684470919368,-0.7461926556752133,0.0,0.4440296137617747,0.0,0.0,-0.0,2.374784998390886,-0.004515635976161114,3.839556578032568,-0.002005076098383594,2.936086089782378
2022-03-11,396.2701110839844,-0.012715124476029183,-0.6421004738445868,-0.7095579532440309,1.0,0.4660401555201791,1.0,0.0002,-0.006125758588267075,2.3602376387917055,-0.012715124476029183,3.7907361382101272,-0.005925758588267075,2.9186875524199585
2022-03-14,393.37408447265625,-0.007308213590487944,-0.5456815112249407,-0.5769758905748981,0.5,0.4790249671037277,0.5,0.0001,-0.0018504083873852517,2.3558702352686627,-0.007308213590487944,3.763032628846906,-0.0035008167747705033,2.9084697620761326
2022-03-15,402.0245666503906,0.02199047298535417,-0.5280261417664791,-0.5448077303138544,0.5,0.501519864297608,0.0,0.0,0.005514329513727519,2.3688612800375166,0.02199047298535417,3.8457834962145703,0.011028659027455038,2.9405462833737337
2022-03-16,410.9391174316406,0.02217414437014309,0.1599972278791073,0.32811562981763903,0.5,0.46606742500121023,0.0,0.0,0.005167323184098837,2.3811019518497685,0.02217414437014309,3.931060454675946,0.010334646368197673,2.9709357893417194
2022-03-17,416.080322265625,0.012510867464058384,0.5040852546209864,0.7591781424489211,0.0,0.4471032935503946,0.5,0.0001,-0.0001,2.3808638416545835,0.012510867464058384,3.9802414310175975,0.0055936500483529765,2.987554164463424
2022-03-18,420.6375732421875,0.010952815436566565,-0.18412372193302318,-0.11248011542900659,0.0,0.46018085290322863,0.0,0.0,0.0,2.3808638416545835,0.010952815436566565,4.023836280804509,0.00504027594929085,3.002612261865773
2022-03-21,420.5146179199219,-0.0002923070360022484,-0.10985460058914231,-0.017504465938263016,0.5,0.477430596420633,0.5,0.0001,-0.00016977816126825045,2.380459622969317,-0.0002923070360022484,4.022660085147908,-0.0001395563225365009,3.0021932283405044
2022-03-22,425.4351806640625,0.01170128821794636,0.04438960389057911,0.17515379470166173,0.5,0.5006662692717906,0.0,0.0,0.0029292201588765813,2.3874325132843106,0.01170128821794636,4.069730390207052,0.005858440317753163,3.0197813981910997
2022-03-23,419.95623779296875,-0.01287844334486321,0.22755697643595596,0.4052811899875282,0.5,0.5176622992963682,0.0,0.0,-0.00333334229662995,2.3794743835074303,-0.01287844334486321,4.017318597947903,-0.0066666845932599,2.999649468068766
2022-03-24,426.286865234375,0.015074493177375192,0.45890901229305037,0.6938087107017393,0.0,0.5119303624778504,0.5,0.0001,-0.0001,2.3792364360690796,0.015074493177375192,4.0778776397440115,0.007717090756463565,3.022798035251431
2022-03-25,428.36865234375,0.004883535663784633,0.5174921083633119,0.7587879655825275,0.0,0.5187246625548434,0.0,0.0,0.0,2.3792364360690796,0.004883535663784633,4.097792100630251,0.002533210389271227,3.0304554186389985
2022-03-28,431.4156494140625,0.007113025319759769,0.4011447760888167,0.6088220320767102,0.0,0.5450614541232137,0.0,0.0,0.0,2.3792364360690796,0.007113025319759769,4.126939799597145,0.003877035924003497,3.0422046031631527
2022-03-29,436.7527160644531,0.012371054822974736,0.8260541387113838,1.1384216373359783,0.0,0.5711394136734732,0.0,0.0,0.0,2.3792364360690796,0.012371054822974736,4.177994398109078,0.007065596998116184,3.0636995948749175
2022-03-30,434.0558166503906,-0.0061748887067356595,0.7859117728109055,1.081158547191367,0.0,0.5884436837674752,0.0,0.0,-0.0,2.3792364360690796,-0.0061748887067356595,4.15219574768339,-0.0036335742574457124,3.0525674148944333
2022-03-31,427.3750915527344,-0.015391396316748907,0.9817092207118367,1.3078246637671846,0.0,0.5975730678892227,0.0,0.0,-0.0,2.3792364360690796,-0.015391396316748907,4.088287657346075,-0.009197483916098526,3.0244914751931353
2022-04-01,428.58636474609375,0.0028342156978746758,0.5746242583350796,0.7811542814446849,0.0,0.5670773878855009,0.0,0.0,0.0,2.3792364360690796,0.0028342156978746758,4.0998747464019525,0.001607219634654853,3.029352497276912
2022-04-04,432.25787353515625,0.008566555287491617,0.6363815193669726,0.8449794977154443,0.0,0.5960120156031126,0.0,0.0,0.0,2.3792364360690796,0.008566555287491617,4.134996550088795,0.005105769883673381,3.0448196740245392
2022-04-05,426.7978210449219,-0.012631470297070901,-0.4705128571048256,-0.5557068575665377,0.0,0.6181898119742302,0.0,0.0,-0.0,2.3792364360690796,-0.012631470297070901,4.082765463987858,-0.007808646247904334,3.0210437543014224
2022-04-06,422.5301513671875,-0.009999277098664439,-0.6727260874766214,-0.8227906701826897,0.5,0.6047545609320313,0.5,0.0001,-0.003123554215720264,2.371804762069001,-0.009999277098664439,4.041940760784586,-0.006047108431440528,3.0027751751430354
2022-04-07,424.6592102050781,0.00503883292352425,-0.7792156709368019,-0.9614442436081017,1.0,0.611970142174142,0.5,0.0001,0.0029836153006008834,2.3788813150471477,0.00503883292352425,4.0623074249649616,0.003083615300600883,3.012034578617371
2022-04-08,423.5237121582031,-0.002673904202682098,-0.5961272860188016,-0.7317720244263438,1.0,0.6382023283290275,0.0,0.0,-0.0017064918878804867,2.374821773380789,-0.002673904202682098,4.051445204068761,-0.0017064918878804867,3.0068945660429445
2022-04-11,416.2847900390625,-0.01709212946366645,-0.4732535607367483,-0.5819679017502958,1.0,0.6684946129122613,0.0,0.0,-0.01142599646965996,2.3476870681820685,-0.01709212946366645,3.9821973781258673,-0.01142599646965996,2.972537799346698
2022-04-12,414.7424011230469,-0.003705129163789289,-0.40019127803117094,-0.4975243466876438,1.0,0.6323399740327856,0.0,0.0,-0.0023429012792186357,2.3421866691468196,-0.003705129163789289,3.967442822484208,-0.0023429012792186357,2.965573436734083
2022-04-13,419.4925842285156,0.011453333665923937,-0.3480895400519124,-0.4385575414490069,0.5,0.6635732752668851,0.5,0.0001,0.003700063066710814,2.350852907536672,0.011453333665923937,4.012883268930595,0.0076001261334216275,2.9881121689111865
2022-04-14,414.26910400390625,-0.012451901227803153,-0.4445696195566313,-0.5734429532910913,0.5,0.6555825388550247,0.0,0.0,-0.004081624510247595,2.3412576086892836,-0.012451901227803153,3.962915242827167,-0.00816324902049519,2.963719465175193
2022-04-18,414.4394836425781,0.0004112776864728662,-0.3346652375388093,-0.43569488844433923,1.0,0.6542710402500501,0.5,0.0001,0.00016908707976023618,2.341653485101303,0.0004112776864728662,3.964545101439925,0.00026908707976023617,2.964516963791305
2022-04-19,421.129638671875,0.016142658441941737,-0.24681431305525692,-0.3350238553550506,0.5,0.6868647430144273,0.5,0.0001,0.005443911471146994,2.3544012393702975,0.016142658441941737,4.028543398890143,0.011087822942293988,2.99738700299525
2022-04-20,420.8173522949219,-0.0007415445228172723,0.35494550330199726,0.44861755965785666,0.5,0.6450099214585371,0.0,0.0,-0.0002391517872101886,2.3538381801060924,-0.0007415445228172723,4.025556054597764,-0.0004783035744203772,2.9959533420777964
2022-04-21,414.5247497558594,-0.014953286751950401,0.2081632038531751,0.24247037589947623,0.0,0.6778334848231736,0.5,0.0001,-0.0001,2.3536027962880817,-0.014953286751950401,3.965360760577314,-0.010135838468634735,2.9655868429429293
2022-04-22,403.1503601074219,-0.027439591134513996,0.17253624925863598,0.1842520093651506,0.5,0.6545205833544443,0.5,0.0001,-0.009079888598184769,2.3322323450934097,-0.027439591134513996,3.856552882606227,-0.01795977719636954,2.9123255639871894
2022-04-25,405.48773193359375,0.00579776693129852,0.18491693914578544,0.18838014710127063,0.5,0.5588237888708607,0.0,0.0,0.001619965041769211,2.3360104799617445,0.00579776693129852,3.8789122773778053,0.003239930083538422,2.9217612951950094
2022-04-26,393.7445068359375,-0.028960740789019557,0.5079314184144827,0.6168958385374148,0.5,0.573420203923119,0.0,0.0,-0.008303336944502093,2.316613797840734,-0.028960740789019557,3.7665761043693213,-0.016606673889004185,2.8732405581841913
2022-04-27,394.8516540527344,0.0028118416830591464,0.5054562237144351,0.6017758061086846,0.0,0.5105603129573612,0.5,0.0001,-0.0001,2.31638213646095,0.0028118416830591464,3.7771671200620016,0.001435614769689231,2.8773654247663907
2022-04-28,404.8253479003906,0.025259344225323277,0.5325806896470677,0.6275994519575272,0.0,0.5288421423532617,0.0,0.0,0.0,2.31638213646095,0.025259344225323277,3.872575884544221,0.01335820571455845,2.915801864026378
2022-04-29,389.8647766113281,-0.036955618927161704,0.41875948673158003,0.459120000653552,0.0,0.46402554129646606,0.0,0.0,-0.0,2.31638213646095,-0.036955618927161704,3.7294624458884886,-0.017148351076622135,2.8658006699921845
2022-05-02,392.2115173339844,0.006019370980507421,0.3788139301363662,0.3934220015463734,0.5,0.4024209324017352,0.5,0.0001,0.0011111604412238718,2.3189560086577434,0.006019370980507421,3.751911463908162,0.0024223208824477437,2.8727425588000393
2022-05-03,394.0094299316406,0.004584038250272204,-0.11336660674703047,-0.3025649956695556,0.5,0.4158855984088427,0.0,0.0,0.00095321774542174,2.3211664786760484,0.004584038250272204,3.7691103695703516,0.00190643549084348,2.8782192571701923
2022-05-04,406.0082092285156,0.030453025702853687,0.14054182595597098,0.04445103202938281,0.5,0.4324172570865172,0.0,0.0,0.006584206922206599,2.3364495190725414,0.030453025702853687,3.88389118453177,0.013168413844413198,2.916120839483569
2022-05-05,391.5774841308594,-0.03554293920577878,-1.4160016746389665,-2.15722647430834,0.5,0.3882315640331847,0.0,0.0,-0.006899445439097948,2.320329313094494,-0.03554293920577878,3.745846276278097,-0.013798890878195896,2.8758816062319026
2022-05-06,389.2402648925781,-0.005968727347714919,-1.068218843343967,-1.6460941420064388,1.0,0.3533278162640184,0.5,0.0001,-0.0022089173996434385,2.3152038973018967,-0.005968727347714919,3.7234883411685398,-0.0021089173996434387,2.8698166094732054
2022-05-09,376.77783203125,-0.03201732704803162,-0.8894970189540476,-1.3874198800603668,1.0,0.37118386866505637,0.0,0.0,-0.011884315318002726,2.287689284160892,-0.03201732704803162,3.6042721971898137,-0.011884315318002726,2.8357108039813843
2022-05-10,377.64837646484375,0.0023104980165646882,-1.459361380958148,-2.1642841301575073,1.0,0.35697708625997054,0.0,0.0,0.0008247948497627036,2.289576158500325,0.0023104980165646882,3.6125998609525802,0.0008247948497627036,2.8380496836479243
2022-05-11,371.6490478515625,-0.015886017224384208,-1.111429896505343,-1.6499722213993848,1.0,0.37220895546224736,0.0,0.0,-0.005912917877543316,2.2760380827007314,-0.015886017224384208,3.5552100373366797,-0.005912917877543316,2.8212685289361263
2022-05-12,371.2610168457031,-0.0010440791066262944,-0.9429543673347993,-1.4049939291035873,1.0,0.3862761893226125,0.0,0.0,-0.00040330289865896264,2.27512014994452,-0.0010440791066262944,3.5514981168170285,-0.00040330289865896264,2.820130703160511
2022-05-13,380.13702392578125,0.023907727117407074,-1.0991531295787595,-1.602975549795445,1.0,0.4045320986393706,0.0,0.0,0.009671443024502074,2.2971238448486053,0.023907727117407074,3.6364063646518754,0.009671443024502074,2.8474054365777772
2022-05-16,378.5945739746094,-0.004057615686161142,-1.1289885170735783,-1.624142130987573,1.0,0.37944093308116555,0.0,0.0,-0.0015396254820417576,2.2935871344416707,-0.004057615686161142,3.6216512251454076,-0.0015396254820417576,2.8430214986099176
2022-05-17,386.38250732421875,0.02057064174969314,-0.9407847274509784,-1.3501088215303672,1.0,0.3988679940125404,0.0,0.0,0.008204970610250719,2.3124059494718137,0.02057064174969314,3.696150915040211,0.008204970610250719,2.866348406450323
2022-05-18,370.8068542480469,-0.0403114861074757,-0.8751203596893538,-1.2480134270427996,1.0,0.3896999313840562,0.0,0.0,-0.015709383370072615,2.276079477904324,-0.0403114861074757,3.5471535787774338,-0.015709383370072615,2.821319840461198
2022-05-19,368.5357971191406,-0.006124636324513766,-1.1005153191396575,-1.5295964300424298,1.0,0.3446803296724662,0.0,0.0,-0.0021110416674573664,2.2712745792880233,-0.006124636324513766,3.5254285531202245,-0.0021110416674573664,2.8153639167207603
2022-05-20,368.6966247558594,0.0004363962414939415,-1.1823721185832188,-1.6101135992433624,1.0,0.36229058995560376,0.0,0.0,0.0001581022517852482,2.271633672913431,0.0004363962414939415,3.5269670368904618,0.0001581022517852482,2.8158090320955886
2022-05-23,375.5950012207031,0.018710169829766254,-1.1200541051900412,-1.5017065069307471,1.0,0.3796699096639347,0.0,0.0,0.0071036884890642304,2.287770650887077,0.018710169829766254,3.59295718913467,0.0071036884890642304,2.8358116623042893
2022-05-24,372.7277526855469,-0.007633883640191019,-1.2208702171844834,-1.6047477482235857,1.0,0.3747860232648997,0.0,0.0,-0.0028610728915741683,2.281225172295685,-0.007633883640191019,3.565528972028628,-0.0028610728915741683,2.8276981984316603
2022-05-25,376.02081298828125,0.008835028459800665,-1.2779806225789718,-1.6482145049564791,1.0,0.3925590089038644,0.0,0.0,0.0034682700158167844,2.2891370771600847,0.008835028459800665,3.5970305219707446,0.0034682700158167844,2.83750541930706
2022-05-26,383.5341796875,0.01998125220651792,-1.330755830999344,-1.681800872810009,1.0,0.4055234546692016,0.0,0.0,0.008102866423403753,2.307685649121174,0.01998125220651792,3.6689036960247847,0.008102866423403753,2.8604973466953894
2022-05-27,392.94964599609375,0.02454922353013078,-0.6313888107618153,-0.7860950395780257,1.0,0.40036305516434734,0.0,0.0,0.009828602134435644,2.330366973217733,0.02454922353013078,3.75897243296902,0.009828602134435644,2.888612037022667
2022-05-31,390.74481201171875,-0.005610983511095791,-0.34814608087263377,-0.4262641718304456,1.0,0.39032873244069943,0.0,0.0,-0.0021901280816316853,2.3252631710691816,-0.005610983511095791,3.7378809006289675,-0.0021901280816316853,2.8822856066834444
2022-06-01,387.5842590332031,-0.00808853471974147,-0.4823201207911767,-0.6000164422625606,0.5,0.40655200538902614,0.5,0.0001,-0.0017442050054848294,2.3212074354071333,-0.00808853471974147,3.7076469211859715,-0.0032884100109696586,2.8728074698399526
2022-06-02,394.9651794433594,0.01904339569560265,-0.5644622177886793,-0.7096136484076825,1.0,0.4212678013822421,0.5,0.0001,0.007922369435538583,2.3395968982469477,0.01904339569560265,3.778253108605699,0.008022369435538582,2.8958541926801837
2022-06-03,388.4832458496094,-0.016411405184845074,-0.45502329538785524,-0.5436318302322017,1.0,0.4220575723165356,0.0,0.0,-0.006926557830618718,2.323391545030904,-0.016411405184845074,3.71624666594947,-0.006926557830618718,2.875795891145545
2022-06-06,389.6661071777344,0.0030448194118077865,-1.3681571257161762,-1.849729043826207,1.0,0.4202883552793982,0.0,0.0,0.001279702142711479,2.326364794169438,0.0030448194118077865,3.727561965937019,0.001279702142711479,2.8794760533094452
2022-06-07,393.40380859375,0.009592061888797465,-1.3798131025952083,-1.826733151881082,1.0,0.4415447468891731,0.0,0.0,0.00423532453883436,2.3362177040684644,0.009592061888797465,3.7633169710086145,0.00423532453883436,2.8916715688970127
2022-06-08,389.126708984375,-0.010872034067651248,-1.1173024310948705,-1.415795204326434,1.0,0.45860269145576193,0.0,0.0,-0.0049859440850235975,2.324569453225537,-0.010872034067651248,3.722402060692439,-0.0049859440850235975,2.87725385614224
2022-06-09,379.8721008300781,-0.023783019619628587,-1.3782112127509967,-1.758014103047871,1.0,0.4682007286126699,0.0,0.0,-0.011135227114519529,2.298684844420396,-0.023783019619628587,3.6338720994508447,-0.011135227114519529,2.845214980987969
2022-06-10,368.8575134277344,-0.028995515538717376,-0.9909794932530467,-1.1830702811551435,1.0,0.44371382450527824,0.0,0.0,-0.01286571109318651,2.269110629317797,-0.028995515538717376,3.528506104525506,-0.01286571109318651,2.808609267044572
2022-06-13,354.85260009765625,-0.037968355856256464,-0.9336302884912406,-1.0890495786669012,1.0,0.4157875560666645,0.0,0.0,-0.015786769889342304,2.233288701959296,-0.037968355856256464,3.3945345291079083,-0.015786769889342304,2.764270398836665
2022-06-14,353.7833251953125,-0.003013293130864736,0.24133440642461057,0.5394814340201848,1.0,0.3768923443431982,0.0,0.0,-0.001135687112284866,2.2307523847624693,-0.003013293130864736,3.3843058015288645,-0.001135687112284866,2.7611310525698354
2022-06-15,358.8269958496094,0.014256383201532774,0.182294162903208,0.4516158233779448,0.0,0.395265781213817,1.0,0.0002,-0.0002,2.230306234285517,0.014256383201532774,3.4325537619066306,0.005635060443437389,2.7766901929433185
2022-06-16,346.95123291015625,-0.03309606879308058,0.848802278071946,1.3636579808869758,0.0,0.39193485872183537,0.0,0.0,-0.0,2.230306234285517,-0.03309606879308058,3.3189497264666215,-0.012971503046664182,2.7406723476459116
2022-06-17,347.6991882324219,0.002155793815724172,0.6217446173036736,1.0326078098982219,0.0,0.3741594861203648,0.0,0.0,0.0,2.230306234285517,0.002155793815724172,3.3261046977616378,0.0008066107062728166,2.7428830033039087
2022-06-21,356.4520568847656,0.02517368158620159,0.43082904198691896,0.7586806636675192,0.0,0.38877375047948265,0.0,0.0,0.0,2.230306234285517,0.02517368158620159,3.4098349983454583,0.009786866603643885,2.769727233366646
2022-06-22,355.80584716796875,-0.001812893780006375,0.18588694673826467,0.41604954343347983,0.0,0.36267999113809396,0.0,0.0,-0.0,2.230306234285517,-0.001812893780006375,3.40365332968611,-0.0006575003000670177,2.7679061368796036
2022-06-23,359.2935791015625,0.00980234574938632,0.13306401621112585,0.3376061823822995,0.0,0.3811346040754403,0.0,0.0,0.0,2.230306234285517,0.00980234574938632,3.437017116434743,0.0037360131662029306,2.7782470706497997
2022-06-24,370.7169494628906,0.03179397302310005,0.5491059535615355,0.8975262093760649,0.5,0.39192834865200765,0.5,0.0001,0.006130479672015041,2.2439790813171725,0.03179397302310005,3.5462935459146023,0.012460959344030083,2.8128666944448377
2022-06-27,369.3009338378906,-0.0038196678815241025,0.15296230093489172,0.3493544093519732,0.0,0.3596806766614106,0.5,0.0001,-0.0001,2.243754683409041,-0.0038196678815241025,3.5327478823588163,-0.001373860728248446,2.809002207359542
2022-06-28,361.7550354003906,-0.020432925416896897,0.05884271215050063,0.21648061978637478,0.5,0.37714798640414526,0.5,0.0001,-0.003953118338664373,2.2348848556225924,-0.020432925416896897,3.460563508361878,-0.007706236677328745,2.7873553715224904
2022-06-29,361.4604187011719,-0.0008144093941709896,0.004587267001863182,0.13922605244148628,0.5,0.37639289227574424,0.0,0.0,-0.0001532689536842777,2.2345423171591663,-0.0008144093941709896,3.457745192931543,-0.0003065379073685554,2.786500941439811
2022-06-30,358.5238037109375,-0.008124305839036117,-0.17992230313424162,-0.1117978830953049,0.5,0.39568680113498467,0.0,0.0,-0.0016073402944452393,2.2309506472531533,-0.008124305839036117,3.42965341347071,-0.0032146805888904786,2.7775432309524395
2022-07-01,362.3157958984375,0.010576681794209009,-0.18203441299533196,-0.11355104308408606,0.5,0.41343282391299013,0.0,0.0,0.002186373710904471,2.235828339098633,0.010576681794209009,3.4659277662894126,0.004372747421808942,2.7896887259545498
2022-07-05,363.0000305175781,0.0018885034185271987,-0.4501825326564939,-0.47391618262254065,0.5,0.4246294035196805,0.0,0.0,0.00040095704007704093,2.2367248102115984,0.0018885034185271987,3.4724731827244186,0.0008019140801540819,2.7919258166231398
2022-07-06,364.22601318359375,0.003377362432360087,-1.0199547629067043,-1.2390928557539533,0.5,0.4458946169267433,0.0,0.0,0.0007529738639999875,2.238409005534648,0.003377362432360087,3.48420098319913,0.001505947727999975,2.7961303109634277
2022-07-07,369.68109130859375,0.014977178805321234,-1.4156298698357324,-1.7518595584362302,1.0,0.4675006024220706,0.5,0.0001,0.006901840114070744,2.2538581466007446,0.014977178805321234,3.5363844843181793,0.007001840114070745,2.8157083683389006
2022-07-08,369.3769836425781,-0.0008226216410992526,-1.3458427094045504,-1.6237134710160888,1.0,0.4711174764749748,0.0,0.0,-0.0003875514316483823,2.252984660649297,-0.0008226216410992526,3.5334753779101318,-0.0003875514316483823,2.8146171365296464
2022-07-11,365.15740966796875,-0.011423489176283885,-1.3854355347115437,-1.645498259811337,1.0,0.494882026282104,0.0,0.0,-0.005653279470771052,2.240247908719286,-0.011423489176283885,3.49311076017591,-0.005653279470771052,2.7987053192536226
2022-07-12,361.9261169433594,-0.008849040548150278,-1.4655268563821293,-1.7197758425079104,1.0,0.503722592965225,0.0,0.0,-0.004457461650168674,2.2302620895792993,-0.008849040548150278,3.462200081419933,-0.004457461650168674,2.7862301976229267
2022-07-13,360.025390625,-0.005251697043617387,-1.7326279958577988,-2.035121055779474,1.0,0.5208542184460546,0.0,0.0,-0.0027353685591687896,2.224161500780758,-0.005251697043617387,3.444017655487928,-0.0027353685591687896,2.7786088311417423
2022-07-14,359.1510314941406,-0.002428604075233376,-1.6885911078331546,-1.9327841183692298,1.0,0.5452093180173799,0.0,0.0,-0.0013240975715922186,2.221216493938745,-0.002428604075233376,3.4356535001746344,-0.0013240975715922186,2.774929681936023
2022-07-15,366.0126953125,0.019105232107544,-1.5951630276847117,-1.7712042534344692,1.0,0.5730219883931786,0.0,0.0,0.010947718090978062,2.2455337459334173,0.019105232107544,3.5012924577365667,0.010947718090978062,2.805308829816146
2022-07-18,362.9905090332031,-0.00825705315143932,-1.1408629388814537,-1.1554468409459997,1.0,0.5401089762743884,0.0,0.0,-0.004459708524667103,2.2355193199442502,-0.00825705315143932,3.4723820998143022,-0.004459708524667103,2.792797970113491
2022-07-19,372.79827880859375,0.02701935596474092,-1.2985146599809863,-1.3375657162305743,1.0,0.5570432588601273,0.0,0.0,0.015050950098901101,2.2691660096738606,0.02701935596474092,3.5662036278147795,0.015050950098901101,2.8348322329979814
2022-07-20,375.174072265625,0.00637286594944575,-1.1822689742322376,-1.168630383583746,1.0,0.49357297647879994,0.0,0.0,0.003145474415368332,2.276303613301513,0.00637286594944575,3.5889305654832704,0.003145474415368332,2.843749125258738
2022-07-21,378.9945983886719,0.010183342628063974,-1.3360965469387995,-1.3432854821786857,1.0,0.5170315953646556,0.0,0.0,0.005265109885132821,2.2882886019574706,0.010183342628063974,3.625477875099918,0.005265109885132821,2.8587217768889754
2022-07-22,375.47821044921875,-0.009278200677274473,-1.0938524717797433,-1.0195976184461404,1.0,0.5364674960052117,0.0,0.0,-0.004977453084771296,2.2768987527968103,-0.009278200677274473,3.5918399638237224,-0.004977453084771296,2.8444926233620964
2022-07-25,375.9344177246094,0.001215003328275177,-0.982207843958637,-0.8671385137667212,1.0,0.5425246275355784,0.0,0.0,0.0006591692281269785,2.278399614390215,0.001215003328275177,3.5962040613344,0.0006591692281269785,2.846367625369051
2022-07-26,371.4867248535156,-0.011831033981974715,-1.0657178906622278,-0.9603955615876534,0.5,0.5702323302107353,0.5,0.0001,-0.0034732190381719175,2.270486233472951,-0.011831033981974715,3.553657248878637,-0.006746438076343835,2.827164782441989
2022-07-27,381.1329650878906,0.025966581277375944,-1.1919931743625227,-1.1041598603551432,0.5,0.5689476667666459,0.0,0.0,0.007386812915834757,2.287257890507594,0.025966581277375944,3.6459335786635805,0.014773625831669515,2.8689322571022604
2022-07-28,385.9132080078125,0.012542192247315898,-1.1849909222419406,-1.0808987559879693,1.0,0.5126803193712157,0.5,0.0001,0.0063301351269691,2.3017365420247335,0.012542192247315898,3.6916615785281235,0.0064301351269691,2.8873798791855485
2022-07-29,391.5393371582031,0.01457874214628263,-0.8953253795774803,-0.7111232276701388,1.0,0.5283481203923952,0.0,0.0,0.007702651010673822,2.3194660153264652,0.01457874214628263,3.745481360772824,0.007702651010673822,2.9096203587301566
2022-08-01,390.37994384765625,-0.002961115782035506,-0.8375417914251599,-0.6303314525528644,0.5,0.5409535147559539,0.5,0.0001,-0.0009009129949457161,2.3173763782519226,-0.002961115782035506,3.7343905568041196,-0.0016018259898914321,2.904959653218825
2022-08-02,387.80438232421875,-0.006597576448350018,-1.3365188509484591,-1.2310900936494245,0.5,0.5595751426113638,0.0,0.0,-0.001845919890987418,2.313098687100403,-0.006597576448350018,3.709752629617608,-0.003691839781974836,2.89423500760604
2022-08-03,393.877197265625,0.015659479929056586,-1.7831813192004669,-1.7551823725096047,1.0,0.570040549840697,0.5,0.0001,0.008826538548978776,2.3335153418296866,0.015659479929056586,3.7678454264628702,0.008926538548978775,2.920070507971239
2022-08-04,393.6111755371094,-0.0006753925598191879,-1.7295498204837632,-1.6580589313581255,1.0,0.5745935363576269,0.0,0.0,-0.00038807619937613724,2.3326097600646434,-0.0006753925598191879,3.7653006516952883,-0.00038807619937613724,2.918937298106595
2022-08-05,392.9459533691406,-0.001690048985679815,-2.505897248596124,-2.549263821721813,1.0,0.599569507928608,0.0,0.0,-0.0010133018387192899,2.330246122305755,-0.001690048985679815,3.758937109148111,-0.0010133018387192899,2.9159795335753174
2022-08-08,392.48974609375,-0.0011609924252409254,-2.323018663553052,-2.262688460098686,1.0,0.6241204139441676,0.0,0.0,-0.0007245990730274095,2.3285576281256066,-0.0011609924252409254,3.754573011637433,-0.0007245990730274095,2.913866617508322
2022-08-09,390.9311828613281,-0.003970965478546806,-1.9741972932856946,-1.8106290578666706,1.0,0.6515176690305476,0.0,0.0,-0.0025871541723835882,2.3225332905423657,-0.003970965478546806,3.7396637318215373,-0.0025871541723835882,2.9063279953310657
2022-08-10,399.14227294921875,0.021003927156159508,-1.8917984014012816,-1.688125943535532,1.0,0.6729767448168792,0.0,0.0,0.014135154525923076,2.3553626574957827,0.021003927156159508,3.8182113564332485,0.014135154525923076,2.9474093906480867
2022-08-11,399.14227294921875,0.0,-1.5219137934586158,-1.2461512203800817,1.0,0.6259344199632487,0.0,0.0,0.0,2.3553626574957827,0.0,3.8182113564332485,0.0,2.9474093906480867
2022-08-12,405.8994140625,0.016929154267107505,-1.5238800682284754,-1.2328403104092003,1.0,0.6543010146287563,0.0,0.0,0.01107676281377518,2.3814524509932866,0.016929154267107505,3.8828504455107287,0.01107676281377518,2.980057145383389
2022-08-15,407.5719299316406,0.004120518067274315,-1.144093706034008,-0.7992701396690791,1.0,0.646695572346185,0.0,0.0,0.002664720789878759,2.3877983568495558,0.004120518067274315,3.89884980092398,0.002664720789878759,2.9879981656137184
2022-08-16,408.3702392578125,0.0019586955517416627,-0.942228458846488,-0.5684171156335852,0.5,0.6797044475683585,0.5,0.0001,0.0005656670389755839,2.3891490556757455,0.0019586955517416627,3.9064864606859584,0.0013313340779511679,2.991976189396456
2022-08-17,405.4716491699219,-0.007097946444771908,-0.8454023723561397,-0.4575645741087089,0.5,0.7121226236804951,0.0,0.0,-0.0025273041224973063,2.3831109494180756,-0.007097946444771908,3.878758429000783,-0.005054608244994613,2.976852921880705
2022-08-18,406.6501770019531,0.0029065603833065,-0.7371611000378513,-0.3354511182818005,0.5,0.7068519607861656,0.0,0.0,0.0010272539530417945,2.3855590095614025,0.0029065603833065,3.8900322745869325,0.002054507906083589,2.9829688897439572
2022-08-19,401.1855773925781,-0.013438084915302406,-0.6446988569688177,-0.23282068973759965,0.5,0.7430137369304499,0.0,0.0,-0.004992340845053775,2.373649485879683,-0.013438084915302406,3.8377576905577664,-0.00998468169010755,2.9531848948883703
2022-08-22,392.83184814453125,-0.02082260609252251,-0.14432844895970032,0.3176753498252477,0.5,0.6916047655061488,0.0,0.0,-0.007200506801922968,2.3565580066112255,-0.02082260609252251,3.757845573888733,-0.014401013603845936,2.9106560390424105
2022-08-23,391.8815002441406,-0.002419223148223404,0.12214436323526279,0.6090011714750987,0.0,0.6079279689292716,0.5,0.0001,-0.0001,2.356322350810564,-0.002419223148223404,3.7487545068889325,-0.0014707134148861322,2.9063752981596713
2022-08-24,393.135986328125,0.0032011873058637175,-0.006505041843030135,0.46678682001680033,0.0,0.6382218798381945,0.0,0.0,0.0,2.356322350810564,0.0032011873058637175,3.7607549722291846,0.0020430677800625067,2.912313219888111
2022-08-25,398.68609619140625,0.014117531989678911,-0.2643798281436558,0.18554053299330742,0.0,0.6676600278104777,0.0,0.0,0.0,2.356322350810564,0.014117531989678911,3.813847550854974,0.00942571180084433,2.9397638449725654
2022-08-26,385.19091796875,-0.03384913181466287,-0.24052390015857128,0.22867385914743188,0.5,0.6517907082538673,0.5,0.0001,-0.011131274799628811,2.3300934792071843,-0.03384913181466287,3.684752122385055,-0.022062549599257623,2.874905159332754
2022-08-29,382.64398193359375,-0.006612139373864623,-0.05601574504337492,0.46367344281916306,0.5,0.495186495714687,0.0,0.0,-0.0016371210628605636,2.3262788340939404,-0.006612139373864623,3.6603880277937018,-0.003274242125721127,2.865492023752614
2022-08-30,378.4433898925781,-0.010977807673307693,-0.3473009565427567,0.15109232646961981,0.0,0.5183815357812448,0.5,0.0001,-0.0001,2.326046206210531,-0.010977807673307693,3.6202049920149046,-0.005690692801200376,2.8491853889211476
2022-08-31,375.56378173828125,-0.007609085615458255,-0.17462308205798216,0.38283038415293597,0.5,0.5361319838535288,0.5,0.0001,-0.0021397370831634913,2.3210690788859507,-0.007609085615458255,3.592658542285154,-0.004079474166326983,2.837562210731967
2022-09-01,376.7422790527344,0.003137941867020544,-0.01851793304478111,0.6127317706852067,0.0,0.5611131310547441,0.5,0.0001,-0.0001,2.320836971978062,0.003137941867020544,3.6039320959388994,0.001760740386071667,2.842558421114394
2022-09-02,372.769775390625,-0.010544353216999425,-0.11837482635903118,0.5111471855730674,0.0,0.5822642782591456,0.0,0.0,-0.0,2.320836971978062,-0.010544353216999425,3.5659309629492384,-0.00613960021560567,2.825106248819248
2022-09-06,371.36322021484375,-0.0037732543479613856,-1.252925235085951,-0.9288360339717872,0.0,0.6023478205235039,0.0,0.0,-0.0,2.320836971978062,-0.0037732543479613856,3.5524757984387603,-0.0022728115327753755,2.818685314755616
2022-09-07,378.03472900390625,0.017964915279447657,-1.2130039618934978,-0.8626431560097861,0.5,0.6332567004131832,0.5,0.0001,0.0055882014865327005,2.3338062765948697,0.017964915279447657,3.616295725190001,0.011376402973065402,2.8507518147505375
2022-09-08,380.50567626953125,0.00653629700143088,-0.9944847985665879,-0.5654768576413821,0.5,0.5764279081049478,0.0,0.0,0.0018838520036437226,2.338202822225149,0.00653629700143088,3.6399329080948477,0.003767704007287445,2.861492603786755
2022-09-09,386.4169616699219,0.015535340913556794,-1.8661710443130177,-1.7094872243201094,0.5,0.5942406312337017,0.0,0.0,0.004615865395451371,2.3489956517198047,0.015535340913556794,3.6964805067245754,0.009231730790902741,2.8879091331650732
2022-09-12,390.5700378417969,0.010747654952637742,-1.691655360153404,-1.4488774165512746,1.0,0.5779313881454674,0.5,0.0001,0.006111407146086437,2.363351320531851,0.010747654952637742,3.7362090037500026,0.006211407146086438,2.905847112592063
2022-09-13,373.5870666503906,-0.04348252437706279,-1.8246697796068165,-1.599225690847851,1.0,0.5900893316731233,0.0,0.0,-0.025658573749121272,2.3027110963789013,-0.04348252437706279,3.5737492046666417,-0.025658573749121272,2.831287220149948
2022-09-14,375.01263427734375,0.0038158912719727933,-1.2623439740662228,-0.8462481920858907,1.0,0.4144668177469801,0.0,0.0,0.0015815603123630398,2.306352972859772,0.0038158912719727933,3.587386243064949,0.0015815603123630398,2.835765071650238
2022-09-15,370.7549133300781,-0.011353540009312879,-1.1220387615329326,-0.6562612444103478,0.5,0.4329626820663539,0.5,0.0001,-0.00255782956668988,2.300453715034568,-0.011353540009312879,3.5466567098254527,-0.0049156591333797605,2.821825417175661
2022-09-16,367.9265441894531,-0.007628676084750707,-0.5284146812661668,0.11934432395482636,0.5,0.4488921256580047,0.0,0.0,-0.0017122263118200648,2.2965148176545616,-0.007628676084750707,3.5196004146023867,-0.0034244526236401297,2.8121622097223598
2022-09-19,370.77978515625,0.007754920137884147,-0.4307020121991929,0.2578025092769073,0.5,0.47012975291150455,0.0,0.0,0.0018229093441359625,2.3007011559746107,0.007754920137884147,3.546894634734892,0.003645818688271925,2.8224148432610177
2022-09-20,366.52374267578125,-0.011478625995414493,-0.21659261756654224,0.5387999874001927,0.0,0.4827116281661555,0.5,0.0001,-0.0001,2.300471085859013,-0.011478625995414493,3.506181157777628,-0.005540866243356887,2.806776220131243
2022-09-21,360.1301574707031,-0.01744385004475346,0.12989780391407812,0.9907396885001847,0.0,0.49905836682986426,0.0,0.0,-0.0,2.300471085859013,-0.01744385004475346,3.445019859431615,-0.008705499314559717,2.7823418316707684
2022-09-22,357.10516357421875,-0.008399723915735846,-0.0962747522526346,0.6952341746347396,0.0,0.5029151852827425,0.0,0.0,-0.0,2.300471085859013,-0.008399723915735846,3.416082643728162,-0.004224348709406176,2.7705882495450234
2022-09-23,351.1219177246094,-0.01675485671986332,0.22316621978354156,1.1169286774275728,0.0,0.5270159753813591,0.0,0.0,-0.0,2.300471085859013,-0.01675485671986332,3.358846668489285,-0.008830077156593688,2.746123741532389
2022-09-26,347.6484069824219,-0.009892605863789594,0.44145323414702986,1.4081661588470573,0.0,0.5361282952096711,0.0,0.0,-0.0,2.300471085859013,-0.009892605863789594,3.3256189222410177,-0.005303705916934711,2.7315591087957887
2022-09-27,346.7608642578125,-0.0025529894766762595,0.7539268349076167,1.819468966293668,0.0,0.5615700231834179,0.0,0.0,-0.0,2.300471085859013,-0.0025529894766762595,3.317128652129101,-0.001433682359604109,2.7276429206872925
2022-09-28,353.58392333984375,0.019676554609572072,0.45930379486880746,1.4220297039327663,0.0,0.5879469182980197,0.0,0.0,0.0,2.300471085859013,0.019676554609572072,3.3823983151996955,0.011568769645420595,2.759198393311686
2022-09-29,346.1979064941406,-0.020889006422964873,2.484341952987199,4.08623578969325,0.0,0.5220816670375864,0.0,0.0,-0.0,2.300471085859013,-0.020889006422964873,3.3117433750684633,-0.01090576729606035,2.729107217710565
2022-09-30,340.8444519042969,-0.01546356719500952,1.9484175428129262,3.2034195063718065,0.0,0.5134417197759438,0.0,0.0,-0.0,2.300471085859013,-0.01546356719500952,3.2605320088554643,-0.007939640534476555,2.7074390874218976
2022-10-03,349.84320068359375,0.02640133565038516,1.8581696839014228,3.007703468824525,0.0,0.527233565830135,0.0,0.0,0.0,2.300471085859013,0.02640133565038516,3.346614408820082,0.013919670337630835,2.7451257469780264
2022-10-04,360.6836242675781,0.030986520712142473,2.2078599452812817,3.3301152104361216,0.0,0.4497050282745918,0.0,0.0,0.0,2.300471085859013,0.030986520712142473,3.4503143455145397,0.013934794172985255,2.7833785092411274
2022-10-05,359.8439025878906,-0.0023281391867808754,1.6901608074581134,2.611826872584293,0.0,0.3977700158774623,0.0,0.0,-0.0,2.300471085859013,-0.0023281391867808754,3.442281533480035,-0.000926063961290771,2.780800922713088
2022-10-06,356.1318359375,-0.010315769209077952,1.6640815829251494,2.4963441312884025,0.0,0.4178318460244622,0.0,0.0,-0.0,2.300471085859013,-0.010315769209077952,3.4067717516279843,-0.0043102568917913475,2.7688149563712643
2022-10-07,346.1979064941406,-0.027893966337518727,1.3273500109718697,2.050781897498029,0.0,0.43242383050930355,0.0,0.0,-0.0,2.300471085859013,-0.027893966337518727,3.3117433750684637,-0.012062015771767416,2.7354174666984084
2022-10-10,343.5545959472656,-0.007635258611593421,0.8508174403085782,1.4899185002054744,0.0,0.4089319712630613,0.0,0.0,-0.0,2.300471085859013,-0.007635258611593421,3.2864573579445846,-0.003122301355142162,2.7268766690352564
2022-10-11,341.3788757324219,-0.0063329678616138585,0.8646871849826319,1.4796284355392098,0.0,0.428909219997207,0.0,0.0,-0.0,2.300471085859013,-0.0063329678616138585,3.265644329118157,-0.0027162683057921798,2.719469740365352
2022-10-12,340.25286865234375,-0.0032984087772340853,0.9632756498915391,1.5596570713283922,0.0,0.45052766121063653,0.0,0.0,-0.0,2.300471085859013,-0.0032984087772340853,3.254872899199669,-0.0014860243921239078,2.715428541997526
2022-10-13,349.232421875,0.02639082297299078,1.2544769868407748,1.837393364195382,0.0,0.47357263270731487,0.0,0.0,0.0,2.300471085859013,0.02639082297299078,3.340771673682033,0.01249797151463193,2.7493658905654295
2022-10-14,341.2738952636719,-0.022788624746234776,0.8822543740593076,1.4173827580166316,0.0,0.42584804541518867,0.0,0.0,-0.0,2.300471085859013,-0.022788624746234776,3.2646400816476424,-0.009704491305884279,2.7226846931837425
2022-10-17,350.04364013671875,0.025697086694167703,0.9897479877345887,1.5053393159165707,0.0,0.41788749048937873,0.0,0.0,0.0,2.300471085859013,0.025697086694167703,3.3485318208509964,0.010738491071513747,2.7519222184520435
2022-10-18,354.15643310546875,0.011749372070132935,0.5779683874113886,1.064688798060432,0.0,0.39178927458538726,0.0,0.0,0.0,2.300471085859013,0.011749372070132935,3.3878749671028543,0.004603277960191192,2.7645900813484046
2022-10-19,351.6467590332031,-0.007086343315181987,0.5455249447372985,1.0208704720299895,0.0,0.40377921712954523,0.0,0.0,-0.0,2.300471085859013,-0.007086343315181987,3.3638673219770525,-0.0028613181561153687,2.756679709554426
2022-10-20,348.6981506347656,-0.008385143109364113,0.5240270371788398,0.9962714713346077,0.0,0.4209202703911705,0.0,0.0,-0.0,2.300471085859013,-0.008385143109364113,3.3356608130813616,-0.0035294767048622026,2.7469500727367873
2022-10-21,357.1719665527344,0.02430129297371697,0.6768193475699995,1.1451443365972946,0.0,0.4378679828195828,0.0,0.0,0.0,2.300471085859013,0.02430129297371697,3.416721683760999,0.01064075813430915,2.7761797040678022
2022-10-24,361.54248046875,0.012236441617179183,0.3090493733335755,0.7689373241429528,0.0,0.4179065381722922,0.0,0.0,0.0,2.300471085859013,0.012236441617179183,3.4585301991664905,0.005113688955782717,2.790376223559762
2022-10-25,367.3158264160156,0.015968651705272174,0.2964013649628079,0.7547654148597751,0.0,0.4318113153478983,0.0,0.0,0.0,2.300471085859013,0.015968651705272174,3.5137582633291458,0.006895444497186037,2.809617107935586
2022-10-26,364.5484313964844,-0.007534102318795699,0.485834440017328,0.9473004415274131,0.0,0.44113542937221706,0.0,0.0,-0.0,2.300471085859013,-0.007534102318795699,3.48728524904971,-0.003323559461336157,2.800279178413775
2022-10-27,362.60174560546875,-0.005339992229724921,0.3564190992145626,0.8179404624164027,0.0,0.4539008547571059,0.0,0.0,-0.0,2.300471085859013,-0.005339992229724921,3.4686631729169504,-0.002423827037468446,2.793491786028676
2022-10-28,371.22821044921875,0.02379046694699616,0.4033821639405879,0.8674947979540847,0.0,0.4716687983310141,0.0,0.0,0.0,2.300471085859013,0.02379046694699616,3.551184289482494,0.011221220956623389,2.8248381746002162
2022-10-31,368.5467529296875,-0.0072232051445833,0.14181851375655796,0.6052955209492002,0.0,0.4553457103897717,0.0,0.0,-0.0,2.300471085859013,-0.0072232051445833,3.525533356853341,-0.003289055477851336,2.815547125128004
2022-11-01,366.93408203125,-0.004375756632280403,0.16869679432429763,0.6350178003956686,0.0,0.46802855501433366,0.0,0.0,-0.0,2.300471085859013,-0.004375756632280403,3.510106480884764,-0.002047979053700584,2.809780943591035
2022-11-02,357.72540283203125,-0.02509627655256752,0.12716049702552823,0.5903870864200714,0.0,0.4870212560258699,0.0,0.0,-0.0,2.300471085859013,-0.02509627655256752,3.4220158779115204,-0.012222420128204022,2.775438620430244
2022-11-03,354.0419921875,-0.010296754480868642,-2.0429536672695754,-1.5873582133102855,0.0,0.4470652561078743,0.0,0.0,-0.0,2.300471085859013,-0.010296754480868642,3.386780220587031,-0.004603321179069441,2.76266238504761
2022-11-04,359.13775634765625,0.014393106672661471,-1.6179671108044804,-1.1485925139039281,1.0,0.4620375197263869,1.0,0.0002,0.006450155308193816,2.315309481644813,0.014393106672661471,3.4355265095788003,0.0066501553081938156,2.781034518972282
2022-11-07,362.5730895996094,0.009565502905875434,-2.056569843618556,-1.5756804668345477,0.5,0.4648239653941809,0.5,0.0001,0.0021231374958492898,2.320225202019788,0.009565502905875434,3.4683890483893887,0.004446274991698579,2.7933997632050387
2022-11-08,364.5293273925781,0.005395430187963068,-1.763584250653702,-1.263914971728454,1.0,0.48076419459704584,0.5,0.0001,0.0024939296488206524,2.326011680443046,0.005395430187963068,3.4871024993646693,0.002593929648820652,2.8006456456718247
2022-11-09,357.019287109375,-0.0206020194230222,-1.7137869541049984,-1.2093134175817803,1.0,0.5035542443156122,0.0,0.0,-0.010374234321935509,2.301881090234571,-0.0206020194230222,3.415261145942689,-0.010374234321935509,2.771591091490917
2022-11-10,376.63897705078125,0.05495414575570434,-1.7925969878130594,-1.276559568113613,0.5,0.4797852848833843,0.5,0.0001,0.013083095238461816,2.3319968197657244,0.05495414575570434,3.6029439047506173,0.02636619047692363,2.8446673901333113
2022-11-11,380.2841796875,0.009678240593318232,-2.4487305604186123,-1.900814192093967,1.0,0.33655140782200876,0.5,0.0001,0.0031572254969213648,2.3393594595838283,0.009678240593318232,3.637814062705023,0.0032572254969213646,2.8539331132867143
2022-11-14,377.0492858886719,-0.008506516893462157,-2.168049108354211,-1.5970039861591498,1.0,0.35295132111567856,0.0,0.0,-0.0030023863756403063,2.3323357986146487,-0.008506516893462157,3.6068689359253487,-0.0030023863756403063,2.8453645033903934
2022-11-15,380.2651062011719,0.008528912354045737,-1.9140685241608084,-1.3337594985031231,1.0,0.36370508793454726,0.0,0.0,0.003102008817714251,2.339570724827822,0.008528912354045737,3.6376316049523862,0.003102008817714251,2.8541908491695214
2022-11-16,377.3641662597656,-0.007628730309721221,-1.6166247894282488,-1.0367151462540327,1.0,0.3814075660270063,0.0,0.0,-0.002909655459307221,2.332763380095891,-0.007628730309721221,3.6098810944720863,-0.002909655459307221,2.8458861371833306
2022-11-17,376.20953369140625,-0.0030597302860085884,-1.5032154648157885,-0.9203945236425916,0.5,0.3938793452186159,0.5,0.0001,-0.0007025822807993156,2.3311244218797382,-0.0030597302860085884,3.59883583195844,-0.0012051645615986312,2.842456376064453
2022-11-18,377.91766357421875,0.004540368411326989,-1.2867440308711249,-0.7118602509511386,0.5,0.4119192415637472,0.0,0.0,0.0009351325562069046,2.333304332219207,0.004540368411326989,3.615175872487416,0.0018702651124138092,2.8477725230581643
2022-11-21,376.5434875488281,-0.003636178347405483,-1.0973722284309417,-0.5327692085556458,0.5,0.4328092424260909,0.0,0.0,-0.0007868857979333612,2.331468288177927,-0.003636178347405483,3.6020304482578145,-0.0015737715958667224,2.8432907795498856
2022-11-22,381.6107177734375,0.013457224443304883,-0.9295542773113912,-0.37528049418440357,0.5,0.4519846196780093,0.0,0.0,0.0030412292359643838,2.338558817698657,0.013457224443304883,3.650503780451638,0.0060824584719287676,2.8605849776401158
2022-11-23,384.015380859375,0.006301351020662871,-0.6829860580541443,-0.14590360755760046,0.5,0.4646632415596948,0.0,0.0,0.0014640030957333505,2.3419824750473226,0.006301351020662871,3.6735068861745206,0.002928006191466701,2.8689607881658628
2022-11-25,383.9295349121094,-0.00022354820026615485,-0.5274526706201046,-0.004028175414578927,0.5,0.4876385352319624,0.0,0.0,-5.4505358465764566e-05,2.3418548244529998,-0.00022354820026615485,3.672685680321451,-0.00010901071693152913,2.8686480406934964
2022-11-28,377.8031921386719,-0.015956945783918264,-0.42961933195683955,0.08237056671838124,0.5,0.5111656447105284,0.0,0.0,-0.004078321239623764,2.3323039881823178,-0.015956945783918264,3.614080834039189,-0.008156642479247527,2.8452495042267656
2022-11-29,377.154296875,-0.0017175483880869091,-0.27683494081258164,0.22521077799143566,0.5,0.4973188414085649,0.0,0.0,-0.00042708458721326493,2.331307897096269,-0.0017175483880869091,3.607873475328269,-0.0008541691744265299,2.842819179806703
2022-11-30,389.0348205566406,0.03150043305904093,-0.1895044112609483,0.3071549684281254,0.5,0.5217769943468873,0.0,0.0,0.008218100641085852,2.3504668200199643,0.03150043305904093,3.7215230522233362,0.016436201282171704,2.889544328054824
2022-12-01,388.7486267089844,-0.0007356509816955903,0.03104005306314228,0.5131208091539036,0.5,0.4566927419951521,0.0,0.0,-0.00016798323199099227,2.3500719810068498,-0.0007356509816955903,3.7187853101365653,-0.00033596646398198455,2.8885735380644086
2022-12-02,388.3000793457031,-0.0011538236599791807,-0.1682942473839013,0.3200860883072847,0.5,0.47820733261967435,0.0,0.0,-0.00027588346737605706,2.349423635000146,-0.0011538236599791807,3.714494487659347,-0.0005517669347521141,2.886979718697505
2022-12-05,381.3149108886719,-0.017989098711495122,-1.3657010099995759,-0.8113670696484412,0.5,0.5005693183434166,0.0,0.0,-0.004502395439812773,2.338845600739733,-0.017989098711495122,3.647674079657538,-0.009004790879625546,2.8609830700569137
2022-12-06,375.8183288574219,-0.014414810106533671,-1.2782148125480521,-0.7288949250042669,0.5,0.4814403779647706,0.0,0.0,-0.003469935812989983,2.3307299566286726,-0.014414810106533671,3.59509355046875,-0.006939871625979966,2.841128214826617
2022-12-07,375.1789855957031,-0.0017012029819367669,-1.240678796741319,-0.6946681591135784,0.5,0.4831705871144538,0.0,0.0,-0.0004109856217916236,2.329772060128219,-0.0017012029819367669,3.588977566600351,-0.0008219712435832472,2.8387928891346963
2022-12-08,378.1180419921875,0.007833744717385516,-1.5746673227513313,-1.0083014325478141,0.5,0.5077924625135214,0.0,0.0,0.0019889582603717405,2.3344058795119946,0.007833744717385516,3.6170927006535214,0.003977916520743481,2.850085370267354
2022-12-09,375.2934265136719,-0.007470194925461859,-1.506288152337742,-0.9410816050617475,0.5,0.5255840086673347,0.0,0.0,-0.0019631074972253125,2.3298231898283577,-0.007470194925461859,3.5900723131161745,-0.003926214994450625,2.8388953223511457
2022-12-12,380.70416259765625,0.014417348404548447,-1.396309016742725,-0.831427051487699,0.5,0.5447236063553883,0.0,0.0,0.003926735008503867,2.338971788111481,0.014417348404548447,3.6418316364518937,0.007853470017007733,2.8611905016466537
2022-12-13,383.5860290527344,0.007569831743930333,-1.3482116582017518,-0.781154010556896,0.5,0.542224630641764,0.0,0.0,0.0020522746106864625,2.3437720005273337,0.007569831743930333,3.669399689179557,0.004104549221372925,2.872934398892387
2022-12-14,381.13360595703125,-0.00639341089079648,-1.1437839328701038,-0.5775168324445032,0.5,0.563698522263722,0.0,0.0,-0.001801978135683381,2.3395485746273565,-0.00639341089079648,3.645939709244071,-0.003603956271366762,2.8625804689482734
2022-12-15,371.8103942871094,-0.024461793775731655,-1.206152352139508,-0.6263922827258972,0.5,0.5824110265849781,0.0,0.0,-0.007123409212516951,2.322883012757725,-0.024461793775731655,3.5567534839577912,-0.014246818425033902,2.8217978047801187
2022-12-16,367.4207458496094,-0.011806147716543758,-0.994861408838922,-0.41523345828660624,0.5,0.5211843769952735,0.0,0.0,-0.0030765898711805147,2.3157364544087375,-0.011806147716543758,3.514761926934854,-0.006153179742361029,2.804434775690707
2022-12-19,364.30517578125,-0.008479570365998446,-0.9170117525289152,-0.3311942887590527,0.5,0.5347975686045084,0.0,0.0,-0.002267426807273405,2.310485691493431,-0.008479570365998446,3.4849582558556773,-0.00453485361454681,2.791717074511405
2022-12-20,364.8036193847656,0.0013682034641608887,-1.0806826789106294,-0.47747940579628145,0.5,0.5573709322992252,0.0,0.0,0.000381298420197192,2.3113666760374856,0.0013682034641608887,3.489726387813795,0.000762596840394384,2.793846029131702
2022-12-21,370.2583312988281,0.014952461061822131,-1.4528997886212967,-0.8223325121478624,0.5,0.5827697179120386,0.0,0.0,0.004356920757544412,2.3214371174866097,0.014952461061822131,3.541906385743994,0.008713841515088824,2.818191160647116
2022-12-22,364.9761657714844,-0.014266162516355707,-1.4665097124410176,-0.8226893090240784,0.5,0.5626615786857767,0.0,0.0,-0.004013510761620278,2.3121200046331527,-0.014266162516355707,3.4913769736272524,-0.008027021523240556,2.7955694795439956
2022-12-23,367.07568359375,0.005752479255262344,-1.752182511022954,-1.0811842965182543,0.5,0.5646568138720525,0.0,0.0,0.001624088304070756,2.3158750916902857,0.005752479255262344,3.511461047240344,0.003248176608141512,2.804649982933885
2022-12-27,365.6280212402344,-0.003943770775941102,-1.5376475307027677,-0.8605008905979514,1.0,0.5831993724373806,0.5,0.0001,-0.0024000046415657323,2.3103169807209425,-0.003943770775941102,3.4976126497813818,-0.0023000046415657324,2.7981992749551696
2022-12-28,361.08404541015625,-0.01242786538806484,-1.5260506568201384,-0.8364853997883004,0.5,0.6120506373811853,0.5,0.0001,-0.003903241466026328,2.3012992556821277,-0.01242786538806484,3.454144790590306,-0.007606482932052657,2.776914819929741
2022-12-29,367.58367919921875,0.018000335023607983,-1.449734575231414,-0.7516663594802164,0.5,0.6206132878009548,0.0,0.0,0.005585623550260014,2.314153447000862,0.018000335023607983,3.516320554040982,0.011171247100520029,2.8079364215602727
2022-12-30,366.615478515625,-0.002633959934518759,-1.4928996128039866,-0.7819285437183622,0.5,0.5741591730612832,0.0,0.0,-0.0007561561289399211,2.312403585688605,-0.002633959934518759,3.507058706584713,-0.0015123122578798423,2.8036899448906
2023-01-03,365.0720520019531,-0.004209932760943391,-1.5518572385903795,-0.826589236587153,0.5,0.6030273274500576,0.0,0.0,-0.0012693522507880677,2.309468330992381,-0.004209932760943391,3.4922942252413103,-0.0025387045015761354,2.7965722046064823
2023-01-04,367.8905029296875,0.007720259363264814,-1.7410114490578135,-0.9945322014724979,0.5,0.6318497870306989,0.0,0.0,0.002439022117250316,2.3151011753307604,0.007720259363264814,3.5192556424330053,0.004878044234500632,2.8102140075255275
2023-01-05,363.6916198730469,-0.011413404323305176,-3.146857754001566,-2.3057501918452434,0.5,0.6462260653936249,0.0,0.0,-0.0036878196842980463,2.3065634996452338,-0.011413404323305176,3.4790889548688444,-0.007375639368596093,2.789486882457442
2023-01-06,372.0318603515625,0.02293217666501901,-3.0033223025174447,-2.1178366793577603,1.0,0.6511480006000957,0.5,0.0001,0.0148322409848353,2.3407750053187972,0.02293217666501901,3.558872037415213,0.0149322409848353,2.8311401728103336
2023-01-09,371.8209533691406,-0.0005669057005562861,-2.962554478037257,-2.035158334830561,1.0,0.5699383276568791,0.0,0.0,-0.0003231012869142012,2.3400186979022024,-0.0005669057005562861,3.556854492569652,-0.0003231012869142012,2.8302254277770644
2023-01-10,374.42840576171875,0.007012655873617435,-2.922718006550607,-1.958678937537135,1.0,0.5988371501832751,0.0,0.0,0.00419943885857307,2.3498454633519605,0.007012655873617435,3.581797489118573,0.00419943885857307,2.842110786416993
2023-01-11,379.1641540527344,0.012647940749531239,-2.8694712314837343,-1.8756879917907903,1.0,0.6218789563609545,0.0,0.0,0.007865488193433676,2.368328145100349,0.012647940749531239,3.6270998515377646,0.007865488193433676,2.8644653752519864
2023-01-12,380.54461669921875,0.003640804732539138,-2.841646682193536,-1.8234235554203908,1.0,0.6270780113753213,0.0,0.0,0.002283068591486501,2.373735200702761,0.003640804732539138,3.6403054138426354,0.002283068591486501,2.871005146181625
2023-01-13,382.0208740234375,0.003879327835520474,-2.820794654001709,-1.7786564302428025,1.0,0.6589077543613759,0.0,0.0,0.002556119192534373,2.3798027508072717,0.003879327835520474,3.654427351964351,0.002556119192534373,2.8783437775376446
2023-01-17,381.32110595703125,-0.0018317534825683657,-2.7164081134822204,-1.662844556207736,1.0,0.6922325625427702,0.0,0.0,-0.0012679994071849434,2.376785162330031,-0.0018317534825683657,3.6477333419355973,-0.0012679994071849434,2.8746940393340523
2023-01-18,375.30078125,-0.01578807103247426,-2.6467325846305005,-1.5761408342617513,1.0,0.7216884357646081,0.0,0.0,-0.011394068287166869,2.349703909886518,-0.01578807103247426,3.5901426688255933,-0.011394068287166869,2.8419395791451687
2023-01-19,372.5686950683594,-0.007279724205585092,-2.5520046125323383,-1.473702341945159,1.0,0.6663652374699764,0.0,0.0,-0.004850955148970645,2.3383056016062977,-0.007279724205585092,3.56400742033784,-0.004850955148970645,2.828153457710651
2023-01-20,379.5092468261719,0.018628918236243797,-2.3983447383826113,-1.3250663969099463,1.0,0.6845772185833008,0.0,0.0,0.012752933031383508,2.368125856350492,0.018628918236243797,3.6304010231646795,0.012752933031383508,2.864220709359311
2023-01-23,384.06280517578125,0.011998543876573953,-2.350486690252042,-1.270466421590417,1.0,0.6330402883830658,0.0,0.0,0.007595561675803243,2.3861131023484665,0.011998543876573953,3.6739605491306797,0.007595561675803243,2.885976074410362
2023-01-24,383.650634765625,-0.0010731849182000763,-2.18532084367168,-1.1189075387600014,1.0,0.6414193849545797,0.0,0.0,-0.000688361610174424,2.3844705936912756,-0.0010731849182000763,3.6700177100792906,-0.000688361610174424,2.883989479272856
2023-01-25,383.7944641113281,0.00037489667074575017,-2.0670642607615743,-1.009064326393619,1.0,0.671150935927988,0.0,0.0,0.000251612251447297,2.3850705557058642,0.00037489667074575017,3.6713935875003774,0.000251612251447297,2.8847151263588864
2023-01-26,388.01251220703125,0.010990382848460323,-1.9588361285274427,-0.9106112324156831,0.5,0.7046535326926695,0.5,0.0001,0.003772206049906245,2.394067533285551,0.010990382848460323,3.711743608614389,0.00774441209981249,2.907055549087972
2023-01-27,388.9039611816406,0.0022974748147650548,-1.7811604256617066,-0.7587936710291676,0.5,0.7162201803413043,0.0,0.0,0.0008227489130803161,2.3960372497464024,0.0022974748147650548,3.7202712460740455,0.0016454978261606322,2.9118391026745245
2023-01-30,384.02447509765625,-0.012546763651258841,-1.6587202743285419,-0.6542889108470125,0.5,0.7528546745096156,0.0,0.0,-0.004722944832408775,2.3847208979994536,-0.012546763651258841,3.67359388203098,-0.00944588966481755,2.88433419178896
2023-01-31,389.6709899902344,0.014703528703846835,-1.6390351833795496,-0.6323739938238335,0.5,0.7121619382772145,0.0,0.0,0.0052356467506231115,2.3972064542202074,0.014703528703846835,3.7276086751216986,0.010471293501246223,2.914536901666862
2023-02-01,393.812255859375,0.010627596037478648,-1.340744029697019,-0.38541472566207535,0.5,0.6956826325099168,0.0,0.0,0.003696716994302553,2.406068248058375,0.010627596037478648,3.767224194306693,0.007393433988605106,2.9360853378566896
2023-02-02,399.5450134277344,0.014557082678519961,-1.3801226252277967,-0.4171764189071795,0.5,0.7123304789993623,0.0,0.0,0.005184726838611722,2.418543054679615,0.014557082678519961,3.8220639883717364,0.010369453677223445,2.9665309387599694
2023-02-03,395.2981872558594,-0.010629155737525209,-0.7397400697689456,0.09740760102557317,0.5,0.7105398560058669,0.0,0.0,-0.003776219393602548,2.409410105492271,-0.010629155737525209,3.7814386750005466,-0.007552438787205096,2.9441263954346346
2023-02-06,392.8824462890625,-0.0061111865540462995,-1.384698264611739,-0.4312810842671351,0.5,0.6814330830817856,0.0,0.0,-0.0020821823474058616,2.404393274302954,-0.0061111865540462995,3.7583295978149325,-0.004164364694811723,2.9318659794164232
2023-02-07,398.020751953125,0.013078481140086362,-1.2943383533941724,-0.36764882741929855,0.5,0.6932236454648179,0.0,0.0,0.004533156186536768,2.4152927645492275,0.013078481140086362,3.8074828405781833,0.009066312373073536,2.9584471922217994
2023-02-08,393.6684875488281,-0.010934767554053204,-1.000954843579759,-0.13579873554949073,0.5,0.6946856075809389,0.0,0.0,-0.0037981128210218935,2.4061192101336717,-0.010934767554053204,3.765848900750415,-0.007596225642043787,2.9359741597996116
2023-02-09,390.2556457519531,-0.008669329409943471,-0.21220355356059173,0.5061510377968006,0.5,0.6754760650799546,0.0,0.0,-0.0029279622583552704,2.3990741838972967,-0.008669329409943471,3.733201516121736,-0.005855924516710541,2.9187813167368124
2023-02-10,391.1664733886719,0.002333925586044394,0.19304740463935133,0.830248043100079,0.0,0.6806393770222622,0.5,0.0001,-0.0001,2.398834276478907,0.002333925586044394,3.741914530658072,0.0015885616569015746,2.923417980821461
2023-02-13,395.75836181640625,0.011738962155817934,0.2305709059025478,0.8488363062881452,0.0,0.7149244139129437,0.0,0.0,0.0,2.398834276478907,0.011738962155817934,3.7858407237237723,0.008392470639194361,2.9479526803915985
2023-02-14,395.57623291015625,-0.00046020229468834994,0.1870641134534452,0.800452093991593,0.0,0.7154534941764391,0.0,0.0,-0.0,2.398834276478907,-0.00046020229468834994,3.78409847113539,-0.0003292533397627953,2.946982057126117
2023-02-15,396.8608093261719,0.0032473548943152686,0.27781363149467353,0.8644980843260571,0.0,0.7501103579271171,0.0,0.0,0.0,2.398834276478907,0.0032473548943152686,3.7963867818262025,0.0024358745420912016,2.95416053569507
2023-02-16,391.39654541015625,-0.013768716354969346,0.32465358007561385,0.892426878223187,0.0,0.7877621648159084,0.0,0.0,-0.0,2.398834276478907,-0.013768716354969346,3.7441154090534825,-0.010846473802526856,2.9221183108361948
2023-02-17,390.41864013671875,-0.002498502567039096,0.2887432744148928,0.8528078476061768,0.0,0.7355125891467689,0.0,0.0,-0.0,2.398834276478907,-0.002498502567039096,3.734760727092672,-0.0018376800920727738,2.9167483921896897
2023-02-21,382.5865478515625,-0.020060753970183365,0.26597841964897384,0.8252478592141265,0.0,0.7701419519060899,0.0,0.0,-0.0,2.398834276478907,-0.020060753970183365,3.6598386110089627,-0.015449628219304859,2.871685713921104
2023-02-22,382.0592956542969,-0.001378125290150578,0.17895973390587727,0.746639995111794,0.0,0.6783006541861508,0.0,0.0,-0.0,2.398834276478907,-0.001378125290150578,3.654794894861262,-0.000934783285859616,2.8690013101134886
2023-02-23,384.0916442871094,0.005319458670235866,0.2848483739799015,0.8293645801495863,0.0,0.7130612886131147,0.0,0.0,0.0,2.398834276478907,0.005319458670235866,3.6742364252526656,0.003793100054122592,2.8798837191381583
2023-02-24,379.9886169433594,-0.010682417607301486,0.33577775800113585,0.8688716560528768,0.0,0.7335195482591889,0.0,0.0,-0.0,2.398834276478907,-0.010682417607301486,3.634986697370158,-0.007835762137623792,2.8573176353309764
2023-02-27,381.28277587890625,0.0034057834309804136,0.512977114671747,1.0084508635858411,0.0,0.7395735741273635,0.0,0.0,0.0,2.398834276478907,0.0034057834309804136,3.6473666748358955,0.002518827424753939,2.864514725352081
2023-02-28,379.87353515625,-0.003696051360850938,0.4609073617144581,0.9580992414718144,0.0,0.7669077551770669,0.0,0.0,-0.0,2.398834276478907,-0.003696051360850938,3.633885820273846,-0.0028345304521693363,2.856395171132383
2023-03-01,378.4164123535156,-0.003835810257576955,0.7811844753852348,1.2078480179148587,0.0,0.8042100593846785,0.0,0.0,-0.0,2.398834276478907,-0.003835810257576955,3.619946923769576,-0.003084797195034322,2.847583771320564
2023-03-02,381.3594970703125,0.007777370697250374,0.7657664011596044,1.1846585192159353,0.0,0.8432635583084016,0.0,0.0,0.0,2.398834276478907,0.007777370697250374,3.648100592900103,0.006558373288446845,2.8662592886630076
2023-03-03,387.4756164550781,0.016037674246350164,0.8399631240714278,1.2305059223756756,0.0,0.8389934818249323,0.0,0.0,0.0,2.398834276478907,0.016037674246350164,3.706607641826952,0.01345550415631937,2.9048262524347015
2023-03-06,387.74407958984375,0.0006928516876023583,1.0225425506058308,1.3620745446187563,0.0,0.7571536353893287,0.0,0.0,0.0,2.398834276478907,0.0006928516876023583,3.709175771186872,0.0005245951740537571,2.9063501102681935
2023-03-07,381.8004150390625,-0.015328833794363672,1.146314540682539,1.4445024770263086,0.0,0.7960062834220846,0.0,0.0,-0.0,2.398834276478907,-0.015328833794363672,3.6523184322762674,-0.012201848017846278,2.87088726793605
2023-03-08,382.4235534667969,0.0016321051606782433,0.6703128511046401,1.0546999635325545,0.0,0.7385174383410483,0.0,0.0,0.0,2.398834276478907,0.0016321051606782433,3.6582794000380257,0.0012053381223673012,2.8743476578051124
2023-03-09,375.3678894042969,-0.018449867950177334,0.7013993818638475,1.063270149844908,0.0,0.7741059624297884,0.0,0.0,-0.0,2.398834276478907,-0.018449867950177334,3.5907846281824702,-0.014282152786274533,2.8332957853954692
2023-03-10,369.9515686035156,-0.01442936637275194,0.8625224469003925,1.1723802532433407,0.0,0.70464805560416,0.0,0.0,-0.0,2.398834276478907,-0.01442936637275194,3.5389718812167796,-0.010167624958159704,2.8044878964540336
2023-03-13,369.4243469238281,-0.0014251099993376481,0.9937086684473613,1.2561685213586156,0.0,0.697629163259738,0.0,0.0,-0.0,2.398834276478907,-0.0014251099993376481,3.533928457001483,-0.0009941982963910093,2.8016996793651296
2023-03-14,375.5308532714844,0.016529788571069348,1.264459533586054,1.443641991500076,0.0,0.7321113942493777,0.0,0.0,0.0,2.398834276478907,0.016529788571069348,3.592343547221003,0.012101646557413009,2.835604858644824
2023-03-15,373.1822814941406,-0.006254004849092665,0.8211745348389101,1.0790968792428957,0.0,0.6577934011882326,0.0,0.0,-0.0,2.398834276478907,-0.006254004849092665,3.569877013257076,-0.004113843120732363,2.823939625103973
2023-03-16,379.729736328125,0.017544924179598853,0.8607226614516339,1.0922322913885765,0.0,0.6854353794365152,0.0,0.0,0.0,2.398834276478907,0.017544924179598853,3.632510234785164,0.01202591176222823,2.8579000738573335
2023-03-17,375.2897033691406,-0.011692613283115993,0.6992534933314403,0.9526692004955413,0.0,0.6295197394970603,0.0,0.0,-0.0,2.398834276478907,-0.011692613283115993,3.5900366973628604,-0.007360730868027047,2.836863840565955
2023-03-20,378.89837646484375,0.009615699720260107,0.6759104187696785,0.9213297361824747,0.0,0.6324977535976052,0.0,0.0,0.0,2.398834276478907,0.009615699720260107,3.6245574122294157,0.006081908472333638,2.8541173867927503
2023-03-21,383.8734436035156,0.013130346941809812,0.4851135141413536,0.7667068518047239,0.0,0.6395741928575485,0.0,0.0,0.0,2.398834276478907,0.013130346941809812,3.6721491085624964,0.008397831047247591,2.878085782396048
2023-03-22,377.3298034667969,-0.017046347554787733,0.20215515508726156,0.5459119775851188,0.5,0.633762616238131,0.5,0.0001,-0.005501668911813371,2.3856366845154104,-0.017046347554787733,3.609552378584936,-0.010803337823626741,2.8469928494034464
2023-03-23,378.3498840332031,0.002703419017088038,0.19743614582253244,0.5393194249300497,0.5,0.5998998318990805,0.0,0.0,0.0008108903069519456,2.387571174178793,0.002703419017088038,3.619310511128378,0.0016217806139038912,2.851610047214532
2023-03-24,380.83251953125,0.006561745101074212,0.259333180396375,0.5854635894460177,0.5,0.6285554999107107,0.0,0.0,0.0020622104861461794,2.3924948484906046,0.006561745101074212,3.643059504144041,0.004124420972292359,2.863371287498063
2023-03-27,381.5447082519531,0.0018700837879594978,0.3122529609621054,0.6226325406074602,0.5,0.650397136537421,0.0,0.0,0.0006081485703869555,2.3939498408123723,0.0018700837879594978,3.6498723306613123,0.001216297140773911,2.866853997808021
2023-03-28,380.6882019042969,-0.002244838754494438,0.1661347890209175,0.5118959659384761,0.5,0.6832154120906986,0.0,0.0,-0.0007668542173645441,2.392114030280786,-0.002244838754494438,3.641678955804487,-0.0015337084347290882,2.862457079650446
2023-03-29,386.22149658203125,0.014534978100333662,0.48412074949647277,0.7537102675921171,0.5,0.716022453730867,0.0,0.0,0.005203685342162662,2.40456183899694,0.014534978100333662,3.694610679675551,0.010407370684325325,2.8922477315463393
2023-03-30,388.4829406738281,0.005855303528700784,0.3116973475987397,0.6262443489091658,0.5,0.6920493188130732,0.0,0.0,0.0020260794092405807,2.4094336722271774,0.005855303528700784,3.7162437466254308,0.0040521588184811615,2.903967578696957
2023-03-31,393.9584655761719,0.014094634098594794,0.591447450425985,0.8387580745361728,0.5,0.7221498276561882,0.0,0.0,0.005089218792588631,2.4216958073513717,0.014094634098594794,3.7686228424553074,0.010178437585177263,2.9335254314461023
2023-04-03,395.4596252441406,0.003810451606296228,0.9832906438141276,1.1668236891373227,0.5,0.7131798974116159,0.0,0.0,0.0013587687428351354,2.4249863319190554,0.003810451606296228,3.782982997418866,0.002717537485670271,2.9414973967712243
2023-04-04,393.2655944824219,-0.005548052498062894,1.063835192397491,1.245998921320505,0.0,0.7496421402271439,0.5,0.0001,-0.0001,2.4247438332858637,-0.005548052498062894,3.7619948091499067,-0.004159053948740421,2.9292635504079736
2023-04-05,392.23590087890625,-0.002618316013305977,1.343726065564054,1.4793761201291193,0.0,0.7597388124902748,0.0,0.0,-0.0,2.4247438332858637,-0.002618316013305977,3.7521447178991356,-0.001989236298673353,2.9234365530251214
2023-04-06,393.7659606933594,0.003900866318010676,1.6730968567108828,1.7595343686405382,0.0,0.7887313948293341,0.0,0.0,0.0,2.4247438332858637,0.003900866318010676,3.76678133284949,0.003076735732047329,2.932431194728187
2023-04-10,394.17010498046875,0.001026356586023125,1.5481100154812832,1.6612583176285924,0.0,0.8274388320198847,0.0,0.0,0.0,2.4247438332858637,0.001026356586023125,3.770647393678569,0.0008492472947748908,2.9349215539874236
2023-04-11,394.27606201171875,0.0002688104194386032,1.5744944999470842,1.6849165314780816,0.0,0.869285465981,0.0,0.0,0.0,2.4247438332858637,0.0002688104194386032,3.771660982986019,0.0002336729907222342,2.935607365884479
2023-04-12,392.66900634765625,-0.004075965595940034,1.553734472036024,1.662861833074954,0.0,0.9120676123129342,0.0,0.0,-0.0,2.4247438332858637,-0.004075965595940034,3.756287822579819,-0.003717556208958693,2.9246940804943704
2023-04-13,397.8846740722656,0.013282606063366176,1.4993984958280473,1.6058511527010992,0.0,0.9352691463760368,0.0,0.0,0.0,2.4247438332858637,0.013282606063366176,3.806181113987766,0.012422811634533654,2.961027004144988
2023-04-14,396.9126892089844,-0.002442880881369902,1.218080307094251,1.3739881218485777,0.0,0.8897842758590244,0.0,0.0,-0.0,2.4247438332858637,-0.002442880881369902,3.796883066913374,-0.002173636996039574,2.954590806302506
2023-04-17,398.33697509765625,0.0035884110722446128,1.4466877634643902,1.5476020734190892,0.0,0.9204409794665617,0.0,0.0,0.0,2.4247438332858637,0.0035884110722446128,3.8105078441507043,0.003302920602065486,2.964349585147316
2023-04-18,398.5967102050781,0.0006520487016254961,1.6505862505444693,1.70214941088991,0.0,0.9657675875844012,0.0,0.0,0.0,2.4247438332858637,0.0006520487016254961,3.8129924808430165,0.0006297275015563964,2.9662163176053102
2023-04-19,398.5293884277344,-0.0001688969718518507,1.934936715177689,1.9057428194566757,0.0,1.0135566361214634,0.0,0.0,-0.0,2.4247438332858637,-0.0001688969718518507,3.812348477959308,-0.0001711866466412633,2.9657085409806867
2023-04-20,396.35455322265625,-0.005457151387651016,1.88010731697379,1.841303383183269,0.0,1.0611843161318784,0.0,0.0,-0.0,2.4247438332858637,-0.005457151387651016,3.7915439151726034,-0.005791043463332575,2.948533993920291
2023-04-21,396.66253662109375,0.0007770401423001783,1.6998479400611561,1.6778034384091693,0.0,1.0621793620901268,0.0,0.0,0.0,2.4247438332858637,0.0007770401423001783,3.7944900969959865,0.0008253560026668246,2.9509675841512397
2023-04-24,397.07635498046875,0.0010432504236472795,1.5481688260262096,1.5428391802203025,0.0,1.1165824432315765,0.0,0.0,0.0,2.4247438332858637,0.0010432504236472795,3.798448700397203,0.0011648751069384567,2.9544050928314
2023-04-25,390.7731628417969,-0.01587400523756166,1.474572502215441,1.4711512660618666,0.0,1.173879716868794,0.0,0.0,-0.0,2.4247438332858637,-0.01587400523756166,3.7381521058324885,-0.018634172773842637,2.899352197887659
2023-04-26,389.11798095703125,-0.00423565905275769,1.0531938556087717,1.1459797396282194,0.0,0.9485955675169491,0.0,0.0,-0.0,2.4247438332858637,-0.00423565905275769,3.722318568024834,-0.004017927402958984,2.8877028112409366
2023-04-27,396.8645935058594,0.0199081330802946,1.0810812840049806,1.1578847655892384,0.0,0.9868055274917829,0.0,0.0,0.0,2.4247438332858637,0.0199081330802946,3.7964229814443238,0.019645455765676723,2.9444330490835906
2023-04-28,400.2518615722656,0.008535072470142735,1.1962310428176934,1.2334321456754,0.0,0.7863883633792541,0.0,0.0,0.0,2.4247438332858637,0.008535072470142735,3.8288257267182666,0.006711881671118873,2.9641957352975714
2023-05-01,399.8477783203125,-0.001009572448622209,1.4441372684512181,1.406016776233521,0.0,0.8028439343570875,0.0,0.0,-0.0,2.4247438332858637,-0.001009572448622209,3.824960249753996,-0.0008105291166703728,2.9617931683466026
2023-05-02,395.35382080078125,-0.011239170912514584,1.3998495235401371,1.3586361545097014,0.0,0.8403440638049381,0.0,0.0,-0.0,2.4247438332858637,-0.011239170912514584,3.7819708677734365,-0.009444770558420761,2.933819711430071
2023-05-03,392.64013671875,-0.006863937919038499,2.9708642641623264,2.4826115742861457,0.0,0.8059525439960508,0.0,0.0,-0.0,2.4247438332858637,-0.006863937919038499,3.7560116545254276,-0.005532008227680037,2.91758979664791
2023-05-04,389.8590393066406,-0.00708306958975391,2.8790651986659057,2.3452376959173495,0.0,0.8235538303650606,0.0,0.0,-0.0,2.4247438332858637,-0.00708306958975391,3.729407562596497,-0.0058332890913841105,2.90057065191399
2023-05-05,397.07635498046875,0.018512628786712337,2.597422722173043,2.087402580347703,0.0,0.8435592813608572,0.0,0.0,0.0,2.4247438332858637,0.018512628786712337,3.798448700397204,0.015616499835419377,2.945867413022227
2023-05-08,397.18212890625,0.000266381829223894,4.349005880237044,3.234472877190016,0.0,0.7299148307277707,0.0,0.0,0.0,2.4247438332858637,0.000266381829223894,3.7994605381102287,0.0001944360477869125,2.9464401958393194
2023-05-09,395.44036865234375,-0.004385293615054242,3.8177088756965034,2.740910026306219,0.0,0.7672517572011377,0.0,0.0,-0.0,2.4247438332858637,-0.004385293615054242,3.7827987880718035,-0.0033646242319932966,2.9365265317582794
2023-05-10,397.28802490234375,0.004672401698128992,3.0732344019215168,2.1652918436313104,0.0,0.7957066286427682,0.0,0.0,0.0,2.4247438332858637,0.004672401698128992,3.8004735435528705,0.003717861002882965,2.9474441292346345
2023-05-11,396.59515380859375,-0.0017440019590831968,2.7775791189546712,1.924142873775653,0.0,0.8277722101159708,0.0,0.0,-0.0,2.4247438332858637,-0.0017440019590831968,3.7938455102474706,-0.0014436363561168807,2.943189091732048
2023-05-12,396.0755310058594,-0.00131020966278661,2.226310882203954,1.535575099313136,0.0,0.8671132842246451,0.0,0.0,-0.0,2.4247438332858637,-0.00131020966278661,3.788874777200825,-0.001136100203721762,2.9398453340053394
2023-05-15,397.44195556640625,0.0034499090541562083,2.084250146305063,1.4188774152103982,0.0,0.9096939752532699,0.0,0.0,0.0,2.4247438332858637,0.0034499090541562083,3.801946050599754,0.0031383614817376095,2.9490716313638474
2023-05-16,394.7859802246094,-0.006682674802190314,1.4888545839489105,1.0247399561385653,0.0,0.9495906047698929,0.0,0.0,-0.0,2.4247438332858637,-0.006682674802190314,3.7765388815281242,-0.006345805206892425,2.93035739725004
2023-05-17,399.5782470703125,0.01213889825311587,1.6335456226803142,1.0995840613774392,0.5,0.9588358210686196,0.5,0.0001,0.005719605236697394,2.4386124108123752,0.01213889825311587,3.82238190275993,0.01163921047339479,2.9644644437589025
2023-05-18,403.4275817871094,0.009633494177973878,1.0167725372641563,0.697611951422804,0.5,0.9048374117155134,0.0,0.0,0.0043583729688871755,2.4492407932252527,0.009633494177973878,3.8592047965661607,0.008716745937774351,2.9903049271567146
2023-05-19,402.84051513671875,-0.0014551971082146231,0.8951334472300232,0.6091314812775255,0.5,0.904875653466914,0.0,0.0,-0.0006583862171094353,2.447628246844611,-0.0014551971082146231,3.8535888929061897,-0.0013167724342188706,2.9863673760587255
2023-05-22,403.0041198730469,0.00040612781033844136,0.5303611543454156,0.3689933580676958,0.5,0.9437470184048165,0.0,0.0,0.0001916409550490904,2.448097312659441,0.00040612781033844136,3.8551539425252104,0.0003832819100981808,2.987511996650876
2023-05-23,398.4813232421875,-0.011222705694135637,0.18369462251451907,0.14159723074373998,0.5,0.9911218246245423,0.0,0.0,-0.005561534272397977,2.43448213555292,-0.011222705694135637,3.811888684422663,-0.011123068544795955,2.9542816959337284
2023-05-24,395.5943908691406,-0.007244837347852973,0.019913141918054933,0.031205536511405826,0.5,0.9219690858128856,0.0,0.0,-0.003339758033231528,2.4263515542839484,-0.007244837347852973,3.7842721709158997,-0.006679516066463056,2.9345485238808813
2023-05-25,399.0201416015625,0.008659755576653438,0.10382628437432118,0.07871135851201855,0.5,0.931031296206299,0.0,0.0,0.004031251729680689,2.4361327881839694,0.008659755576653438,3.817043042951563,0.008062503459361377,2.9582083315063343
2023-05-26,404.187744140625,0.012950731054129472,0.9697426482594622,0.6218255363410569,0.5,0.9222170056950301,0.0,0.0,0.005971692207150461,2.450680623370751,0.012950731054129472,3.8664765408228647,0.011943384414300921,2.993539350787102
2023-05-30,404.3416748046875,0.0003808395140476595,1.249874736615924,0.7902505195632858,0.5,0.8725298424858138,0.0,0.0,0.0001661469206021891,2.4510877964097038,0.0003808395140476595,3.8679490478697485,0.0003322938412043782,2.994534085476772
2023-05-31,402.0995788574219,-0.005545052827781505,-0.8528922154882714,-0.5477802573396233,0.5,0.916390515299571,0.0,0.0,-0.0025407169091070186,2.44486027619966,-0.005545052827781505,3.8465010660641434,-0.005081433818214037,2.979317558705036
2023-06-01,405.919921875,0.009500987363462832,-1.2263795228240362,-0.7807717304330276,1.0,0.9301352165311467,0.5,0.0001,0.00873720293857419,2.466221516589275,0.009500987363462832,3.883046624086365,0.00883720293857419,3.0056463925897696
2023-06-02,411.78997802734375,0.014461118649287119,-1.56806817671308,-0.9893001205743086,1.0,0.9262854691077929,0.0,0.0,0.013395124071878371,2.4992568597927245,0.014461118649287119,3.939199822037992,0.013395124071878371,3.045907398934703
2023-06-05,411.0008544921875,-0.0019163252562300892,-1.4097173189314454,-0.8794192231918851,1.0,0.8719534691714572,0.0,0.0,-0.001670946455230708,2.495080735402143,-0.0019163252562300892,3.9316510339296835,-0.001670946455230708,3.040817850763492
2023-06-06,411.8958740234375,0.002177658565590601,0.05602570549868702,0.04659113625541566,1.0,0.9030358890266138,0.0,0.0,0.001966503838774529,2.4999873212463637,0.002177658565590601,3.9402128274806336,0.001966503838774529,3.046797630740033
2023-06-07,410.47161865234375,-0.003457804413483201,0.012642179064426884,0.018360796044117434,0.5,0.9493387600457803,0.5,0.0001,-0.0017413138771884844,2.495634058631082,-0.003457804413483201,3.926588342175708,-0.0032826277543769686,3.036796128275396
2023-06-08,412.9543762207031,0.006048548682880295,1.4087750702137214,0.8867604375968987,0.5,0.9721437992786945,0.0,0.0,0.0029400295483486966,2.5029712965053226,0.006048548682880295,3.950338502920988,0.005880059096697393,3.0546526689742772
2023-06-09,413.69537353515625,0.0017943805832367765,2.5993699288265866,1.61893022837816,0.5,1.0072798745643516,0.0,0.0,0.0009037217244017242,2.5052332860415283,0.0017943805832367765,3.9574269136278417,0.0018074434488034483,3.0601737809291842
2023-06-12,417.4482727050781,0.009071648874997562,3.3725033902438213,2.0682623092833237,0.0,1.058787826805979,0.5,0.0001,-0.0001,2.504982762712924,0.009071648874997562,3.993327301036739,0.009604951397905572,3.0895666013641536
2023-06-13,420.2005310058594,0.006593052315072567,3.055200648762593,1.823644801916223,0.0,1.0646496854821612,0.0,0.0,0.0,2.504982762712924,0.006593052315072567,4.019655516843682,0.007019291073609444,3.111253168630431
2023-06-14,420.7008972167969,0.001190779577883383,4.267570141564219,2.5228501982667093,0.0,1.1039751453856688,0.0,0.0,0.0,2.504982762712924,0.001190779577883383,4.024442040543265,0.001314591057616093,3.115343194223892
2023-06-15,425.9165954589844,0.012397639930631588,4.517959740585319,2.592704985412283,0.0,1.155635405247046,0.0,0.0,0.0,2.504982762712924,0.012397639930631588,4.074335623883617,0.014327151645342396,3.1599771885948233
2023-06-16,424.46588134765625,-0.0034060990503663735,5.907406609037658,3.3171903584599733,0.0,1.106119506180689,0.0,0.0,-0.0,2.504982762712924,-0.0034060990503663735,4.060458033184234,-0.003767552599593767,3.148071808323276
2023-06-20,422.2636413574219,-0.005188261499940561,8.051385728930496,4.359746010607848,0.0,1.101409706182553,0.0,0.0,-0.0,2.504982762712924,-0.005188261499940561,4.039391315098539,-0.005714401574247785,3.130082461825949
2023-06-21,420.1000671386719,-0.005123752099032042,7.20620308410486,3.595387241003705,0.0,1.0797446577449195,0.0,0.0,-0.0,2.504982762712924,-0.005123752099032042,4.018694475368991,-0.005532343956539164,3.112765769034797
2023-06-22,421.61651611328125,0.003609732759477957,6.518873925673645,3.0557010608466895,0.0,1.0745098223063478,0.0,0.0,0.0,2.504982762712924,0.003609732759477957,4.033200888467063,0.0038786933059600623,3.124839232786174
2023-06-23,418.4291076660156,-0.007559970554875561,7.295754831758815,3.3014327583761585,0.0,1.1254623600178106,0.0,0.0,-0.0,2.504982762712924,-0.007559970554875561,4.0027100085083545,-0.008508462302355406,3.0982516559730917
2023-06-26,416.71954345703125,-0.004085672286328945,5.923185807825991,2.506196527418012,0.0,1.0811191276960561,0.0,0.0,-0.0,2.504982762712924,-0.004085672286328945,3.9863562471563805,-0.0044170984582479,3.084566373360229
2023-06-27,421.2881164550781,0.010963183920165598,8.123183722070106,3.4300152272730036,0.0,1.1078697718691426,0.0,0.0,0.0,2.504982762712924,0.010963183920165598,4.030059403865257,0.012145780068593313,3.122030838138041
2023-06-28,421.5006408691406,0.0005044633488615613,6.766003882545512,2.666024534554974,0.0,1.0476321083920221,0.0,0.0,0.0,2.504982762712924,0.0005044633488615613,4.032092421128242,0.0005284920017743377,3.1236808064652895
2023-06-29,423.1619567871094,0.003941431535057882,7.302208326727996,2.8061683409863716,0.0,1.1003610940346937,0.0,0.0,0.0,2.504982762712924,0.003941431535057882,4.047984637349145,0.004336997915979133,3.1372282036131134
2023-06-30,428.155517578125,0.011800590083592688,6.636372132187148,2.4268705267865505,0.0,1.148952040683784,0.0,0.0,0.0,2.504982762712924,0.011800590083592688,4.095753244719183,0.013558312057816645,3.1797637225942834
2023-07-03,428.6481628417969,0.0011506222469315208,6.805356811909139,2.4239679096453584,0.0,1.0851168186481182,0.0,0.0,0.0,2.504982762712924,0.0011506222469315208,4.100465909520499,0.0012485595520560814,3.18373384696341
2023-07-05,428.0106506347656,-0.0014872621937879194,6.970262026416215,2.4181045936266496,0.0,1.1383085638605168,0.0,0.0,-0.0,2.504982762712924,-0.0014872621937879194,4.0943674415963525,-0.0016929632918947681,3.1783439024293383
2023-07-06,424.6590881347656,-0.00783055864387816,6.776017952913229,2.2704333838308437,0.0,1.1759898363790338,0.0,0.0,-0.0,2.504982762712924,-0.00783055864387816,4.062306257235347,-0.009208657378370707,3.1490756224012326
2023-07-07,423.5869445800781,-0.0025247159065797664,5.9669012591784565,1.8959290695437814,0.0,1.1107734471190556,0.0,0.0,-0.0,2.504982762712924,-0.0025247159065797664,4.052050088010307,-0.0028043873905479184,3.1402443944338887
2023-07-10,424.6590881347656,0.0025311062307418197,-0.9466720795224184,-0.7965463134426753,0.0,1.151101442649595,0.0,0.0,0.0,2.504982762712924,0.0025311062307418197,4.062306257235348,0.0029135600337062873,3.149393684997581
2023-07-11,427.3634948730469,0.006368418370980455,-0.7333781931971615,-0.7274135044457875,1.0,1.2059621799125806,1.0,0.0002,0.007480071701262915,2.523720213388444,0.006368418370980455,4.088176723032475,0.007680071701262915,3.173581254313867
2023-07-12,430.802001953125,0.008045860541035621,-0.8979926600617141,-0.8046246134499736,1.0,1.223061030446061,0.0,0.0,0.009840578484144328,2.5485550802203147,0.008045860541035621,4.121069622813102,0.009840578484144328,3.204811129722752
2023-07-13,434.2212829589844,0.007937012804855481,-0.8894808426580454,-0.8140134989955594,1.0,1.2186709480332432,0.0,0.0,0.00967260691944522,2.573206251723841,0.007937012804855481,4.15377860517907,0.00967260691944522,3.2358100080316237
2023-07-14,433.9508056640625,-0.0006229019754138143,-1.2382228812695146,-0.964869442934843,1.0,1.227909824231799,0.0,0.0,-0.0007648674551440171,2.5712380900065246,-0.0006229019754138143,4.151191208280473,-0.0007648674551440171,3.233335042265451
2023-07-17,435.4575500488281,0.003472154827457663,-1.169628864225885,-0.9491320870331197,1.0,1.2729219182904934,0.0,0.0,0.004419781983569005,2.582602401792202,0.003472154827457663,4.165604786874003,0.004419781983569005,3.247625678232098
2023-07-18,438.69329833984375,0.007430685931735015,-1.166075762564077,-0.9595518436520208,1.0,1.3358350868961162,0.0,0.0,0.009926170987316992,2.608237754824647,0.007430685931735015,4.196558087760996,0.009926170987316992,3.2798621660170313
2023-07-19,439.6688232421875,0.0022237059604863774,-0.6195839613222773,-0.7505937204213058,1.0,1.352893167024327,0.0,0.0,0.003008436599413288,2.6160844727462327,0.0022237059604863774,4.2058899989942775,0.003008436599413288,3.2897294233983074
2023-07-20,436.7518615722656,-0.006634451923181017,-0.46796628612057134,-0.7016190559147626,1.0,1.421188327134352,0.0,0.0,-0.009428805630158915,2.5914179207406316,-0.006634451923181017,4.177986224001762,-0.009428805630158915,3.25871120408927
2023-07-21,436.7518615722656,0.0,-0.3839321366624162,-0.6799532769103178,1.0,1.300741351803551,0.0,0.0,0.0,2.5914179207406316,0.0,4.177986224001762,0.0,3.25871120408927
2023-07-24,438.7029724121094,0.004467321175964711,0.3227314111457176,-0.39995677025308485,1.0,1.3597904376242929,0.0,0.0,0.006074620616873325,2.6071598014688977,0.004467321175964711,4.196650630333134,0.006074620616873325,3.2785066383540666
2023-07-25,439.900634765625,0.0027300073827414284,-0.13846616866331374,-0.6051294307162,1.0,1.412986241284387,0.0,0.0,0.0038574628704184377,2.6172168236003115,0.0027300073827414284,4.20810751753673,0.0038574628704184377,3.2911533559819377
2023-07-26,439.9682312011719,0.00015366296432572923,0.5980445838982078,-0.3072396303447795,1.0,1.4842077403230876,0.0,0.0,0.0002280677610532378,2.617813726381461,0.00015366296432572923,4.208754147812076,0.0002280677610532378,3.2919039619591195
2023-07-27,437.05126953125,-0.006629937034222211,0.38587985219369614,-0.4092989631745694,1.0,1.549145844858309,0.0,0.0,-0.01027073940823756,2.59092684377849,-0.006629937034222211,4.1808503728195605,-0.01027073940823756,3.258093674208893
2023-07-28,441.3302001953125,0.009790454718623165,0.05893296911415291,-0.5607281735075959,1.0,1.424598692195525,0.0,0.0,0.013947468988150066,2.6270637155826555,0.009790454718623165,4.221782799079989,0.013947468988150066,3.3035358346904093
2023-07-31,442.17041015625,0.0019038125207966328,-0.4966068458216242,-0.8108497190037252,1.0,1.3294261418062505,0.0,0.0,0.0025309781342450995,2.633712756404064,0.0019038125207966328,4.229820282032962,0.0025309781342450995,3.3118970116537056
2023-08-01,440.9051513671875,-0.002861473223898847,-0.925960020173541,-1.0050527167492003,1.0,1.3976447459298502,0.0,0.0,-0.003999323017001174,2.6231796883572076,-0.002861473223898847,4.21771676455402,-0.003999323017001174,3.2986516657050617
2023-08-02,434.77178955078125,-0.013910841815722774,-1.1670237837239483,-1.1152098657218685,1.0,1.4149400872266487,0.0,0.0,-0.019683007732134893,2.5715476222684934,-0.013910841815722774,4.1590447738187875,-0.019683007732134893,3.2337242794633694
2023-08-03,433.52581787109375,-0.0028658061760973297,-0.5952425169282805,-0.8702925917356622,1.0,1.0994721655805488,0.0,0.0,-0.0031508741225678427,2.5634449994105366,-0.0028658061760973297,4.147125757619312,-0.0031508741225678427,3.223535221311689
2023-08-04,431.5650939941406,-0.004522738430162265,-0.6116367379589605,-0.8823504666400096,1.0,1.145942904579786,0.0,0.0,-0.005182800013314768,2.55015917663346,-0.004522738430162265,4.128369392580612,-0.005182800013314768,3.2068282829237544
2023-08-07,435.33197021484375,0.008728408004087251,-0.44220211364045525,-0.8133767511396178,1.0,1.1804212953079212,0.0,0.0,0.0103031986821607,2.57643397330145,0.008728408004087251,4.1644034850306415,0.0103031986821607,3.23986887186229
2023-08-08,433.4389343261719,-0.004348488092288827,-4.099879941621772,-2.4166789831491684,1.0,1.1252905520076137,0.0,0.0,-0.00489331256577023,2.5638266765650166,-0.004348488092288827,4.1462946260645,-0.00489331256577023,3.2240151808001585
2023-08-09,430.54119873046875,-0.0066854529351590974,-4.027292764992168,-2.335742951312381,1.0,1.156533309431749,0.0,0.0,-0.00773194900814975,2.5440032994360817,-0.0066854529351590974,4.118574768486643,-0.00773194900814975,3.1990872598207107
2023-08-10,430.6957702636719,0.00035901682268479895,-3.935481442548401,-2.250543794482297,1.0,1.1602325938877602,0.0,0.0,0.00041654301943292636,2.5450629862518763,0.00035901682268479895,4.120053406114015,0.00041654301943292636,3.200419817287346
2023-08-11,430.4446716308594,-0.0005830069625684109,-3.690751048441001,-2.103542802143184,1.0,1.2177325761938012,0.0,0.0,-0.000709946570467354,2.5432561275131635,-0.0005830069625684109,4.1176513862920965,-0.000709946570467354,3.1981476902140074
2023-08-14,432.8207092285156,0.005519960529779544,-3.860471326859134,-2.1294254561207158,1.0,1.2801899644588552,0.0,0.0,0.007066598074432758,2.5612282963666373,0.005519960529779544,4.1403806594198205,0.007066598074432758,3.220747714523425
2023-08-15,427.7789001464844,-0.011648724228140672,-3.619011654232061,-1.9835329091547516,1.0,1.2766314678828308,0.0,0.0,-0.014871127910333522,2.5231399427638035,-0.011648724228140672,4.092150506918712,-0.014871127910333522,3.172851563293833
2023-08-16,424.6397705078125,-0.007338205875972226,-3.5668507270287506,-1.9218856639257027,1.0,1.1422919458694456,0.0,0.0,-0.008382373469254913,2.5019900414483627,-0.007338205875972226,4.062121464023478,-0.008382373469254913,3.1462555365277947
2023-08-17,421.40399169921875,-0.007620055947006987,-3.2867449147123793,-1.7741403269271983,1.0,1.1524131228148466,0.0,0.0,-0.008781452469914165,2.4800189348191854,-0.007620055947006987,4.031167871204081,-0.008781452469914165,3.1186268430755715
2023-08-18,421.6068420410156,0.0004813678697701551,-3.184054582289022,-1.7026312239186174,1.0,1.166319744893328,0.0,0.0,0.000561428851070172,2.4814112890003934,0.0004813678697701551,4.033108345894929,0.000561428851070172,3.120377730160996
2023-08-21,424.3499755859375,0.006506378149942371,-2.771636086175178,-1.5152712125685737,1.0,1.2146091606699652,0.0,0.0,0.007902706503702905,2.5010211541323386,0.006506378149942371,4.05934927391301,0.007902706503702905,3.145037159543149
2023-08-22,423.2005310058594,-0.0027087183839022977,-2.216783041394777,-1.28202410984745,1.0,1.1701650210065475,0.0,0.0,-0.0031696475045998535,2.493093798672192,-0.0027087183839022977,4.048353639908081,-0.0031696475045998535,3.1350685003585297
2023-08-23,427.9140319824219,0.011137748256977664,-2.433840443795475,-1.348992603438515,1.0,1.2271318222253673,0.0,0.0,0.01366748531407241,2.527168121552149,0.011137748256977664,4.093443183604596,0.01366748531407241,3.1779170030457906
2023-08-24,421.9835510253906,-0.013859047644585898,-2.441174545251968,-1.3350425596869038,1.0,1.0844319236174342,0.0,0.0,-0.015029193696723956,2.4891868223491556,-0.013859047644585898,4.036711959492615,-0.015029193696723956,3.130155472854903
2023-08-25,424.95849609375,0.0070499076590317955,-2.3307501984262586,-1.276951302877706,1.0,0.9688911284239798,0.0,0.0,0.006830592987044175,2.5061894444013366,0.0070499076590317955,4.065170406053147,0.006830592987044175,3.1515362908761437
2023-08-28,427.65325927734375,0.0063412385170886765,-2.0360842536681645,-1.1520310522757804,1.0,0.9622522271094608,0.0,0.0,0.0061018708857008734,2.52148188880618,0.0063412385170886765,4.09094862121054,0.0061018708857008734,3.1707665584146705
2023-08-29,433.8349304199219,0.014454867368540736,-2.0819499846490004,-1.1556975377434486,1.0,0.9732883813274551,0.0,0.0,0.014068754463430063,2.55695599838378,0.014454867368540736,4.150082740941653,0.014068754463430063,3.215375294585862
2023-08-30,435.621826171875,0.004118837895840999,-2.1048718136235536,-1.1508712285995835,1.0,0.8812191975244544,0.0,0.0,0.0036295990253063172,2.566236723383265,0.004118837895840999,4.167176259005919,0.0036295990253063172,3.2270458176210846
2023-08-31,434.98431396484375,-0.0014634533182911191,-1.9483952943011928,-1.079405508629946,1.0,0.9216629344307706,0.0,0.0,-0.0013488106797386414,2.562775355884028,-0.0014634533182911191,4.161077791081773,-0.0013488106797386414,3.222693143758271
2023-09-01,435.7956237792969,0.0018651472901587418,-1.9724246662834162,-1.0754198152823262,1.0,0.9621647842313864,0.0,0.0,0.001794579039995341,2.567374458821914,0.0018651472901587418,4.168838814047949,0.001794579039995341,3.2284765213263964
2023-09-05,433.91217041015625,-0.00432187306702847,-2.1659177892821475,-1.132542026385059,1.0,1.0112999707603518,0.0,0.0,-0.004370710106315844,2.556153209328044,-0.00432187306702847,4.150821621856732,-0.004370710106315844,3.2143657863666317
2023-09-06,430.9952087402344,-0.00672247028048234,-1.9537750014625885,-1.041326487179667,1.0,1.0335008005863908,0.0,0.0,-0.0069476784167967175,2.5383938788455698,-0.00672247028048234,4.122917846864216,-0.0069476784167967175,3.192033406569003
2023-09-07,429.6719665527344,-0.0030702016186391345,-3.4948895655448453,-1.5809774934798049,1.0,1.0326769519864576,0.0,0.0,-0.0031705264495201497,2.53034583391339,-0.0030702016186391345,4.110259657817258,-0.0031705264495201497,3.181912980225724
2023-09-08,430.319091796875,0.0015060913778772722,-3.010126226035773,-1.3817120661929676,1.0,1.075508109520632,0.0,0.0,0.001619813490586109,2.534444522231011,0.0015060913778772722,4.116450084448733,0.001619813490586109,3.1870670857969645
2023-09-11,433.1491394042969,0.006576625721170126,-2.3076607411463144,-1.1133549574664454,1.0,1.1274188049663068,0.0,0.0,0.0074146115112722994,2.553236443760226,0.006576625721170126,4.143522435954031,0.0074146115112722994,3.210697950098512
2023-09-12,430.7730712890625,-0.005485565822668237,-1.8984869615642879,-0.9555418940986682,1.0,1.1315342793121055,0.0,0.0,-0.0062071057697720205,2.5373882350985695,-0.005485565822668237,4.120792870893903,-0.0062071057697720205,3.1907688083274603
2023-09-13,431.27532958984375,0.001165946374684701,-2.849136760202356,-1.2765385603357091,1.0,1.1429760397680766,0.0,0.0,0.0013326487699190654,2.5407696824088806,0.001165946374684701,4.125597494402548,0.0013326487699190654,3.195020982454974
2023-09-14,434.9939270019531,0.008622328143939706,-2.587399568786445,-1.166276834730271,1.0,1.1998308527752053,0.0,0.0,0.01034533532985083,2.567054796769319,0.008622328143939706,4.161169749789102,0.01034533532985083,3.22807454590438
2023-09-15,429.7530517578125,-0.012048157270290072,-2.211780518057182,-1.0208999275259711,1.0,1.1601845218560836,0.0,0.0,-0.013978085581878383,2.531172285126706,-0.012048157270290072,4.111035322215269,-0.013978085581878383,3.182952243637045
2023-09-18,430.0050048828125,0.0005862741962376905,-1.6669395414603727,-0.8207921133521283,1.0,1.0314579209703385,0.0,0.0,0.0006047171635698845,2.5327029284514744,0.0005862741962376905,4.113445516144505,0.0006047171635698845,3.184877029489596
2023-09-19,429.11328125,-0.002073751753320918,-2.0712093796735473,-0.9509769390822299,1.0,1.08359837603132,0.0,0.0,-0.002247114032190649,2.5270116561615805,-0.002073751753320918,4.10491525129321,-0.002247114032190649,3.177720247625828
2023-09-20,425.16827392578125,-0.009193393671542927,-1.4463855535286854,-0.7263843774755919,1.0,1.135161822413222,0.0,0.0,-0.010435989514350852,2.500639789015236,-0.009193393671542927,4.067177149399751,-0.010435989514350852,3.1445575924420646
2023-09-21,418.1409606933594,-0.016528310467606944,-1.0085823656911614,-0.5701830439297135,0.5,1.1008681611036124,0.5,0.0001,-0.009197745375312021,2.4776395409605,-0.016528310467606944,3.9999535827477155,-0.018195490750624044,3.0873408238539803
2023-09-22,417.2007751464844,-0.002248489469474535,1.7501604318287818,0.3745367468756941,0.5,0.9457061212573259,0.0,0.0,-0.0010632051274323524,2.475005301896622,-0.002248489469474535,3.9909597292385204,-0.002126410254864705,3.080775870665875
2023-09-25,418.9551696777344,0.00420515645167252,1.4752237265104569,0.2764522907106162,0.5,0.9940859507238298,0.0,0.0,0.002090143474601662,2.4801784180779856,0.00420515645167252,4.007742339292293,0.004180286949203324,3.09365439783144
2023-09-26,412.8001708984375,-0.014691306432693896,1.66754344154144,0.3386416301473582,0.5,1.005026747931482,0.0,0.0,-0.007382577963457604,2.4618683075432397,-0.014691306432693896,3.9488633684824688,-0.014765155926915208,3.047976108263472
2023-09-27,412.9649353027344,0.00039913841105798653,1.0974811470883026,0.1406539080429165,0.5,0.9318030851229832,0.0,0.0,0.00018595920140745864,2.462326114607681,0.00039913841105798653,3.95043951153285,0.00037191840281491727,3.0491097066694755
2023-09-28,415.35906982421875,0.0057974281030162,0.9198571237279793,0.07763191632285747,0.5,0.970088004985969,0.0,0.0,0.0028120077312522884,2.4692501946788226,0.0057974281030162,3.9733419005762762,0.005624015462504577,3.0662579468066578
2023-09-29,414.35107421875,-0.0024268053323004413,0.8795458139666223,0.06272085386740975,0.5,0.9620983861708767,0.0,0.0,-0.0011674127468785664,2.4663675605263222,-0.0024268053323004413,3.963699373264905,-0.002334825493757133,3.059098769582018
2023-10-02,414.1862487792969,-0.0003977917512676399,0.01817872958375233,-0.23226555175458213,0.5,1.0113417154415951,0.0,0.0,-0.00020115169605776562,2.465871446508421,-0.0003977917512676399,3.9621226463497154,-0.00040230339211553125,3.057868083770199
2023-10-03,408.64190673828125,-0.013386108441205136,1.1396344521282344,0.15131562730103087,0.5,1.0605768174212014,0.0,0.0,-0.007098498144114211,2.4483674626217566,-0.013386108441205136,3.9090852429483234,-0.014196996288228422,3.014455541935021
2023-10-04,411.61767578125,0.007282094650352677,2.523241199382106,0.622135815675815,0.5,0.9933979532884125,0.0,0.0,0.003617008960656424,2.457223229673039,0.007282094650352677,3.93755157168377,0.007234017921312848,3.03626216734838
2023-10-05,411.46258544921875,-0.00037678248811079396,-0.47973074674276717,-0.40401717628545186,0.5,0.960121331482927,0.0,0.0,-0.0001808784520821928,2.456778770938836,-0.00037678248811079396,3.9360679712055266,-0.0003617569041643856,3.0351637785464884
2023-10-06,416.3478088378906,0.011872825285775157,-1.7497033078715631,-0.8306360924754537,0.5,1.0071796799401884,0.0,0.0,0.005979034185656399,2.4714679351968742,0.011872825285775157,3.9828002185405853,0.011958068371312799,3.0714584745284794
2023-10-09,419.0133056640625,0.006402091639708063,-2.685224556282023,-1.1368656355959095,0.5,0.9160785398426448,0.0,0.0,0.0029324093806212827,2.4787152909539505,0.006402091639708063,4.008298470522331,0.0058648187612425655,3.089472021814272
2023-10-10,421.1942138671875,0.005204866226547811,-0.5749843740548997,-0.4078017205802628,1.0,0.9304643142817856,0.5,0.0001,0.004742942284413233,2.4904716945184373,0.005204866226547811,4.029161127857476,0.004842942284413234,3.104434156505228
2023-10-11,422.9195251464844,0.00409623689617189,-0.514481101645444,-0.38152452465715053,0.5,0.9594334489151801,0.5,0.0001,0.0018650333464339042,2.495116507277064,0.00409623689617189,4.045665526330027,0.0039300666928678086,3.1166347897839106
2023-10-12,420.3412780761719,-0.00609630654772797,-0.9975593092098762,-0.5389406827773511,0.5,0.9987973655349428,0.0,0.0,-0.003044487459682059,2.4875201563602127,-0.00609630654772797,4.021001909091944,-0.006088974919364118,3.0976576787160988
2023-10-13,418.24755859375,-0.00498099899206772,-0.49849770037896945,-0.3635636376460562,0.5,1.0075045059793897,0.0,0.0,-0.002509189464393513,2.4812784969914072,-0.00498099899206772,4.000973302635654,-0.005018378928787026,3.0821124586926345
2023-10-16,422.6481018066406,0.01052138410009218,-0.7467350096607035,-0.4425291849089087,0.5,1.034259347072066,0.0,0.0,0.005440919924827877,2.494778934604735,0.01052138410009218,4.043069079526899,0.010881839849655755,3.1156515128667563
2023-10-17,422.62872314453125,-4.5850583562434544e-05,-0.9760301347593057,-0.5137430844492205,0.5,0.9854411716607615,0.0,0.0,-2.2591526393547574e-05,2.494722573740588,-4.5850583562434544e-05,4.0428837024502196,-4.518305278709515e-05,3.1155107382199843
2023-10-18,416.9971008300781,-0.013325223786380458,-1.3303468139474006,-0.6258083919656137,0.5,1.0354055567274605,0.0,0.0,-0.006898505376527629,2.4775127166526936,-0.013325223786380458,3.98901137237276,-0.013797010753055257,3.072526003063504
2023-10-19,413.333251953125,-0.008786269424079562,-1.0893034904965049,-0.5355650419164195,0.5,0.9299629118490983,0.0,0.0,-0.004085452348953865,2.467390956504882,-0.008786269424079562,3.9539628437193755,-0.00817090469790773,3.047420685910629
2023-10-20,408.25421142578125,-0.012288003695187233,-1.4116410457771096,-0.6359644114594364,0.5,0.9318241583772937,0.0,0.0,-0.005725129350702459,2.453264824120138,-0.012288003695187233,3.9053765336851187,-0.011450258701404918,3.0125269306849396
2023-10-23,407.5466003417969,-0.0017332609540343658,-2.3818168907494766,-0.9532562028821058,0.5,0.9017316692461745,0.0,0.0,-0.0007814681466603128,2.4513476758047656,-0.0017332609540343658,3.8986074970284803,-0.0015629362933206256,3.0078185430103663
2023-10-24,410.6192932128906,0.007539488413145445,-3.226671906814353,-1.2231232971570498,1.0,0.9476608678312484,0.5,0.0001,0.007044878132605054,2.468617121441455,0.007539488413145445,3.9280010030797285,0.007144878132605054,3.0293090399451654
2023-10-25,404.7259826660156,-0.01435224950284919,-3.2007303372355906,-1.1955251543240157,1.0,0.9270466814844823,0.0,0.0,-0.013305205273453653,2.4357716638991143,-0.01435224950284919,3.8716253526360864,-0.013305205273453653,2.9890034613319663
2023-10-26,399.8795471191406,-0.01197460937632544,-2.389708857965836,-0.9089692381140105,1.0,0.8711548006894991,0.0,0.0,-0.010431738444567396,2.41036233099063,-0.01197460937632544,3.825264151386791,-0.010431738444567396,2.957822959013445
2023-10-27,398.0670166015625,-0.004532691233238073,-3.3249098988011596,-1.2063375255734612,0.5,0.867178416859987,0.5,0.0001,-0.002065326003877267,2.4053841469896686,-0.004532691233238073,3.80792541010298,-0.003930652007754535,2.9461967862610163
2023-10-30,402.8262023925781,0.01195574009533984,-3.209646255945515,-1.1502010257053066,1.0,0.9110980933011892,0.5,0.0001,0.010792852004868706,2.4313451021029855,0.01195574009533984,3.8534519766086115,0.010892852004868706,2.9782892718309775
2023-10-31,405.3560791015625,0.006280318147027675,-2.340081231694917,-0.8481988802582678,1.0,0.8230465441394487,0.0,0.0,0.005168994147007394,2.443912710705111,0.006280318147027675,3.8776528809860062,0.005168994147007394,2.993684031645167
2023-11-01,409.6790771484375,0.010664692771986006,-2.1393373255593815,-0.7710382722599441,0.5,0.8308381025294735,0.5,0.0001,0.004330316553368322,2.4544956263712647,0.010664692771986006,3.9190068576381285,0.008860633106736645,3.0202099674870713
2023-11-02,417.5303039550781,0.019164334340159517,-1.234348180839575,-0.4626345931110587,0.5,0.8058215921858417,0.0,0.0,0.007721517205584572,2.4734480565813226,0.019164334340159517,3.9941120153392835,0.015443034411169143,3.06685117394393
2023-11-03,421.339599609375,0.009123399231655949,0.165706685598213,0.005761770344000607,0.5,0.7090317818706833,0.0,0.0,0.00323439000696932,2.481448152258287,0.009123399231655949,4.030551893831178,0.00646878001393864,3.086689959523663
2023-11-06,422.3088684082031,0.002300445530699635,0.280231221830455,0.04974096490675836,0.5,0.727639991036974,0.0,0.0,0.0008369480826696646,2.4835249955315644,0.002300445530699635,4.039823958921595,0.0016738961653393293,3.091856758010501
2023-11-07,423.51080322265625,0.0028461036562730246,0.33234990684718824,0.0780732839701258,0.5,0.7649779971204943,0.0,0.0,0.001088603337286527,2.4862285691299344,0.0028461036562730246,4.051321716661781,0.002177206674573054,3.0985883691808653
2023-11-08,423.8210144042969,0.0007324752504072052,0.09591450625901388,0.009008258029594696,0.5,0.8041286683087782,0.0,0.0,0.00029450217383954235,2.4869607688482054,0.0007324752504072052,4.0542892095506735,0.0005890043476790847,3.1004134512019808
2023-11-09,420.5157470703125,-0.007798733950533543,-0.18493544223950664,-0.07697879342522158,0.5,0.8440755847740795,0.0,0.0,-0.0032913604598970338,2.4787752845083033,-0.007798733950533543,4.022670886646869,-0.0065827209197940675,3.0800042947167428
2023-11-10,427.0777587890625,0.015604675364636833,0.003244516470239489,-0.0062023565093657085,0.5,0.8363400570845136,0.0,0.0,0.006525407542622836,2.4949503034463008,0.015604675364636833,4.0854433599317685,0.013050815085245672,3.1202008612288537
2023-11-13,426.6706848144531,-0.0009531612598220329,-0.16817404232707034,-0.057928639580095406,0.5,0.7858442705865971,0.0,0.0,-0.00037451815748812373,2.4940158992556296,-0.0009531612598220329,4.081549273591884,-0.0007490363149762475,3.117863717473773
2023-11-14,434.9483642578125,0.019400628489297578,-0.24138268658757767,-0.07668560722148242,0.5,0.8204434594735869,0.0,0.0,0.007958559376860566,2.51386467287669,0.019400628489297578,4.160733894709603,0.01591711875372113,3.167491124522721
2023-11-15,435.86920166015625,0.002117118899653825,1.1571894390650854,0.3995834248512453,0.5,0.7436461643384918,0.0,0.0,0.0007871936745880476,2.5158435712459486,0.002117118899653825,4.169542663074523,0.0015743873491760952,3.172477982477797
2023-11-16,436.40234375,0.0012231699046711952,0.8839429085040003,0.3088864833807178,0.0,0.7805646059128929,0.5,0.0001,-0.0001,2.515591986888824,0.0012231699046711952,4.174642722176238,0.0009547631346041823,3.17550694750081
2023-11-17,436.9451599121094,0.0012438433704204943,-0.22208673490201392,-0.06403908555908319,0.0,0.8178195492476106,0.0,0.0,0.0,2.515591986888824,0.0012438433704204943,4.179835323850091,0.0010172394245319173,3.1787371983606834
2023-11-20,440.30859375,0.007697610928033116,-0.5365892029542536,-0.16726327336807018,0.5,0.8571958304678623,0.5,0.0001,0.00319917999603692,2.5236398184514695,0.007697610928033116,4.212010069916339,0.00659835999207384,3.1997116507156633
2023-11-21,439.34893798828125,-0.002179507225933519,-0.5371676403245971,-0.16460608376684566,0.5,0.8901488653469402,0.0,0.0,-0.0009700429420900896,2.521191779457203,-0.002179507225933519,4.202829963533252,-0.0019400858841801792,3.193503935308663
2023-11-22,441.04522705078125,0.003860915358683048,-0.576653243558269,-0.17599310570390575,0.5,0.9139950585257437,0.0,0.0,0.0017644287796112275,2.5256402427917966,0.003860915358683048,4.21905673428939,0.003528857559222455,3.204773355811184
2023-11-24,441.31658935546875,0.0006152709247122523,-0.9568729794694377,-0.302737155140305,0.5,0.9605469697446093,0.0,0.0,0.0002954983111521588,2.526386565218119,0.0006152709247122523,4.22165259722771,0.0005909966223043176,3.2066673660397194
2023-11-27,440.52178955078125,-0.0018009742299700537,-0.9476601487653973,-0.2966817687695368,0.5,1.0043244818801786,0.0,0.0,-0.000904381255197114,2.524101748565154,-0.0018009742299700537,4.214049509692217,-0.001808762510394228,3.2008672663247224
2023-11-28,440.95794677734375,0.000990092288073452,-0.9912487361904319,-0.30630292673047577,0.5,1.0351780182677375,0.0,0.0,0.0005124608863350229,2.525395251984423,0.000990092288073452,4.218221807613323,0.0010249217726700458,3.2041479048774058
2023-11-29,440.6478271484375,-0.0007032861776791188,-0.9015238975471682,-0.27013534812168005,0.5,1.085911813053255,0.0,0.0,-0.0003818533841494128,2.524430921261138,-0.0007032861776791188,4.215255190521644,-0.0007637067682988256,3.2017008754358205
2023-11-30,442.3828125,0.003937351428214386,-1.0097538334296097,-0.30654261008051004,0.5,1.1306126948582005,0.0,0.0,0.002225809754428626,2.5300498242300624,0.003937351428214386,4.231852131566332,0.004451619508857252,3.215953629514436
2023-12-01,444.9998779296875,0.005915838852097233,-1.0624398291309696,-0.32497883365031566,0.5,1.184064200157847,0.0,0.0,0.0035023664993356126,2.538910985976096,0.005915838852097233,4.256887086822583,0.007004732998671225,3.2384805260252927
2023-12-04,442.6639404296875,-0.005249299192772172,-0.4285497508166891,-0.11230366245992772,0.5,1.2248321444532597,0.0,0.0,-0.0032147551935799525,2.530749008697892,-0.005249299192772172,4.234541412874003,-0.006429510387159905,3.2176586818445982
2023-12-05,442.57672119140625,-0.00019703262523840248,-0.4747097480372062,-0.13063023742126528,0.5,1.19434052386688,0.0,0.0,-0.00011766202442305013,2.530451235646222,-0.00019703262523840248,4.233707070062743,-0.00023532404884610026,3.2169014893757817
2023-12-06,440.7932434082031,-0.0040297595824788646,-0.9271764842847041,-0.28220565770968703,0.5,1.2490442010853484,0.0,0.0,-0.00251667391913167,2.5240829150178365,-0.0040297595824788646,4.216646248427749,-0.00503334783826334,3.2007097052183258
2023-12-07,444.1566467285156,0.00763034227636239,-0.8850356238224606,-0.2653512164181572,0.5,1.2585200054140293,0.0,0.0,0.004801469201479246,2.536202221396275,0.00763034227636239,4.248820702561592,0.009602938402958491,3.231445923363289
2023-12-08,446.0661315917969,0.004299124818565092,-0.8037749217258323,-0.2319051520461113,0.5,1.2514625188126025,0.0,0.0,0.0026900967870656213,2.5430248508434015,0.004299124818565092,4.267086913093608,0.005380193574131243,3.248831727955321
2023-12-11,447.8011169433594,0.003889524957591206,-0.8261012321733965,-0.23105751201638317,0.5,1.3040037468929293,0.0,0.0,0.002535977559166247,2.5494739047975425,0.003889524957591206,4.283683854138296,0.005071955118332494,3.265309656666525
2023-12-12,449.8463439941406,0.004567266523901825,-0.8741196246662817,-0.23735661968403565,0.5,1.3635534552544686,0.0,0.0,0.0031138560248672,2.557412599476238,0.004567266523901825,4.303248580004281,0.0062277120497344,3.2856450649614612
2023-12-13,456.0498046875,0.013790176970828405,-0.6701414612509566,-0.15783672951671585,0.5,1.4202245646826572,0.0,0.0,0.009792574042645788,2.5824562517142042,0.013790176970828405,4.3625911394720065,0.019585148085291576,3.3499949101144386
2023-12-14,457.51336669921875,0.003209215302091062,0.9136683849914391,0.402453437585208,0.0,1.2358879157709228,0.5,0.0001,-0.0001,2.582198006089033,0.003209215302091062,4.376591633713567,0.003966230410961475,3.363281761803501
2023-12-15,456.7601318359375,-0.0016463669000876813,1.2718918351547046,0.5419124980218063,0.0,1.2991802591237265,0.0,0.0,-0.0,2.582198006089033,-0.0016463669000876813,4.36938615811262,-0.00213892737586864,3.35608794637042
2023-12-18,459.3294372558594,0.005625064975777638,0.12337809764293795,0.15585835555238753,0.0,1.3161013155193604,0.0,0.0,0.0,2.582198006089033,0.005625064975777638,4.393964239156268,0.007403155414502829,3.38093358702214
2023-12-19,462.1225280761719,0.006080800823476729,0.09080111852373207,0.17288531211266178,0.0,1.3690301343477416,0.0,0.0,0.0,2.582198006089033,0.006080800823476729,4.420683060520056,0.008324799568306203,3.409079181487854
2023-12-20,455.71881103515625,-0.01385718430061067,0.2681093460851862,0.2677156286691719,0.0,1.4203126094382357,0.0,0.0,-0.0,2.582198006089033,-0.01385718430061067,4.359424840615842,-0.019681533593466895,3.341983275054612
2023-12-21,460.03985595703125,0.009481822600343914,-0.0509897097666574,0.16971568762276415,0.0,1.0389905828386428,0.0,0.0,0.0,2.582198006089033,0.009481822600343914,4.400760133594093,0.00985152438990394,3.3749069047994635
2023-12-22,460.9644775390625,0.0020098727752788648,0.034469788942079305,0.2350377190278486,0.0,1.0365065881811475,0.0,0.0,0.0,2.582198006089033,0.0020098727752788648,4.409605101577136,0.0020832463729824704,3.3819376673680406
2023-12-26,462.91082763671875,0.0042223429190186845,-0.03848382815315787,0.23079383646527732,0.0,1.0893743058760914,0.0,0.0,0.0,2.582198006089033,0.0042223429190186845,4.428223966453449,0.004599711886576809,3.3974936062562953
2023-12-27,463.747802734375,0.0018080698218472246,0.023261410869359622,0.30031102391827796,0.0,1.1418178859464438,0.0,0.0,0.0,2.582198006089033,0.0018080698218472246,4.436230504571574,0.002064486461625161,3.40450768580987
2023-12-28,463.92303466796875,0.0003778604072310898,-0.3123950104392357,0.1831065072057597,0.0,1.199372517985378,0.0,0.0,0.0,2.582198006089033,0.0003778604072310898,4.437906780436602,0.00045319538806773256,3.40605059299172
2023-12-29,462.5799255371094,-0.002895111970071973,-1.0787635784261376,-0.1533789214598227,0.0,1.253167678883664,0.0,0.0,-0.0,2.582198006089033,-0.002895111970071973,4.4250585433944964,-0.003628060747643406,3.393693234530799
2024-01-02,459.9912109375,-0.005596253656281247,-0.9993211816206511,-0.08898603206466096,0.0,1.269631809728179,0.0,0.0,-0.0,2.582198006089033,-0.005596253656281247,4.400294793341766,-0.007105181657322298,3.369580427610232
2024-01-03,456.2345886230469,-0.008166726287654136,-0.9621498794245724,-0.039993556369104365,0.0,1.2403189607358582,0.0,0.0,-0.0,2.582198006089033,-0.008166726287654136,4.364358790179554,-0.010129345461717391,3.3354487833979265
2024-01-04,454.76507568359375,-0.0032209590769700647,-0.657943843731136,0.17881518950248573,0.0,1.1732533890223356,0.0,0.0,-0.0,2.582198006089033,-0.0032209590769700647,4.350301369119171,-0.003779001152957382,3.3228441185998356
2024-01-05,455.38787841796875,0.0013695043170121046,-1.0521880774956358,-0.026577344926521092,0.0,1.2155997481042011,0.0,0.0,0.0,2.582198006089033,0.0013695043170121046,4.356259125624483,0.0016647691027875304,3.32837588682186
2024-01-08,461.88897705078125,0.014275958893323004,-1.9370251503500597,-0.6368791595231206,0.0,1.2746372375720132,0.0,0.0,0.0,2.582198006089033,0.014275958893323004,4.418448901830561,0.01819666880747685,3.388941240501149
2024-01-09,461.18829345703125,-0.0015169957036514914,-1.6634444655674638,-0.4299461501658363,0.5,1.068027960808825,0.5,0.0001,-0.0009100969139633255,2.5798479556524487,-0.0015169957036514914,4.411746133829681,-0.0016201938279266509,3.3834504988200833
2024-01-10,463.7965087890625,0.0056554239754880165,-2.0078168690105045,-0.6762176288535322,0.5,1.1131767257497018,0.0,0.0,0.003147743171880056,2.5879686544393423,0.0056554239754880165,4.436696428688707,0.006295486343760112,3.4047509652301935
2024-01-11,463.5921630859375,-0.00044059344831748337,-2.0259992491975787,-0.6819013916624297,0.5,1.1453320946735688,0.0,0.0,-0.000252312908530457,2.587315676540955,-0.00044059344831748337,4.4347416493100535,-0.000504625817060914,3.403032839992475
2024-01-12,463.9132995605469,0.0006927133376710692,-1.773569694973359,-0.4901563780850421,0.5,1.1984782592955112,0.0,0.0,0.00041510093756140336,2.5883896737040546,0.0006927133376710692,4.437813653999656,0.0008302018751228067,3.405858044237341
2024-01-16,462.21014404296875,-0.003671279782647918,-1.6666967013212357,-0.4087911760487175,0.5,1.2592090482019183,0.0,0.0,-0.002311454360395515,2.582406729106369,-0.003671279782647918,4.421521198452568,-0.00462290872079103,3.3901130733828597
2024-01-17,459.6408386230469,-0.005558738710163436,-1.6821435091189088,-0.4168959267775101,0.5,1.280162389539902,0.0,0.0,-0.003558044115015388,2.573218412041296,-0.005558738710163436,4.396943117408922,-0.007116088230030776,3.3659887296428868
2024-01-18,463.72833251953125,0.008892799666647022,-1.5843177565190238,-0.3424913088167338,0.5,1.2728604837065,0.0,0.0,0.005659646642596666,2.5877819189876736,0.008892799666647022,4.436044251697682,0.011319293285193332,3.40408934326837
2024-01-19,469.5092468261719,0.012466165858858957,-1.537281199846479,-0.30273459938065445,0.5,1.2150397334560152,0.0,0.0,0.007573443421183232,2.6073803389374874,0.012466165858858957,4.4913447150965835,0.015146886842366465,3.455650699352162
2024-01-22,470.50201416015625,0.0021144787684062027,-1.3424104041419156,-0.15491985159338803,0.5,1.1047820980504968,0.0,0.0,0.0011680191450215175,2.6104258090917196,0.0021144787684062027,4.500841568138249,0.002336038290043035,3.4637232317028626
2024-01-23,471.8741455078125,0.002916313440454621,-1.3139917149867841,-0.12884455414603657,0.0,1.1614725920500646,0.5,0.0001,-0.0001,2.6101647665108105,0.002916313440454621,4.513967432896767,0.0033872181309152704,3.4754556178337594
2024-01-24,472.3899841308594,0.0010931699224414615,-1.7052175019546425,-0.40620238161168765,0.0,1.2202134815587236,0.0,0.0,0.0,2.6101647665108105,0.0010931699224414615,4.5189019663252905,0.0013339006769975755,3.480091530435263
2024-01-25,474.95928955078125,0.005438949821616301,-1.3378163750504655,-0.128454073701561,0.5,1.2807143320289072,0.5,0.0001,0.0033828704938650327,2.6189946158835657,0.005438949821616301,4.543480047368937,0.006965740987730065,3.5043329466498685
2024-01-26,474.3559265136719,-0.0012703468494742465,-1.1971317237377868,-0.01417899079339793,0.0,1.3254758950818541,0.5,0.0001,-0.0001,2.6187327164219774,-0.0012703468494742465,4.537708251805113,-0.0016838141273712902,3.498432301327287
2024-01-29,478.1124572753906,0.007919223839633949,-1.1839914701073937,0.004810878768451886,0.0,1.365019594623182,0.0,0.0,0.0,2.6187327164219774,0.007919223839633949,4.573643379170112,0.010809895715307372,3.5362499896716977
2024-01-30,477.74273681640625,-0.0007732918340829231,-1.0534391596795363,0.10934209973505853,0.0,1.361106398021301,0.0,0.0,-0.0,2.6187327164219774,-0.0007732918340829231,4.570106618092992,-0.001052532462907893,3.53252797176061
2024-01-31,469.947265625,-0.016317299229610227,-1.1701508113718653,0.025787998583550582,0.0,1.4047231564940479,0.0,0.0,-0.0,2.6187327164219774,-0.016317299229610227,4.495534820894346,-0.022921288079275973,3.451557880471785
2024-02-01,476.0980224609375,0.013088185177027034,-2.076379023041662,-0.6481062018391924,0.0,0.995461406976952,0.0,0.0,0.0,2.6187327164219774,0.013088185177027034,4.554373213099985,0.013028783231098219,3.4965274799060406
2024-02-02,481.1100769042969,0.010527358247472307,-2.050953701724019,-0.6227542746079706,0.5,0.927197550173434,0.5,0.0001,0.004780470388427209,2.631251490628038,0.010527358247472307,4.60231873150698,0.009760940776854419,3.5306568775620475
2024-02-05,479.35821533203125,-0.0036412905411127294,-2.0844309434620705,-0.6386434833632099,0.5,0.922421551043323,0.0,0.0,-0.0016794024343662925,2.6268325604692473,-0.0036412905411127294,4.585560351842758,-0.003358804868732585,3.5187980900518676
2024-02-06,480.7499694824219,0.0029033697679023973,-1.7475782515835405,-0.37921468139547787,0.5,0.9430031844108141,0.0,0.0,0.0013689434683270235,2.6304285457452905,0.0029033697679023973,4.59887392913719,0.002737886936654047,3.528432161375344
2024-02-07,484.7596130371094,0.008340392738878988,-1.667236675957085,-0.31209143616003565,0.5,0.9907292032978418,0.0,0.0,0.004131535326690342,2.641296254206372,0.008340392738878988,4.637230343862785,0.008263070653380684,3.557587845620449
2024-02-08,484.9737243652344,0.00044168557438917233,-2.0547998154450156,-0.6257196002753482,0.5,1.0079472494374384,0.0,0.0,0.00022259787991088067,2.641884201152775,0.00044168557438917233,4.639278541610789,0.00044519575982176135,3.5591716686445127
2024-02-09,487.7765808105469,0.005779398562223204,-2.0844318253547627,-0.6710522549426142,0.5,1.0550441678313887,0.0,0.0,0.003048760373323352,2.6499386730161585,0.005779398562223204,4.666090781343928,0.006097520746646704,3.58087379173495
2024-02-12,487.56243896484375,-0.00043901625073361483,-2.037392851841396,-0.6565491139255751,0.5,1.097374885798781,0.0,0.0,-0.0002408827040063048,2.6493003486231514,-0.00043901625073361483,4.664042291663519,-0.0004817654080126096,3.5791486506116335
2024-02-13,480.8472595214844,-0.013772963023190532,-3.3625371499827796,-1.726470453428198,0.5,1.1413551656801129,0.0,0.0,-0.007859921246619848,2.628477056524331,-0.013772963023190532,4.599804609641841,-0.015719842493239697,3.522884997564127
2024-02-14,485.217041015625,0.009087670580652185,-2.432445674705537,-0.9983026938573418,1.0,0.9479116395980796,0.5,0.0001,0.008514308720233245,2.6508567216476293,0.009087670580652185,4.641606118669631,0.008614308720233244,3.5532322165190227
2024-02-15,488.56494140625,0.006899799692973163,-2.175974898996678,-0.8102847066897043,1.0,0.9479121747821208,0.0,0.0,0.0065404041325272,2.668194395904631,0.006899799692973163,4.67363227114213,0.0065404041325272,3.5764717911917723
2024-02-16,486.13189697265625,-0.004979981630672592,-1.9972943416077928,-0.6834924996380338,1.0,0.9759289297194161,0.0,0.0,-0.0048601081428446555,2.6552266825944026,-0.004979981630672592,4.650357668283323,-0.0048601081428446555,3.559089751516747
2024-02-20,483.4554748535156,-0.005505547230716168,-2.0801131062948883,-0.7673087696874937,1.0,0.9845900210611334,0.0,0.0,-0.0054207068638438966,2.6408334770910016,-0.005505547230716168,4.6247549045008665,-0.0054207068638438966,3.5397969692716633
2024-02-21,483.8934631347656,0.0009059537103861537,-2.026602288233901,-0.7369501848108824,1.0,0.9943645320882399,0.0,0.0,0.0009008482373217326,2.6432124672738997,0.0009059537103861537,4.628944718366226,0.0009008482373217326,3.542985789131909
2024-02-22,493.90789794921875,0.02069553647114275,-1.9987973951390607,-0.7224679182052868,1.0,1.0453862926083,0.0,0.0,0.021634830145107777,2.7003979200408015,0.02069553647114275,4.724743212608078,0.021634830145107777,3.619637684886308
2024-02-23,494.2484436035156,0.0006894922225597622,-1.8822416706639,-0.6271215101810068,1.0,0.8295035244182642,0.0,0.0,0.0005719362286723049,2.701942375443104,0.0006894922225597622,4.728000886306763,0.0005719362286723049,3.621707886812962
2024-02-26,492.43829345703125,-0.0036624296341466467,-1.793670416463205,-0.5583490720563201,0.5,0.8698729531601125,0.5,0.0001,-0.001692924240798127,2.6973681916984766,-0.0036624296341466467,4.710684915750481,-0.003185848481596254,3.6101696742409737
2024-02-27,493.3531188964844,0.0018577463442797093,-1.8883491081588115,-0.6445622461754292,0.5,0.8920080346946754,0.0,0.0,0.0008285623327610807,2.699603129379706,0.0018577463442797093,4.71943617343177,0.0016571246655221613,3.6161521754548787
2024-02-28,492.7010498046875,-0.0013217086642837161,-1.8839763007022325,-0.6454289368770607,0.5,0.9377757757144863,0.0,0.0,-0.0006197331839586098,2.697930095736911,-0.0013217086642837161,4.713198453750811,-0.0012394663679172195,3.6116700764521315
2024-02-29,494.4722900390625,0.0035949593269126723,-1.9766908351106585,-0.7253724896564492,0.5,0.9778970329681401,0.0,0.0,0.001757750029714522,2.7026723824428602,0.0035949593269126723,4.730142210491713,0.003515500059429044,3.624366902820537
2024-03-01,499.11456298828125,0.009388337916472533,-2.4050636576270215,-1.0891549451147722,1.0,1.024766782676645,0.5,0.0001,0.009520856841344714,2.728404139285155,0.009388337916472533,4.77455038395678,0.009620856841344713,3.6592364179330814
2024-03-04,498.57928466796875,-0.0010724558247864335,-1.8984739798204662,-0.6569636507811378,1.0,1.0246154229217692,0.0,0.0,-0.0010988547784784664,2.725406019359081,-0.0010724558247864335,4.769429889586769,-0.0010988547784784664,3.655215448509653
2024-03-05,493.5964660644531,-0.00999403456329706,-1.7424811651614398,-0.5256024868570711,1.0,1.064484792941448,0.0,0.0,-0.010638497812760947,2.696411793383244,-0.00999403456329706,4.721764042423017,-0.010638497812760947,3.616329446955513
2024-03-06,496.0975646972656,0.005067091854920047,-1.8282462787574696,-0.6002112355953354,0.5,0.9832833990946833,0.5,0.0001,0.0023911936513153842,2.702859436144914,0.005067091854920047,4.745689654543233,0.004982387302630768,3.6343474008741534
2024-03-07,501.0220947265625,0.009926535382817292,-1.5975788379926392,-0.40801941861578156,0.5,1.0197688210131384,0.0,0.0,0.005061385642040396,2.7165396500874714,0.009926535382817292,4.792797910814927,0.010122771284080793,3.671137068380096
2024-03-08,498.01483154296875,-0.006002256617515078,-1.4351806955396014,-0.273158262787476,0.5,1.0076204001717304,0.0,0.0,-0.00302399810743698,2.708324839326829,-0.006002256617515078,4.7640303078383255,-0.00604799621487396,3.64893404528625
2024-03-11,497.58660888671875,-0.0008598592433949337,-1.4427776733840183,-0.2982906200209614,0.5,1.0006703406708617,0.0,0.0,-0.00043021782100849886,2.7071596697158706,-0.0008598592433949337,4.759933912342317,-0.0008604356420169977,3.6457943723783166
2024-03-12,502.9393310546875,0.010757367807676221,-1.3374382650405696,-0.2204934506258188,0.5,1.0471464793249576,0.0,0.0,0.005632269913305897,2.722407123674126,0.010757367807676221,4.811138272177615,0.011264539826611793,3.6868625682856093
2024-03-13,502.1510009765625,-0.001567445672765011,-3.004012360885328,-1.6873245221750106,0.5,1.0156854218466693,0.0,0.0,-0.0007960158596820333,2.72024004442717,-0.001567445672765011,4.803597074311816,-0.0015920317193640666,3.6809929661319627
2024-03-14,501.1583557128906,-0.0019767863884397885,-3.158051082405568,-1.7980149508275718,1.0,1.0548148375087423,0.5,0.0001,-0.002185143613111609,2.7142959292679594,-0.0019767863884397885,4.794101388999767,-0.002085143613111609,3.673317567158724
2024-03-15,497.717041015625,-0.006866721183108715,-2.3904322543717935,-1.1259520244882462,1.0,1.0939716000691802,0.0,0.0,-0.007511997959914375,2.6939061437846945,-0.006866721183108715,4.761181631437951,-0.007511997959914375,3.64572361308811
2024-03-18,500.6750793457031,0.005943212882649318,-2.108590528110309,-0.8850980178861125,1.0,1.0751622199438304,0.0,0.0,0.006389917956508013,2.7111199830260118,0.005943212882649318,4.789478347446547,0.006389917956508013,3.669019487867847
2024-03-19,503.4573974609375,0.005557133218754062,-2.0818726910071224,-0.8632409295273687,1.0,1.0993398949373319,0.0,0.0,0.006109178248857847,2.7276826982563582,0.005557133218754062,4.816094116671645,0.006109178248857847,3.691434181917765
2024-03-20,508.11407470703125,0.009249396810094623,-1.8341642341985605,-0.6444937276768347,1.0,1.1325529150005276,0.0,0.0,0.010475431319269247,2.7562563510227016,0.009249396810094623,4.8606400822315035,0.010475431319269247,3.730103547160047
2024-03-21,509.793212890625,0.003304648044953007,-1.2821397310742988,-0.16892266866339575,1.0,1.118572949030661,0.0,0.0,0.0036964899091514935,2.7664448248112916,0.003304648044953007,4.87670278697647,0.0036964899091514935,3.7438918372822143
2024-03-22,508.82672119140625,-0.0018958504640314011,-1.3507390452211947,-0.22951231426751625,0.5,1.1746513701867511,0.5,0.0001,-0.0012134816726218367,2.763087794718064,-0.0018958504640314011,4.867457287734837,-0.0022269633452436733,3.73555432739203
2024-03-25,507.4208984375,-0.0027628713181857556,-1.2543623256450847,-0.14366016769630743,0.5,1.2083738836924702,0.0,0.0,-0.0016692907724493282,2.7584753977588736,-0.0027628713181857556,4.85400912960206,-0.0033385815448986563,3.7230828746546325
2024-03-26,506.4837646484375,-0.0018468569031118154,-1.6562956061460898,-0.48284981450185444,0.5,1.2352815366133156,0.0,0.0,-0.0011406941165904363,2.7553288211018905,-0.0018468569031118154,4.845044469333287,-0.0022813882331808727,3.714589077193238
2024-03-27,510.7401428222656,0.008403780083222623,-1.3713489065913755,-0.21220904299453258,0.5,1.2793046288791934,0.0,0.0,0.005375497380274737,2.770140083961519,0.008403780083222623,4.885761157546997,0.010750994760549474,3.7545246048997374
2024-03-28,510.6424560546875,-0.00019126510604461355,-1.1347617991533738,0.024672000313043032,0.5,1.2548821196217999,0.0,0.0,-0.00012000758084147648,2.7698076461514507,-0.00019126510604461355,4.884826681921091,-0.00024001516168295297,3.75362346206965
2024-04-01,509.7540588378906,-0.0017397637158116375,-0.8835391711106659,0.2798712896565932,0.0,1.3114329926957782,0.5,0.0001,-0.0001,2.7695306653868355,-0.0017397637158116375,4.8763282377018555,-0.002281583536410383,3.745059256576708
2024-04-02,506.5130615234375,-0.00635796274352729,-1.2166669182073342,-0.02247595438513239,0.0,1.354837575653324,0.0,0.0,-0.0,2.7695306653868355,-0.00635796274352729,4.845324724441337,-0.00861400682953467,3.7127992905635443
2024-04-03,507.0693664550781,0.0010983032302611662,-0.8560593164816908,0.34607807060049867,0.0,1.3045157281436168,0.0,0.0,0.0,2.7695306653868355,0.0010983032302611662,4.850646360237855,0.0014327538381466317,3.7181188179973677
2024-04-04,500.880126953125,-0.012205903001441643,-1.0095871490610904,0.20380031578376445,0.0,1.3710108239525896,0.0,0.0,-0.0,2.7695306653868355,-0.012205903001441643,4.7914398412704955,-0.01673442513109189,3.6558982370090867
2024-04-05,506.1127624511719,0.010446881831541743,-1.7565057573791663,-0.5250414019440569,0.0,1.1587730558389375,0.0,0.0,0.0,2.7695306653868355,0.010446881831541743,4.841495447095189,0.012105565183923903,3.7001549514229928
2024-04-08,506.3958740234375,0.0005593843769013951,-2.078224813295421,-0.8640145817714846,0.5,1.0747107157810922,0.5,0.0001,0.0002005881920482293,2.7700862005358275,0.0005593843769013951,4.844203704009134,0.0006011763840964586,3.7023793971972863
2024-04-09,506.98162841796875,0.0011567124152835895,-1.9035743299176584,-0.6642180523443693,1.0,1.1298549247481016,0.5,0.0001,0.0012069172189254347,2.773429465269162,0.0011567124152835895,4.849807054575724,0.0013069172189254347,3.7072181005824785
2024-04-10,501.90509033203125,-0.010013258472064912,-1.3591798691001156,-0.08242322455029531,1.0,1.1872644070326281,0.0,0.0,-0.011888385382300588,2.7404578669554143,-0.010013258472064912,4.801244682998613,-0.011888385382300588,3.6631452631065136
2024-04-11,505.6929931640625,0.007547050039929726,0.5371558863747801,1.9440922092213002,0.0,1.1046732016575376,1.0,0.0002,-0.0002,2.7399097753820234,0.007547050039929726,4.83747991687515,0.008337023930678818,3.693684992826585
2024-04-12,498.71282958984375,-0.013803164506086318,0.4620632471468191,1.830720800345063,0.0,1.0893074089283625,0.0,0.0,-0.0,2.7399097753820234,-0.013803164506086318,4.770707385787634,-0.015035889363136828,3.6381471539321657
2024-04-15,492.46490478515625,-0.012528101211725318,0.4315857304726052,1.7711756799063592,0.0,0.9626876186257715,0.0,0.0,-0.0,2.7399097753820234,-0.012528101211725318,4.71093948080696,-0.012060647921418487,3.594268742022279
2024-04-16,491.5667419433594,-0.001823810860570263,0.4793379079210016,1.7879341903163242,0.0,0.9181543067966709,0.0,0.0,-0.0,2.7399097753820234,-0.001823810860570263,4.702347618218376,-0.0016745397964151297,3.5882499959747522
2024-04-17,488.6575012207031,-0.005918302591332525,0.12513744485331912,1.3979689395209205,0.0,0.9652058910021847,0.0,0.0,-0.0,2.7399097753820234,-0.005918302591332525,4.6745177021241275,-0.005712380525887648,3.5677525465757296
2024-04-18,487.65203857421875,-0.002057601989067348,-0.31284503087854176,0.9346295006823592,0.0,1.0028181886172405,0.0,0.0,-0.0,2.7399097753820234,-0.002057601989067348,4.6648994052023065,-0.002063400699571749,3.560390843475226
2024-04-19,483.3955993652344,-0.0087284351797835,-0.35798013063205225,0.8803950476745113,0.0,1.0541287916737965,0.0,0.0,-0.0,2.7399097753820234,-0.0087284351797835,4.624182133123788,-0.009200894829268237,3.527632061773321
2024-04-22,487.8472595214844,0.009209144977934569,-0.3852417980027276,0.8422906491050519,0.0,1.0675797745977758,0.0,0.0,0.0,2.7399097753820234,0.009209144977934569,4.666766896792099,0.009831496919781626,3.5623139655227685
2024-04-23,493.6363830566406,0.011866672246626297,-0.30672252635714337,0.9137654384939901,0.0,0.9847329129783597,0.0,0.0,0.0,2.7399097753820234,0.011866672246626297,4.722145890007736,0.011685502728779771,3.603941395087655
2024-04-24,493.4020690917969,-0.000474669155042573,-0.3340119610341219,0.8745781244318257,0.0,0.9009613403159419,0.0,0.0,-0.0,2.7399097753820234,-0.000474669155042573,4.719904433008138,-0.0004276585581337922,3.6024001387070332
2024-04-25,491.5277099609375,-0.003798847326095478,-0.6199746324587228,0.5713988804628559,0.0,0.9471904202013257,0.0,0.0,-0.0,2.7399097753820234,-0.003798847326095478,4.701974236673379,-0.0035982317950850585,3.589437867989319
2024-04-26,496.18438720703125,0.00947388550375683,-0.42386171634359116,0.760914307647094,0.0,0.9875849018213644,0.0,0.0,0.0,2.7399097753820234,0.00947388550375683,4.746520202233238,0.009356266285094535,3.623021604496029
2024-04-29,497.94158935546875,0.0035414297461646704,0.1913712121639044,1.3919246981269313,0.0,0.9548094525451695,0.0,0.0,0.0,2.7399097753820234,0.0035414297461646704,4.763329670068198,0.0033813905971626676,3.635272455682789
2024-04-30,490.0535888671875,-0.01584121643362113,-0.5678168881012216,0.5778174317979798,0.0,0.9945989402145712,0.0,0.0,-0.0,2.7399097753820234,-0.01584121643362113,4.687872733819958,-0.015755657076589224,3.5779963494910807
2024-05-01,488.4623107910156,-0.0032471511531020347,0.594626880015845,1.8034745891814785,0.0,0.8650932904771839,0.0,0.0,-0.0,2.7399097753820234,-0.0032471511531020347,4.672650502466739,-0.0028090886757138212,3.56794544046398
2024-05-02,493.0310974121094,0.009353406639900363,-0.0029934120220875826,1.144081875691457,0.0,0.9067351738777114,0.0,0.0,0.0,2.7399097753820234,0.009353406639900363,4.716355702702446,0.008481062795978997,3.598205409797182
2024-05-03,499.1423645019531,0.012395297420226381,0.37682365869027734,1.5351529512517337,0.0,0.883663293476646,0.0,0.0,0.0,2.7399097753820234,0.012395297420226381,4.774816334377023,0.010953269341979818,3.6376175227984593
2024-05-06,504.2969970703125,0.010326978703766532,0.6198716212644371,1.7684368319966222,0.0,0.8409772241333741,0.0,0.0,0.0,2.7399097753820234,0.010326978703766532,4.824125760976531,0.008684753883978047,3.66920933570801
2024-05-07,504.8534240722656,0.0011033716345441036,0.6901686806828486,1.8062433771140236,0.0,0.8392713155939668,0.0,0.0,0.0,2.7399097753820234,0.0011033716345441036,4.829448564502666,0.0009260281633128954,3.6726071268899663
2024-05-08,504.90216064453125,9.653608342885533e-05,0.577819454848933,1.6717360038255626,0.0,0.8820607244596324,0.0,0.0,0.0,2.7399097753820234,9.653608342885533e-05,4.829914780552205,8.515068768575164e-05,3.6729198519124204
2024-05-09,507.8113708496094,0.005761928610811262,0.6829348971775193,1.77310257171398,0.0,0.925599573203017,0.0,0.0,0.0,2.7399097753820234,0.005761928610811262,4.857744404714048,0.005333238662993157,3.692508410072715
2024-05-10,508.4656066894531,0.0012883442108615473,0.5097430958153448,1.5814996195321387,0.0,0.9606241048367324,0.0,0.0,0.0,2.7399097753820234,0.0012883442108615473,4.864002851595707,0.0012376145042804602,3.6970783120381987
2024-05-13,508.5337829589844,0.00013408236198153567,0.7660601076284843,1.8367288883750021,0.0,1.0095173260901673,0.0,0.0,0.0,2.7399097753820234,0.00013408236198153567,4.864655028586734,0.0001353584675434538,3.697578742892904
2024-05-14,510.8670959472656,0.004588314614428324,0.727561125385086,1.7704717769123721,0.0,1.0582995332773972,0.0,0.0,0.0,2.7399097753820234,0.004588314614428324,4.886975596348551,0.004855811214979356,3.715533487220913
2024-05-15,517.1930541992188,0.012382786642822108,0.6640290371261646,1.6854939309945867,0.0,1.1039156817467093,0.0,0.0,0.0,2.7399097753820234,0.012382786642822108,4.947489972486813,0.013669552358735012,3.7663231667651123
2024-05-16,516.1289672851562,-0.0020574269229312048,0.6929525341917051,1.6939480981746644,0.0,1.0466601337220929,0.0,0.0,-0.0,2.7399097753820234,-0.0020574269229312048,4.937310873416487,-0.0021534267382786088,3.758212665752802
2024-05-17,516.8709106445312,0.0014375154397507917,0.706222083123397,1.6845585434369856,0.0,1.0741929509657364,0.0,0.0,0.0,2.7399097753820234,0.0014375154397507917,4.944408334027872,0.0015441689522847112,3.7640159810673413
2024-05-20,517.4664306640625,0.001152163929652561,0.7657755160479223,1.7598503377210708,0.0,1.127962319453273,0.0,0.0,0.0,2.7399097753820234,0.001152163929652561,4.950105102963812,0.0012995974984813005,3.76890768682058
2024-05-21,518.7354736328125,0.0024524160284589147,0.9382755582389146,1.9379978098830655,0.0,1.183713102674982,0.0,0.0,0.0,2.7399097753820234,0.0024524160284589147,4.962244820060877,0.0029029569860969592,3.7798486637199904
2024-05-22,517.2420043945312,-0.002879057466076418,1.0225107062022736,1.9889806119354552,0.0,1.2444205432324407,0.0,0.0,-0.0,2.7399097753820234,-0.002879057466076418,4.947958232063182,-0.00358275825593223,3.766306379713873
2024-05-23,513.4638671875,-0.007304389772933906,1.0869769957533788,2.011232566490644,0.0,1.2628002069513775,0.0,0.0,-0.0,2.7399097753820234,-0.007304389772933906,4.911816416555995,-0.009223984916914462,3.7315660264749133
2024-05-24,516.8612060546875,0.0066165101077051425,1.2159839477111536,2.0935786850925875,0.0,1.1956090044909669,0.0,0.0,0.0,2.7399097753820234,0.0066165101077051425,4.94431549952333,0.007910759063077765,3.761085546238323
2024-05-28,517.2224731445312,0.0006989634463019367,1.204751413787502,2.035048206966062,0.0,1.2092517631594453,0.0,0.0,0.0,2.7399097753820234,0.0006989634463019367,4.947771395324481,0.0008452227798246192,3.7642645014188725
2024-05-29,513.6005859375,-0.007002571224354326,0.8721268475690171,1.674913107954205,0.0,1.2702811494645592,0.0,0.0,-0.0,2.7399097753820234,-0.007002571224354326,4.913124273726899,-0.008895234224080258,3.730780486997361
2024-05-30,510.1934509277344,-0.00663382227951792,0.9685539261232898,1.7327155086500095,0.0,1.2187835390138906,0.0,0.0,-0.0,2.7399097753820234,-0.00663382227951792,4.880531480457809,-0.008085193395020045,3.7006164052456203
2024-05-31,514.8402709960938,0.009107957109033116,1.043564397574706,1.7671240499673107,0.0,1.2017010501145704,0.0,0.0,0.0,2.7399097753820234,0.009107957109033116,4.924983151851104,0.010945041622323562,3.741119805829287
2024-06-03,515.2601928710938,0.0008156352536050626,0.9668982858581894,1.6624367438017924,0.0,1.1467699386127004,0.0,0.0,0.0,2.7399097753820234,0.0008156352536050626,4.929000141733165,0.000935345989707032,3.744619047236683
2024-06-04,515.8361206054688,0.0011177415650254208,0.7233607418683421,1.412640402652355,0.0,1.2056159995627436,0.0,0.0,0.0,2.7399097753820234,0.0011177415650254208,4.934509490065596,0.001347567114170948,3.7496651727198373
2024-06-05,521.9668579101562,0.011885048486894423,0.6764066803099626,1.347566999806185,0.0,1.2673193380331826,0.0,0.0,0.0,2.7399097753820234,0.011885048486894423,4.993156374614067,0.015062151780903319,3.8061431986789107
2024-06-06,521.9571533203125,-1.8592348722257235e-05,0.6456144012672862,1.3037758888625979,0.0,1.1491211746302517,0.0,0.0,-0.0,2.7399097753820234,-1.8592348722257235e-05,4.993063540109525,-2.1364861602855493e-05,3.8060618809562303
2024-06-07,521.3225708007812,-0.0012157751177361842,0.5992387381704164,1.247127961928463,0.0,1.2030578902515978,0.0,0.0,-0.0,2.7399097753820234,-0.0012157751177361842,4.9869930976961845,-0.0014626478481640816,3.8004949527360705
2024-06-10,522.933349609375,0.00308979295893419,0.42237732107375825,1.0748299221066673,0.0,1.2513378209963162,0.0,0.0,0.0,2.7399097753820234,0.00308979295893419,5.0024018738557,0.0038663747885624693,3.8151890906053887
2024-06-11,524.1926879882812,0.0024082196705315084,0.36577712852120214,1.011858389747306,0.0,1.310566408014289,0.0,0.0,0.0,2.7399097753820234,0.0024082196705315084,5.014448756448223,0.003156131803317833,3.827230330229919
2024-06-12,528.498046875,0.008213313511185483,0.3474062942030476,0.9838966116974535,0.0,1.376406348789321,0.0,0.0,0.0,2.7399097753820234,0.008213313511185483,5.055633996170706,0.011304856861392808,3.870496621288749
2024-06-13,529.5620727539062,0.002013301440180859,0.3621343450123389,0.9848373261288924,0.0,1.3536886182040493,0.0,0.0,0.0,2.7399097753820234,0.002013301440180859,5.065812511376224,0.0027253832445866496,3.8810452079286386
2024-06-14,529.8842163085938,0.0006083206695906007,0.25793449310666805,0.883299619321597,0.0,1.422983629278531,0.0,0.0,0.0,2.7399097753820234,0.0006083206695906007,5.068894149835165,0.0008656303541791791,3.8844047584665633
2024-06-17,534.1015014648438,0.007958880499648435,0.2530688956752254,0.8701578796493673,0.5,1.488810840565546,0.5,0.0001,0.00582463378332116,2.7558687464229656,0.007958880499648435,5.1092368726390704,0.01184926756664232,3.9304321097867727
2024-06-18,535.4585571289062,0.002540819788636739,0.25058602398773244,0.8770740162981353,0.5,1.470227934023663,0.0,0.0,0.0018677921142869164,2.7610161363355443,0.002540819788636739,5.122218522789904,0.0037355842285738327,3.945114569987572
2024-06-20,534.0040283203125,-0.0027164171516705915,0.22379014322916735,0.8690326638976249,0.5,1.5456309415954124,0.0,0.0,-0.0020992891999512724,2.755219964979644,-0.0027164171516705915,5.108304440539992,-0.004198578399902545,3.9285506971688813
2024-06-21,533.2881469726562,-0.0013405916616547886,0.258755211926037,0.8981762276266664,0.5,1.5349885200162396,0.0,0.0,-0.0010288964053347977,2.75238512906177,-0.0013405916616547886,5.101456290201811,-0.0020577928106695954,3.9204665537878958
2024-06-24,531.554443359375,-0.0032509697114460057,0.2442163251773466,0.8835660018269698,0.5,1.5748552327298586,0.0,0.0,-0.00255990333075851,2.7453392892023545,-0.0032509697114460057,5.084871610318099,-0.00511980666151702,3.900394523009558
2024-06-25,533.6014404296875,0.0038509640844608395,0.15652839589160594,0.8078567033617395,0.5,1.5705762176276774,0.0,0.0,0.0030241163029962686,2.7536415145040873,0.0038509640844608395,5.104453268263528,0.006048232605992537,3.923985016339859
2024-06-26,534.2674560546875,0.0012481518499345423,0.11539911011168247,0.7699924586683151,0.5,1.6288327350937017,0.0,0.0,0.001016515295770572,2.75644063322265,0.0012481518499345423,5.110824401053216,0.002033030591541144,3.9319625979188273
2024-06-27,535.1098022460938,0.0015766376593973064,0.033194007399544256,0.6979727748013956,0.5,1.7120152377127984,0.0,0.0,0.0013496138486200147,2.760160763674146,0.0015766376593973064,5.118882319274483,0.0026992276972400294,3.9425758602676413
2024-06-28,533.0039672851562,-0.003935332434760852,0.13145438281793265,0.7822690209445992,0.5,1.7998592932471595,0.0,0.0,-0.003541522327360645,2.7503855927024894,-0.003935332434760852,5.098737815653718,-0.00708304465472129,3.9146504193947393
2024-07-01,534.1009521484375,0.0020581176325360495,0.09755670472544686,0.7517864482846015,0.5,1.7491115433604247,0.0,0.0,0.0017999386543312164,2.7553361180451104,0.0020581176325360495,5.109231617855793,0.003599877308662433,3.9287426806108647
2024-07-02,537.6952514648438,0.006729625367541514,0.1679940815012082,0.8085811042161946,0.5,1.833549066114679,0.0,0.0,0.006169549153978698,2.772335299661122,0.006729625367541514,5.14361483255996,0.012339098307957395,3.9772198227735904
2024-07-03,540.0948486328125,0.004462745693646131,0.08489665393868728,0.7266449370395675,0.5,1.7701825676327854,0.0,0.0,0.003949937315335331,2.783285850311875,0.004462745693646131,5.166569477503741,0.007899874630670663,4.00863936075212
2024-07-05,543.2092895507812,0.005766470326189266,0.042963895405011776,0.6818190678946193,0.5,1.8218602598980018,0.0,0.0,0.005252851563582645,2.797906037742583,0.005766470326189266,5.196362347083962,0.01050570312716529,4.050752935820052
2024-07-08,543.8360595703125,0.0011538278736904495,0.04601590803946998,0.6764428616644785,0.5,1.8377835417486343,0.0,0.0,0.001060242938139565,2.800872497860678,0.0011538278736904495,5.202358054801823,0.00212048587627913,4.059342500208754
2024-07-09,544.364990234375,0.000972592116235127,0.24274116262612289,0.8390071953419136,0.5,1.9247992654648594,0.0,0.0,0.0009360222954631428,2.803494176965425,0.000972592116235127,5.2074178272317555,0.0018720445909262856,4.066941770378988
2024-07-10,549.751708984375,0.009895417314917276,0.10649071737263505,0.7117103415114613,0.5,2.0,0.0,0.0,0.009895417314917276,2.8312359217864387,0.009895417314917276,5.258947399765353,0.019790834629834553,4.147429942405725
2024-07-11,545.0113525390625,-0.008622722526993032,0.2955642381897796,0.861463978675961,0.5,1.7666251165946694,0.0,0.0,-0.007616559094806273,2.809671646076814,-0.008622722526993032,5.213600955553125,-0.015233118189612547,4.08425165190992
2024-07-12,548.448974609375,0.006307432045768557,1.4935632387469138,1.8740810842995297,0.5,1.4180028085021195,0.0,0.0,0.0044719781776680415,2.8222364363644825,0.006307432045768557,5.246485389294031,0.008943956355336083,4.120781020428812
2024-07-15,549.957275390625,0.002750120523653532,1.2274251386100574,1.6085004285093925,0.0,1.4383391879293335,0.5,0.0001,-0.0001,2.821954212720846,0.002750120523653532,5.260913856440177,0.003955606120699615,4.1370812070552825
2024-07-16,553.2186279296875,0.005930192553132541,1.138095868938199,1.503604305265532,0.0,1.5111833417964784,0.0,0.0,0.0,2.821954212720846,0.005930192553132541,5.29211208861431,0.008961608199939424,4.174156107924245
2024-07-17,545.4618530273438,-0.01402117447015827,1.081608289775366,1.4289965588770728,0.0,1.5465121362871996,0.0,0.0,-0.0,2.821954212720846,-0.01402117447015827,5.217910461704215,-0.021683916483100012,4.083644055492593
2024-07-18,541.2699584960938,-0.007685037015851326,0.9461129207003287,1.2904742187601512,0.0,1.1076335052859794,0.0,0.0,-0.0,2.821954212720846,-0.007685037015851326,5.17781062666062,-0.008512204488119906,4.0488832422355445
2024-07-19,537.6756591796875,-0.006640492900054751,0.5783343178105815,0.9621840263710717,0.0,1.080304215269345,0.0,0.0,-0.0,2.821954212720846,-0.006640492900054751,5.143427411956452,-0.007173752471395304,4.019837556070167
2024-07-22,543.2191162109375,0.010310039029305162,0.6712298503880383,1.0245842919761612,0.5,1.0854861876154043,0.5,0.0001,0.005495702480043242,2.837462833486265,0.010310039029305162,5.1964563493181215,0.011191404960086485,4.064825186033913
2024-07-23,542.366943359375,-0.0015687460660562813,0.4817198865457042,0.8507975289988341,0.5,1.024427552451031,0.0,0.0,-0.0008035333464336097,2.8351828374802928,-0.0015687460660562813,5.188304428862695,-0.0016070666928672194,4.0582927408651095
2024-07-24,530.0756225585938,-0.022662370838181678,0.5550520631489824,0.8988628526975809,0.5,1.0726055719021816,0.0,0.0,-0.012153892616773592,2.800724329724638,-0.022662370838181678,5.070725149874429,-0.024307785233547183,3.959644632505297
2024-07-25,527.313720703125,-0.005210392136385078,0.12267955872712277,0.5262361186677161,0.5,0.7841387285083767,0.0,0.0,-0.0020428351324275197,2.795002911667632,-0.005210392136385078,5.044304683427753,-0.004085670264855039,3.9434668301708773
2024-07-26,533.219482421875,0.01119971183544255,0.2162214139315226,0.593573712055565,0.5,0.8194005429698663,0.0,0.0,0.004588524979533832,2.8078278523456888,0.01119971183544255,5.100799442292317,0.009177049959067663,3.979656222283282
2024-07-29,533.5328369140625,0.0005876651219949292,0.6504574911721235,0.9454914652421744,0.5,0.7829574367838218,0.0,0.0,0.00023005838880220083,2.8084738166974335,0.0005876651219949292,5.103797004218843,0.00046011677760440166,3.981487328880252
2024-07-30,530.8297119140625,-0.005066464166732065,0.5490529831364128,0.847021662103886,0.5,0.8221615479963853,0.0,0.0,-0.0020827260110943256,2.8026245352279204,-0.005066464166732065,5.077938799582694,-0.004165452022188651,3.964902634434849
2024-07-31,539.4581298828125,0.016254587441305146,0.8796015708993843,1.108922027364807,0.5,0.8549793473646283,0.0,0.0,0.0069486682811241785,2.822099043439759,0.016254587441305146,5.160478599822107,0.013897336562248357,4.020004220782135
2024-08-01,531.8189697265625,-0.014160802726079003,1.3531699476022794,1.4837769476602125,0.5,0.762621649208627,0.0,0.0,-0.005399667364540194,2.806860647335397,-0.014160802726079003,5.087402080397874,-0.010799334729080389,3.9765908495895927
2024-08-02,521.9173583984375,-0.018618386879309612,1.1404486617899612,1.2820977285645732,0.0,0.7261403193603352,0.5,0.0001,-0.0001,2.8065799612706637,-0.018618386879309612,4.992682860254422,-0.013519561394516155,3.9228290854576953
2024-08-05,506.7171630859375,-0.029123758901492658,1.6929792007979012,1.7167574367741887,0.0,0.672050695982499,0.0,0.0,-0.0,2.8065799612706637,-0.029123758901492658,4.847277168360757,-0.019572642439374642,3.846048954417253
2024-08-06,511.3887939453125,0.009219405221888355,1.0621799738121758,1.1689387035057308,0.0,0.5660670531820907,0.0,0.0,0.0,2.8065799612706637,0.009219405221888355,4.891966180798683,0.005218801546045921,3.866120720646734
2024-08-07,507.9707946777344,-0.006683758635398718,1.008734786254173,1.1076611996555588,0.5,0.5634544601735962,0.5,0.0001,-0.0019829968069195983,2.8010145221690994,-0.006683758635398718,4.859269459593691,-0.003765993613839197,3.8515609347024466
2024-08-08,519.7136840820312,0.023117253053390074,2.197732326603429,2.0672454555804385,0.5,0.5909545547531613,0.0,0.0,0.006830622992641144,2.8201471963669493,0.023117253053390074,4.971602421345729,0.013661245985282289,3.9041780560587207
2024-08-09,522.0054321289062,0.00440963576112674,1.9868202043529477,1.8471455425655163,0.0,0.515669286733275,0.5,0.0001,-0.0001,2.819865181647313,0.00440963576112674,4.9935253771729995,0.002273913727693768,3.913055820135753
2024-08-12,522.2797241210938,0.0005254581184506169,1.8233426059812086,1.679908649990449,0.0,0.5378475081107064,0.0,0.0,0.0,2.819865181647313,0.0005254581184506169,4.996149265622124,0.00028261633962520466,3.914161713648389
2024-08-13,530.8688354492188,0.01644542365219892,2.203829492267534,1.957967015477274,0.0,0.5651608993868263,0.0,0.0,0.0,2.819865181647313,0.01644542365219892,5.078313056924903,0.00929431042207413,3.9505411476572347
2024-08-14,532.543701171875,0.0031549520537195175,1.1509438590611953,1.0750851245980428,0.0,0.5503044604843177,0.0,0.0,0.0,2.819865181647313,0.0031549520537195175,5.094334891133278,0.0017361841877760091,3.9574000147309563
2024-08-15,541.671630859375,0.017140245330878434,0.9827052884195009,0.9317987237610007,0.5,0.5777530515972881,0.5,0.0001,0.004851414522520592,2.833545516541107,0.017140245330878434,5.181653040964957,0.009902829045041184,3.9965894705396803
2024-08-16,542.8860473632812,0.0022419791525347676,1.1477463049113181,1.0560202636985043,0.5,0.5662440510885837,0.0,0.0,0.0006347536788937182,2.8353441199820444,0.0022419791525347676,5.193270199058468,0.0012695073577874364,4.0016631702785865
2024-08-19,548.0768432617188,0.009561483341943289,0.8328980382466931,0.7792051388693987,0.5,0.5952758025985003,0.0,0.0,0.0028458598352037413,2.8434131119320822,0.009561483341943289,5.242925565556977,0.005691719670407483,4.024439515259206
2024-08-20,547.1856079101562,-0.001626113860710765,0.5371742176165597,0.5178897835842912,0.5,0.6165818917497548,0.0,0.0,-0.0005013161802187704,2.8419876629320244,-0.001626113860710765,5.23439997162415,-0.0010026323604375408,4.020404481968583
2024-08-21,549.0660400390625,0.0034365526097956955,0.8557250544889436,0.7761531472904283,1.0,0.6431306057048704,0.5,0.0001,0.0021101521614745587,2.8479846893418443,0.0034365526097956955,5.252388262507349,0.0022101521614745585,4.029290187624408
2024-08-22,544.7567138671875,-0.007848466045301983,0.8008185161325114,0.7165008122447005,0.5,0.6760305382137641,0.5,0.0001,-0.002752901362378976,2.840144468410521,-0.007848466045301983,5.211165071572317,-0.0053058027247579525,4.00791156876807
2024-08-23,550.5448608398438,0.010625196212023846,0.7473681531494103,0.6578661087628443,0.5,0.6801832374199065,0.0,0.0,0.0036135401788580535,2.850407444560884,0.010625196212023846,5.266534722951018,0.007227080357716107,4.036877067742177
2024-08-26,549.2324829101562,-0.002383780184026185,0.6157003321457708,0.5306372712089122,0.5,0.6936570877731449,0.0,0.0,-0.0008267630101714676,2.8480508331218033,-0.002383780184026185,5.253980461839962,-0.0016535260203429352,4.03020198646974
2024-08-27,549.9866333007812,0.0013730986678519574,0.42509578483516464,0.3507383398236228,1.0,0.7215142281666374,0.5,0.0001,0.000890710225531843,2.8505876211216994,0.0013730986678519574,5.261194695413034,0.000990710225531843,4.0341947487886936
2024-08-28,546.7938232421875,-0.005805250282960306,0.5461324623030519,0.4460341440455669,1.0,0.7583081597858053,0.0,0.0,-0.004402168659167655,2.838038853635786,-0.005805250282960306,5.230652143418778,-0.004402168659167655,4.016435543100597
2024-08-29,546.8427124023438,8.941059331357692e-05,0.6159349626959987,0.496524760152159,1.0,0.7731534226515554,0.0,0.0,6.912810624169828e-05,2.8382350418871782,8.941059331357692e-05,5.231119819130338,6.912810624169828e-05,4.016713191683533
2024-08-30,552.0629272460938,0.009546099317694123,0.5042596391876373,0.38231598421153334,1.0,0.8121433363727263,0.0,0.0,0.007752800949217512,2.8602393132140236,0.009546099317694123,5.281056608466515,0.007752800949217512,4.047853969528752
2024-09-03,540.7020263671875,-0.020578996194471677,0.43116567783976656,0.3007252991065149,1.0,0.8216261579917855,0.0,0.0,-0.01690824157859134,2.8118776959336165,-0.020578996194471677,5.172377764618093,-0.01690824157859134,3.9794118767371
2024-09-04,539.5952758789062,-0.002046876901344641,0.8126088977486496,0.6473875437415471,1.0,0.6817589347425163,0.0,0.0,-0.0013954766158097848,2.807953786362424,-0.002046876901344641,5.161790544046668,-0.0013954766158097848,3.973858700518438
2024-09-05,538.2828979492188,-0.0024321523711449133,1.3205028210250775,1.1197242816457473,1.0,0.7156664421343671,0.0,0.0,-0.0017406098341859449,2.8030662343879422,-0.0024321523711449133,5.149236282935612,-0.0017406098341859449,3.9669417629846504
2024-09-06,529.2235717773438,-0.016830046442845803,1.2944086274372584,1.0811978077633086,0.5,0.7508703127285868,0.5,0.0001,-0.0064185911178881346,2.7850744983530475,-0.016830046442845803,5.062574397148619,-0.012637182235776269,3.916810797007102
2024-09-09,535.14892578125,0.01119631535686616,4.328351877889624,4.009769457239051,0.5,0.7022967985285941,0.0,0.0,0.0039315682152218185,2.7960242087277973,0.01119631535686616,5.119256576616691,0.007863136430443637,3.9476092146762034
2024-09-10,537.4797973632812,0.004355556873497424,4.736853889900093,4.147766525685864,0.0,0.6878540230932813,0.5,0.0001,-0.0001,2.7957446063069247,0.004355556873497424,5.141553789786171,0.002995987318246797,3.9594362018207674
2024-09-11,542.9937744140625,0.010258947550831232,4.291127122245632,3.4952545882649386,0.0,0.7152983756116049,0.0,0.0,0.0,2.7957446063069247,0.010258947550831232,5.194300720445365,0.007338208518594233,3.988491370285799
2024-09-12,547.5675659179688,0.008423285347685106,4.11393370384306,3.17770547244014,0.0,0.7169171470152281,0.0,0.0,0.0,2.7957446063069247,0.008423285347685106,5.238053797595362,0.00603879769995758,4.012577062798982
2024-09-13,550.4273681640625,0.005222738569804486,3.825006811080339,2.865362552593058,0.0,0.7342002345531348,0.0,0.0,0.0,2.7957446063069247,0.005222738569804486,5.265410783194774,0.0038345358829601573,4.027963433529428
2024-09-16,551.2402954101562,0.0014769019367719682,3.5322352916866286,2.5833316038914593,0.0,0.7666839809207684,0.0,0.0,0.0,2.7957446063069247,0.0014769019367719682,5.273187278578375,0.0011323170563139256,4.032524365227423
2024-09-17,551.4655151367188,0.00040856905497976825,3.5622541730006034,2.560584321603112,0.0,0.8059848043738354,0.0,0.0,0.0,2.7957446063069247,0.00040856905497976825,5.275341739721514,0.0003293004498510713,4.033852277314928
2024-09-18,549.8300170898438,-0.002965730407402778,3.3887523937754658,2.362700597902742,0.0,0.8464595657603907,0.0,0.0,-0.0,2.7957446063069247,-0.002965730407402778,5.2596964983145815,-0.002510370872812542,4.023725812052728
2024-09-19,559.2125244140625,0.017064378139772574,3.0778479537396812,2.0632736027577376,0.0,0.8782932711671662,0.0,0.0,0.0,2.7957446063069247,0.017064378139772574,5.349449948262259,0.014987528496814336,4.084031517324235
2024-09-20,558.245849609375,-0.0017286358271398905,2.6818805283655927,1.702829674644212,0.0,0.7974317423314283,0.0,0.0,-0.0,2.7957446063069247,-0.0017286358271398905,5.340202697426201,-0.0013784690794926926,4.07840180615793
2024-09-23,559.6408081054688,0.002498824661338439,2.933513054496135,1.8821387903227458,0.0,0.8292992595171474,0.0,0.0,0.0,2.7957446063069247,0.002498824661338439,5.353546927623076,0.002072273441311154,4.086853369903827
2024-09-24,561.2421264648438,0.002861332369231473,2.89447731527639,1.8167482038881368,0.0,0.8718306128704302,0.0,0.0,0.0,2.7957446063069247,0.002861332369231473,5.368865204737284,0.002494597153093075,4.097048422685497
2024-09-25,560.0042724609375,-0.0022055614600836604,2.8391981257189585,1.739634995668336,0.0,0.9163795611876339,0.0,0.0,-0.0,2.7957446063069247,-0.0022055614600836604,5.35702384255733,-0.0020211314429638217,4.088767749295062
2024-09-26,562.2244873046875,0.003964639116043278,2.7726055663296343,1.6615330205758323,0.0,0.9489550745395935,0.0,0.0,0.0,2.7957446063069247,0.003964639116043278,5.37826250882911,0.003762264407887437,4.104150774670353
2024-09-27,561.4091186523438,-0.0014502546060429777,2.571958593018067,1.4715632779492538,0.5,0.9943833421106815,0.5,0.0001,-0.000821054511034213,2.793449147586217,-0.0014502546060429777,5.370462658853172,-0.0014421090220684259,4.098232141810272
2024-09-30,563.6588134765625,0.00400722886300664,2.534342926433265,1.4186582874454428,0.5,1.0340536285562598,0.0,0.0,0.002071844773123696,2.79923674060163,0.00400722886300664,5.3919833318274275,0.004143689546247392,4.115213943494386
2024-10-01,558.6092529296875,-0.0089585409225309,2.6323093603131973,1.4773127933481558,0.5,1.0820841688003446,0.0,0.0,-0.004846947653910361,2.785668986649031,-0.0089585409225309,5.343679028495647,-0.009693895307820721,4.075321490356868
2024-10-02,558.8451538085938,0.0004223003426260252,2.089769272478648,1.007067113432555,0.5,1.0190378210485747,0.0,0.0,0.00021517001048884562,2.786268379074107,0.0004223003426260252,5.345935665980264,0.00043034002097769124,4.077075264292519
2024-10-03,557.8233642578125,-0.0018283947598322081,1.9273599341267627,0.8568132982156447,0.5,1.0710605422955928,0.0,0.0,-0.0009791607414981526,2.78354017446204,-0.0018283947598322081,5.336161185222185,-0.001958321482996305,4.069091040214662
2024-10-04,562.892578125,0.00908748932367165,0.9465853838116516,0.02123423347060728,1.0,1.117695356785519,0.5,0.0001,0.01005704462190578,2.8115343622034716,0.00908748932367165,5.384653493022283,0.010157044621905779,4.110420979480719
2024-10-07,557.8037109375,-0.00904056543870424,2.755749700095187,1.55177011752002,1.0,1.092668921509314,0.0,0.0,-0.00987834488774334,2.7837610561098844,-0.00904056543870424,5.335973180753867,-0.00987834488774334,4.069816823411593
2024-10-08,563.0791625976562,0.00945754134781529,-1.2374552490546407,-1.9329869319144912,0.5,1.0357019300921582,0.5,0.0001,0.004797596913929343,2.7971164195617937,0.00945754134781529,5.38643836774168,0.009795193827858687,4.109681468040789
2024-10-09,566.9793090820312,0.006926462109488218,-1.9749082812411345,-2.60699173761896,1.0,1.014086316357914,0.5,0.0001,0.006924030446003573,2.8164837388118564,0.006926462109488218,5.423747329000936,0.007024030446003573,4.138547995795685
2024-10-10,565.9871215820312,-0.001749953629888945,-0.45332016557684085,-1.2506471340687018,1.0,1.0369501838193358,0.0,0.0,-0.0018146147381886556,2.81137290590954,-0.001749953629888945,5.414256022674951,-0.0018146147381886556,4.131038125607813
2024-10-11,569.3764038085938,0.005988267395711899,-0.5608748764011295,-1.3301333082706446,1.0,1.0771584890764974,0.0,0.0,0.006450313060151081,2.8295071412814825,0.005988267395711899,5.446678035487572,0.006450313060151081,4.157684614781403
2024-10-14,574.0328979492188,0.008178235187614735,0.2921529372021112,-0.5800770988381309,1.0,1.109871566364701,0.0,0.0,0.009076790697776881,2.8551899853807594,0.008178235187614735,5.491222249453005,0.009076790697776881,4.195423047817141
2024-10-15,569.5728149414062,-0.007769734145458451,0.6972149489267281,-0.23005502971495403,1.0,1.1204337460722904,0.0,0.0,-0.008705472334581799,2.8303342079530522,-0.007769734145458451,5.448556912441129,-0.008705472334581799,4.1588999085425025
2024-10-16,572.0484008789062,0.00434639061513975,0.1818383920474531,-0.6756399833248815,1.0,1.0607303544915758,0.0,0.0,0.004610348457956046,2.8433830349041886,0.00434639061513975,5.472238469071418,0.004610348457956046,4.178073886322645
2024-10-17,572.0975952148438,8.599680702170431e-05,0.0025311408827306536,-0.8307219197780712,1.0,1.106592827644809,0.0,0.0,9.516344985057274e-05,2.8436536210430363,8.599680702170431e-05,5.472709064107019,9.516344985057274e-05,4.178471486247398
2024-10-18,574.2981567382812,0.0038464792403316572,1.343734174824057,0.3235238978248773,1.0,1.1596928480401234,0.0,0.0,0.00446073446514743,2.8563384047573646,0.0038464792403316572,5.493759725910482,0.00446073446514743,4.197110538017737
2024-10-21,573.3550415039062,-0.0016422048779181075,1.3182254031185323,0.29125441601498425,1.0,1.2122802916537325,0.0,0.0,-0.0019908126083577455,2.850651970247437,-0.0016422048779181075,5.484737846890481,-0.0019908126083577455,4.1887548774399805
2024-10-22,573.0504760742188,-0.0005311986598890428,0.17818969198567203,-0.7135440947694819,1.0,1.2548773392508377,0.0,0.0,-0.0006665891609351727,2.8487517565424714,-0.0005311986598890428,5.48182436149637,-0.0006665891609351727,4.185962698840864
2024-10-23,567.8143310546875,-0.009137319028861723,-0.07228253403215135,-0.938337585362252,1.0,1.3116683285826412,0.0,0.0,-0.01198513197831342,2.8146090907668575,-0.009137319028861723,5.431735183445191,-0.01198513197831342,4.135793383438959
2024-10-24,569.0424194335938,0.00216283441917553,-0.29065576996086406,-1.1334329482881458,1.0,1.1955519263365106,0.0,0.0,0.002585780856192213,2.821887053071427,0.00216283441917553,5.443483127255793,0.002585780856192213,4.146487638795022
2024-10-25,568.8458251953125,-0.00034548257136424176,0.6340644487183198,-0.3258790313968574,1.0,1.251632176445499,0.0,0.0,-0.0004324171027206133,2.820666820847733,-0.00034548257136424176,5.441602498707811,-0.0004324171027206133,4.144694626623787
2024-10-28,570.6044311523438,0.0030915335564385416,0.5562910199726829,-0.40403356779682115,1.0,1.3145592377155895,0.0,0.0,0.004064003995324014,2.832130022077136,0.0030915335564385416,5.458425395433365,0.004064003995324014,4.161538682145784
2024-10-29,571.5278930664062,0.0016183924688379925,-1.6168662018092874,-2.332349106484319,1.0,1.3673279221847185,0.0,0.0,0.002212873211695649,2.83839716673503,0.0016183924688379925,5.467259269985049,0.002212873211695649,4.170747639614939
2024-10-30,569.7987670898438,-0.003025444597787308,-0.975017553831961,-1.7327108256004338,1.0,1.4354056566430895,0.0,0.0,-0.004342740289524178,2.8260707450013784,-0.003025444597787308,5.45071837996197,-0.004342740289524178,4.152635165802946
2024-10-31,558.6289672851562,-0.019603060676553374,-1.3779084054954502,-2.0508085600857973,1.0,1.4713164025445713,0.0,0.0,-0.02884230471348946,2.7445603514321704,-0.019603060676553374,5.343867616828771,-0.02884230471348946,4.032863596986905
2024-11-01,560.9866333007812,0.0042204506992948865,-1.5634473946442462,-2.1721802732541153,1.0,0.9743287674616444,0.0,0.0,0.004112106527976622,2.7558462759697204,0.0042204506992948865,5.366421146649155,0.004112106527976622,4.049447161710514
2024-11-04,559.7783203125,-0.002153906914272974,-1.2854742457335249,-1.8891367960224323,1.0,0.9975013651344949,0.0,0.0,-0.002148525087359919,2.749925271108892,-0.002153906914272974,5.354862375036487,-0.002148525087359919,4.040746822893641
2024-11-05,566.5470581054688,0.012091818399094123,-1.727242923351728,-2.21641898776812,1.0,1.047376158214713,0.0,0.0,0.012664682300673184,2.7847522010180783,0.012091818399094123,5.41961239842757,0.012664682300673184,4.091921597663043
2024-11-06,580.6345825195312,0.024865585678215618,-3.7992724460998915,-3.8405902093956454,1.0,0.9535825567369166,0.0,0.0,0.023711388765793706,2.850782543072818,0.024865585678215618,5.55437423486339,0.023711388765793706,4.188946741464379
2024-11-07,585.1241455078125,0.007732166018771691,-3.2711945763907124,-3.203842924086951,1.0,0.7139292697802191,0.0,0.0,0.005520219639601098,2.8665194888553205,0.007732166018771691,5.597321578577742,0.005520219639601098,4.212070647535854
2024-11-08,587.6587524414062,0.004331742166261199,-3.407570954430284,-3.159532841344153,1.0,0.7416594450489532,0.0,0.0,0.003212677491124431,2.875728691495036,0.004331742166261199,5.621567732477791,0.003212677491124431,4.225602672096219
2024-11-11,588.2186889648438,0.0009528259744473466,-3.4173294736152613,-3.027700358210423,1.0,0.7790804092060348,0.0,0.0,0.0007423280500745777,2.877863425567137,0.0009528259744473466,5.626924108230411,0.0007423280500745777,4.228739455488187
2024-11-12,586.3914794921875,-0.003106343791748234,-3.3002287533228127,-2.8207223701537703,1.0,0.816955091723743,0.0,0.0,-0.002537743377313158,2.8705601467180926,-0.003106343791748234,5.6094449474601715,-0.002537743377313158,4.218007999940639
2024-11-13,586.6763305664062,0.0004857694632012244,-3.5048719379896838,-2.8514412755812057,1.0,0.8410420658968052,0.0,0.0,0.00040855255288033983,2.871732921394231,0.0004857694632012244,5.612169844521156,0.00040855255288033983,4.219731277877084
2024-11-14,582.9039306640625,-0.00643012118573405,-3.3909075770779395,-2.6693087213835134,1.0,0.8822634526259904,0.0,0.0,-0.00567306091812925,2.855441405590564,-0.00643012118573405,5.576082912305963,-0.00567306091812925,4.1957924852795525
2024-11-15,575.4376831054688,-0.012808710262234735,-3.326009919234572,-2.5362402049461372,1.0,0.8837948575306674,0.0,0.0,-0.011320272261363345,2.823117031452909,-0.012808710262234735,5.504660481884038,-0.011320272261363345,4.148294971994005
2024-11-18,577.7954711914062,0.004097382140865635,-3.2301631008084684,-2.395910036630587,1.0,0.8227386006389615,0.0,0.0,0.003371074448858865,2.832633969143778,0.004097382140865635,5.527215179434038,0.003371074448858865,4.162279183180424
2024-11-19,579.9076538085938,0.0036555887377105467,-1.583307691836069,-1.3361421575920096,1.0,0.8565332598723047,0.0,0.0,0.003131133338263698,2.8415033237996625,0.0036555887377105467,5.54742040499488,0.003131133338263698,4.175311834294041
2024-11-20,580.1041259765625,0.00033879905995104487,-1.4419952978073738,-1.2308697668014266,1.0,0.8944286509737306,0.0,0.0,0.00030303158614318113,2.8423643890589045,0.00033879905995104487,5.5492998658132455,0.00030303158614318113,4.17657708566183
2024-11-21,583.2183227539062,0.005368341023434864,-1.2629155690934226,-1.1061555720962735,1.0,0.9402325775607562,0.0,0.0,0.00504748911768931,2.8567111923811868,0.005368341023434864,5.579090399934232,0.00504748911768931,4.197658313050898
2024-11-22,585.0259399414062,0.003099383398938116,-1.041624858559885,-0.9596627384085245,1.0,0.9720482810001494,0.0,0.0,0.0030127503050981956,2.865317749897611,0.003099383398938116,5.596382140100963,0.0030127503050981956,4.21030480941424
2024-11-25,587.0103149414062,0.003391943612276016,-1.2442849513418182,-1.0654321688272372,1.0,1.0186469903120954,0.0,0.0,0.0034551931519533007,2.8752179761652275,0.003391943612276016,5.615364752752934,0.0034551931519533007,4.224852225759364
2024-11-26,590.075439453125,0.005221585436747667,-2.195127056070909,-1.6071397308515107,1.0,1.0667351103621168,0.0,0.0,0.005570048517134244,2.8912330797898043,0.005221585436747667,5.644685859567935,0.005570048517134244,4.248384857634567
2024-11-27,588.2874145507812,-0.003030163234722827,0.015643377109356038,-0.2943982053260462,1.0,1.1063804769675767,0.0,0.0,-0.0033525134449222563,2.881540182017405,-0.003030163234722827,5.627581540004712,-0.0033525134449222563,4.234142090280143
2024-11-29,591.94189453125,0.006212065548366841,0.08704485523513483,-0.24856286312468662,1.0,1.1343306470138228,0.0,0.0,0.007046536332771237,2.9018450596043306,0.006212065548366841,5.66254044541,0.007046536332771237,4.263978126357418
2024-12-02,593.0029296875,0.0017924650477565418,-0.1819409721374683,-0.4002785707995227,1.0,1.162530582602429,0.0,0.0,0.0020837954362629032,2.907891911096276,0.0017924650477565418,5.672690351239906,0.0020837954362629032,4.272863384517446
2024-12-03,593.278076171875,0.00046398840646544315,1.0448623362496292,0.31679243255165285,1.0,1.2221796800818507,0.0,0.0,0.0005670772021756231,2.9095409103054495,0.00046398840646544315,5.67532241379635,0.0005670772021756231,4.2752864279308165
2024-12-04,596.9619750976562,0.006209396695646685,1.2363394778376247,0.42624408878430364,0.5,1.281667892465947,0.5,0.0001,0.0038791921881972517,2.920827578675947,0.006209396695646685,5.710562742039306,0.007958384376394503,4.309310800643472
2024-12-05,595.9796142578125,-0.0016456003578503298,1.2745910503735018,0.4455474080632839,0.5,1.309917194037955,0.0,0.0,-0.0010778001016315793,2.9176795104148012,-0.0016456003578503298,5.70116543794748,-0.0021556002032631586,4.300021649405681
2024-12-06,597.109375,0.0018956365539355424,0.5306049109022482,0.01150728034437265,0.5,1.3482583661532868,0.0,0.0,0.0012779039215147906,2.9214080245028833,0.0018956365539355424,5.711972775551687,0.0025558078430295813,4.31101167846243
2024-12-09,594.034423828125,-0.0051497285097474865,1.4540606875042172,0.5465641955523249,1.0,1.4174168347416047,0.5,0.0001,-0.007399311884064884,2.8997916153889767,-0.0051497285097474865,5.682557666502527,-0.007299311884064884,4.279544259685487
2024-12-10,592.1875,-0.003109119192492127,1.8280661195481471,0.7575152749703089,0.5,1.3776184645470364,0.5,0.0001,-0.0022415900040273625,2.8932914714901585,-0.003109119192492127,5.664889917399161,-0.0042831800080547254,4.261214201268817
2024-12-11,596.7655029296875,0.0077306645778363325,1.6761785067014614,0.6614827955334444,0.5,1.4067494993353131,0.0,0.0,0.00543755426220025,2.9090239008627474,0.0077306645778363325,5.7086832812209405,0.0108751085244005,4.307555368153332
2024-12-12,593.690673828125,-0.005152491366319456,1.178392925223541,0.3675046566100358,0.5,1.3672005596174432,0.0,0.0,-0.0035222445397280026,2.8987776073119953,-0.005152491366319456,5.679269339901397,-0.007044489079456005,4.277210841403224
2024-12-13,593.5726928710938,-0.0001987246258569053,0.6952113773568271,0.08534694962291813,0.5,1.3458107233917538,0.0,0.0,-0.0001337228662401187,2.898389974461753,-0.0001987246258569053,5.678140729226685,-0.0002674457324802374,4.276066919616772
2024-12-16,596.1073608398438,0.004270189648533096,2.5174286543238225,1.1327970358859591,0.5,1.4127516653953227,0.0,0.0,0.0030163587687594994,2.9071325584765053,0.004270189648533096,5.702387466991543,0.006032717537518999,4.301863223514349
2024-12-17,593.6513061523438,-0.004120154939941889,2.2317282140873758,0.9532276442293908,0.0,1.4528370769716337,0.5,0.0001,-0.0001,2.906841845220658,-0.004120154939941889,5.6788927470999555,-0.005985913859615411,4.276112640822545
2024-12-18,575.9584350585938,-0.029803473706515593,1.8180055947834717,0.7046964756594511,0.5,1.4576753451773814,0.5,0.0001,-0.021821894411315063,2.8434090494038604,-0.029803473706515593,5.50964201642964,-0.04344378882263013,4.090342106272871
2024-12-19,575.7816162109375,-0.000306999319557244,-4.336581145647244,-2.8126872785756456,0.5,0.7280508120153449,0.0,0.0,-0.00011175555194590493,2.8430912826561365,-0.000306999319557244,5.507950560079593,-0.00022351110389180986,4.089427869393402
2024-12-20,582.6973266601562,0.01201099558323726,-4.043247499499493,-2.5468169461164374,1.0,0.7639204092535926,0.5,0.0001,0.009075444661489702,2.8688936002594465,0.01201099558323726,5.574106529929398,0.009175444661489701,4.126950188506176
2024-12-23,586.1866455078125,0.005988218390593936,-4.511677481725975,-2.7188278548839557,1.0,0.7314308905958892,0.0,0.0,0.004379967910514804,2.881459262167264,0.005988218390593936,5.607485497163051,0.004379967910514804,4.145026097900126
2024-12-24,592.7020263671875,0.011114857203426531,-4.327996373721405,-2.5275032962431223,1.0,0.7528035066032102,0.0,0.0,0.008367303478133442,2.905569306273696,0.011114857203426531,5.669811897734303,0.008367303478133442,4.17970878918604
2024-12-26,592.7415161132812,6.662664262480078e-05,-4.694324993288788,-2.636039034663786,1.0,0.7456818016496779,0.0,0.0,4.968227491033067e-05,2.9057136615667414,6.662664262480078e-05,5.670189658265363,4.968227491033067e-05,4.179916446627149
2024-12-27,586.5020751953125,-0.010526411173089278,-4.311374209358469,-2.3574641026580347,1.0,0.7836744063668716,0.0,0.0,-0.008249279027244344,2.8817436187992014,-0.010526411173089278,5.610502910493063,-0.008249279027244344,4.145435149548354
2024-12-30,579.80908203125,-0.011411712672685148,-4.696951679551937,-2.4786384176538614,1.0,0.7719961826592406,0.0,0.0,-0.008809798620917015,2.8563560378404675,-0.011411712672685148,5.546477463329252,-0.008809798620917015,4.108914700684762
2024-12-31,577.69970703125,-0.0036380509815578943,-4.272260150785833,-2.200305489483067,1.0,0.7634237282551727,0.0,0.0,-0.0027773744439233182,2.8484228675782233,-0.0036380509815578943,5.526299095549598,-0.0027773744439233182,4.097502706002819
2025-01-02,576.2803344726562,-0.002456938338930126,-4.184446418293817,-2.1019884617187543,1.0,0.8003925790632995,0.0,0.0,-0.0019665152136957827,2.842821400674092,-0.002456938338930126,5.512721319429348,-0.0019665152136957827,4.0894449045933055
2025-01-03,583.48583984375,0.012503472598431431,-3.7826269603398615,-1.865997645550336,1.0,0.8410637274094929,0.0,0.0,0.010516217269199197,2.87271712818111,0.012503472598431431,5.581649479389622,0.010516217269199197,4.132450395720428
2025-01-06,586.8470458984375,0.0057605614826703455,-3.2306249836241108,-1.5767053188863451,1.0,0.791609779432799,0.0,0.0,0.004560116804705749,2.8858170538324948,0.0057605614826703455,5.6138029143903605,0.004560116804705749,4.1512948522145665
2025-01-07,580.2133178710938,-0.011304015371139453,-3.087171840965908,-1.4853699381629204,1.0,0.8160349575995561,0.0,0.0,-0.009224471704092515,2.8591969160762294,-0.011304015371139453,5.550344399955544,-0.009224471704092515,4.113001350314969
2025-01-08,581.0609130859375,0.0014608337808474925,-2.965580136886416,-1.4066791821112918,1.0,0.7975017046015908,0.0,0.0,0.001165017430365462,2.8625279303203053,0.0014608337808474925,5.558452530550337,0.001165017430365462,4.117793068579203
2025-01-10,572.189697265625,-0.015267273396860626,-2.523231080728891,-1.1894780315772913,1.0,0.8360283288589442,0.0,0.0,-0.012763873064210006,2.825990987174941,-0.015267273396860626,5.473590116102953,-0.012763873064210006,4.065234080547174
2025-01-13,573.0768432617188,0.001550440352794169,-3.7782642332261744,-1.7249688359358795,1.0,0.7817441873744942,0.0,0.0,0.0012120477336677018,2.8294162231463114,0.001550440352794169,5.482076591093614,0.0012120477336677018,4.07016133830133
2025-01-14,573.8653564453125,0.0013759292368293874,-2.9075176009929535,-1.3103229503979366,1.0,0.816393647126781,0.0,0.0,0.001123299887843512,2.832594506072434,0.0013759292368293874,5.4896195405538375,0.001123299887843512,4.074733350076149
2025-01-15,584.3038940429688,0.01818987238106784,-2.869803529056014,-1.2723134587995253,1.0,0.8537219903534286,0.0,0.0,0.015529094053440095,2.8765821325724903,0.01818987238106784,5.589475019417128,0.015529094053440095,4.13801026751217
2025-01-16,583.1802368164062,-0.001923069892256879,-5.093046994680698,-2.20871770484057,1.0,0.7355576564674604,0.0,0.0,-0.0014145287831716015,2.872513124348809,-0.001923069892256879,5.578726068293765,-0.0014145287831716015,4.132156932883714
2025-01-17,589.0353393554688,0.010039953635990084,-4.998951662702169,-2.1088009105808165,1.0,0.7711597997278988,0.0,0.0,0.007742408635207503,2.8947532947675145,0.010039953635990084,5.634736219367324,0.007742408635207503,4.164149780402906
2025-01-21,594.4270629882812,0.009153480738035569,-4.310377817268403,-1.7682818109589293,1.0,0.7731318411177255,0.0,0.0,0.0070768474156330755,2.9152390221404856,0.009153480738035569,5.686313668815214,0.0070768474156330755,4.193618833014659
2025-01-22,597.7686767578125,0.005621570715055313,-5.440251594925705,-2.1958098594091373,1.0,0.7871076839910343,0.0,0.0,0.00442478150591901,2.9281383178509865,0.005621570715055313,5.718279683212445,0.00442478150591901,4.212174680069856
2025-01-23,601.03125,0.005457919374235454,-4.920853947957752,-1.9270326082877038,1.0,0.8215212224105131,0.0,0.0,0.0044837965961399325,2.941267494473594,0.005457919374235454,5.749489592682747,0.0044837965961399325,4.2310612145627
2025-01-24,599.2767333984375,-0.002919177000467954,-4.743806458389969,-1.812492360424801,1.0,0.8586396124460938,0.0,0.0,-0.0025065210083433545,2.9338951457075386,-0.002919177000467954,5.732705814899358,-0.0025065210083433545,4.220455970740812
2025-01-27,590.7997436523438,-0.014145367696859479,-4.558460900957996,-1.7008052076230809,1.0,0.8853933208845471,0.0,0.0,-0.012524214080255412,2.8971504148136753,-0.014145367696859479,5.651614583249682,-0.012524214080255412,4.167598076646962
2025-01-28,595.8760986328125,0.008592344588856049,-4.013321261151418,-1.4556308564267224,1.0,0.797581996955796,0.0,0.0,0.006853099355712136,2.917004874454836,0.008592344588856049,5.700175203232367,0.006853099355712136,4.1961590403408975
2025-01-29,593.2047729492188,-0.004483022040526308,-3.8494219302832917,-1.3677475080634998,1.0,0.8096839716481483,0.0,0.0,-0.003629831090759527,2.9064166394696427,-0.004483022040526308,5.674621192161415,-0.003629831090759527,4.180927691794496
2025-01-30,596.3886108398438,0.005367181849862845,-3.7101707617051787,-1.2915586695222103,0.5,0.835311039411495,0.5,0.0001,0.002141633124859722,2.9126411176193745,0.005367181849862845,5.705077916028831,0.0044832662497194435,4.199671903807635
2025-01-31,593.2147216796875,-0.005321847370101107,-2.761937960505197,-0.910050098926231,0.5,0.8669389492863899,0.0,0.0,-0.0023068583836489956,2.9059220670386336,-0.005321847370101107,5.67471636212519,-0.004613716767297991,4.180295807127888
2025-02-03,589.2225952148438,-0.006729648336339378,-2.6821210163759837,-0.8666609521393543,0.5,0.8869647133224112,0.0,0.0,-0.002984480303700949,2.897249399865467,-0.006729648336339378,5.6365275165996165,-0.005968960607401898,4.155343786127855
2025-02-04,593.17529296875,0.006708326846265988,-2.0982285384945243,-0.6320821044796976,0.5,0.8999722483541024,0.0,0.0,0.0030186539972640934,2.905995193347442,0.006708326846265988,5.674339185458939,0.006037307994528187,4.180430876387858
2025-02-05,595.580322265625,0.004054500120593607,-1.6060080175203737,-0.4356059872623063,0.5,0.9162444378304272,0.0,0.0,0.0018574565918383443,2.9113929532751754,0.004054500120593607,5.697345794370671,0.0037149131836766887,4.195960814164
2025-02-06,597.6502685546875,0.0034755115501270417,-7.988375292231627,-2.8513757317625843,0.5,0.9545478821634826,0.0,0.0,0.001658771094804245,2.916222287751685,0.0034755115501270417,5.7171469854840735,0.00331754218960849,4.209881091190933
2025-02-07,592.1797485351562,-0.009153380007275391,-5.736517772353917,-1.9110637596789775,1.0,0.9980953141949764,0.5,0.0001,-0.009235945694307546,2.889288217069481,-0.009153380007275391,5.664815766568489,-0.009135945694307547,4.171419846162321
2025-02-10,596.2012939453125,0.006791089057172517,-5.430607159302447,-1.7558455834846385,1.0,0.9642873547636771,0.0,0.0,0.00654856130290544,2.9082088980807232,0.006791089057172517,5.70328603493173,0.00654856130290544,4.198736644745072
2025-02-11,596.65478515625,0.0007606343957031747,-4.420158397910345,-1.3552554297378026,1.0,0.9789905573072486,0.0,0.0,0.0007446538909565133,2.9103745071523934,0.0007606343957031747,5.707624150458432,0.0007446538909565133,4.201863250324683
2025-02-12,594.7325439453125,-0.003221697468552276,-2.7371356130549174,-0.726256713010036,0.5,1.0292273863271004,0.5,0.0001,-0.0017579296325473475,2.90525827356446,-0.003221697468552276,5.689235912181453,-0.003315859265094695,4.187930463135433
2025-02-13,601.0115356445312,0.010557672962648867,-2.587610549516569,-0.6602558849482091,0.5,1.0663948601588604,0.0,0.0,0.00562932409130346,2.921612913955295,0.010557672962648867,5.749301004349622,0.01125864818260692,4.235080898833097
2025-02-14,600.9820556640625,-4.905060671944739e-05,-3.3477733520398516,-0.9232914812584687,0.5,1.0207227015158644,0.0,0.0,-2.5033533900833275e-05,2.9215397756593684,-4.905060671944739e-05,5.749018997647146,-5.006706780166655e-05,4.2348688607505895
2025-02-18,602.746337890625,0.0029356653995484816,-2.3310071172490794,-0.5419967244505812,0.5,1.0711717016615787,0.0,0.0,0.0015723008507716827,2.926133315134201,0.0029356653995484816,5.765896193799885,0.0031446017015433654,4.248185836575918
2025-02-19,604.165771484375,0.0023549435384666584,-0.9758046720634255,-0.043139456023862585,0.5,1.122823691727375,0.0,0.0,0.0013220931988353305,2.9300019360890257,0.0023549435384666584,5.779474553784944,0.002644186397670661,4.25941883177977
2025-02-20,601.6522216796875,-0.004160364461746946,-0.7269225939204063,0.05298860209147811,0.5,1.179214871468596,0.0,0.0,-0.0024529818220107194,2.9228146946013434,-0.004160364461746946,5.755429833243806,-0.004905963644021439,4.238522277846398
2025-02-21,591.361572265625,-0.01710398307070682,-0.6964905329064095,0.06859387467271282,0.5,1.1942897917382689,0.0,0.0,-0.010213556189704662,2.892962362485938,-0.01710398307070682,5.656989058811363,-0.020427112379409324,4.151941506954199
2025-02-24,588.6707153320312,-0.004550273571690688,-1.844319524218875,-0.3444561684203464,0.5,0.9320377241323475,0.0,0.0,-0.0021205133119690787,2.886827797285261,-0.004550273571690688,5.631248211001711,-0.004241026623938157,4.134333012482173
2025-02-25,585.7429809570312,-0.004973466997332587,-1.668622575374897,-0.27321499394093984,0.5,0.9694105662069223,0.0,0.0,-0.002410665728947813,2.879868620448972,-0.004973466997332587,5.603241383870506,-0.004821331457895626,4.114400022671677
2025-02-26,586.0387573242188,0.0005049593026351662,-1.200024879023978,-0.09590964284319488,0.5,1.0070132720514364,0.0,0.0,0.00025425035979972514,2.880600828081897,0.0005049593026351662,5.6060707927322015,0.0005085007195994503,4.116492198043925
2025-02-27,576.6845092773438,-0.015961824930462498,-1.1080999906208788,-0.05691763785420768,0.5,1.0549124190033963,0.0,0.0,-0.008419163674551455,2.8563485782292273,-0.015961824930462498,5.516587672190831,-0.01683832734910291,4.0471773548832335
2025-02-28,585.6838989257812,0.015605395157422874,-2.081389874790794,-0.40716073475847686,0.5,0.9310061659341818,0.0,0.0,0.007264359556700059,2.8770981213207536,0.015605395157422874,5.602676202735937,0.014528719113400118,4.105977657874445
2025-03-03,575.4227294921875,-0.017519978699114036,-2.161786336780189,-0.4294067360941811,0.5,0.7965389349953614,0.0,0.0,-0.006977672587066856,2.8570226726293124,-0.017519978699114036,5.504517435005971,-0.013955345174133712,4.0486773223815264
2025-03-04,568.611572265625,-0.011836788638108442,-2.43204997876105,-0.520502193934695,0.5,0.7330095604616967,0.0,0.0,-0.004338239618448938,2.8446282236801053,-0.011836788638108442,5.439361625573023,-0.008676479236897875,4.013549057656984
2025-03-05,574.722900390625,0.010747808210532117,-1.9731968332324001,-0.3441948617333314,0.5,0.7410261440415125,0.0,0.0,0.003982203437574161,2.8559561119710644,0.010747808210532117,5.497822841112409,0.007964406875148322,4.045514595365533
2025-03-06,564.5209350585938,-0.017751102879487224,-1.810255150952095,-0.27769873366115816,0.5,0.7131039676447505,0.0,0.0,-0.006329190946716247,2.8378802204029583,-0.017751102879487224,5.400230422246628,-0.012658381893432494,3.9943049266619406
2025-03-07,567.68505859375,0.00560497111560232,-3.0315755125109973,-0.7184308931374711,0.5,0.6789592122051593,0.0,0.0,0.0019027733865410118,2.8432800633605324,0.00560497111560232,5.4304985577809175,0.0038055467730820237,4.009505440886304
2025-03-10,552.5643920898438,-0.026635660521632576,-2.9830669651753254,-0.689438530032903,0.5,0.6906848378824405,0.0,0.0,-0.009198423434637759,2.8171263693944786,-0.026635660521632576,5.28585364173265,-0.018396846869275518,3.9357431832687917
2025-03-11,547.970947265625,-0.008312958435207851,-4.10630439428779,-1.0894170353302248,0.5,0.5969329082228354,0.0,0.0,-0.002481139227332087,2.8101366866510222,-0.008312958435207851,5.241912560114334,-0.004962278454664174,3.9162129296673656
2025-03-12,550.8788452148438,0.005306664456809607,-3.5024931684519203,-0.8512229274945861,0.5,0.6253898696082539,0.0,0.0,0.0016593670963494578,2.8147997350050953,0.005306664456809607,5.269729631182797,0.0033187341926989157,3.9292097994229427
2025-03-13,543.5353393554688,-0.01333052797936185,-3.051424011755053,-0.6725618402374173,0.5,0.6335171010744096,0.0,0.0,-0.004222558720638313,2.8029140778371993,-0.01333052797936185,5.1994813528906425,-0.008445117441276627,3.896027161215401
2025-03-14,554.7625122070312,0.02065582868057092,-2.8655925746086623,-0.5914210848420176,0.5,0.6476245306449546,0.0,0.0,0.006688610677168667,2.8216616788654076,0.02065582868057092,5.306880948943775,0.013377221354337334,3.94814517895349
2025-03-17,559.0404052734375,0.007711215109664327,-3.685977315029632,-0.8948279889963682,0.5,0.5578145435072607,0.0,0.0,0.0021507139681418487,2.827730266051514,0.007711215109664327,5.34780344950246,0.004301427936283697,3.965127840922744
2025-03-18,552.9981689453125,-0.01080822829822048,-3.9740438355027266,-0.9964127881354624,0.5,0.569860461456843,0.0,0.0,-0.0030795909827774155,2.819022013422455,-0.01080822829822048,5.290003168926226,-0.006159181965554831,3.9407058970338134
2025-03-19,559.0206909179688,0.010890672539011215,-3.8436512742415374,-0.9335929623447158,0.5,0.5854197544594962,0.0,0.0,0.003187807421843362,2.828008512719183,0.010890672539011215,5.347614861169333,0.006375614843686724,3.9658303200455456
2025-03-20,557.4041137695312,-0.0028918019935593176,2.6725803497598832,1.6850755192757012,0.5,0.5844695213222584,0.0,0.0,-0.0008450850634671834,2.8256186049657264,-0.0028918019935593176,5.332150617853016,-0.0016901701269343668,3.9591273921101138
2025-03-21,557.5880126953125,0.00032992028806111406,2.889609257813163,1.7841515658692613,0.0,0.6139858260764777,0.5,0.0001,-0.0001,2.8253360431052297,0.00032992028806111406,5.333909802520844,0.0002025663806045926,3.9599293782162865
2025-03-24,567.5736083984375,0.017908555198050014,3.515008375117702,2.0434311413124524,0.0,0.6448273809854478,0.0,0.0,0.0,2.8253360431052297,0.017908555198050014,5.429432420640708,0.011547926745591918,4.005658352593646
2025-03-25,568.93798828125,0.0024038818271738815,2.8089892619140358,1.752422507010776,0.0,0.6019640071478422,0.0,0.0,0.0,2.8253360431052297,0.0024038818271738815,5.442484134568555,0.0014470503373954662,4.0114547418642585
2025-03-26,562.1458740234375,-0.011938232984461727,2.7864613960183746,1.7417331042096942,0.0,0.6321694574860417,0.0,0.0,-0.0,2.8253360431052297,-0.011938232984461727,5.377510490955839,-0.0075469862691291386,3.981180348008176
2025-03-27,560.6529541015625,-0.002655751809027329,2.1303321833262956,1.4796438766234914,0.0,0.6300857048745144,0.0,0.0,-0.0,2.8253360431052297,-0.002655751809027329,5.3632291577414195,-0.0016733512505627515,3.974518434894121
2025-03-28,549.3623657226562,-0.020138283935378976,2.483905582169349,1.630870642184845,0.0,0.6613222456791181,0.0,0.0,-0.0,2.8253360431052297,-0.020138283935378976,5.255222926152319,-0.013317895156268533,3.921586215081544
2025-03-31,553.050048828125,0.006712660596285724,1.757823325047795,1.3412867611744996,0.0,0.612026406014505,0.0,0.0,0.0,2.8253360431052297,0.006712660596285724,5.290499454013399,0.004108325539539936,3.9376973678844718
2025-04-01,554.6121215820312,0.002824469064266699,1.802316006139833,1.3694860677901748,0.0,0.6260838867088557,0.0,0.0,0.0,2.8253360431052297,0.002824469064266699,5.30544230605578,0.00176835456964502,3.9446606130188493
2025-04-02,558.1219482421875,0.006328434817011397,1.691161268235426,1.3318141618143458,0.0,0.6537197243302504,0.0,0.0,0.0,2.8253360431052297,0.006328434817011397,5.339017451865069,0.004137022664018649,3.9609797633767703
2025-04-03,530.6172485351562,-0.049280806450378245,1.9817080939987548,1.4592175186943335,0.0,0.6730144990768115,0.0,0.0,-0.0,2.8253360431052297,-0.049280806450378245,5.0759063661845145,-0.03316669726730262,3.829607146682941
2025-04-04,499.5533447265625,-0.05854295896778716,-1.2510545308551997,0.13611854138852375,0.0,0.4161813107103068,0.0,0.0,-0.0,2.8253360431052297,-0.05854295896778716,4.778747788064645,-0.02436448539607337,3.736300739284886
2025-04-07,498.6635437011719,-0.0017811932094612404,-8.433037248241448,-2.833858904142788,0.0,0.3202847962114249,0.0,0.0,-0.0,2.8253360431052297,-0.0017811932094612404,4.770235914954816,-0.0005704891041054673,3.7341692204234627
2025-04-08,490.8531188964844,-0.015662714676747957,-5.9133375600432885,-1.7148909264446326,1.0,0.3345743071543718,1.0,0.0002,-0.0054403419111295585,2.8099652490168996,-0.015662714676747957,4.695521070878104,-0.005240341911129559,3.7146008969544275
2025-04-09,542.4021606445312,0.1050192812545172,-1.961167205902754,-0.08716946603660128,1.0,0.35040971186656134,0.0,0.0,0.03679977608482874,2.9133713409868713,0.1050192812545172,5.188641318857163,0.03679977608482874,3.851297378206854
2025-04-10,518.6345825195312,-0.04381910665097133,-5.5618920760016906,-1.544878171369361,0.0,0.1877229942957572,1.0,0.0002,-0.0002,2.912788666718674,-0.04381910665097133,4.961279691532525,-0.008225853907885466,3.8196171686179023
2025-04-11,527.8885498046875,0.01784294298347855,-1.6554288263632913,0.0653688083995202,0.5,0.18616754621541065,0.5,0.0001,0.00156088845624784,2.917335204924045,0.01784294298347855,5.0498035221936295,0.00332177691249568,3.832305084743189
2025-04-14,533.009765625,0.009701320140789838,-1.3468182344588087,0.1893483222442166,0.0,0.19310640553573888,0.5,0.0001,-0.0001,2.9170434714035527,0.009701320140789838,5.098793282810518,0.0018733870613393939,3.8394844755040523
2025-04-15,531.5169067382812,-0.0028008096342629907,-0.8376428869635149,0.39889473615448295,0.0,0.2022146304651897,0.0,0.0,-0.0,2.9170434714035527,-0.0028008096342629907,5.084512533460907,-0.0005663646851958337,3.837309927087769
2025-04-16,519.7023315429688,-0.02222803272207108,-0.3821967431215185,0.5847041501363318,0.0,0.21254225124887363,0.0,0.0,-0.0,2.9170434714035527,-0.02222803272207108,4.971493822491357,-0.004724396115582615,3.819180954973949
2025-04-17,520.44384765625,0.0014268092873082061,-0.3525014733280898,0.5998632091908851,0.0,0.21938471993478253,0.0,0.0,0.0,2.9170434714035527,0.0014268092873082061,4.978587196049084,0.0003130201558964575,3.820376435591872
2025-04-21,508.0558776855469,-0.02380270230206527,-0.3754935903955001,0.5955512800280299,0.0,0.23048663732124663,0.0,0.0,-0.0,2.9170434714035527,-0.02380270230206527,4.860083367136654,-0.0054862048127617205,3.799417068004366
2025-04-22,521.2742919921875,0.026017638781894004,0.020117972246254112,0.7595072654117417,0.0,0.23720760166684324,0.0,0.0,0.0,2.9170434714035527,0.026017638781894004,4.986531260632707,0.006171581696487325,3.8228654808385834
2025-04-23,529.3516845703125,0.015495474651656238,0.021707830446700882,0.7600661880042053,0.0,0.23881356173904733,0.0,0.0,0.0,2.9170434714035527,0.015495474651656238,5.063799929381532,0.00370052949239915,3.8370121072959007
2025-04-24,540.4940185546875,0.021049019601060648,0.24904076097934436,0.8608922933135214,0.0,0.24757033429770228,0.0,0.0,0.0,2.9170434714035527,0.021049019601060648,5.170387953350933,0.005211112819273472,3.8570072102759383
2025-04-25,544.3992309570312,0.007225264791618891,0.39958375193863915,0.9295554976918263,0.0,0.25441707365974453,0.0,0.0,0.0,2.9170434714035527,0.007225264791618891,5.20774537538929,0.001838230724700462,3.8640972794352586
2025-04-28,544.6068115234375,0.0003813020933944866,0.5322127948308939,0.9827546301282786,0.0,0.26709267040292417,0.0,0.0,0.0,2.9170434714035527,0.0003813020933944866,5.2097310996027915,0.00010184299435495862,3.8644908106726747
2025-04-29,548.03759765625,0.0062995652280137815,0.2788245472133184,0.875154080669773,0.0,0.28070443765473596,0.0,0.0,0.0,2.9170434714035527,0.0062995652280137815,5.242550140485151,0.001768315914798937,3.8713244512757816
2025-04-30,548.2550659179688,0.00039681266878188737,0.19407974981494291,0.8373503107955911,0.0,0.29481092879181287,0.0,0.0,0.0,2.9170434714035527,0.00039681266878188737,5.24463045079762,0.00011698471143994622,3.8717773370496045
2025-05-01,552.1404418945312,0.007086803603094882,-0.24409273118482133,0.6601126217180181,0.0,0.30979823470192713,0.0,0.0,0.0,2.9170434714035527,0.007086803603094882,5.281798116773233,0.0021954792459180513,3.8802777438379126
2025-05-02,560.3364868164062,0.014844130768165265,-0.44124402040825217,0.5830827002589858,0.0,0.32514662007293477,0.0,0.0,0.0,2.9170434714035527,0.014844130768165265,5.360201818709664,0.0048265189471895925,3.899005977888905
2025-05-05,557.1234130859375,-0.00573418616503818,-0.2964658425376001,0.6379474396336171,0.0,0.33749364500711493,0.0,0.0,-0.0,2.9170434714035527,-0.00573418616503818,5.329465423599006,-0.0019352513899881052,3.8914604211506236
2025-05-06,552.4667358398438,-0.008358430352621848,-0.5016485272676121,0.5508703766060831,0.0,0.35139285793025943,0.0,0.0,-0.0,2.9170434714035527,-0.008358430352621848,5.284919458039147,-0.0029370927294188175,3.880030841040841
2025-05-07,554.7901611328125,0.00420554784974847,-0.8000206577543949,0.42517531688728605,0.0,0.3641777519879208,0.0,0.0,0.0,2.9170434714035527,0.00420554784974847,5.307145439701998,0.001531566961799032,3.8859733680877406
2025-05-08,558.6558227539062,0.006967790512363292,-0.7818360719077546,0.42985867905081204,0.0,0.3826708013125737,0.0,0.0,0.0,2.9170434714035527,0.006967790512363292,5.344124517344485,0.0026663699787442094,3.896334810814609
2025-05-09,557.9439697265625,-0.0012742246627532872,-1.6456841986968094,0.07443432354834659,0.0,0.4011925411098193,0.0,0.0,-0.0,2.9170434714035527,-0.0012742246627532872,5.33731490208366,-0.0005112094303947938,3.894342967715345
2025-05-12,576.382568359375,0.03304740194942668,-3.825876750090277,-0.8181361492860154,0.5,0.4208155747356725,0.5,0.0001,0.0068534307224343855,2.9370352267491464,0.03304740194942668,5.513699292983484,0.013906861444868772,3.9485010557861613
2025-05-13,580.18896484375,0.006603941016484205,-4.087146442327374,-0.9249166659271436,0.5,0.389168687142718,0.0,0.0,0.0012850235276765523,2.9408093861171336,0.006603941016484205,5.550111437896978,0.0025700470553531047,3.9586488892976432
2025-05-14,580.9304809570312,0.0012780596636838837,-3.900667628505289,-0.8442589291312845,0.5,0.4090456206615471,0.0,0.0,0.00026139235418703115,2.941578091205786,0.0012780596636838837,5.557204811454704,0.0005227847083740623,3.9607184104027895
2025-05-15,583.7680053710938,0.00488444746329697,-3.3563751882821578,-0.6196195201642645,0.5,0.4289577124083323,0.0,0.0,0.001047610705117275,2.9446597199040716,0.00488444746329697,5.584348686399036,0.00209522141023455,3.969016992416176
2025-05-16,587.4655151367188,0.006333868474471371,-3.417826163438164,-0.6449660698474985,0.5,0.4509682376458912,0.0,0.0,0.001428186751706612,2.9488652439043226,0.006333868474471371,5.619719216494274,0.002856373503413224,3.9803539873879106
2025-05-19,588.108154296875,0.001093918100038005,-3.0570648138793217,-0.4972779230407586,0.5,0.4739617241362821,0.0,0.0,0.0002592376543789494,2.9496297008132317,0.001093918100038005,5.625866729062328,0.0005184753087578988,3.9824177026504874
2025-05-20,586.1307983398438,-0.003362231831992357,-2.73675392305325,-0.36838723910355586,0.5,0.4966857155945067,0.0,0.0,-0.0008349862617338766,2.9471668005358507,-0.003362231831992357,5.606951260863328,-0.0016699725234677531,3.9757671745100893
2025-05-21,576.2540893554688,-0.01685069102724135,-2.6539990131309423,-0.33708157733193456,0.5,0.514888586408296,0.0,0.0,-0.004338114241509628,2.9343816542663417,-0.01685069102724135,5.512470257561718,-0.008676228483019256,3.941272510108752
2025-05-22,576.4815673828125,0.00039475299446145584,-1.8568137929883495,-0.013476650362473981,0.5,0.493775650206633,0.0,0.0,9.745970825561037e-05,2.9346676382462773,0.00039475299446145584,5.51464632170277,0.00019491941651122074,3.9420407406467337
2025-05-23,572.5465087890625,-0.006825992046224361,-1.7461071582694974,0.02739170528695713,0.5,0.5188295160112277,0.0,0.0,-0.0017707630748195376,2.929471037155603,-0.006825992046224361,5.4770033897730865,-0.003541526149639075,3.9280799002807907
2025-05-27,584.4501342773438,0.0207906699378142,-1.2722509395067991,0.2220446249034233,0.5,0.5360243955523482,0.0,0.0,0.005572153143272616,2.9457944984034157,0.0207906699378142,5.590873959498149,0.011144306286545232,3.971855625807542
2025-05-28,581.0689086914062,-0.005785310649501829,-1.3635686276440904,0.18406399655729716,0.5,0.5150564956648197,0.0,0.0,-0.0014898809147323871,2.941405615401521,-0.005785310649501829,5.558529016840241,-0.0029797618294647743,3.9600204420216154
2025-05-29,583.362548828125,0.003947277340796251,-1.0980138017441998,0.29318839496801335,0.5,0.5322234733156728,0.0,0.0,0.0010504168282294167,2.9444953173585873,0.003947277340796251,5.580470072476573,0.0021008336564588333,3.968339786246479
2025-05-30,582.7100830078125,-0.0011184568183596477,-1.3719333486785708,0.18117041830755226,0.0,0.5590468894171576,0.5,0.0001,-0.0001,2.9442008678268516,-0.0011184568183596477,5.57422855767436,-0.0006252698052513719,3.9658585032011615
2025-06-02,585.992431640625,0.005632901726823958,-1.1653634130865225,0.26623470655270715,0.5,0.5859127034724029,0.5,0.0001,0.0015501943395788958,2.9487649513467398,0.005632901726823958,5.605627639342595,0.0033003886791577917,3.9789473777082685
2025-06-03,589.3341064453125,0.0057025903821517065,-1.3200142879986796,0.19948856501365167,0.5,0.6134521329991764,0.0,0.0,0.0017491331167757765,2.953922733776728,0.0057025903821517065,5.637594237604634,0.003498266233551553,3.992866794964784
2025-06-04,589.1759643554688,-0.0002683402981673577,-1.3073675865998116,0.2094440848528182,0.5,0.6424567333854257,0.0,0.0,-8.619851569813589e-05,2.9536681100215896,-0.0002683402981673577,5.636081443885969,-0.00017239703139627178,3.9921784365825714
2025-06-05,586.3285522460938,-0.004832872149647116,-1.3613258271161008,0.19227322223050083,0.5,0.6734088052566122,0.0,0.0,-0.0016272493301259098,2.9488617555681427,-0.004832872149647116,5.60884298284267,-0.0032544986602518196,3.979185897209227
2025-06-06,592.349609375,0.010269083956155445,-1.3765364328994796,0.19018645939117726,0.5,0.6939246110649364,0.0,0.0,0.0035629850451341727,2.9593685059034,0.010269083956155445,5.666440662330374,0.0071259700902683454,4.007541456896358
2025-06-09,592.8834838867188,0.0009012827952770142,-1.5112315176812103,0.14338630095588073,0.5,0.7076765165112272,0.0,0.0,0.00031890833447656945,2.9603122731847202,0.0009012827952770142,5.6715477278097906,0.0006378166689531389,4.010097533639087
2025-06-10,596.2449340820312,0.00566966408521985,-1.4268281365847368,0.1886248543106862,0.5,0.7431848691011415,0.0,0.0,0.0021068042805107785,2.9665490717535143,0.00566966408521985,5.703703498269764,0.004213608561021557,4.02699451493736
2025-06-11,594.5443725585938,-0.0028521190306726174,-5.272916443080822,-1.4162566420724596,0.5,0.7771165135742338,0.0,0.0,-0.0011082143987075138,2.9632614993577246,-0.0028521190306726174,5.687435856977035,-0.0022164287974150276,4.01806896832742
2025-06-12,596.9073486328125,0.003974431822556523,-5.320186448937518,-1.4116412820962982,1.0,0.8042353129331258,0.5,0.0001,0.003096378420545119,2.972436878318768,0.003974431822556523,5.710040183035754,0.003196378420545119,4.030912237270044
2025-06-13,590.2338256835938,-0.011180165505591644,-5.27392222593558,-1.3703070437264775,1.0,0.8438575258011901,0.0,0.0,-0.009434466801596377,2.944393521270429,-0.011180165505591644,5.646200988745836,-0.009434466801596377,3.9928827295873712
2025-06-16,595.8494262695312,0.00951419647871532,-6.030225050273145,-1.6683385736587235,1.0,0.800947566944934,0.0,0.0,0.007620372521063094,2.966830896751114,0.00951419647871532,5.699920054311081,0.007620372521063094,4.023309983419746
2025-06-17,590.7578125,-0.008545134970438073,-5.792981680739526,-1.5415584119882613,1.0,0.8097531798117509,0.0,0.0,-0.006919450214232821,2.946302058066997,-0.008545134970438073,5.6512134681262856,-0.006919450214232821,3.9954708902930474
2025-06-18,590.6688232421875,-0.00015063576973428638,-5.659469217104494,-1.4600503099422286,1.0,0.8031070208600452,0.0,0.0,-0.00012097664426626249,2.9459456243310176,-0.00015063576973428638,5.650362193235582,-0.00012097664426626249,3.9949875316324763
2025-06-20,589.2816162109375,-0.002348536060589046,-5.3359619010755335,-1.300185593159839,1.0,0.8438552367812674,0.0,0.0,-0.0019818244534977143,2.940107277254044,-0.002348536060589046,5.637092113869379,-0.0019818244534977143,3.987070167650869
2025-06-23,595.1022338867188,0.009877480504495662,-5.034053803034414,-1.1587318458179752,1.0,0.8819160913486045,0.0,0.0,0.008711108998896856,2.965718872214654,0.009877480504495662,5.6927723813261695,0.008711108998896856,4.021801970467526
2025-06-24,601.676513671875,0.011047311555559824,-4.968563347847514,-1.1173184732974668,0.5,0.8755608985371086,0.5,0.0001,0.004736297016002671,2.9797653976594276,0.011047311555559824,5.755662211437566,0.009672594032005342,4.060703228204977
2025-06-25,602.0136108398438,0.0005602631319470142,-4.574486539759874,-0.9339290320836728,0.5,0.867224835522149,0.0,0.0,0.00024293705122593672,2.9804892930784805,0.0005602631319470142,5.758886896774575,0.00048587410245187345,4.062676218741304
2025-06-26,606.7236328125,0.007823779874487347,-4.285133890577747,-0.8084109441244386,0.5,0.909975910987746,0.0,0.0,0.003559725609327108,2.9910990171433776,0.007823779874487347,5.803943160177009,0.007119451218654216,4.09160024389782
2025-06-27,609.7380981445312,0.0049684323619594295,-3.9467123327886,-0.6620990840893979,0.5,0.9347316188760866,0.0,0.0,0.0023220754124853383,2.998044574627395,0.0049684323619594295,5.832779659201005,0.0046441508249706765,4.110602252545968
2025-06-30,612.6533813476562,0.004781205589738269,-3.7413027842543176,-0.5768879129391019,0.5,0.9786757264091558,0.0,0.0,0.002339624926824308,3.005058874445924,0.004781205589738269,5.860667377911289,0.004679249853648616,4.129836787534601
2025-07-01,612.455078125,-0.0003236793082248557,-3.58706282605808,-0.5134288195002482,0.5,1.0257575324571426,0.0,0.0,-0.00016600824425608144,3.004560009898291,-0.0003236793082248557,5.8587704011486705,-0.0003320164885121629,4.128465613626275
2025-07-02,615.2315063476562,0.0045332765158159205,-2.829909828066347,-0.1924252583678412,0.5,1.0672204510221568,0.0,0.0,0.002419002703908609,3.011828048686291,0.0045332765158159205,5.885329827419755,0.004838005407817218,4.148439152590987
2025-07-03,620.0803833007812,0.007881385954874975,-0.6921139346753797,0.7255754622518342,0.5,1.118363703936606,0.0,0.0,0.00440712799432396,3.025101560393746,0.007881385954874975,5.931714383261388,0.00881425598864792,4.185004557235254
2025-07-07,615.4595336914062,-0.0074520170832973465,0.6872784683253315,1.3104140053264746,0.0,1.1450313354732589,0.5,0.0001,-0.0001,3.0247990502377067,-0.0074520170832973465,5.8875111463440835,-0.0085327930728575,4.1492947793393995
2025-07-08,615.1224365234375,-0.0005477162177452977,1.312987859993303,1.5581896883349116,0.0,1.0682948067919003,0.0,0.0,-0.0,3.0247990502377067,-0.0005477162177452977,5.884286461007075,-0.0005851223910130031,4.146866934057094
2025-07-09,618.8110961914062,0.005996626767211355,10.830122175721066,5.605172515984594,0.0,1.113816676960153,0.0,0.0,0.0,3.0247990502377067,0.005996626767211355,5.919572330705089,0.006679142898825656,4.174564450892077
2025-07-10,620.5563354492188,0.0028203102183428364,4.355775391583048,2.4952638449665097,0.0,1.151808925289804,0.0,0.0,0.0,3.0247990502377067,0.0028203102183428364,5.936267361037596,0.003248458481573315,4.188125350189451
2025-07-11,618.3748168945312,-0.0035154238705955576,3.315138398505656,2.0249188507447737,0.0,1.2107147473726474,0.0,0.0,-0.0,3.0247990502377067,-0.0035154238705955576,5.915398865054367,-0.0042561755233958744,4.170299953585061
2025-07-14,619.5548095703125,0.0019082159291465839,0.7526000863663347,1.0283414657778909,0.0,1.2177995832146535,0.0,0.0,0.0,3.0247990502377067,0.0019082159291465839,5.92668672339592,0.0023238245631982727,4.179990999053106
2025-07-15,616.9072875976562,-0.004273265144196681,0.4754597966928422,0.9116753057719104,0.0,1.2802909255835362,0.0,0.0,-0.0,3.0247990502377067,-0.004273265144196681,5.901360419600259,-0.005471022586727431,4.15712217388497
2025-07-16,618.9697265625,0.0033431911185151097,0.22802054600821897,0.809279366636654,0.0,1.2776078655660803,0.0,0.0,0.0,3.0247990502377067,0.0033431911185151097,5.9210897953422235,0.004271287269105566,4.174878436902401
2025-07-17,622.7576293945312,0.006119689977517551,0.13357577529520803,0.7623308790370787,0.0,1.335366291510709,0.0,0.0,0.0,3.0247990502377067,0.006119689977517551,5.957325029218761,0.008172027710472865,4.208995659176623
2025-07-18,622.3014526367188,-0.0007325109099923788,0.3807022337210757,0.8426337844083728,0.0,1.3594852026867639,0.0,0.0,-0.0,3.0247990502377067,-0.0007325109099923788,5.952961223640488,-0.0009958377429412548,4.204804182439339
2025-07-21,623.4815063476562,0.001896273431369222,0.5690585537074888,0.9000940861410565,0.0,1.412840048337153,0.0,0.0,0.0,3.0247990502377067,0.001896273431369222,5.9642496658468485,0.0026791310464361505,4.216069403868698
2025-07-22,623.5707397460938,0.0001431211632245688,0.8046770038208084,0.972028566577594,0.0,1.485235573215996,0.0,0.0,0.0,3.0247990502377067,0.0001431211632245688,5.965103276196786,0.0002125686429011826,4.216965608020255
2025-07-23,628.8757934570312,0.008507541122114937,1.4189362250136588,1.1820663710422352,0.0,1.5540374895684343,0.0,0.0,0.0,3.0247990502377067,0.008507541122114937,6.015851637616693,0.013221037847811716,4.272718269926811
2025-07-24,629.0839233398438,0.00033095546843742163,1.256707245397462,1.1036221649323896,0.0,1.4888342021148462,0.0,0.0,0.0,3.0247990502377067,0.00033095546843742163,6.01784261661347,0.0004927378207865738,4.27482359981597
2025-07-25,631.7413940429688,0.004224350050175074,1.0940067065241799,1.0272488757587852,0.0,1.5544113454694546,0.0,0.0,0.0,3.0247990502377067,0.004224350050175074,6.043264090372907,0.006566377645226595,4.302893705939088
2025-07-28,631.5828247070312,-0.0002510035553040524,1.1842183594078186,1.0443962526100972,0.0,1.6179841647076934,0.0,0.0,-0.0,3.0247990502377067,-0.0002510035553040524,6.041747209600582,-0.0004061197777672885,4.301146215703476
2025-07-29,629.9169311523438,-0.0026376486020820433,1.3098013348293636,1.0742570645667073,0.0,1.6770272858117279,0.0,0.0,-0.0,3.0247990502377067,-0.0026376486020820433,6.025811203519046,-0.004423408676074748,4.282120488215867
2025-07-30,629.1236572265625,-0.001259331011043141,1.1469991911913953,0.9974672948135872,0.0,1.6758584805558412,0.0,0.0,-0.0,3.0247990502377067,-0.001259331011043141,6.018222712603763,-0.0021104605546836096,4.273083241835085
2025-07-31,626.763671875,-0.0037512265266995692,1.1251759179162528,0.9737727325998463,0.0,1.7280616865901428,0.0,0.0,-0.0,3.0247990502377067,-0.0037512265266995692,5.995646995920659,-0.006482350838510141,4.2453836170993515
2025-08-01,616.4907836914062,-0.016390369519761472,0.9676367820751368,0.9006436544871149,0.0,1.7061857452811622,0.0,0.0,-0.0,3.0247990502377067,-0.016390369519761472,5.8973761261474715,-0.027965014834507872,4.126661401268992
2025-08-04,625.8612670898438,0.01519971367995021,2.216227877496449,1.34517798901343,0.0,1.1315488369127584,0.0,0.0,0.0,3.0247990502377067,0.01519971367995021,5.987014554727887,0.017199218335954603,4.197636751707973
2025-08-05,622.688232421875,-0.005069869050569054,2.0463927871167495,1.260561387296007,0.0,0.947501216062501,0.0,0.0,-0.0,3.0247990502377067,-0.005069869050569054,5.956661174931566,-0.004803707090691816,4.177472534279645
2025-08-06,627.457763671875,0.007659581475386812,1.6585552472442364,1.0994138175459136,0.0,0.9709297982173785,0.0,0.0,0.0,3.0247990502377067,0.007659581475386812,6.002286706522227,0.007436915896326887,4.2085400461762985
2025-08-07,626.9321899414062,-0.0008376240775045396,1.708942166831406,1.1019797726826503,0.0,0.9763200572586688,0.0,0.0,-0.0,3.0247990502377067,-0.0008376240775045396,5.997259046656759,-0.0008177891873104717,4.205098347632172
2025-08-08,631.82080078125,0.007797670813968871,0.7784643780425444,0.7525419862512218,0.0,1.023921789923897,0.0,0.0,0.0,3.0247990502377067,0.007797670813968871,6.044023698488685,0.007984205057076338,4.2386727151248405
2025-08-11,630.5713500976562,-0.001977539647394999,0.7705299349573371,0.7403342829076417,0.5,1.0299185101069703,0.5,0.0001,-0.0011183523436612604,3.0214162591307687,-0.001977539647394999,6.032071401995129,-0.002036704687322521,4.230039790537919
2025-08-12,637.284423828125,0.010646017662282237,-0.021530536390091726,0.434047522130941,0.5,1.071561140194547,0.0,0.0,0.00570392941236322,3.0386502041982175,0.010646017662282237,6.096288940680917,0.01140785882472644,4.278295487291351
2025-08-13,639.4658813476562,0.0034230516829947266,-0.0986911919938529,0.39313697656305446,0.5,1.034896437390891,0.0,0.0,0.0017712519958680683,3.0440324194371486,0.0034230516829947266,6.1171568527993365,0.0035425039917361366,4.293451366132907
2025-08-14,639.5254516601562,9.315635788809118e-05,-0.22178823598273611,0.3360451810017602,0.5,1.0858691911185794,0.0,0.0,5.057780949374723e-05,3.0441863799289517,9.315635788809118e-05,6.117726704852373,0.00010115561898749446,4.293885672863442
2025-08-15,638.0281372070312,-0.002341289856780615,-0.4988485089155401,0.2244901182079869,0.5,1.136798100161004,0.0,0.0,-0.0013307869305572162,3.040135216480362,-0.002341289856780615,6.103403333371746,-0.0026615738611144323,4.282457178993934
2025-08-18,637.8892822265625,-0.00021763143719111255,-0.32258997233177533,0.2849609497148412,0.5,1.1712475382962593,0.0,0.0,-0.00012745014253298377,3.0397477508137016,-0.00021763143719111255,6.102075040932547,-0.00025490028506596754,4.281365579438226
2025-08-19,634.4286499023438,-0.005425130066677664,0.0917100010010854,0.433312003417946,0.5,1.2269222919884066,0.0,0.0,-0.0033281065078716882,3.02963114654193,-0.005425130066677664,6.06897049015886,-0.0066562130157433765,4.252867898143214
2025-08-20,632.7429809570312,-0.0026569874257286186,0.31066382048771946,0.508949273690425,0.5,1.2181454412809118,0.0,0.0,-0.001618298560096011,3.024728298819859,-0.0026569874257286186,6.05284531187939,-0.003236597120192022,4.239103078151527
2025-08-21,630.2044677734375,-0.004011918361787603,0.07162330184878796,0.4142469033455199,0.5,1.2622155485035365,0.0,0.0,-0.0025319528677875745,3.017069829329384,-0.004011918361787603,6.028561790631602,-0.005063905735575149,4.217636659760381
2025-08-22,639.88232421875,0.015356692851615561,0.7259155776468917,0.6586773780832106,0.5,1.292522367861477,0.0,0.0,0.00992443450354578,3.0470125412431877,0.015356692851615561,6.121140562387317,0.01984886900709156,4.301351977339472
2025-08-25,637.0662841796875,-0.00440087174231707,-0.33596681148198027,0.2529922613638326,0.5,1.0439640659868323,0.0,0.0,-0.0022971759789979416,3.0400130172257382,-0.00440087174231707,6.094202207855556,-0.004594351957995883,4.281590052460353
2025-08-26,639.7335815429688,0.004186844335539952,-0.5646125715931483,0.16230146567037002,0.5,1.0634881271887247,0.0,0.0,0.002226329620617052,3.0467810882530495,0.004186844335539952,6.119717683849151,0.004452659241234104,4.300654513974616
2025-08-27,641.1912841796875,0.002278608906543411,-0.7418634142127281,0.0921762403222758,0.5,1.1061005909744854,0.0,0.0,0.0012601853290636967,3.0506205970813345,0.002278608906543411,6.133662127069101,0.0025203706581273934,4.311493757422381
2025-08-28,643.4619750976562,0.003541362732142783,-0.6478082098337072,0.12627492116692957,0.5,1.161388885307452,0.0,0.0,0.0020564496579763302,3.056894044764818,0.003541362732142783,6.155383649537459,0.0041128993159526605,4.329226497148018
2025-08-29,639.6245727539062,-0.0059636816039791984,-0.8932098906832993,0.03234824221498114,0.5,1.2137623367585204,0.0,0.0,-0.0036192460596647965,3.04583039303849,-0.0059636816039791984,6.1186749013012784,-0.007238492119329593,4.29788942526562
2025-09-02,634.884765625,-0.007410295555874247,-0.8131004618150159,0.05904247756754518,0.5,1.1928610712635983,0.0,0.0,-0.0044197265475800175,3.0323686555909513,-0.007410295555874247,6.073333711872326,-0.008839453095160035,4.2598984332828005
2025-09-03,638.3255615234375,0.0054195597134076845,-1.5596032184764779,-0.22688197653865022,0.5,1.1602960429962688,0.0,0.0,0.0031441468451244643,3.041902867932682,0.0054195597134076845,6.10624850658327,0.006288293690248929,4.286685925721914
2025-09-04,643.6602783203125,0.008357360441814565,-2.284871721324241,-0.5039247223080435,1.0,1.1798294237306786,0.5,0.0001,0.009760259753975648,3.0715926300700684,0.008357360441814565,6.1572806263000786,0.009860259753975647,4.328953762433243
2025-09-05,641.796142578125,-0.002896148488535144,-2.423495568453088,-0.5551662831689634,1.0,1.1568525470270001,0.0,0.0,-0.0033504167555302783,3.0613015146561184,-0.002896148488535144,6.139448227320733,-0.0033504167555302783,4.314449963213671
2025-09-08,643.3727416992188,0.002456541908713472,-2.3022240814119685,-0.5070901009243727,1.0,1.192101250463569,0.0,0.0,0.002928446681193493,3.0702663729168456,0.002456541908713472,6.154530039187523,0.002928446681193493,4.327084599889619
2025-09-09,644.8601684570312,0.0023119206976098816,-1.9653291879911006,-0.3826068854225512,1.0,1.2494016659089318,0.0,0.0,0.0028885175710431257,3.079134891282799,0.0023119206976098816,6.168758824569182,0.0028885175710431257,4.33958345978779
2025-09-10,646.724365234375,0.0028908542790047065,-1.9205836999540846,-0.3693926594404696,1.0,1.3105636003519192,0.0,0.0,0.0037886483919851595,3.090800650737363,0.0028908542790047065,6.186591807413336,0.0037886483919851595,4.356024615684601
2025-09-11,652.0988159179688,0.008310264731785644,-1.2228284787390158,-0.11223867318002081,1.0,1.3715741548418516,0.0,0.0,0.011398144326010941,3.126030042637396,0.008310264731785644,6.238004023120437,0.011398144326010941,4.40567521294183
2025-09-12,651.8805541992188,-0.0003347065098450175,-1.9119028650712373,-0.38295887836845516,0.5,1.3380043129939339,0.5,0.0001,-0.00032391937687988997,3.125017460933877,-0.0003347065098450175,6.23591612256546,-0.00044783875375977995,4.403702180844996
2025-09-15,655.3511352539062,0.005323952420932088,-1.7821941845536236,-0.33754213819052376,1.0,1.3949478463154528,0.5,0.0001,0.007326635963465156,3.1479133262496117,0.005323952420932088,6.269115843302921,0.007426635963465157,4.436406873833649
2025-09-16,654.4488525390625,-0.0013767927852816886,-1.904947902316187,-0.3885524796344867,1.0,1.4357667049016545,0.0,0.0,-0.001976753240656261,3.141690678380643,-0.0013767927852816886,6.260484569839766,-0.001976753240656261,4.427637192168929
2025-09-17,653.6356811523438,-0.0012425285544682696,-1.9235383182006243,-0.40271373387279286,1.0,1.477469619498335,0.0,0.0,-0.0018357981905860504,3.1359231683178903,-0.0012425285544682696,6.252705738996933,-0.0018357981905860504,4.419508943822973
2025-09-18,656.6898803710938,0.004672632334522309,-3.629686305217435,-1.0716597644126107,1.0,1.5269762282107462,0.0,0.0,0.007134998497984449,3.158297975413633,0.004672632334522309,6.281922334011223,0.007134998497984449,4.451042133498979
2025-09-19,659.9423217773438,0.004952781371340809,-3.200605768297204,-0.9068446319217082,1.0,1.5729388417271446,0.0,0.0,0.0077904221935645905,3.1829024500551855,0.004952781371340809,6.313035321923324,0.0077904221935645905,4.485717630920281
2025-09-22,663.0645751953125,0.004731100453688075,-3.1716646564936095,-0.8813990256912098,1.0,1.6188157907945009,0.0,0.0,0.007658780122265283,3.2072796000707773,0.004731100453688075,6.342902926199024,0.007658780122265283,4.520072755946067
2025-09-23,659.4551391601562,-0.005443566388828813,-2.8123751392188225,-0.7270502951721792,1.0,1.6752040876011962,0.0,0.0,-0.009119084665694511,3.178032145851177,-0.005443566388828813,6.308374913022363,-0.009119084665694511,4.478853829789496
2025-09-24,657.3569946289062,-0.003181633452613686,-2.663110588105086,-0.6557195008588429,1.0,1.5456667873475471,0.0,0.0,-0.00491774515721888,3.1624033936564313,-0.003181633452613686,6.288303976367462,-0.00491774515721888,4.456827968058157
2025-09-25,654.3242797851562,-0.0046134974884720625,-2.6203281631476987,-0.6263198378410622,1.0,1.552338221549655,0.0,0.0,-0.007161708486378522,3.1397551824347296,-0.0046134974884720625,6.259292901765742,-0.007161708486378522,4.424909465376985
2025-09-26,658.072998046875,0.005729144366994232,-2.7380391451118467,-0.6613434913183184,1.0,1.5284259169792853,0.0,0.0,0.008756572732629867,3.1672486770523713,0.005729144366994232,6.29515329443526,0.008756572732629867,4.463656506945862
2025-09-29,659.9224243164062,0.0028103664411398555,-2.6531508158493375,-0.6148289862459779,1.0,1.52652208104971,0.0,0.0,0.004290086428241079,3.1808364476166586,0.0028103664411398555,6.312844981995772,0.004290086428241079,4.48280597914664
2025-09-30,662.4082641601562,0.0037668667591119753,-2.60982446952507,-0.5850379536308488,1.0,1.5951689359531929,0.0,0.0,0.0060087888400101016,3.1999494221649947,0.0037668667591119753,6.336624627913879,0.0060087888400101016,4.509742213686066
2025-10-01,664.6654052734375,0.0034074772846366397,-1.846599616620603,-0.26177779227304376,1.0,1.6537785013627586,0.0,0.0,0.005635212677214024,3.2179818177152226,0.0034074772846366397,6.358216532394764,0.005635212677214024,4.535155570179597
2025-10-02,665.4309692382812,0.001151803537192908,-1.812785128787314,-0.2375209415120369,0.5,1.7234809907613757,0.5,0.0001,0.0008925557507218451,3.2208540458923425,0.001151803537192908,6.365539948687015,0.0019851115014436903,4.544158359662798
2025-10-03,665.421142578125,-1.4767362221612679e-05,-1.665495150340662,-0.16652928684735194,0.5,1.8106491680439185,0.0,0.0,-1.3369256060383094e-05,3.2208109854698694,-1.4767362221612679e-05,6.365445946452857,-2.6738512120766188e-05,4.544036855629419
2025-10-06,667.8074951171875,0.003586228910336109,-1.5103821599759981,-0.09115022121986592,0.5,1.8890691412685956,0.0,0.0,0.0033873171840206225,3.231720893867434,0.003586228910336109,6.388273892733208,0.006774634368041245,4.5748210438812125
2025-10-07,665.3316040039062,-0.003707492250961897,-1.1074617577282044,0.077325749536158,0.5,1.958632374007008,0.0,0.0,-0.0036308071745570426,3.2199871384598144,-0.003707492250961897,6.364589416778878,-0.007261614349114085,4.541600457744336
2025-10-08,669.2990112304688,0.005963052412792269,-1.0165141803987559,0.0943637207737043,0.5,1.8840810736462361,0.0,0.0,0.0056174370960512185,3.2380752136602062,0.005963052412792269,6.402541797057033,0.011234874192102437,4.592624767517888
2025-10-09,667.3600463867188,-0.0028970083792374535,-0.4814391734251924,0.31362814030293823,0.5,1.8519768270365118,0.0,0.0,-0.0026825961930391834,3.229388765419267,-0.0028970083792374535,6.3839935798225405,-0.005365192386078367,4.567984452083087
2025-10-10,649.32275390625,-0.02702782789908964,-1.1005885215587394,0.036855124741227784,0.5,1.8377606305480672,0.0,0.0,-0.02483533902108781,3.149185800599187,-0.02702782789908964,6.211448100038203,-0.04967067804217562,4.341089567062004
2025-10-13,659.2860107421875,0.015344074693208754,1.1438320829177822,1.0212030413561317,0.5,0.8081236200839242,0.0,0.0,0.0061999545939569935,3.1687106095708364,0.015344074693208754,6.30675702363818,0.012399909187913987,4.3949186834701734
2025-10-14,658.4805908203125,-0.0012216548034567065,0.713757273583246,0.8166050398261658,0.0,0.7380301103846207,0.5,0.0001,-0.0001,3.1683937385098795,-0.0012216548034567065,6.299052343626018,-0.0009016180294470552,4.390956145547203
2025-10-15,661.4039306640625,0.004439523175783,0.58970791273725,0.752377449626123,0.0,0.7752536661880258,0.0,0.0,0.0,3.1683937385098795,0.004439523175783,6.327017132491016,0.0034417566181524782,4.406068747921156
2025-10-16,656.8995971679688,-0.006810261153983976,0.481433233933767,0.6979372872454078,0.0,0.8066063258842833,0.0,0.0,-0.0,3.1683937385098795,-0.006810261153983976,6.283928493493021,-0.0054931997277274745,4.381865332274727
2025-10-17,660.62841796875,0.0056763938002961645,0.5864647151848028,0.7401536110822781,0.0,0.8238990251701275,0.0,0.0,0.0,3.1683937385098795,0.0056763938002961645,6.319598546234989,0.0046767753185457655,4.402358331909901
2025-10-20,667.499267578125,0.010400475399621634,0.8282630554038266,0.8419977503168938,0.0,0.8484045363897423,0.0,0.0,0.0,3.1683937385098795,0.010400475399621634,6.3853253754505905,0.008823810509648913,4.441203907626249
2025-10-21,667.4893188476562,-1.4904481475785936e-05,0.5716181902431683,0.7231005678924658,0.0,0.8393299281206043,0.0,0.0,-0.0,3.1683937385098795,-1.4904481475785936e-05,6.385230205486815,-1.2509777365746288e-05,4.441148349154128
2025-10-22,664.0191040039062,-0.0051989069274410715,1.531770021623112,1.1413960048825684,0.5,0.8815350558319416,0.5,0.0001,-0.002391509354273416,3.1608164952462117,-0.0051989069274410715,6.352033987938204,-0.004583018708546833,4.420794483182522
2025-10-23,667.9566650390625,0.005929891190499692,1.2916850821041161,1.026509665847413,0.0,0.9024906333372843,0.5,0.0001,-0.0001,3.160500413596687,0.005929891190499692,6.389700858325033,0.00535167125613525,4.4444531219474515
2025-10-24,673.4155883789062,0.008172571104630766,1.234846115507286,0.9952139330761998,0.0,0.9295856235510627,0.0,0.0,0.0,3.160500413596687,0.008172571104630766,6.441921142927014,0.007597104606313587,4.478218097232744
2025-10-27,681.3603515625,0.011797712023148943,1.2583886389817316,1.0002370234760163,0.0,0.9416313722273008,0.0,0.0,0.0,3.160500413596687,0.011797712023148943,6.517921073447101,0.011109095761500263,4.527967050915786
2025-10-28,683.1700439453125,0.002655998956591077,0.6271605849829038,0.7220062449955978,0.0,0.9199165421193419,0.0,0.0,0.0,3.160500413596687,0.002655998956591077,6.53523266501732,0.0024432973760198434,4.539030220929992
2025-10-29,683.4982299804688,0.0004803870398957244,0.9432131328033257,0.8571508795078034,0.5,0.9671216930478056,0.5,0.0001,0.00013229636367108837,3.1609185363087873,0.0004803870398957244,6.5383721060922975,0.0004645927273421767,4.541139021359822
2025-10-30,675.9810180664062,-0.010998143937076876,0.672354908952622,0.7359379863779164,0.0,1.0127534292268106,0.5,0.0001,-0.0001,3.1606024444551566,-0.010998143937076876,6.466462148555326,-0.011138407987404661,4.490557962212392
2025-10-31,678.1983032226562,0.0032800997320787673,0.46900502463359395,0.6437828103131233,0.0,0.9245438678514267,0.0,0.0,0.0,3.1606024444551566,0.0032800997320787673,6.4876727893163,0.003032596093234532,4.504176010745041
2025-11-03,679.4711303710938,0.0018767772528909266,0.45046650539316246,0.6317845149552259,0.5,0.9688008436365391,0.5,0.0001,0.0008091116929592979,3.1631597248497614,0.0018767772528909266,6.4998487060314885,0.0018182233859185958,4.51236560890207
2025-11-04,671.4169921875,-0.011853539942447533,0.36528221040175257,0.5918001052767425,0.5,1.0183110525025563,0.0,0.0,-0.006035295367337419,3.1440691216162273,-0.011853539942447533,6.4228024897746785,-0.012070590734674837,4.457898690391791
2025-11-05,673.7437133789062,0.003465389196996238,0.10345746594728356,0.47554266500600817,0.5,0.9314407958798004,0.0,0.0,0.0016139024358417192,3.1491433424300586,0.003465389196996238,6.445060000137184,0.0032278048716834385,4.472287917502109
2025-11-06,666.514892578125,-0.010729333212666003,0.29476833191743745,0.5542504918858006,0.5,0.9712222545433008,0.0,0.0,-0.005210283596275896,3.132735412530674,-0.010729333212666003,6.375908803820087,-0.010420567192551793,4.42568414075334
2025-11-07,667.1710815429688,0.0009845075813768034,0.4736231594238163,0.6266873950874228,0.5,0.9290336640823423,0.0,0.0,0.00045732034282166824,3.1341680761635025,0.0009845075813768034,6.382185934375615,0.0009146406856433365,4.429732051530279
2025-11-10,677.5818481445312,0.015604343307994428,0.7433423370559953,0.7343281608692968,0.5,0.9748841868361837,0.0,0.0,0.007606213768463397,3.1580072285370955,0.015604343307994428,6.481775754751065,0.015212427536926794,4.497119029372185
2025-11-11,679.1329956054688,0.0022892399865568347,0.47414600751086855,0.6057822895723861,0.0,0.8573405855010703,0.5,0.0001,-0.0001,3.1576914278142416,0.0022892399865568347,6.496614094992736,0.0019626583504270987,4.505945337588047
2025-11-12,679.5109252929688,0.0005564884786124491,0.41575983109003634,0.5684848954214743,0.5,0.9005001436993985,0.5,0.0001,0.00015055897747878505,3.158166846606807,0.0005564884786124491,6.50022938588659,0.0005011179549575701,4.50820334770077
2025-11-13,668.235107421875,-0.016594019980226582,0.20598662386018063,0.46542290790511676,0.5,0.9464269953667401,0.0,0.0,-0.007852514235470748,3.1333672964858352,-0.016594019980226582,6.392364449581132,-0.015705028470941497,4.437401885772336
2025-11-14,668.1256713867188,-0.00016376876033719068,-0.5381468577526274,0.1296720414000388,0.5,0.8139436111716417,0.0,0.0,-6.664926809297805e-05,3.133158459848858,-0.00016376876033719068,6.3913175799796,-0.0001332985361859561,4.436810386596494
2025-11-17,661.901123046875,-0.009316433429244597,-0.4514472065113875,0.1583751321031692,0.5,0.8556381571666151,0.0,0.0,-0.003985747965382148,3.1206704798922953,-0.009316433429244597,6.331773295220559,-0.007971495930764296,4.401442370654167
2025-11-18,656.3427734375,-0.00839755277010068,0.325376074930404,0.4923937253032989,0.5,0.8578372254082485,0.0,0.0,-0.003601866684261259,3.109430240858214,-0.00839755277010068,6.278601894845631,-0.007203733368522518,4.369735553379057
2025-11-19,658.8783569335938,0.00386320014283692,0.45838507504586223,0.5414188443977019,0.5,0.8742549688060399,0.0,0.0,0.0016887109601836903,3.114681169785878,0.00386320014283692,6.302857390582615,0.0033774219203673806,4.384493994023248
2025-11-20,648.8355712890625,-0.015242245459799575,0.40707567304728975,0.5086773343702421,0.5,0.8985013559700107,0.0,0.0,-0.006847589106828828,3.0933531129364074,-0.015242245459799575,6.206787691137243,-0.013695178213657656,4.324447567398388
2025-11-21,655.2987670898438,0.009961222976632822,0.13090454854493405,0.3784912224504194,0.5,0.8385231694947092,0.0,0.0,0.004176358131204838,3.106272063362307,0.009961222976632822,6.268614887297281,0.008352716262409675,4.3605684509205345
2025-11-24,664.9437866210938,0.014718507062180475,0.0774292833850394,0.3483253096329216,0.5,0.8047371170303932,0.0,0.0,0.0059222644701052984,3.1246682280376383,0.014718507062180475,6.3608795397860565,0.011844528940210597,4.412217330133233
2025-11-25,671.1982421875,0.009405991442055894,-0.30510859995354345,0.17420764296082275,0.5,0.7417171965840844,0.0,0.0,0.0034882928017477936,3.1355679857253524,0.009405991442055894,6.420709918301233,0.006976585603495587,4.442999542038134
2025-11-26,675.8318481445312,0.006903483450626968,-0.3467635267855762,0.15208971292868445,0.5,0.7484170044969438,0.0,0.0,0.0025833422023562305,3.143668230831234,0.006903483450626968,6.4650351829635015,0.005166684404712461,4.4659551184821265
2025-11-28,679.5208129882812,0.005458406338614941,-0.41812906294260976,0.11786383689228168,0.5,0.7731915083027162,0.0,0.0,0.0021101967149413964,3.1503019892048,0.005458406338614941,6.500323971985559,0.004220393429882793,4.4848032061223195
2025-12-01,676.41845703125,-0.004565505423429594,-0.3330456338925458,0.15222658585577162,0.5,0.8061380373589515,0.0,0.0,-0.001840213790797591,3.1445047600390885,-0.004565505423429594,6.4706467076374095,-0.003680427581595182,4.46829721270448
2025-12-02,677.67138671875,0.001852299674079072,-0.42041918003886547,0.11062071617803385,0.5,0.8283460154724565,0.0,0.0,0.0007671725272421645,3.146917137702773,0.001852299674079072,6.482632284425047,0.001534345054484329,4.475153122434759
2025-12-03,680.0180053710938,0.0034627677932603795,-0.35973176086349046,0.13437385468863414,0.5,0.8706501969241527,0.0,0.0,0.0015074297305523816,3.151660894155731,0.0034627677932603795,6.5050801347151035,0.0030148594611047633,4.488645080165824
2025-12-04,680.51513671875,0.0007310561539983773,-0.3111978819519816,0.15258178434759814,0.5,0.9124677802365561,0.0,0.0,0.00033353259303358664,3.152712075786121,0.0007310561539983773,6.5098357135798395,0.0006670651860671733,4.491639299031415
2025-12-05,681.8078002929688,0.0018995368427094927,-0.2145323144499196,0.1917804899863903,0.5,0.9588803147422855,0.0,0.0,0.0009107142428009229,3.15558329557699,0.0018995368427094927,6.522201386357771,0.0018214284856018458,4.499820498797719
2025-12-08,679.7594604492188,-0.0030042775146746914,-0.004058480966817157,0.2810624797130883,0.5,1.0079014236896324,0.0,0.0,-0.001514007792099686,3.150805717878867,-0.0030042775146746914,6.502606883386556,-0.003028015584199372,4.48619497220126
2025-12-09,679.1727905273438,-0.0008630551776172002,-0.042672644166968254,0.25871513102563226,0.5,1.0412158165657606,0.0,0.0,-0.0004493133507520003,3.149390018804198,-0.0008630551776172002,6.49699477484784,-0.0008986267015040006,4.482163557611087
2025-12-10,683.6771850585938,0.006632177546088913,0.25504749324482745,0.38597745041654086,0.5,1.0908822987502569,0.0,0.0,0.0036174625435986558,3.160782819232406,0.006632177546088913,6.540083997710643,0.0072349250871973116,4.514591675178969
2025-12-11,685.26806640625,0.002326948130527251,0.15639215771535842,0.328225320147584,0.5,1.1089613824241558,0.0,0.0,0.0012902478078294026,3.1648610123359453,0.002326948130527251,6.555302433942607,0.002580495615658805,4.526241559203258
2025-12-12,677.9000854492188,-0.01075196892753394,0.20047163618826058,0.3345730701385617,0.5,1.164814569485523,0.0,0.0,-0.006262025028723583,3.1450425734642664,-0.01075196892753394,6.484820025862269,-0.012524050057447165,4.4695546833436985
2025-12-15,676.8758544921875,-0.0015108877827512135,-0.04871858019199671,0.20394929866313222,0.5,1.051147552284226,0.0,0.0,-0.0007940829973075397,3.14254514863087,-0.0015108877827512135,6.4750221905118535,-0.0015881659946150794,4.46245628858454
2025-12-16,675.0264282226562,-0.00273229759527871,-0.06577507342691824,0.17859272592336717,0.5,1.1014683293453948,0.0,0.0,-0.0015047696337730401,3.1378163421184495,-0.00273229759527871,6.457330502951342,-0.0030095392675460802,4.449026351154337
2025-12-17,667.5986938476562,-0.011003620102041367,-0.08263838116053623,0.15269498814098917,0.5,1.147842348021691,0.0,0.0,-0.006315210567332921,3.118000371196353,-0.011003620102041367,6.3862764912235415,-0.012630421134665842,4.392833274700032
2025-12-18,672.6399536132812,0.0075513325776148665,-0.09912884634938557,0.12610830341855697,0.5,1.0691881017502969,0.0,0.0,0.004036897472172608,3.1305874190130685,0.0075513325776148665,6.434501388941373,0.008073794944345215,4.428300109784657
2025-12-19,678.7363891601562,0.009063445479451815,-0.0021913862581266486,0.15840076745175058,0.5,1.0472578092497347,0.0,0.0,0.004745882028532559,3.145444817583713,0.009063445479451815,6.492820141467501,0.009491764057065118,4.470332489600608
2025-12-22,682.96484375,0.006229892278320159,0.02882686904353715,0.1576245823026617,0.5,1.0180281484513178,0.0,0.0,0.003171102850574717,3.1554193466110783,0.006229892278320159,6.533269711531351,0.006342205701149434,4.498684257802187
2025-12-23,686.0863037109375,0.004570454818432879,-0.0499553041335794,0.09668362245804643,0.5,1.040377637732944,0.0,0.0,0.0023774994936831746,3.1629213545100043,0.004570454818432879,6.563129725564541,0.004754998987366349,4.520075496892517
2025-12-24,688.4996948242188,0.0035176203055324873,0.0029897491569679246,0.108550556389153,1.0,1.081517835294507,0.5,0.0001,0.003704369098227498,3.174637982635775,0.0035176203055324873,6.58621632395503,0.003804369098227498,4.537271532434549
2025-12-26,688.4298706054688,-0.00010141503224314619,-0.07680188136111088,0.04550091146307607,1.0,1.1319992994075765,0.0,0.0,-0.00011480174544863826,3.1742735286542008,-0.00010141503224314619,6.585548382614176,-0.00011480174544863826,4.5367506457430515
2025-12-29,685.9765625,-0.003563628207054803,-0.0954886183039294,0.017440152863766854,1.0,1.1860738164555855,0.0,0.0,-0.004226726107970266,3.160856743856799,-0.003563628207054803,6.562079936638968,-0.004226726107970266,4.517575043343339
2025-12-30,685.138916015625,-0.0012211007345822589,-0.14183620881501469,-0.027170318985896023,1.0,1.2096904226179397,0.0,0.0,-0.0014771538636758894,3.156187672105085,-0.0012211007345822589,6.554066976007951,-0.0014771538636758894,4.510901889913618
2025-12-31,680.062744140625,-0.007408967373390696,-0.20805910332884814,-0.08449458064472032,1.0,1.2638556897582136,0.0,0.0,-0.009363865570092798,3.1266335550295086,-0.007408967373390696,6.50550810761969,-0.009363865570092798,4.468662411016589
2026-01-02,681.309326171875,0.0018330397334518356,-0.41367999928325005,-0.22458017790205034,1.0,1.2190958315688871,0.0,0.0,0.002234651098151277,3.1336204901367717,0.0018330397334518356,6.51743296246725,0.002234651098151277,4.478648312380634
2026-01-05,685.846923828125,0.006660113816063129,-0.4502307614324863,-0.24850017145953796,1.0,1.2760757398073015,0.0,0.0,0.008498809665033587,3.1602525342448935,0.006660113816063129,6.560839807785843,0.008498809665033587,4.51671149194418
2026-01-06,689.92578125,0.005947183373089304,-0.7502868308733,-0.42763466865039435,1.0,1.2675592895320364,0.0,0.0,0.007538407531109819,3.184075805749254,0.005947183373089304,6.59985832520421,0.007538407531109819,4.550760303870902
2026-01-07,687.701904296875,-0.0032233567922274053,-0.6396396608393546,-0.3502603314592191,1.0,1.2853335444886336,0.0,0.0,-0.004143088610905163,3.1708838975421956,-0.0032233567922274053,6.578584627043924,-0.004143088610905163,4.531906100684975
2026-01-08,687.632080078125,-0.00010153268198576093,-0.21048193876768462,-0.0370692721211102,1.0,1.3131943239862185,0.0,0.0,-0.00013333214168279904,3.1704611168011088,-0.00010153268198576093,6.5779166857030695,-0.00013333214168279904,4.531301851938665
2026-01-09,692.1796264648438,0.006613342394092614,0.10430084278808938,0.2456923848810657,1.0,1.3786781742458079,0.0,0.0,0.009117670817550005,3.1993683376039432,0.006613342394092614,6.621418700985439,0.009117670817550005,4.572616770599597
2026-01-12,693.2666625976562,0.0015704538117717881,0.1289625588996275,0.29605555469333217,0.5,1.3731777428308745,0.5,0.0001,0.0009782561102344635,3.202498139229095,0.0015704538117717881,6.631817333223738,0.002156512220468927,4.582477674544916
2026-01-13,691.8804931640625,-0.0019994751058702853,0.16936505350678832,0.3348625677353998,0.5,1.4434927104269497,0.0,0.0,-0.0014431138700019552,3.197876569745718,-0.0019994751058702853,6.618557179559279,-0.0028862277400039105,4.569251600362696
2026-01-14,688.479736328125,-0.0049152373416185835,0.22314038668954517,0.3824638564299019,0.5,1.4874774639929453,0.0,0.0,-0.0036556523879171183,3.186186244627263,-0.0049152373416185835,6.586025400162671,-0.0073113047758342365,4.535844409314977
2026-01-15,690.3546142578125,0.0027232143965294497,0.20438482346414322,0.366722559165873,0.5,1.4665720743174906,0.0,0.0,0.001996895093164724,3.1925487243050683,0.0027232143965294497,6.603960559348303,0.003993790186329448,4.553959620203615
2026-01-16,689.7761840820312,-0.0008378739908954103,0.35720449425026946,0.4947351081699409,0.5,1.5271385573461629,0.0,0.0,-0.0006397748388469445,3.190506211959465,-0.0008378739908954103,6.598427272558726,-0.001279549677693889,4.548132602639353
2026-01-20,675.7345581054688,-0.020356785723545046,0.37145044538510463,0.5069150283318613,0.5,1.5980353795353626,0.0,0.0,-0.01626543189992268,3.1386112504425583,-0.020356785723545046,6.464104502458852,-0.03253086379984536,4.400177920399257
2026-01-21,683.5332641601562,0.011541079202094462,0.29746755580902295,0.4463469664155541,0.5,0.9773694126668071,0.0,0.0,0.005639948900646083,3.156312857514047,0.011541079202094462,6.538707244492345,0.011279897801292167,4.449811477648863
2026-01-22,687.103515625,0.005223230019727687,0.2609468758864235,0.4199327808579252,0.5,0.9070815529329823,0.0,0.0,0.0023689477988103813,3.163789997910212,0.005223230019727687,6.572860416461989,0.0047378955976207626,4.4708942198590576
2026-01-23,687.352783203125,0.0003627802397405677,0.22666535656146358,0.4016132773361369,0.5,0.9338664032437857,0.0,0.0,0.00016939413882722113,3.164325925392338,0.0003627802397405677,6.575244920339654,0.00033878827765444227,4.472408906411379
2026-01-26,690.84326171875,0.005078147060609828,0.3006410972590232,0.47420907239065907,0.5,0.9817846040219479,0.0,0.0,0.0024928233005330194,3.172214030789637,0.005078147060609828,6.608634981004666,0.004985646601066039,4.494706756674206
2026-01-27,693.5957641601562,0.003984264729684606,0.28005650578569696,0.46403797880685577,0.5,1.0128340144240124,0.0,0.0,0.002017699420347231,3.1786146052007784,0.003984264729684606,6.634965532270843,0.004035398840694462,4.5128446911093505
2026-01-28,693.5259399414062,-0.00010066990364987483,0.62717758630416,0.7723159174353379,0.5,1.054978682266984,0.0,0.0,-5.3102301148244594e-05,3.1784458134507787,-0.00010066990364987483,6.634297590929989,-0.00010620460229648919,4.512365406233705
2026-01-29,692.1497192382812,-0.0019843824489698125,0.43410466212069654,0.6134152012413311,0.0,1.1076433270439132,0.5,0.0001,-0.0001,3.1781279688694335,-0.0019843824489698125,6.621132607229304,-0.0021979879779044716,4.502447281318892
2026-01-30,690.0853271484375,-0.0029825802604032114,0.46225678173814755,0.6456839591331325,0.0,1.153802117635755,0.0,0.0,-0.0,3.1781279688694335,-0.0029825802604032114,6.6013845478134705,-0.003441307420471827,4.486952976079406
2026-02-02,693.5159912109375,0.004971362130935519,1.5475012092504183,1.602926504483597,0.0,1.1944906243925295,0.0,0.0,0.0,3.1781279688694335,0.004971362130935519,6.634202420966213,0.005938245455862545,4.513597604200279
2026-02-03,687.6520385742188,-0.00845539643070059,1.3821760402662164,1.4463726711698415,0.0,1.22319489061145,0.0,0.0,-0.0,3.1781279688694335,-0.00845539643070059,6.57810760949543,-0.010342597712127253,4.466915279945614
2026-02-04,684.3211059570312,-0.004843921678897134,1.2499880115680457,1.3512476713677941,0.0,1.162656218671148,0.0,0.0,-0.0,3.1781279688694335,-0.004843921678897134,6.546243771439677,-0.005631815662725741,4.441758436507948
2026-02-05,675.7744750976562,-0.012489211256201727,1.3487141159992344,1.4575436136927704,0.0,1.191069319878236,0.0,0.0,-0.0,3.1781279688694335,-0.012489211256201727,6.464486350043572,-0.014875516356739801,4.375684986232987
2026-02-06,688.739013671875,0.019184711840951385,1.1192178068949674,1.2602861401441352,0.0,1.076055435645602,0.0,0.0,0.0,3.1781279688694335,0.019184711840951385,6.588505657868922,0.020643813457750283,4.46601581083866
2026-02-09,692.0599975585938,0.004821832103010459,0.9950247615991141,1.1611723564868146,0.0,0.8238115176832022,0.0,0.0,0.0,3.1781279688694335,0.004821832103010459,6.6202743259609,0.003972280822794633,4.483756079798352
2026-02-10,690.2349243164062,-0.002637160432080843,0.9727046812373528,1.1377444727363233,0.0,0.8556969431751013,0.0,0.0,-0.0,3.1781279688694335,-0.002637160432080843,6.602815600458955,-0.0022566101203939063,4.473637990451301
2026-02-11,690.075439453125,-0.00023105881441631837,1.2210537569550726,1.3566882928010697,0.0,0.8931506273355456,0.0,0.0,-0.0,3.1781279688694335,-0.00023105881441631837,6.601289961714503,-0.00020637032504734217,4.472714764325067
2026-02-12,679.41455078125,-0.0154488742279012,1.3905837719333805,1.4890459986095597,0.0,0.9387180763059806,0.0,0.0,-0.0,3.1781279688694335,-0.0154488742279012,6.499307463354069,-0.014502137496308454,4.407850839831056
2026-02-13,679.8931884765625,0.0007044854938154099,1.1512066816690107,1.2551851685887656,0.0,0.8384134036069604,0.0,0.0,0.0,3.1781279688694335,0.0007044854938154099,6.503886131181848,0.000590650080661508,4.410454337285147
2026-02-17,680.9901733398438,0.0016134664707250224,1.0906065025022704,1.1849140085711503,0.0,0.8795515209812893,0.0,0.0,0.0,3.1781279688694335,0.0016134664707250224,6.514379933383924,0.0014191268883785063,4.416713331625154
2026-02-18,684.4208374023438,0.005037758541617032,1.0292713042387378,1.1142667892539049,0.0,0.9204834985001155,0.0,0.0,0.0,3.1781279688694335,0.005037758541617032,6.547197806536667,0.004637173606986485,4.437194398116191
2026-02-19,682.61572265625,-0.0026374339404172664,0.6042734596257606,0.7314501540606543,0.0,0.9445978131978643,0.0,0.0,-0.0,3.1781279688694335,-0.0026374339404172664,6.529930004827082,-0.002491314332571976,4.426139952115756
2026-02-20,687.5523071289062,0.007231864589122949,0.6812038400463116,0.7931467929786907,0.0,0.9884316105146663,0.0,0.0,0.0,3.1781279688694335,0.007231864589122949,6.577153574398443,0.007148203562850782,4.457778901491146
2026-02-23,680.531494140625,-0.010211314710874664,0.8170009350440122,0.906568173522257,0.0,0.99063818188835,0.0,0.0,-0.0,3.1781279688694335,-0.010211314710874664,6.509992189348506,-0.010115718239870638,4.412685266148022
2026-02-24,685.4779052734375,0.00726845293039502,0.8396725180605769,0.9183065383499375,0.0,0.9544922374766682,0.0,0.0,0.0,3.1781279688694335,0.00726845293039502,6.557309761154025,0.006937681900526588,4.443299072851698
2026-02-25,691.26220703125,0.008438348943581309,0.9512998028602353,1.0129260989139417,0.0,0.9562063657051867,0.0,0.0,0.0,3.1781279688694335,0.008438348943581309,6.612642629049795,0.008068802975894084,4.479151177633511
2026-02-26,687.422607421875,-0.005554476391621099,0.9203199435988214,0.9736070181957599,0.0,0.9531105111495686,0.0,0.0,-0.0,3.1781279688694335,-0.005554476391621099,6.57591286168051,-0.005294029832786197,4.455438417673561
2026-02-27,684.1216430664062,-0.004801943258527341,0.8982880267598663,0.9414799219045427,0.0,0.9706713554917447,0.0,0.0,-0.0,3.1781279688694335,-0.004801943258527341,6.5443357012457,-0.00466110877174918,4.434671134582954
2026-03-02,684.5106201171875,0.0005685787823312971,0.9582866079055927,0.979034422034281,0.0,0.9995997560571562,0.0,0.0,0.0,3.1781279688694335,0.0005685787823312971,6.548056671669881,0.0005683512121176396,4.437191585297638
2026-03-03,678.4771118164062,-0.00881433848279567,0.393774949988531,0.4858941146055071,0.0,1.0503078592987347,0.0,0.0,-0.0,3.1781279688694335,-0.00881433848279567,6.490339883761255,-0.009257768982999577,4.396113090667643
2026-03-04,683.2639770507812,0.007055308353084655,0.07805462290146092,0.2093026652864349,0.5,1.03184601447014,0.5,0.0001,0.0035399959024941443,3.1893785288568335,0.007055308353084655,6.536131232957514,0.007279991804988288,4.428116757941505
2026-03-05,679.4544067382812,-0.005575546846393831,0.008266533079924976,0.1441626524520638,0.5,1.0247807937445423,0.0,0.0,-0.002856856661403675,3.180266931560931,-0.005575546846393831,6.499688727073981,-0.00571371332280735,4.402815768226708
2026-03-06,670.5487060546875,-0.013107135070836495,-0.3584136551101684,-0.17922047851210088,0.5,1.0499159511165024,0.0,0.0,-0.006880695092154882,3.1583844844931974,-0.013107135070836495,6.414496429009829,-0.013761390184309764,4.342226902530509
2026-03-09,676.4227294921875,0.008760025013039074,-0.7401967359129253,-0.5257487091105708,1.0,0.9693774781541697,0.5,0.0001,0.008391770955707267,3.184888923677124,0.008760025013039074,6.470687578174005,0.008491770955707266,4.379100098824509
2026-03-10,675.3356323242188,-0.0016071269053671289,-0.9855436182759405,-0.7611457237658978,1.0,0.9352269852604311,0.0,0.0,-0.001503028450637426,3.1801019450127175,-0.0016071269053671289,6.460288362070897,-0.001503028450637426,4.3725181867877865
2026-03-11,674.4879760742188,-0.0012551629285171284,-0.8971763093209759,-0.7013352216307953,1.0,0.9828280026571418,0.0,0.0,-0.0012336092740437782,3.176178941760945,-0.0012551629285171284,6.452179647611295,-0.0012336092740437782,4.3671242078016395
2026-03-12,664.2459106445312,-0.015184948869363502,-1.026034461279913,-0.831095108538818,1.0,1.0331835896884227,0.0,0.0,-0.01568883998208414,3.126348378589192,-0.015184948869363502,6.35420362956637,-0.01568883998208414,4.298609094923553
2026-03-13,660.4862060546875,-0.005660109501006372,-1.75970439626383,-1.508766849934855,1.0,0.925430287627382,0.0,0.0,-0.005238036763518804,3.1099724508465747,-0.005660109501006372,6.3182381412313315,-0.005238036763518804,4.276092822452347
2026-03-16,667.2078857421875,0.010176866111483163,-1.550743517438582,-1.3092461387718444,1.0,0.9649471032656602,0.0,0.0,0.009820137474598142,3.140512807856101,0.010176866111483163,6.3825380048551095,0.009820137474598142,4.3180846418229715
2026-03-17,668.9630126953125,0.00263055486997521,-1.6696020469191333,-1.4244117054814858,1.0,0.900574642362516,0.0,0.0,0.0023690110112428997,3.1479527172788613,0.00263055486997521,6.399327621286583,0.0023690110112428997,4.328314231886929
2026-03-18,659.6285400390625,-0.013953645387120184,-1.4344988312612932,-1.2139176386782708,1.0,0.9358644319644023,0.0,0.0,-0.013058720414049933,3.1068444828672677,-0.013953645387120184,6.310033672943146,-0.013058720414049933,4.271791986468564
2026-03-19,658.0029907226562,-0.0024643404851918405,-1.5739418152039564,-1.3501789681743395,1.0,0.8778941734561169,0.0,0.0,-0.002163430153361937,3.1001230418312264,-0.0024643404851918405,6.294483601499989,-0.002163430153361937,4.262550262876148
2026-03-20,648.5700073242188,-0.01433577587250423,-1.5143414124275245,-1.3034265143507702,1.0,0.922920727187986,0.0,0.0,-0.01323078469305559,3.059105981342777,-0.01433577587250423,6.2042472953557315,-0.01323078469305559,4.206153378104705
2026-03-23,655.3800048828125,0.01050001924493782,-1.5677761554264764,-1.4180603297412195,1.0,0.879623444430472,0.0,0.0,0.00923606309481845,3.0873600772001955,0.01050001924493782,6.26939201135732,0.00923606309481845,4.2450016760913645
2026-03-24,653.1799926757812,-0.0033568497522664664,-1.4904001359724326,-1.395196010239874,1.0,0.8226176131162997,0.0,0.0,-0.0027614037307994825,3.0788346295646933,-0.0033568497522664664,6.248346604337134,-0.0027614037307994825,4.233279512625756
2026-03-25,656.8200073242188,0.0055727589473859585,-1.1790101509507815,-1.1381575684101308,1.0,0.8640354639442286,0.0,0.0,0.004815061362553978,3.0936594072312036,0.0055727589473859585,6.283167133782822,0.004815061362553978,4.253663013243891
2026-03-26,645.0900268554688,-0.017858744158138706,-0.959792134248278,-0.9558905879006101,1.0,0.8741845479024571,0.0,0.0,-0.015611838187988133,3.0453616971567627,-0.017858744158138706,6.170957659437769,-0.015611838187988133,4.187255514574897
2026-03-27,634.0900268554688,-0.017051883523327982,-0.7374075940044005,-0.7604280116746872,1.0,0.7882629926950272,0.0,0.0,-0.01344136873718554,3.004427867647178,-0.017051883523327982,6.0657312082016475,-0.01344136873718554,4.130973069206682
2026-03-30,631.969970703125,-0.0033434623831846144,-0.5763733126458792,-0.623524426284955,1.0,0.7521862417777084,0.0,0.0,-0.0025149064045327757,2.9968720127608752,-0.0033434623831846144,6.045450664080517,-0.0025149064045327757,4.120584058577982
2026-03-31,650.3400268554688,0.02906792569891481,-0.5551121774260281,-0.6411015931707408,1.0,0.7903631250652073,0.0,0.0,0.02297421659455756,3.065722799488211,0.02906792569891481,6.221179374800464,0.02297421659455756,4.215251249235833
2026-04-01,655.239990234375,0.007534463782890022,-0.350565912717816,-0.44484485831753323,1.0,0.5578201586902557,0.0,0.0,0.004202875783017696,3.0786076515996252,0.007534463782890022,6.26805262548676,0.004202875783017696,4.232967426630582
2026-04-02,655.8300170898438,0.0009004744280911581,-0.2719161754608841,-0.38863505412308896,1.0,0.574849187702567,0.0,0.0,0.0005176369935351358,3.0802012528086737,0.0009004744280911581,6.2736968465899405,0.0005176369935351358,4.235158567163035
2026-04-06,658.9299926757812,0.004726797348638012,-0.3233155460343,-0.47610481991797676,1.0,0.6041025394888618,0.0,0.0,0.002855470281961442,3.0889966759485294,0.004726797348638012,6.30335134021056,0.002855470281961442,4.247251936590963
2026-04-07,659.219970703125,0.0004400741058487867,-0.2697836033582681,-0.43341262892710136,1.0,0.6302826386667268,0.0,0.0,0.00027737106864327373,3.0898534742575725,0.0004400741058487867,6.306125281915454,0.00027737106864327373,4.248430001399413
2026-04-08,676.010009765625,0.025469554638327674,-0.19614298961052556,-0.36094484809208516,1.0,0.6626208105050476,0.0,0.0,0.01687665693765128,3.1419998713302273,0.025469554638327674,6.46673948433934,0.01687665693765128,4.320129297056656
2026-04-09,679.9099731445312,0.00576909117108837,0.09385972502523132,-9.955811177855137e-05,1.0,0.5711579027740579,0.0,0.0,0.0032950620141911665,3.152352955754841,0.00576909117108837,6.50404669400417,0.0032950620141911665,4.334364390999782
2026-04-10,679.4600219726562,-0.0006617805145495703,0.12405125529302286,0.02728303232989602,1.0,0.5988614367542658,0.0,0.0,-0.000396314829759133,3.1511036315298404,-0.0006617805145495703,6.499742442636358,-0.000396314829759133,4.332646618114048
2026-04-13,686.0999755859375,0.009772397784351794,0.16925041871508784,0.0758720812691375,1.0,0.6269557733342139,0.0,0.0,0.006126861210217838,3.170410006139237,0.009772397784351794,6.563260511281635,0.006126861210217838,4.359192142616153
2026-04-14,694.4600219726562,0.01218488075237012,0.16153269883872312,0.058790477412632616,1.0,0.6478912184462762,0.0,0.0,0.007894477237275654,3.1954387357655345,0.01218488075237012,6.643233057958342,0.007894477237275654,4.393605685758947
2026-04-15,699.9400024414062,0.007890994867038925,0.37905295736647737,0.34066899977957593,1.0,0.6622762009894587,0.0,0.0,0.005226018102569859,3.212138156444298,0.007890994867038925,6.695654775919234,0.005226018102569859,4.416566748608277
2026-04-16,701.6599731445312,0.002457311622604319,0.36525771345855507,0.3325677688216618,0.5,0.6925838493526244,0.5,0.0001,0.0007509471713211213,3.2145503025067725,0.002457311622604319,6.712108086221046,0.0017018943426422427,4.4240832785716355
2026-04-17,710.1400146484375,0.012085685130224011,0.5797576447532498,0.6305178336183075,0.5,0.7268167002373582,0.0,0.0,0.0043920388932285614,3.228668732459622,0.012085685130224011,6.793228511111144,0.008784077786457123,4.462944770224373
2026-04-20,708.719970703125,-0.001999667552905704,0.9976216211103495,1.2023648020047537,0.0,0.7436591148124128,0.5,0.0001,-0.0001,3.2283458655863764,-0.001999667552905704,6.779644312478001,-0.0014870710023129595,4.4563080544716485
2026-04-21,704.0800170898438,-0.006546949154936255,0.8909000706759755,1.0458002569128642,0.0,0.7635396363423789,0.0,0.0,-0.0,3.2283458655863764,-0.006546949154936255,6.735258325875654,-0.004998855176912073,4.4340316158836375
2026-04-22,711.2100219726562,0.010126696838070659,1.1700090249984028,1.4186700630666509,0.0,0.7576746757140073,0.0,0.0,0.0,3.2283458655863764,0.010126696838070659,6.803464245067889,0.00767274174283925,4.468052795351897
2026-04-23,708.4500122070312,-0.0038807239498251933,0.9939822138809022,1.1708515141486115,0.0,0.7787608165060584,0.0,0.0,-0.0,3.2283458655863764,-0.0038807239498251933,6.777061878430274,-0.0030221557518004837,4.454549643897076
